IQ-TREE multicore version 2.4.0 for Linux x86 64-bit built Mar 19 2025
Developed by Bui Quang Minh, Nguyen Lam Tung, Olga Chernomor, Heiko Schmidt,
Dominik Schrempf, Michael Woodhams, Ly Trong Nhan, Thomas Wong

Host:    dayhoff.uds.anu.edu.au (AVX2, FMA3, 1007 GB RAM)
Command: ../../../iqtree2 -s 20_concated.nex -Q Legume20_Q_mf.best_model.nex -t Legume20_Q_mf.treefile -T 60 -pre Legume20_Q_search
Seed:    195834 (Using SPRNG - Scalable Parallel Random Number Generator)
Time:    Fri Apr 25 06:55:05 2025
Kernel:  AVX+FMA - 60 threads (62 CPU cores detected)

Reading partition model file Legume20_Q_mf.best_model.nex ...
Reading alignment file 20_concated.nex ... Nexus format detected
Skipping unknown block (sets)...
Alignment has 20 sequences with 116731 columns, 70806 distinct patterns
40231 parsimony-informative, 24219 singleton sites, 52281 constant sites
                     Gap/Ambiguity  Composition  p-value
Analyzing sequences: done in 0.0130271 secs using 5218% CPU
   1  Lathyrus_sativus      24.04%    failed      0.00%
   2  Linum_usitatissimum   19.69%    failed      0.12%
   3  Fragaria_vesca        22.25%    passed     22.11%
   4  Cucumis_sativus       13.97%    passed     61.87%
   5  Cannabis_sativa        4.60%    passed     56.41%
   6  Gossypium_raimondii    2.63%    passed     90.35%
   7  Citrus_sinensis       13.33%    passed     99.65%
   8  Acacia_koa             7.82%    passed     99.63%
   9  Juglans_regia         10.46%    passed     44.64%
  10  Vigna_radiata         20.47%    passed     32.59%
  11  Salix_purpurea         1.98%    passed     99.76%
  12  Nelumbo_nucifera       4.80%    failed      2.55%
  13  Papaver_somniferum    16.76%    passed     33.08%
  14  Eucalyptus_grandis     7.93%    failed      0.00%
  15  Carica_papaya         30.79%    passed     56.36%
  16  Aquilegia_coerulea     9.79%    passed     28.32%
  17  Vitis_vinifera        12.33%    passed     15.63%
  18  Mimulus_guttatus      14.21%    passed     47.80%
  19  Lactuca_sativa        17.91%    failed      0.00%
  20  Solanum_tuberosum     26.41%    passed     83.18%
****  TOTAL                 14.11%  5 sequences failed composition chi2 test (p-value<5%; df=19)

Loading 116 partitions...
Identifying sites to remove: done in 9.37507e-05 secs using 94.93% CPU
Identifying sites to remove: done in 8.6844e-05 secs using 97.88% CPU
Identifying sites to remove: done in 0.000252917 secs using 97.26% CPU
Identifying sites to remove: done in 6.26221e-05 secs using 95.81% CPU
Identifying sites to remove: done in 0.000241131 secs using 99.53% CPU
Identifying sites to remove: done in 0.000404127 secs using 99.47% CPU
Identifying sites to remove: done in 0.000108138 secs using 97.1% CPU
Identifying sites to remove: done in 0.00010629 secs using 97.85% CPU
Identifying sites to remove: done in 0.000171706 secs using 96.68% CPU
Identifying sites to remove: done in 0.000233538 secs using 98.91% CPU
Identifying sites to remove: done in 0.000265971 secs using 99.26% CPU
Identifying sites to remove: done in 0.000254564 secs using 4.057e+04% CPU
Identifying sites to remove: done in 0.00010936 secs using 98.76% CPU
Identifying sites to remove: done in 0.00023213 secs using 98.22% CPU
Identifying sites to remove: done in 8.40873e-05 secs using 98.71% CPU
Identifying sites to remove: done in 0.000316426 secs using 6131% CPU
Identifying sites to remove: done in 0.000213139 secs using 99.47% CPU
Identifying sites to remove: done in 0.000306554 secs using 99.49% CPU
Identifying sites to remove: done in 0.000225313 secs using 98.97% CPU
Identifying sites to remove: done in 0.000316344 secs using 99.58% CPU
Identifying sites to remove: done in 0.000357047 secs using 99.71% CPU
Identifying sites to remove: done in 9.498e-05 secs using 98.97% CPU
Identifying sites to remove: done in 0.000139773 secs using 98.73% CPU
Identifying sites to remove: done in 0.000174835 secs using 99.52% CPU
Identifying sites to remove: done in 0.000147276 secs using 1.25e+05% CPU
Identifying sites to remove: done in 0.000183418 secs using 98.68% CPU
Identifying sites to remove: done in 0.000105299 secs using 98.77% CPU
Identifying sites to remove: done in 0.000131309 secs using 99% CPU
Identifying sites to remove: done in 0.000275448 secs using 99.47% CPU
Identifying sites to remove: done in 0.000126228 secs using 99.03% CPU
Identifying sites to remove: done in 9.0763e-05 secs using 99.16% CPU
Identifying sites to remove: done in 0.000216268 secs using 99.41% CPU
Identifying sites to remove: done in 0.000414416 secs using 5.574e+04% CPU
Identifying sites to remove: done in 8.48994e-05 secs using 97.76% CPU
Identifying sites to remove: done in 0.000231579 secs using 99.32% CPU
Identifying sites to remove: done in 0.000230484 secs using 99.79% CPU
Identifying sites to remove: done in 0.000148527 secs using 98.97% CPU
Subset	Type	Seqs	Sites	Infor	Invar	Model	Name
1	AA	20	1431	383	705	Q.PLANT+I{0.211827}+R3{0.507727,0.359025,0.232401,2.19975,0.0480452,6.37921}	GENE_cluster1132_2rr_1.nex_GENE_cluster1181_1rr_1.nex_GENE_cluster3928_1rr_1.nex_GENE_cluster4852_1rr_1.nex_GENE_cluster5186_1rr_1.nex_GENE_cluster5378_1rr_1.nex
2	AA	15	164	21	124	Q.PLANT+R2{0.860205,0.236106,0.139795,5.70049}	GENE_cluster115_5rr_1.nex
3	AA	20	2127	583	1174	Q.PLANT+I{0.404648}+R4{0.287155,0.392587,0.160944,1.54968,0.125164,3.58902,0.0220893,8.53975}	GENE_cluster1224_3rr_1.nex_GENE_cluster2080_2rr_1.nex_GENE_cluster3738_1rr_1.nex_GENE_cluster5095_1rr_1.nex_GENE_cluster5212_1rr_1.nex_GENE_cluster5685_1rr_1.nex_GENE_cluster5898_1rr_1.nex_GENE_cluster6573_1rr_1.nex
4	AA	14	124	55	40	Q.PFAM+G4{0.872451}	GENE_cluster1247_1rr_1.nex
5	AA	20	2382	827	1044	Q.PLANT+I{0.272426}+R4{0.335218,0.319334,0.207971,1.18617,0.147714,2.89488,0.0366714,5.96243}	GENE_cluster1248_2rr_1.nex_GENE_cluster3567_1rr_1.nex_GENE_cluster4356_1rr_1.nex_GENE_cluster4622_1rr_1.nex_GENE_cluster5362_1rr_1.nex_GENE_cluster5516_1rr_1.nex_GENE_cluster6152_1rr_1.nex_GENE_cluster6421_1rr_1.nex
6	AA	17	539	198	238	Q.PLANT+F+R3{0.564147,0.113571,0.351982,1.53726,0.0838711,4.70771}	GENE_cluster1309_1rr_1.nex
7	AA	20	2982	545	2004	Q.PLANT+F+I{0.499208}+R3{0.300977,0.513239,0.146464,2.7444,0.0533508,8.31422}	GENE_cluster1438_1rr_1.nex_GENE_cluster2674_1rr_1.nex_GENE_cluster3482_1rr_1.nex_GENE_cluster4570_1rr_1.nex_GENE_cluster4706_1rr_1.nex_GENE_cluster5579_1rr_1.nex_GENE_cluster6020_1rr_1.nex
8	AA	10	106	24	62	Q.PLANT+I{0.506791}	GENE_cluster1450_1rr_1.nex
9	AA	20	975	403	378	Q.PLANT+I{0.23008}+R3{0.358495,0.237139,0.294161,1.37254,0.117265,4.3597}	GENE_cluster1453_2rr_1.nex_GENE_cluster5603_1rr_1.nex_GENE_cluster5631_1rr_1.nex_GENE_cluster6336_1rr_1.nex
10	AA	20	627	163	376	Q.PLANT+F+I{0.461101}+R3{0.292069,0.38801,0.199153,2.48111,0.047677,8.2336}	GENE_cluster1523_2rr_1.nex_GENE_cluster3404_1rr_1.nex
11	AA	20	241	121	72	Q.PLANT+F+G4{0.695822}	GENE_cluster1539_2rr_1.nex
12	AA	20	2504	957	1015	Q.PLANT+F+R4{0.400461,0.0437748,0.337088,0.676241,0.197584,2.18611,0.0648665,4.97294}	GENE_cluster1603_1rr_1.nex_GENE_cluster4250_1rr_1.nex_GENE_cluster4268_1rr_1.nex_GENE_cluster4364_1rr_1.nex_GENE_cluster4851_1rr_1.nex_GENE_cluster5702_1rr_1.nex_GENE_cluster5879_1rr_1.nex_GENE_cluster5956_1rr_1.nex
13	AA	20	4469	1343	2169	Q.PLANT+R4{0.522452,0.0867153,0.265209,0.852366,0.179019,2.82385,0.0333197,6.69622}	GENE_cluster1629_1rr_1.nex_GENE_cluster2504_2rr_1.nex_GENE_cluster4594_1rr_1.nex_GENE_cluster4846_1rr_1.nex_GENE_cluster5019_1rr_1.nex_GENE_cluster5216_1rr_1.nex_GENE_cluster5437_1rr_1.nex_GENE_cluster5808_1rr_1.nex_GENE_cluster5961_1rr_1.nex_GENE_cluster6281_1rr_1.nex_GENE_cluster6297_1rr_1.nex_GENE_cluster6342_1rr_1.nex_GENE_cluster6516_1rr_1.nex_GENE_cluster719_2rr_1.nex
14	AA	20	1578	500	723	Q.PLANT+I{0.303027}+R3{0.422577,0.478553,0.23574,2.3417,0.0386556,6.35723}	GENE_cluster1668_1rr_1.nex_GENE_cluster4508_1rr_1.nex_GENE_cluster6151_1rr_1.nex_GENE_cluster6424_1rr_1.nex_GENE_cluster6474_1rr_1.nex_GENE_cluster6478_1rr_1.nex
15	AA	19	760	77	569	Q.PLANT+I{0.583639}+R3{0.324058,1.00397,0.0890043,6.72679,0.00329896,23.0196}	GENE_cluster1678_1rr_1.nex_GENE_cluster5602_1rr_1.nex
16	AA	20	1500	276	970	Q.PLANT+I{0.346325}+R4{0.384244,0.302413,0.165118,1.74961,0.0981677,5.20235,0.00614576,13.7013}	GENE_cluster168_5rr_1.nex_GENE_cluster4300_1rr_1.nex_GENE_cluster5732_1rr_1.nex
17	AA	20	1608	560	733	Q.PLANT+I{0.257982}+R4{0.350083,0.238613,0.24197,1.32313,0.135725,3.40027,0.0142388,9.46744}	GENE_cluster1698_1rr_1.nex_GENE_cluster2180_1rr_1.nex_GENE_cluster3301_1rr_1.nex_GENE_cluster6176_1rr_1.nex
18	AA	20	885	271	450	Q.YEAST+F+R3{0.605719,0.103574,0.321758,1.74253,0.0725225,5.19275}	GENE_cluster1721_1rr_1.nex_GENE_cluster4138_1rr_1.nex_GENE_cluster5297_1rr_1.nex_GENE_cluster5537_1rr_1.nex
19	AA	19	789	307	287	Q.PLANT+F+I{0.157435}+G4{0.993087}	GENE_cluster1794_1rr_1.nex_GENE_cluster3707_1rr_1.nex_GENE_cluster5984_1rr_1.nex
20	AA	20	2247	748	943	Q.PLANT+I{0.212267}+R3{0.445485,0.363551,0.269896,1.74889,0.0723519,5.05896}	GENE_cluster1794_2rr_1.nex_GENE_cluster2128_2rr_1.nex_GENE_cluster4208_1rr_1.nex_GENE_cluster4345_1rr_1.nex_GENE_cluster5250_1rr_1.nex_GENE_cluster5279_1rr_1.nex_GENE_cluster5350_1rr_1.nex_GENE_cluster6227_1rr_1.nex
21	AA	20	664	361	141	Q.PLANT+I{0.106131}+R4{0.275216,0.237461,0.319272,0.809214,0.269715,1.8512,0.0296661,5.96609}	GENE_cluster1810_1rr_1.nex_GENE_cluster5050_1rr_1.nex
22	AA	20	952	464	284	Q.PLANT+I{0.181072}+G4{1.15183}	GENE_cluster1848_1rr_1.nex_GENE_cluster2216_1rr_2.nex_GENE_cluster327_2rr_1.nex_GENE_cluster6201_1rr_1.nex
23	AA	20	1066	364	457	Q.PLANT+F+I{0.199569}+R3{0.417901,0.2813,0.25983,1.51082,0.122699,3.9926}	GENE_cluster1860_1rr_1.nex_GENE_cluster3941_1rr_1.nex
24	AA	20	716	393	164	Q.PLANT+F+I{0.132994}+R3{0.444814,0.442631,0.346945,1.46761,0.0752465,3.90624}	GENE_cluster1979_1rr_1.nex_GENE_cluster6597_1rr_1.nex
25	AA	20	2828	1066	1231	Q.PLANT+I{0.27947}+R4{0.308924,0.261858,0.251429,1.15179,0.139573,3.36903,0.0206046,7.73075}	GENE_cluster2035_1rr_1.nex_GENE_cluster3932_1rr_1.nex_GENE_cluster4269_1rr_1.nex_GENE_cluster4543_1rr_1.nex_GENE_cluster5133_1rr_1.nex_GENE_cluster5220_1rr_1.nex_GENE_cluster5600_1rr_1.nex_GENE_cluster6305_1rr_1.nex
26	AA	20	2068	723	878	Q.PLANT+R4{0.465427,0.0786288,0.326309,0.820873,0.179687,2.74627,0.0285771,7.07124}	GENE_cluster2061_1rr_1.nex_GENE_cluster4277_1rr_1.nex_GENE_cluster4618_1rr_1.nex_GENE_cluster4664_1rr_1.nex_GENE_cluster4933_1rr_1.nex_GENE_cluster6508_1rr_1.nex_GENE_cluster6514_1rr_1.nex
27	AA	20	1257	428	613	Q.PLANT+I{0.344054}+R4{0.307716,0.396254,0.182996,1.42931,0.146455,3.18763,0.0187786,7.96983}	GENE_cluster2066_1rr_1.nex_GENE_cluster4649_1rr_1.nex_GENE_cluster5636_1rr_1.nex_GENE_cluster6120_1rr_1.nex
28	AA	20	1962	785	760	Q.PLANT+R5{0.302312,0.0406184,0.226141,0.245996,0.272653,1.11655,0.168976,2.71929,0.0299172,5.62103}	GENE_cluster2068_1rr_1.nex_GENE_cluster3522_1rr_1.nex_GENE_cluster4853_1rr_1.nex_GENE_cluster4854_1rr_1.nex_GENE_cluster5179_1rr_1.nex_GENE_cluster5637_1rr_1.nex_GENE_cluster5938_1rr_1.nex_GENE_cluster5967_1rr_1.nex_GENE_cluster6472_1rr_1.nex
29	AA	20	1687	419	1037	Q.PLANT+R4{0.613236,0.0424263,0.236853,1.1721,0.1365,3.93878,0.0134105,11.8357}	GENE_cluster2113_2rr_1.nex_GENE_cluster2748_2rr_1.nex_GENE_cluster4168_1rr_1.nex_GENE_cluster6210_1rr_1.nex
30	AA	20	1402	726	338	Q.PLANT+F+R4{0.321283,0.0875249,0.36375,0.66515,0.254032,1.90934,0.0609344,4.01906}	GENE_cluster2146_1rr_1.nex_GENE_cluster3448_1rr_1.nex_GENE_cluster5038_1rr_1.nex_GENE_cluster5059_1rr_1.nex_GENE_cluster5062_1rr_1.nex_GENE_cluster5193_1rr_1.nex_GENE_cluster5787_1rr_1.nex
31	AA	20	1810	445	1047	Q.PLANT+F+R4{0.603956,0.0785726,0.230742,1.07466,0.130411,3.39798,0.0348922,7.49292}	GENE_cluster2199_1rr_1.nex_GENE_cluster2199_2rr_1.nex_GENE_cluster692_1rr_1.nex
32	AA	20	1119	523	362	Q.PLANT+I{0.189283}+G4{1.1391}	GENE_cluster226_2rr_1.nex_GENE_cluster4588_1rr_1.nex_GENE_cluster4921_1rr_1.nex_GENE_cluster5515_1rr_1.nex_GENE_cluster5818_1rr_1.nex
33	AA	20	1103	421	435	Q.PLANT+R4{0.434259,0.0814815,0.321224,0.78326,0.227176,2.49713,0.0173416,8.40331}	GENE_cluster2336_1rr_1.nex_GENE_cluster4965_1rr_1.nex_GENE_cluster5206_1rr_1.nex_GENE_cluster6195_1rr_1.nex
34	AA	20	732	318	248	Q.PLANT+I{0.0928384}+G4{0.716665}	GENE_cluster2426_2rr_1.nex_GENE_cluster5099_1rr_1.nex_GENE_cluster5999_1rr_1.nex
35	AA	20	1471	473	693	Q.PLANT+F+I{0.328017}+R3{0.378758,0.43663,0.23709,2.07774,0.0561351,6.09267}	GENE_cluster252_1rr_1.nex_GENE_cluster4937_1rr_1.nex_GENE_cluster4990_1rr_1.nex_GENE_cluster6591_1rr_1.nex
36	AA	20	527	138	267	Q.PLANT+R4{0.651718,0.152257,0.228324,1.42066,0.114001,4.15721,0.00595816,17.1996}	GENE_cluster2648_1rr_1.nex_GENE_cluster5319_1rr_1.nex
37	AA	17	286	139	89	Q.PLANT+R3{0.334723,0.0573535,0.498914,0.85386,0.166363,3.33487}	GENE_cluster2747_1rr_1.nex
38	AA	20	678	250	313	Q.PLANT+F+R3{0.55507,0.0771194,0.263981,1.11654,0.180949,3.66096}	GENE_cluster274_4rr_1.nex_GENE_cluster4821_1rr_1.nex
39	AA	20	3220	819	1807	Q.PLANT+R4{0.61271,0.0871519,0.23354,1.23959,0.142646,3.67349,0.011104,11.9866}	GENE_cluster281_1rr_1.nex_GENE_cluster4414_1rr_1.nex_GENE_cluster5219_1rr_1.nex_GENE_cluster5976_1rr_1.nex_GENE_cluster6310_1rr_1.nex_GENE_cluster6536_1rr_1.nex
40	AA	12	267	75	136	Q.PLANT+G4{0.56704}	GENE_cluster3050_1rr_1.nex
41	AA	20	1128	313	578	Q.PLANT+F+I{0.370887}+R3{0.352196,0.47286,0.219425,2.13613,0.0574922,6.34419}	GENE_cluster3127_1rr_1.nex_GENE_cluster4271_1rr_1.nex_GENE_cluster4895_1rr_1.nex
42	AA	11	178	54	89	Q.PLANT+G4{0.340336}	GENE_cluster3296_1rr_1.nex
43	AA	20	644	323	174	Q.PLANT+F+R4{0.317281,0.0797401,0.447448,0.782411,0.186602,2.05136,0.0486684,4.96878}	GENE_cluster3309_1rr_1.nex_GENE_cluster5113_1rr_1.nex_GENE_cluster5207_1rr_1.nex
44	AA	17	399	129	192	Q.PLANT+I{0.322229}+G4{0.798973}	GENE_cluster3363_1rr_1.nex
45	AA	20	976	403	373	Q.PLANT+R3{0.453636,0.0912296,0.372421,1.11528,0.173943,3.12322}	GENE_cluster349_2rr_1.nex_GENE_cluster4792_1rr_1.nex_GENE_cluster4935_1rr_1.nex_GENE_cluster5020_1rr_1.nex
46	AA	20	256	85	123	Q.PLANT+F+I{0.265932}+G4{0.855098}	GENE_cluster3529_1rr_1.nex_GENE_cluster5659_1rr_1.nex
47	AA	20	1463	453	733	Q.PLANT+I{0.3432}+R4{0.307078,0.319968,0.223496,1.34296,0.119194,4.12929,0.00703154,15.56}	GENE_cluster3635_1rr_1.nex_GENE_cluster4680_1rr_1.nex_GENE_cluster4886_1rr_1.nex_GENE_cluster5560_1rr_1.nex_GENE_cluster6130_1rr_1.nex
48	AA	20	434	183	140	Q.PLANT+R4{0.394509,0.0987558,0.294735,0.627888,0.285771,2.19654,0.0249849,5.9345}	GENE_cluster3749_1rr_1.nex_GENE_cluster6455_1rr_1.nex
49	AA	20	755	268	353	Q.PLANT+F+R4{0.525833,0.0701277,0.303275,1.04461,0.148656,3.03986,0.0222357,8.74387}	GENE_cluster3755_1rr_1.nex_GENE_cluster51_3rr_1.nex
50	AA	20	1625	474	826	Q.PLANT+I{0.327853}+R3{0.381875,0.426129,0.209775,1.95406,0.0804974,5.30899}	GENE_cluster3779_1rr_1.nex_GENE_cluster4411_1rr_1.nex_GENE_cluster4484_1rr_1.nex_GENE_cluster5553_1rr_1.nex_GENE_cluster5652_1rr_1.nex_GENE_cluster5656_1rr_1.nex
51	AA	18	671	112	485	Q.PLANT+I{0.498451}+G4{0.501356}	GENE_cluster3797_1rr_1.nex_GENE_cluster4312_1rr_1.nex
52	AA	20	1631	571	702	Q.PLANT+I{0.249667}+R4{0.339163,0.29494,0.23897,1.29606,0.154591,2.97531,0.0176085,7.3993}	GENE_cluster3842_1rr_1.nex_GENE_cluster6136_1rr_1.nex_GENE_cluster6320_1rr_1.nex_GENE_cluster779_1rr_1.nex
53	AA	20	429	201	132	Q.PLANT+I{0.18261}+R4{0.424333,0.33466,0.266006,1.50883,0.117209,3.01937,0.00984175,10.4389}	GENE_cluster3869_1rr_1.nex_GENE_cluster5477_1rr_1.nex
54	AA	20	1570	630	579	Q.PLANT+I{0.225125}+R3{0.415216,0.34518,0.284053,1.75507,0.0756054,4.73701}	GENE_cluster3894_1rr_1.nex_GENE_cluster5055_1rr_1.nex_GENE_cluster5269_1rr_1.nex_GENE_cluster5312_1rr_1.nex_GENE_cluster5359_1rr_1.nex_GENE_cluster5830_1rr_1.nex_GENE_cluster5869_1rr_1.nex_GENE_cluster6266_1rr_1.nex
55	AA	20	841	403	248	Q.PLANT+F+I{0.159975}+R3{0.298353,0.231111,0.381267,1.11769,0.160406,3.14771}	GENE_cluster3907_1rr_1.nex_GENE_cluster3908_1rr_1.nex_GENE_cluster4542_1rr_1.nex_GENE_cluster6400_1rr_1.nex
56	AA	20	1728	601	799	Q.PLANT+R4{0.501862,0.0559397,0.318354,0.912517,0.146609,2.86367,0.033175,7.88495}	GENE_cluster3912_1rr_1.nex_GENE_cluster4883_1rr_1.nex_GENE_cluster5165_1rr_1.nex_GENE_cluster5393_1rr_1.nex_GENE_cluster5569_1rr_1.nex_GENE_cluster6440_1rr_1.nex
57	AA	20	1385	410	718	Q.PLANT+I{0.312033}+R4{0.360625,0.285014,0.227242,1.78487,0.0898,4.17596,0.0103002,11.322}	GENE_cluster3934_1rr_1.nex_GENE_cluster4560_1rr_1.nex_GENE_cluster5857_1rr_1.nex_GENE_cluster5926_1rr_1.nex
58	AA	19	545	262	159	Q.PLANT+R3{0.432544,0.123803,0.400666,1.05892,0.16679,3.13074}	GENE_cluster3976_1rr_1.nex_GENE_cluster4889_1rr_1.nex_GENE_cluster5194_1rr_1.nex
59	AA	20	484	219	171	Q.PLANT+R3{0.459476,0.0983891,0.403536,1.06262,0.136988,3.83965}	GENE_cluster397_1rr_1.nex_GENE_cluster4982_1rr_1.nex
60	AA	12	251	29	166	Q.PLANT+F+I{0.146834}+R3{0.555892,0.255481,0.293043,2.5436,0.00423116,26.6112}	GENE_cluster4032_1rr_1.nex
61	AA	20	667	256	242	Q.PLANT+I{0.202475}+R4{0.312576,0.231229,0.294172,0.927138,0.175704,2.92336,0.0150722,9.37744}	GENE_cluster4114_1rr_1.nex_GENE_cluster5222_1rr_1.nex_GENE_cluster5412_1rr_1.nex_GENE_cluster6170_1rr_1.nex
62	AA	20	1414	522	630	Q.PLANT+F+I{0.315907}+R3{0.332607,0.35284,0.25321,1.74974,0.0982759,4.47304}	GENE_cluster4142_1rr_1.nex_GENE_cluster4611_1rr_1.nex_GENE_cluster4700_1rr_1.nex_GENE_cluster5243_1rr_1.nex_GENE_cluster5370_1rr_1.nex_GENE_cluster5422_1rr_1.nex_GENE_cluster6108_1rr_1.nex
63	AA	20	843	181	501	Q.PLANT+R4{0.638793,0.114168,0.265566,1.67027,0.090865,4.44718,0.00477554,16.6287}	GENE_cluster4153_1rr_1.nex_GENE_cluster5209_1rr_1.nex_GENE_cluster6447_1rr_1.nex_GENE_cluster682_1rr_1.nex
64	AA	20	704	237	279	Q.PLANT+F+R3{0.499685,0.15981,0.355925,1.11144,0.14439,3.63291}	GENE_cluster4240_1rr_1.nex_GENE_cluster4331_1rr_1.nex_GENE_cluster4718_1rr_1.nex_GENE_cluster5147_1rr_1.nex
65	AA	20	1158	249	739	Q.PLANT+I{0.482559}+R3{0.324597,0.671069,0.107517,2.39559,0.0853278,6.14814}	GENE_cluster4241_1rr_1.nex_GENE_cluster5372_1rr_1.nex_GENE_cluster5452_1rr_1.nex_GENE_cluster5571_1rr_1.nex
66	AA	20	1168	353	601	Q.PLANT+F+I{0.360256}+R3{0.409943,0.547296,0.205098,2.86217,0.0247035,7.63515}	GENE_cluster4267_1rr_1.nex_GENE_cluster5410_1rr_1.nex_GENE_cluster5831_1rr_1.nex_GENE_cluster6378_1rr_1.nex
67	AA	20	973	274	498	Q.PLANT+I{0.330166}+R3{0.390227,0.472747,0.240798,2.45037,0.0388084,5.80997}	GENE_cluster4303_1rr_1.nex_GENE_cluster4695_1rr_1.nex_GENE_cluster5730_1rr_1.nex_GENE_cluster6026_1rr_1.nex
68	AA	20	2166	719	976	Q.PLANT+I{0.245602}+R4{0.415973,0.296901,0.242942,1.73381,0.092744,4.3255,0.00273905,19.7576}	GENE_cluster4330_1rr_1.nex_GENE_cluster5024_1rr_1.nex_GENE_cluster5184_1rr_1.nex_GENE_cluster5535_1rr_1.nex_GENE_cluster5550_1rr_1.nex_GENE_cluster5552_1rr_1.nex_GENE_cluster5811_1rr_1.nex_GENE_cluster6404_1rr_1.nex
69	AA	20	1409	575	569	Q.PLANT+F+I{0.247458}+R4{0.33632,0.296965,0.182957,1.08471,0.197315,2.50845,0.0359505,5.75003}	GENE_cluster4335_1rr_1.nex_GENE_cluster4497_1rr_1.nex_GENE_cluster4725_1rr_1.nex_GENE_cluster5509_1rr_1.nex_GENE_cluster5734_1rr_1.nex_GENE_cluster6234_1rr_1.nex
70	AA	20	1839	785	626	Q.PLANT+I{0.158623}+R4{0.256451,0.193528,0.332226,0.752927,0.205743,2.33976,0.0469574,4.6604}	GENE_cluster4419_1rr_1.nex_GENE_cluster4751_1rr_1.nex_GENE_cluster5181_1rr_1.nex_GENE_cluster5436_1rr_1.nex_GENE_cluster5860_1rr_1.nex_GENE_cluster5885_1rr_1.nex_GENE_cluster6021_1rr_1.nex_GENE_cluster757_2rr_1.nex
71	AA	20	1701	633	719	Q.PLANT+F+R4{0.423329,0.0554795,0.264069,0.602816,0.246517,1.99904,0.0660857,4.91078}	GENE_cluster4437_1rr_1.nex_GENE_cluster5593_1rr_1.nex_GENE_cluster5919_1rr_1.nex_GENE_cluster6302_1rr_1.nex_GENE_cluster6390_1rr_1.nex
72	AA	20	560	239	195	Q.PLANT+F+I{0.242536}+R3{0.440335,0.436367,0.231126,1.78374,0.0860029,4.59966}	GENE_cluster4490_1rr_1.nex_GENE_cluster5725_1rr_1.nex
73	AA	20	1761	584	858	Q.PLANT+R4{0.523856,0.0501223,0.291395,0.865818,0.156504,3.28701,0.0282458,7.32918}	GENE_cluster4562_1rr_1.nex_GENE_cluster5177_1rr_1.nex_GENE_cluster5218_1rr_1.nex_GENE_cluster5936_1rr_1.nex_GENE_cluster6039_1rr_1.nex_GENE_cluster6063_1rr_1.nex
74	AA	20	852	385	294	Q.PLANT+F+I{0.194691}+R4{0.286496,0.196547,0.261856,0.733038,0.206948,2.31421,0.0500093,5.45536}	GENE_cluster4579_1rr_1.nex_GENE_cluster5400_1rr_1.nex_GENE_cluster5627_1rr_1.nex_GENE_cluster5815_1rr_1.nex
75	AA	19	605	199	284	Q.PLANT+I{0.291024}+R3{0.367407,0.299967,0.25896,1.88279,0.0826097,4.86897}	GENE_cluster4590_1rr_1.nex_GENE_cluster5540_1rr_1.nex
76	AA	20	3202	834	1694	Q.PLANT+I{0.363524}+R4{0.385292,0.47951,0.167033,2.13332,0.0750391,4.6491,0.00911244,12.0768}	GENE_cluster4602_1rr_1.nex_GENE_cluster4736_1rr_1.nex_GENE_cluster5166_1rr_1.nex_GENE_cluster5610_1rr_1.nex_GENE_cluster5743_1rr_1.nex_GENE_cluster5972_1rr_1.nex_GENE_cluster6487_1rr_1.nex_GENE_cluster6532_1rr_1.nex
77	AA	11	140	50	63	Q.INSECT+F+I{0.307449}+G4{1.70969}	GENE_cluster4648_1rr_1.nex
78	AA	20	1372	560	521	Q.PLANT+R4{0.475527,0.0781184,0.311413,0.884615,0.183991,2.73047,0.0290698,6.36369}	GENE_cluster4673_1rr_1.nex_GENE_cluster5604_1rr_1.nex_GENE_cluster5889_1rr_1.nex_GENE_cluster6112_1rr_1.nex
79	AA	20	566	208	215	Q.PLANT+I{0.185469}+R3{0.421859,0.289056,0.293969,1.57442,0.0987032,4.20685}	GENE_cluster4699_1rr_1.nex_GENE_cluster5145_1rr_1.nex
80	AA	20	1347	492	569	Q.PLANT+R4{0.478681,0.0821581,0.264622,0.690286,0.180069,2.15133,0.0766278,5.09762}	GENE_cluster4713_1rr_1.nex_GENE_cluster5052_1rr_1.nex_GENE_cluster6308_1rr_1.nex_GENE_cluster751_2rr_1.nex
81	AA	20	971	421	349	Q.PLANT+I{0.242282}+G4{1.43598}	GENE_cluster4733_1rr_1.nex_GENE_cluster4833_1rr_1.nex_GENE_cluster5635_1rr_1.nex_GENE_cluster5681_1rr_1.nex
82	AA	20	1736	873	438	Q.PLANT+I{0.140592}+R4{0.309051,0.284725,0.274765,0.876352,0.246526,2.14923,0.0290665,4.86381}	GENE_cluster4750_1rr_1.nex_GENE_cluster5530_1rr_1.nex_GENE_cluster5720_1rr_1.nex_GENE_cluster5862_1rr_1.nex_GENE_cluster5951_1rr_1.nex_GENE_cluster6272_1rr_1.nex
83	AA	20	1276	479	570	Q.PLANT+R4{0.513808,0.0651728,0.245395,0.920552,0.198421,2.38826,0.0423765,6.2944}	GENE_cluster4758_1rr_1.nex_GENE_cluster5132_1rr_1.nex_GENE_cluster5239_1rr_1.nex_GENE_cluster6235_1rr_1.nex
84	AA	19	632	304	148	Q.PLANT+G4{0.929997}	GENE_cluster4791_1rr_1.nex_GENE_cluster6111_1rr_1.nex
85	AA	20	698	179	379	Q.PLANT+I{0.326504}+R3{0.438929,0.41939,0.190964,2.54626,0.0436032,7.5608}	GENE_cluster4827_1rr_1.nex_GENE_cluster5086_1rr_1.nex
86	AA	13	537	181	190	Q.PLANT+R3{0.484352,0.149652,0.418572,1.29112,0.0970762,3.98747}	GENE_cluster4850_1rr_1.nex_GENE_cluster5622_1rr_1.nex
87	AA	20	461	209	128	Q.PLANT+I{0.149312}+R3{0.417427,0.359301,0.40686,1.72221,0.0264008,5.65582}	GENE_cluster4877_1rr_1.nex_GENE_cluster4991_1rr_1.nex_GENE_cluster5268_1rr_1.nex
88	AA	20	598	268	186	Q.PLANT+I{0.133069}+G4{0.932691}	GENE_cluster4924_1rr_1.nex_GENE_cluster4992_1rr_1.nex_GENE_cluster5435_1rr_1.nex
89	AA	20	1014	356	496	Q.PLANT+I{0.316382}+G4{0.795829}	GENE_cluster4943_1rr_1.nex_GENE_cluster5718_1rr_1.nex_GENE_cluster6166_1rr_1.nex
90	AA	20	716	341	209	Q.PLANT+F+I{0.150618}+R3{0.428397,0.333122,0.317554,1.45446,0.10343,3.82308}	GENE_cluster4950_1rr_1.nex_GENE_cluster5155_1rr_1.nex_GENE_cluster6045_1rr_1.nex
91	AA	20	687	279	241	Q.PLANT+R3{0.505703,0.165917,0.401875,1.39607,0.0924213,3.84164}	GENE_cluster4954_1rr_1.nex_GENE_cluster6104_1rr_1.nex
92	AA	19	748	199	363	Q.PLANT+I{0.313639}+R3{0.429677,0.464039,0.228482,2.44532,0.0282019,8.57748}	GENE_cluster5036_1rr_1.nex_GENE_cluster6612_1rr_1.nex
93	AA	18	382	128	169	Q.PLANT+I{0.33704}+R3{0.409697,0.59246,0.231641,2.58214,0.0216223,7.36002}	GENE_cluster5083_1rr_1.nex_GENE_cluster6326_1rr_1.nex
94	AA	19	582	269	168	Q.PLANT+F+R4{0.389393,0.105539,0.388693,0.958348,0.214523,2.4217,0.00739017,9.05128}	GENE_cluster5085_1rr_1.nex_GENE_cluster6348_1rr_1.nex
95	AA	20	796	286	355	Q.PLANT+I{0.20528}+R3{0.402893,0.21063,0.270388,1.42923,0.12144,4.35355}	GENE_cluster518_2rr_1.nex_GENE_cluster6121_1rr_1.nex
96	AA	19	845	173	507	Q.PLANT+R4{0.657484,0.100096,0.195303,1.13,0.121875,3.5551,0.0253387,11.059}	GENE_cluster5214_1rr_1.nex_GENE_cluster5963_1rr_1.nex
97	AA	18	146	56	58	Q.PLANT+G4{0.439878}	GENE_cluster5247_1rr_1.nex
98	AA	15	249	75	113	Q.INSECT+F+R3{0.61196,0.144823,0.316099,1.72067,0.0719409,5.10799}	GENE_cluster5348_1rr_1.nex
99	AA	20	960	464	276	Q.PLANT+I{0.15804}+R3{0.344842,0.245233,0.35445,1.17911,0.142668,3.4871}	GENE_cluster5449_1rr_1.nex_GENE_cluster5950_1rr_1.nex_GENE_cluster6049_1rr_1.nex_GENE_cluster6078_1rr_1.nex_GENE_cluster6248_1rr_1.nex
100	AA	19	285	91	99	Q.MAMMAL+G4{0.813605}	GENE_cluster5529_1rr_1.nex
101	AA	20	504	172	221	Q.PLANT+I{0.240635}+R3{0.363384,0.221363,0.31108,1.55369,0.0849001,5.13825}	GENE_cluster5556_1rr_1.nex_GENE_cluster5699_1rr_1.nex
102	AA	20	1066	405	363	Q.PLANT+F+I{0.20001}+R3{0.426521,0.410521,0.303327,1.71626,0.0701421,4.33858}	GENE_cluster5599_1rr_1.nex_GENE_cluster5686_1rr_1.nex_GENE_cluster6425_1rr_1.nex
103	AA	9	153	44	58	Q.MAMMAL+G4{0.768959}	GENE_cluster5611_1rr_1.nex
104	AA	18	299	127	95	Q.PLANT+I{0.136226}+G4{1.07586}	GENE_cluster5678_1rr_1.nex
105	AA	17	157	71	51	LG+F+G4{0.684489}	GENE_cluster5736_1rr_1.nex
106	AA	12	201	88	44	Q.MAMMAL+R2{0.463937,0.293324,0.536063,1.61159}	GENE_cluster5754_1rr_1.nex
107	AA	17	468	199	143	Q.PLANT+F+R4{0.406298,0.104686,0.419391,0.868681,0.15592,2.59364,0.0183912,10.263}	GENE_cluster5858_1rr_1.nex
108	AA	12	229	85	104	Q.PLANT+I{0.288087}+G4{0.972189}	GENE_cluster5886_1rr_1.nex
109	AA	9	138	51	59	Q.PLANT+I{0.341991}+G4{4.04862}	GENE_cluster6015_1rr_1.nex
110	AA	16	403	146	140	Q.PLANT+I{0.214053}+R3{0.463381,0.527275,0.27252,1.84426,0.0500458,5.05684}	GENE_cluster6033_1rr_1.nex
111	AA	17	875	357	297	Q.PLANT+R3{0.481007,0.157756,0.435905,1.37654,0.0830878,3.9004}	GENE_cluster6051_1rr_1.nex_GENE_cluster6546_1rr_1.nex
112	AA	11	139	60	26	Q.PLANT+G4{1.3089}	GENE_cluster6296_1rr_1.nex
113	AA	17	531	242	161	Q.PLANT+R4{0.402636,0.0907161,0.377903,0.784205,0.201448,2.56644,0.0180123,8.33407}	GENE_cluster6609_1rr_1.nex
114	AA	19	490	200	190	Q.PLANT+F+R4{0.434297,0.0594182,0.32042,0.777608,0.187501,2.26645,0.0577813,5.19321}	GENE_cluster663_1rr_1.nex
115	AA	17	416	68	280	Q.PLANT+F+R3{0.77352,0.153657,0.171913,2.58164,0.0545662,8.01457}	GENE_cluster716_1rr_1.nex
116	AA	20	650	135	418	Q.PLANT+R3{0.731164,0.139081,0.235627,2.60588,0.0332093,8.56067}	GENE_cluster895_2rr_1.nex
Degree of missing data: 0.019
Info: multi-threading strategy over partitions
NOTE: State(s) W not present in partition GENE_cluster1450_1rr_1.nex and thus removed from Markov process to prevent numerical problems
NOTE: State(s) W not present in partition GENE_cluster4648_1rr_1.nex and thus removed from Markov process to prevent numerical problems
WARNING: States(s) C rarely appear in partition GENE_cluster5348_1rr_1.nex and may cause numerical problems
WARNING: States(s) W rarely appear in partition GENE_cluster5886_1rr_1.nex and may cause numerical problems
NOTE: 2 states (see above) are not present and thus removed from Markov process to prevent numerical problems
Reading input tree file Legume20_Q_mf.treefile ...
WARNING: Normalizing category proportions so that sum of them equals to 1
WARNING: Normalizing category proportions so that sum of them equals to 1
WARNING: Normalizing category proportions so that sum of them equals to 1
WARNING: Normalizing category proportions so that sum of them equals to 1
WARNING: Normalizing category proportions so that sum of them equals to 1
WARNING: Normalizing category proportions so that sum of them equals to 1
WARNING: Normalizing category proportions so that sum of them equals to 1
WARNING: Normalizing category proportions so that sum of them equals to 1
WARNING: Normalizing category proportions so that sum of them equals to 1
WARNING: Normalizing category proportions so that sum of them equals to 1
WARNING: Normalizing category proportions so that sum of them equals to 1
WARNING: Normalizing category proportions so that sum of them equals to 1
WARNING: Normalizing category proportions so that sum of them equals to 1
WARNING: Normalizing category proportions so that sum of them equals to 1
WARNING: Normalizing category proportions so that sum of them equals to 1
WARNING: Normalizing category proportions so that sum of them equals to 1
WARNING: Normalizing category proportions so that sum of them equals to 1
WARNING: Normalizing category proportions so that sum of them equals to 1
WARNING: Normalizing category proportions so that sum of them equals to 1
WARNING: Normalizing category proportions so that sum of them equals to 1
WARNING: Normalizing category proportions so that sum of them equals to 1
WARNING: Normalizing category proportions so that sum of them equals to 1
WARNING: Normalizing category proportions so that sum of them equals to 1
WARNING: Normalizing category proportions so that sum of them equals to 1
WARNING: Normalizing category proportions so that sum of them equals to 1
WARNING: Normalizing category proportions so that sum of them equals to 1
WARNING: Normalizing category proportions so that sum of them equals to 1
WARNING: Normalizing category proportions so that sum of them equals to 1
WARNING: Normalizing category proportions so that sum of them equals to 1
WARNING: Normalizing category proportions so that sum of them equals to 1
WARNING: Normalizing category proportions so that sum of them equals to 1
WARNING: Normalizing category proportions so that sum of them equals to 1
WARNING: Normalizing category proportions so that sum of them equals to 1
WARNING: Normalizing category proportions so that sum of them equals to 1
WARNING: Normalizing category proportions so that sum of them equals to 1
WARNING: Normalizing category proportions so that sum of them equals to 1
WARNING: Normalizing category proportions so that sum of them equals to 1
WARNING: Normalizing category proportions so that sum of them equals to 1
WARNING: Normalizing category proportions so that sum of them equals to 1
WARNING: Normalizing category proportions so that sum of them equals to 1
WARNING: Normalizing category proportions so that sum of them equals to 1
WARNING: Normalizing category proportions so that sum of them equals to 1
WARNING: Normalizing category proportions so that sum of them equals to 1
WARNING: Normalizing category proportions so that sum of them equals to 1
WARNING: Normalizing category proportions so that sum of them equals to 1
WARNING: Normalizing category proportions so that sum of them equals to 1
WARNING: Normalizing category proportions so that sum of them equals to 1
WARNING: Normalizing category proportions so that sum of them equals to 1
WARNING: Normalizing category proportions so that sum of them equals to 1
WARNING: Normalizing category proportions so that sum of them equals to 1

NOTE: 858 MB RAM (0 GB) is required!
Estimate model parameters (epsilon = 0.100)
Partition GENE_cluster4267_1rr_1.nex_GENE_cluster5410_1rr_1.nex_GENE_cluster5831_1rr_1.nex_GENE_cluster6378_1rr_1.nex / Model: Q.PLANT+F+I+R3 / df: 56 / LogL: -12633.540
Partition GENE_cluster6051_1rr_1.nex_GENE_cluster6546_1rr_1.nex / Model: Q.PLANT+R3 / df: 31 / LogL: -11743.326
Partition GENE_cluster1721_1rr_1.nex_GENE_cluster4138_1rr_1.nex_GENE_cluster5297_1rr_1.nex_GENE_cluster5537_1rr_1.nex / Model: Q.YEAST+F+R3 / df: 56 / LogL: -9661.563
Partition GENE_cluster3127_1rr_1.nex_GENE_cluster4271_1rr_1.nex_GENE_cluster4895_1rr_1.nex / Model: Q.PLANT+F+I+R3 / df: 56 / LogL: -12763.081
Partition GENE_cluster4303_1rr_1.nex_GENE_cluster4695_1rr_1.nex_GENE_cluster5730_1rr_1.nex_GENE_cluster6026_1rr_1.nex / Model: Q.PLANT+I+R3 / df: 37 / LogL: -10142.248
Partition GENE_cluster349_2rr_1.nex_GENE_cluster4792_1rr_1.nex_GENE_cluster4935_1rr_1.nex_GENE_cluster5020_1rr_1.nex / Model: Q.PLANT+R3 / df: 37 / LogL: -13194.130
Partition GENE_cluster1860_1rr_1.nex_GENE_cluster3941_1rr_1.nex / Model: Q.PLANT+F+I+R3 / df: 56 / LogL: -13594.778
Partition GENE_cluster4142_1rr_1.nex_GENE_cluster4611_1rr_1.nex_GENE_cluster4700_1rr_1.nex_GENE_cluster5243_1rr_1.nex_GENE_cluster5370_1rr_1.nex_GENE_cluster5422_1rr_1.nex_GENE_cluster6108_1rr_1.nex / Model: Q.PLANT+F+I+R3 / df: 56 / LogL: -19454.885
Partition GENE_cluster4241_1rr_1.nex_GENE_cluster5372_1rr_1.nex_GENE_cluster5452_1rr_1.nex_GENE_cluster5571_1rr_1.nex / Model: Q.PLANT+I+R3 / df: 37 / LogL: -9659.375
Partition GENE_cluster3779_1rr_1.nex_GENE_cluster4411_1rr_1.nex_GENE_cluster4484_1rr_1.nex_GENE_cluster5553_1rr_1.nex_GENE_cluster5652_1rr_1.nex_GENE_cluster5656_1rr_1.nex / Model: Q.PLANT+I+R3 / df: 37 / LogL: -17924.489
Partition GENE_cluster2426_2rr_1.nex_GENE_cluster5099_1rr_1.nex_GENE_cluster5999_1rr_1.nex / Model: Q.PLANT+I+G4 / df: 37 / LogL: -10961.087
Partition GENE_cluster1979_1rr_1.nex_GENE_cluster6597_1rr_1.nex / Model: Q.PLANT+F+I+R3 / df: 56 / LogL: -13091.323
Partition GENE_cluster1132_2rr_1.nex_GENE_cluster1181_1rr_1.nex_GENE_cluster3928_1rr_1.nex_GENE_cluster4852_1rr_1.nex_GENE_cluster5186_1rr_1.nex_GENE_cluster5378_1rr_1.nex / Model: Q.PLANT+I+R3 / df: 37 / LogL: -14810.373
Partition GENE_cluster4950_1rr_1.nex_GENE_cluster5155_1rr_1.nex_GENE_cluster6045_1rr_1.nex / Model: Q.PLANT+F+I+R3 / df: 56 / LogL: -11596.624
Partition GENE_cluster1453_2rr_1.nex_GENE_cluster5603_1rr_1.nex_GENE_cluster5631_1rr_1.nex_GENE_cluster6336_1rr_1.nex / Model: Q.PLANT+I+R3 / df: 37 / LogL: -15235.369
Partition GENE_cluster1668_1rr_1.nex_GENE_cluster4508_1rr_1.nex_GENE_cluster6151_1rr_1.nex_GENE_cluster6424_1rr_1.nex_GENE_cluster6474_1rr_1.nex_GENE_cluster6478_1rr_1.nex / Model: Q.PLANT+I+R3 / df: 37 / LogL: -18809.236
Partition GENE_cluster3907_1rr_1.nex_GENE_cluster3908_1rr_1.nex_GENE_cluster4542_1rr_1.nex_GENE_cluster6400_1rr_1.nex / Model: Q.PLANT+F+I+R3 / df: 56 / LogL: -14235.140
Partition GENE_cluster4733_1rr_1.nex_GENE_cluster4833_1rr_1.nex_GENE_cluster5635_1rr_1.nex_GENE_cluster5681_1rr_1.nex / Model: Q.PLANT+I+G4 / df: 37 / LogL: -14413.984
Partition GENE_cluster1794_1rr_1.nex_GENE_cluster3707_1rr_1.nex_GENE_cluster5984_1rr_1.nex / Model: Q.PLANT+F+I+G4 / df: 54 / LogL: -10131.025
Partition GENE_cluster3635_1rr_1.nex_GENE_cluster4680_1rr_1.nex_GENE_cluster4886_1rr_1.nex_GENE_cluster5560_1rr_1.nex_GENE_cluster6130_1rr_1.nex / Model: Q.PLANT+I+R4 / df: 37 / LogL: -17564.584
Partition GENE_cluster5449_1rr_1.nex_GENE_cluster5950_1rr_1.nex_GENE_cluster6049_1rr_1.nex_GENE_cluster6078_1rr_1.nex_GENE_cluster6248_1rr_1.nex / Model: Q.PLANT+I+R3 / df: 37 / LogL: -16897.205
Partition GENE_cluster3934_1rr_1.nex_GENE_cluster4560_1rr_1.nex_GENE_cluster5857_1rr_1.nex_GENE_cluster5926_1rr_1.nex / Model: Q.PLANT+I+R4 / df: 37 / LogL: -15990.584
Partition GENE_cluster3309_1rr_1.nex_GENE_cluster5113_1rr_1.nex_GENE_cluster5207_1rr_1.nex / Model: Q.PLANT+F+R4 / df: 56 / LogL: -10585.006
Partition GENE_cluster252_1rr_1.nex_GENE_cluster4937_1rr_1.nex_GENE_cluster4990_1rr_1.nex_GENE_cluster6591_1rr_1.nex / Model: Q.PLANT+F+I+R3 / df: 56 / LogL: -18210.060
Partition GENE_cluster4153_1rr_1.nex_GENE_cluster5209_1rr_1.nex_GENE_cluster6447_1rr_1.nex_GENE_cluster682_1rr_1.nex / Model: Q.PLANT+R4 / df: 37 / LogL: -7318.254
Partition GENE_cluster518_2rr_1.nex_GENE_cluster6121_1rr_1.nex / Model: Q.PLANT+I+R3 / df: 37 / LogL: -10612.138
Partition GENE_cluster4954_1rr_1.nex_GENE_cluster6104_1rr_1.nex / Model: Q.PLANT+R3 / df: 37 / LogL: -9542.558
Partition GENE_cluster4240_1rr_1.nex_GENE_cluster4331_1rr_1.nex_GENE_cluster4718_1rr_1.nex_GENE_cluster5147_1rr_1.nex / Model: Q.PLANT+F+R3 / df: 56 / LogL: -8212.135
Partition GENE_cluster4943_1rr_1.nex_GENE_cluster5718_1rr_1.nex_GENE_cluster6166_1rr_1.nex / Model: Q.PLANT+I+G4 / df: 37 / LogL: -12244.212
Partition GENE_cluster4791_1rr_1.nex_GENE_cluster6111_1rr_1.nex / Model: Q.PLANT+G4 / df: 35 / LogL: -10581.773
Partition GENE_cluster1810_1rr_1.nex_GENE_cluster5050_1rr_1.nex / Model: Q.PLANT+I+R4 / df: 37 / LogL: -12847.410
Partition GENE_cluster5599_1rr_1.nex_GENE_cluster5686_1rr_1.nex_GENE_cluster6425_1rr_1.nex / Model: Q.PLANT+F+I+R3 / df: 56 / LogL: -15454.333
Partition GENE_cluster2066_1rr_1.nex_GENE_cluster4649_1rr_1.nex_GENE_cluster5636_1rr_1.nex_GENE_cluster6120_1rr_1.nex / Model: Q.PLANT+I+R4 / df: 37 / LogL: -15038.873
Partition GENE_cluster4877_1rr_1.nex_GENE_cluster4991_1rr_1.nex_GENE_cluster5268_1rr_1.nex / Model: Q.PLANT+I+R3 / df: 37 / LogL: -7355.253
Partition GENE_cluster5036_1rr_1.nex_GENE_cluster6612_1rr_1.nex / Model: Q.PLANT+I+R3 / df: 35 / LogL: -7796.846
Partition GENE_cluster2336_1rr_1.nex_GENE_cluster4965_1rr_1.nex_GENE_cluster5206_1rr_1.nex_GENE_cluster6195_1rr_1.nex / Model: Q.PLANT+R4 / df: 37 / LogL: -15123.786
Partition GENE_cluster3976_1rr_1.nex_GENE_cluster4889_1rr_1.nex_GENE_cluster5194_1rr_1.nex / Model: Q.PLANT+R3 / df: 35 / LogL: -8540.351
Partition GENE_cluster4699_1rr_1.nex_GENE_cluster5145_1rr_1.nex / Model: Q.PLANT+I+R3 / df: 37 / LogL: -8158.695
Partition GENE_cluster397_1rr_1.nex_GENE_cluster4982_1rr_1.nex / Model: Q.PLANT+R3 / df: 37 / LogL: -7348.582
Partition GENE_cluster1794_2rr_1.nex_GENE_cluster2128_2rr_1.nex_GENE_cluster4208_1rr_1.nex_GENE_cluster4345_1rr_1.nex_GENE_cluster5250_1rr_1.nex_GENE_cluster5279_1rr_1.nex_GENE_cluster5350_1rr_1.nex_GENE_cluster6227_1rr_1.nex / Model: Q.PLANT+I+R3 / df: 37 / LogL: -27886.840
Partition GENE_cluster4579_1rr_1.nex_GENE_cluster5400_1rr_1.nex_GENE_cluster5627_1rr_1.nex_GENE_cluster5815_1rr_1.nex / Model: Q.PLANT+F+I+R4 / df: 56 / LogL: -13790.623
Partition GENE_cluster168_5rr_1.nex_GENE_cluster4300_1rr_1.nex_GENE_cluster5732_1rr_1.nex / Model: Q.PLANT+I+R4 / df: 37 / LogL: -12033.032
Partition GENE_cluster1224_3rr_1.nex_GENE_cluster2080_2rr_1.nex_GENE_cluster3738_1rr_1.nex_GENE_cluster5095_1rr_1.nex_GENE_cluster5212_1rr_1.nex_GENE_cluster5685_1rr_1.nex_GENE_cluster5898_1rr_1.nex_GENE_cluster6573_1rr_1.nex / Model: Q.PLANT+I+R4 / df: 37 / LogL: -23305.078
Partition GENE_cluster2199_1rr_1.nex_GENE_cluster2199_2rr_1.nex_GENE_cluster692_1rr_1.nex / Model: Q.PLANT+F+R4 / df: 56 / LogL: -17815.220
Partition GENE_cluster4827_1rr_1.nex_GENE_cluster5086_1rr_1.nex / Model: Q.PLANT+I+R3 / df: 37 / LogL: -7193.878
Partition GENE_cluster663_1rr_1.nex / Model: Q.PLANT+F+R4 / df: 54 / LogL: -7420.080
Partition GENE_cluster5085_1rr_1.nex_GENE_cluster6348_1rr_1.nex / Model: Q.PLANT+F+R4 / df: 54 / LogL: -9151.533
Partition GENE_cluster4490_1rr_1.nex_GENE_cluster5725_1rr_1.nex / Model: Q.PLANT+F+I+R3 / df: 56 / LogL: -8721.660
Partition GENE_cluster1523_2rr_1.nex_GENE_cluster3404_1rr_1.nex / Model: Q.PLANT+F+I+R3 / df: 56 / LogL: -6658.011
Partition GENE_cluster5754_1rr_1.nex / Model: Q.MAMMAL+R2 / df: 21 / LogL: -2806.290
Partition GENE_cluster226_2rr_1.nex_GENE_cluster4588_1rr_1.nex_GENE_cluster4921_1rr_1.nex_GENE_cluster5515_1rr_1.nex_GENE_cluster5818_1rr_1.nex / Model: Q.PLANT+I+G4 / df: 37 / LogL: -17650.828
Partition GENE_cluster1848_1rr_1.nex_GENE_cluster2216_1rr_2.nex_GENE_cluster327_2rr_1.nex_GENE_cluster6201_1rr_1.nex / Model: Q.PLANT+I+G4 / df: 37 / LogL: -15990.035
Partition GENE_cluster4850_1rr_1.nex_GENE_cluster5622_1rr_1.nex / Model: Q.PLANT+R3 / df: 23 / LogL: -6208.212
Partition GENE_cluster274_4rr_1.nex_GENE_cluster4821_1rr_1.nex / Model: Q.PLANT+F+R3 / df: 56 / LogL: -9297.079
Partition GENE_cluster4758_1rr_1.nex_GENE_cluster5132_1rr_1.nex_GENE_cluster5239_1rr_1.nex_GENE_cluster6235_1rr_1.nex / Model: Q.PLANT+R4 / df: 37 / LogL: -17744.592
Partition GENE_cluster5529_1rr_1.nex / Model: Q.MAMMAL+G4 / df: 35 / LogL: -3544.111
Partition GENE_cluster3050_1rr_1.nex / Model: Q.PLANT+G4 / df: 21 / LogL: -2305.559
Partition GENE_cluster1450_1rr_1.nex / Model: Q.PLANT+I / df: 17 / LogL: -803.794
Partition GENE_cluster6033_1rr_1.nex / Model: Q.PLANT+I+R3 / df: 29 / LogL: -5286.895
Partition GENE_cluster4032_1rr_1.nex / Model: Q.PLANT+F+I+R3 / df: 40 / LogL: -1622.663
Partition GENE_cluster6015_1rr_1.nex / Model: Q.PLANT+I+G4 / df: 15 / LogL: -1379.711
Partition GENE_cluster115_5rr_1.nex / Model: Q.PLANT+R2 / df: 27 / LogL: -979.655
Partition GENE_cluster1309_1rr_1.nex / Model: Q.PLANT+F+R3 / df: 50 / LogL: -7029.596
Partition GENE_cluster5611_1rr_1.nex / Model: Q.MAMMAL+G4 / df: 15 / LogL: -1539.195
Partition GENE_cluster5556_1rr_1.nex_GENE_cluster5699_1rr_1.nex / Model: Q.PLANT+I+R3 / df: 37 / LogL: -6816.471
Partition GENE_cluster6296_1rr_1.nex / Model: Q.PLANT+G4 / df: 19 / LogL: -1897.051
Partition GENE_cluster1247_1rr_1.nex / Model: Q.PFAM+G4 / df: 25 / LogL: -1711.517
Partition GENE_cluster5348_1rr_1.nex / Model: Q.INSECT+F+R3 / df: 46 / LogL: -2711.311
Partition GENE_cluster4648_1rr_1.nex / Model: Q.INSECT+F+I+G4 / df: 38 / LogL: -1435.467
Partition GENE_cluster2747_1rr_1.nex / Model: Q.PLANT+R3 / df: 31 / LogL: -4565.346
Partition GENE_cluster3296_1rr_1.nex / Model: Q.PLANT+G4 / df: 19 / LogL: -1870.739
Partition GENE_cluster3529_1rr_1.nex_GENE_cluster5659_1rr_1.nex / Model: Q.PLANT+F+I+G4 / df: 56 / LogL: -2861.207
Partition GENE_cluster895_2rr_1.nex / Model: Q.PLANT+R3 / df: 37 / LogL: -5568.009
Partition GENE_cluster5736_1rr_1.nex / Model: LG+F+G4 / df: 50 / LogL: -2219.276
Partition GENE_cluster2648_1rr_1.nex_GENE_cluster5319_1rr_1.nex / Model: Q.PLANT+R4 / df: 37 / LogL: -5538.494
Partition GENE_cluster5083_1rr_1.nex_GENE_cluster6326_1rr_1.nex / Model: Q.PLANT+I+R3 / df: 33 / LogL: -4646.430
Partition GENE_cluster5247_1rr_1.nex / Model: Q.PLANT+G4 / df: 33 / LogL: -1961.129
Partition GENE_cluster5886_1rr_1.nex / Model: Q.PLANT+I+G4 / df: 21 / LogL: -2627.544
Partition GENE_cluster3797_1rr_1.nex_GENE_cluster4312_1rr_1.nex / Model: Q.PLANT+I+G4 / df: 33 / LogL: -4761.326
Partition GENE_cluster3363_1rr_1.nex / Model: Q.PLANT+I+G4 / df: 31 / LogL: -5056.116
Partition GENE_cluster4713_1rr_1.nex_GENE_cluster5052_1rr_1.nex_GENE_cluster6308_1rr_1.nex_GENE_cluster751_2rr_1.nex / Model: Q.PLANT+R4 / df: 37 / LogL: -18457.898
Partition GENE_cluster3894_1rr_1.nex_GENE_cluster5055_1rr_1.nex_GENE_cluster5269_1rr_1.nex_GENE_cluster5312_1rr_1.nex_GENE_cluster5359_1rr_1.nex_GENE_cluster5830_1rr_1.nex_GENE_cluster5869_1rr_1.nex_GENE_cluster6266_1rr_1.nex / Model: Q.PLANT+I+R3 / df: 37 / LogL: -22974.195
Partition GENE_cluster716_1rr_1.nex / Model: Q.PLANT+F+R3 / df: 50 / LogL: -3221.337
Partition GENE_cluster4924_1rr_1.nex_GENE_cluster4992_1rr_1.nex_GENE_cluster5435_1rr_1.nex / Model: Q.PLANT+I+G4 / df: 37 / LogL: -9827.722
Partition GENE_cluster3869_1rr_1.nex_GENE_cluster5477_1rr_1.nex / Model: Q.PLANT+I+R4 / df: 37 / LogL: -7313.192
Partition GENE_cluster1539_2rr_1.nex / Model: Q.PLANT+F+G4 / df: 56 / LogL: -3973.629
Partition GENE_cluster4114_1rr_1.nex_GENE_cluster5222_1rr_1.nex_GENE_cluster5412_1rr_1.nex_GENE_cluster6170_1rr_1.nex / Model: Q.PLANT+I+R4 / df: 37 / LogL: -9742.774
Partition GENE_cluster5678_1rr_1.nex / Model: Q.PLANT+I+G4 / df: 33 / LogL: -4284.316
Partition GENE_cluster3749_1rr_1.nex_GENE_cluster6455_1rr_1.nex / Model: Q.PLANT+R4 / df: 37 / LogL: -6924.605
Partition GENE_cluster1678_1rr_1.nex_GENE_cluster5602_1rr_1.nex / Model: Q.PLANT+I+R3 / df: 35 / LogL: -4787.664
Partition GENE_cluster3842_1rr_1.nex_GENE_cluster6136_1rr_1.nex_GENE_cluster6320_1rr_1.nex_GENE_cluster779_1rr_1.nex / Model: Q.PLANT+I+R4 / df: 37 / LogL: -21293.253
Partition GENE_cluster3755_1rr_1.nex_GENE_cluster51_3rr_1.nex / Model: Q.PLANT+F+R4 / df: 56 / LogL: -9551.233
Partition GENE_cluster4673_1rr_1.nex_GENE_cluster5604_1rr_1.nex_GENE_cluster5889_1rr_1.nex_GENE_cluster6112_1rr_1.nex / Model: Q.PLANT+R4 / df: 37 / LogL: -21720.954
Partition GENE_cluster4590_1rr_1.nex_GENE_cluster5540_1rr_1.nex / Model: Q.PLANT+I+R3 / df: 35 / LogL: -7711.798
Partition GENE_cluster6609_1rr_1.nex / Model: Q.PLANT+R4 / df: 31 / LogL: -8529.257
Partition GENE_cluster5214_1rr_1.nex_GENE_cluster5963_1rr_1.nex / Model: Q.PLANT+R4 / df: 35 / LogL: -7753.072
Partition GENE_cluster5858_1rr_1.nex / Model: Q.PLANT+F+R4 / df: 50 / LogL: -6754.898
Partition GENE_cluster2113_2rr_1.nex_GENE_cluster2748_2rr_1.nex_GENE_cluster4168_1rr_1.nex_GENE_cluster6210_1rr_1.nex / Model: Q.PLANT+R4 / df: 37 / LogL: -16107.919
Partition GENE_cluster4335_1rr_1.nex_GENE_cluster4497_1rr_1.nex_GENE_cluster4725_1rr_1.nex_GENE_cluster5509_1rr_1.nex_GENE_cluster5734_1rr_1.nex_GENE_cluster6234_1rr_1.nex / Model: Q.PLANT+F+I+R4 / df: 56 / LogL: -20065.065
Partition GENE_cluster1438_1rr_1.nex_GENE_cluster2674_1rr_1.nex_GENE_cluster3482_1rr_1.nex_GENE_cluster4570_1rr_1.nex_GENE_cluster4706_1rr_1.nex_GENE_cluster5579_1rr_1.nex_GENE_cluster6020_1rr_1.nex / Model: Q.PLANT+F+I+R3 / df: 56 / LogL: -24338.152
Partition GENE_cluster1698_1rr_1.nex_GENE_cluster2180_1rr_1.nex_GENE_cluster3301_1rr_1.nex_GENE_cluster6176_1rr_1.nex / Model: Q.PLANT+I+R4 / df: 37 / LogL: -21479.954
Partition GENE_cluster4562_1rr_1.nex_GENE_cluster5177_1rr_1.nex_GENE_cluster5218_1rr_1.nex_GENE_cluster5936_1rr_1.nex_GENE_cluster6039_1rr_1.nex_GENE_cluster6063_1rr_1.nex / Model: Q.PLANT+R4 / df: 37 / LogL: -22486.380
Partition GENE_cluster3912_1rr_1.nex_GENE_cluster4883_1rr_1.nex_GENE_cluster5165_1rr_1.nex_GENE_cluster5393_1rr_1.nex_GENE_cluster5569_1rr_1.nex_GENE_cluster6440_1rr_1.nex / Model: Q.PLANT+R4 / df: 37 / LogL: -22486.726
Partition GENE_cluster4437_1rr_1.nex_GENE_cluster5593_1rr_1.nex_GENE_cluster5919_1rr_1.nex_GENE_cluster6302_1rr_1.nex_GENE_cluster6390_1rr_1.nex / Model: Q.PLANT+F+R4 / df: 56 / LogL: -23376.639
Partition GENE_cluster2146_1rr_1.nex_GENE_cluster3448_1rr_1.nex_GENE_cluster5038_1rr_1.nex_GENE_cluster5059_1rr_1.nex_GENE_cluster5062_1rr_1.nex_GENE_cluster5193_1rr_1.nex_GENE_cluster5787_1rr_1.nex / Model: Q.PLANT+F+R4 / df: 56 / LogL: -25942.816
Partition GENE_cluster2061_1rr_1.nex_GENE_cluster4277_1rr_1.nex_GENE_cluster4618_1rr_1.nex_GENE_cluster4664_1rr_1.nex_GENE_cluster4933_1rr_1.nex_GENE_cluster6508_1rr_1.nex_GENE_cluster6514_1rr_1.nex / Model: Q.PLANT+R4 / df: 37 / LogL: -27077.943
Partition GENE_cluster4750_1rr_1.nex_GENE_cluster5530_1rr_1.nex_GENE_cluster5720_1rr_1.nex_GENE_cluster5862_1rr_1.nex_GENE_cluster5951_1rr_1.nex_GENE_cluster6272_1rr_1.nex / Model: Q.PLANT+I+R4 / df: 37 / LogL: -31107.463
Partition GENE_cluster4602_1rr_1.nex_GENE_cluster4736_1rr_1.nex_GENE_cluster5166_1rr_1.nex_GENE_cluster5610_1rr_1.nex_GENE_cluster5743_1rr_1.nex_GENE_cluster5972_1rr_1.nex_GENE_cluster6487_1rr_1.nex_GENE_cluster6532_1rr_1.nex / Model: Q.PLANT+I+R4 / df: 37 / LogL: -34375.226
Partition GENE_cluster4419_1rr_1.nex_GENE_cluster4751_1rr_1.nex_GENE_cluster5181_1rr_1.nex_GENE_cluster5436_1rr_1.nex_GENE_cluster5860_1rr_1.nex_GENE_cluster5885_1rr_1.nex_GENE_cluster6021_1rr_1.nex_GENE_cluster757_2rr_1.nex / Model: Q.PLANT+I+R4 / df: 37 / LogL: -26249.052
Partition GENE_cluster4330_1rr_1.nex_GENE_cluster5024_1rr_1.nex_GENE_cluster5184_1rr_1.nex_GENE_cluster5535_1rr_1.nex_GENE_cluster5550_1rr_1.nex_GENE_cluster5552_1rr_1.nex_GENE_cluster5811_1rr_1.nex_GENE_cluster6404_1rr_1.nex / Model: Q.PLANT+I+R4 / df: 37 / LogL: -27243.640
Partition GENE_cluster2068_1rr_1.nex_GENE_cluster3522_1rr_1.nex_GENE_cluster4853_1rr_1.nex_GENE_cluster4854_1rr_1.nex_GENE_cluster5179_1rr_1.nex_GENE_cluster5637_1rr_1.nex_GENE_cluster5938_1rr_1.nex_GENE_cluster5967_1rr_1.nex_GENE_cluster6472_1rr_1.nex / Model: Q.PLANT+R5 / df: 37 / LogL: -28565.770
Partition GENE_cluster1603_1rr_1.nex_GENE_cluster4250_1rr_1.nex_GENE_cluster4268_1rr_1.nex_GENE_cluster4364_1rr_1.nex_GENE_cluster4851_1rr_1.nex_GENE_cluster5702_1rr_1.nex_GENE_cluster5879_1rr_1.nex_GENE_cluster5956_1rr_1.nex / Model: Q.PLANT+F+R4 / df: 56 / LogL: -35411.391
Partition GENE_cluster281_1rr_1.nex_GENE_cluster4414_1rr_1.nex_GENE_cluster5219_1rr_1.nex_GENE_cluster5976_1rr_1.nex_GENE_cluster6310_1rr_1.nex_GENE_cluster6536_1rr_1.nex / Model: Q.PLANT+R4 / df: 37 / LogL: -33015.776
Partition GENE_cluster1248_2rr_1.nex_GENE_cluster3567_1rr_1.nex_GENE_cluster4356_1rr_1.nex_GENE_cluster4622_1rr_1.nex_GENE_cluster5362_1rr_1.nex_GENE_cluster5516_1rr_1.nex_GENE_cluster6152_1rr_1.nex_GENE_cluster6421_1rr_1.nex / Model: Q.PLANT+I+R4 / df: 37 / LogL: -31070.021
Partition GENE_cluster2035_1rr_1.nex_GENE_cluster3932_1rr_1.nex_GENE_cluster4269_1rr_1.nex_GENE_cluster4543_1rr_1.nex_GENE_cluster5133_1rr_1.nex_GENE_cluster5220_1rr_1.nex_GENE_cluster5600_1rr_1.nex_GENE_cluster6305_1rr_1.nex / Model: Q.PLANT+I+R4 / df: 37 / LogL: -39671.933
Partition GENE_cluster1629_1rr_1.nex_GENE_cluster2504_2rr_1.nex_GENE_cluster4594_1rr_1.nex_GENE_cluster4846_1rr_1.nex_GENE_cluster5019_1rr_1.nex_GENE_cluster5216_1rr_1.nex_GENE_cluster5437_1rr_1.nex_GENE_cluster5808_1rr_1.nex_GENE_cluster5961_1rr_1.nex_GENE_cluster6281_1rr_1.nex_GENE_cluster6297_1rr_1.nex_GENE_cluster6342_1rr_1.nex_GENE_cluster6516_1rr_1.nex_GENE_cluster719_2rr_1.nex / Model: Q.PLANT+R4 / df: 37 / LogL: -52015.349
Optimal log-likelihood: -1490798.827
Wrote distance file to... 

Do NNI search on 1 best initial trees
Optimizing NNI: done in 0.942923 secs using 3975% CPU
Finish initializing candidate tree set (1)
Current best tree score: -1490798.827 / CPU time: 1.099
Number of iterations: 1
--------------------------------------------------------------------
|               OPTIMIZING CANDIDATE TREE SET                      |
--------------------------------------------------------------------
Optimizing NNI: done in 2.85149 secs using 3821% CPU
Optimizing NNI: done in 3.55123 secs using 3741% CPU
Optimizing NNI: done in 2.93007 secs using 3733% CPU
Optimizing NNI: done in 3.16487 secs using 3463% CPU
Optimizing NNI: done in 2.76801 secs using 3733% CPU
Optimizing NNI: done in 4.61224 secs using 3505% CPU
Optimizing NNI: done in 3.9378 secs using 3752% CPU
Optimizing NNI: done in 3.45316 secs using 4038% CPU
Optimizing NNI: done in 3.39443 secs using 3963% CPU
Iteration 10 / LogL: -1490852.872 / Time: 12643h:5m:1s
Optimizing NNI: done in 4.37518 secs using 3977% CPU
Optimizing NNI: done in 2.70729 secs using 3926% CPU
Optimizing NNI: done in 3.68804 secs using 4007% CPU
Optimizing NNI: done in 2.60371 secs using 3937% CPU
Optimizing NNI: done in 3.88641 secs using 3925% CPU
Optimizing NNI: done in 2.90684 secs using 3597% CPU
Optimizing NNI: done in 3.69252 secs using 3536% CPU
Optimizing NNI: done in 3.68721 secs using 3949% CPU
Optimizing NNI: done in 3.8491 secs using 3981% CPU
Optimizing NNI: done in 2.9817 secs using 3971% CPU
Iteration 20 / LogL: -1491171.445 / Time: 12643h:5m:36s
Optimizing NNI: done in 3.45932 secs using 4019% CPU
Optimizing NNI: done in 4.75602 secs using 3860% CPU
Optimizing NNI: done in 3.68266 secs using 3949% CPU
Optimizing NNI: done in 3.74842 secs using 4055% CPU
Optimizing NNI: done in 4.53849 secs using 4016% CPU
Optimizing NNI: done in 3.38105 secs using 3889% CPU
Optimizing NNI: done in 2.69662 secs using 4165% CPU
Optimizing NNI: done in 3.43568 secs using 3934% CPU
Optimizing NNI: done in 3.6161 secs using 3959% CPU
Optimizing NNI: done in 2.96975 secs using 3802% CPU
Iteration 30 / LogL: -1491090.060 / Time: 12643h:6m:13s (0h:4m:18s left)
Optimizing NNI: done in 4.41547 secs using 3811% CPU
Optimizing NNI: done in 2.59448 secs using 3950% CPU
Optimizing NNI: done in 2.69832 secs using 3979% CPU
Optimizing NNI: done in 3.39798 secs using 4138% CPU
Optimizing NNI: done in 3.60514 secs using 4006% CPU
Optimizing NNI: done in 3.91364 secs using 3701% CPU
Optimizing NNI: done in 3.40281 secs using 3782% CPU
Optimizing NNI: done in 3.19427 secs using 3969% CPU
Optimizing NNI: done in 4.10327 secs using 3758% CPU
Optimizing NNI: done in 3.40029 secs using 4081% CPU
Iteration 40 / LogL: -1490960.071 / Time: 12643h:6m:49s (0h:3m:39s left)
Optimizing NNI: done in 3.84151 secs using 4060% CPU
Optimizing NNI: done in 3.5887 secs using 3668% CPU
Optimizing NNI: done in 2.98426 secs using 3981% CPU
Optimizing NNI: done in 2.94347 secs using 3853% CPU
Optimizing NNI: done in 2.83489 secs using 4102% CPU
Optimizing NNI: done in 2.68674 secs using 3915% CPU
Optimizing NNI: done in 2.81011 secs using 3975% CPU
Optimizing NNI: done in 3.52584 secs using 3987% CPU
Optimizing NNI: done in 3.44537 secs using 4074% CPU
Optimizing NNI: done in 3.35242 secs using 4047% CPU
Iteration 50 / LogL: -1490860.976 / Time: 12643h:7m:22s (0h:2m:59s left)
Optimizing NNI: done in 3.89523 secs using 4024% CPU
Optimizing NNI: done in 3.20334 secs using 3900% CPU
Optimizing NNI: done in 2.92179 secs using 4115% CPU
Optimizing NNI: done in 3.47427 secs using 3981% CPU
Optimizing NNI: done in 2.61636 secs using 4194% CPU
Optimizing NNI: done in 2.97678 secs using 4000% CPU
Optimizing NNI: done in 4.15657 secs using 3707% CPU
Optimizing NNI: done in 3.07356 secs using 3740% CPU
Optimizing NNI: done in 2.56246 secs using 4052% CPU
Optimizing NNI: done in 3.71732 secs using 3946% CPU
Iteration 60 / LogL: -1490877.390 / Time: 12643h:7m:56s (0h:2m:21s left)
Optimizing NNI: done in 2.64165 secs using 3870% CPU
Optimizing NNI: done in 2.89796 secs using 3855% CPU
Optimizing NNI: done in 3.30707 secs using 3913% CPU
Optimizing NNI: done in 2.91214 secs using 3624% CPU
Optimizing NNI: done in 3.97931 secs using 3696% CPU
Optimizing NNI: done in 2.4527 secs using 4033% CPU
Optimizing NNI: done in 3.31977 secs using 3991% CPU
Optimizing NNI: done in 3.03972 secs using 4018% CPU
Optimizing NNI: done in 3.75183 secs using 3930% CPU
Optimizing NNI: done in 2.81265 secs using 3900% CPU
Iteration 70 / LogL: -1491152.291 / Time: 12643h:8m:28s (0h:1m:44s left)
Optimizing NNI: done in 3.56745 secs using 4046% CPU
Optimizing NNI: done in 4.31564 secs using 4035% CPU
Optimizing NNI: done in 3.34202 secs using 3972% CPU
Optimizing NNI: done in 3.56514 secs using 4034% CPU
Optimizing NNI: done in 3.83741 secs using 4035% CPU
Optimizing NNI: done in 3.72207 secs using 3991% CPU
Optimizing NNI: done in 2.6384 secs using 4023% CPU
Optimizing NNI: done in 3.57221 secs using 3963% CPU
Optimizing NNI: done in 3.65883 secs using 4069% CPU
Optimizing NNI: done in 3.4618 secs using 3991% CPU
Iteration 80 / LogL: -1490855.977 / Time: 12643h:9m:4s (0h:1m:10s left)
Optimizing NNI: done in 4.08316 secs using 3984% CPU
Optimizing NNI: done in 3.46002 secs using 3957% CPU
Optimizing NNI: done in 3.25791 secs using 4047% CPU
Optimizing NNI: done in 3.02208 secs using 4046% CPU
Optimizing NNI: done in 4.03327 secs using 4097% CPU
Optimizing NNI: done in 4.05992 secs using 4030% CPU
Optimizing NNI: done in 3.21052 secs using 4025% CPU
Optimizing NNI: done in 3.7512 secs using 3600% CPU
Optimizing NNI: done in 3.34675 secs using 3647% CPU
Optimizing NNI: done in 3.83506 secs using 3922% CPU
Iteration 90 / LogL: -1490872.328 / Time: 12643h:9m:41s (0h:0m:35s left)
Optimizing NNI: done in 3.65943 secs using 3895% CPU
Optimizing NNI: done in 3.43649 secs using 3908% CPU
Optimizing NNI: done in 3.44365 secs using 3930% CPU
Optimizing NNI: done in 3.07013 secs using 3850% CPU
Optimizing NNI: done in 4.55153 secs using 3897% CPU
Optimizing NNI: done in 3.60304 secs using 4049% CPU
Optimizing NNI: done in 3.43788 secs using 3708% CPU
Optimizing NNI: done in 3.12011 secs using 3542% CPU
Optimizing NNI: done in 3.47276 secs using 3991% CPU
Optimizing NNI: done in 2.90053 secs using 4193% CPU
Iteration 100 / LogL: -1490993.603 / Time: 12643h:10m:17s (0h:0m:0s left)
Optimizing NNI: done in 2.74425 secs using 3586% CPU
TREE SEARCH COMPLETED AFTER 101 ITERATIONS / Time: 12643h:10m:20s

--------------------------------------------------------------------
|                    FINALIZING TREE SEARCH                        |
--------------------------------------------------------------------
Performs final model parameters optimization
Estimate model parameters (epsilon = 0.010)
Partition GENE_cluster5599_1rr_1.nex_GENE_cluster5686_1rr_1.nex_GENE_cluster6425_1rr_1.nex / Model: Q.PLANT+F+I+R3 / df: 56 / LogL: -15454.333
Partition GENE_cluster4950_1rr_1.nex_GENE_cluster5155_1rr_1.nex_GENE_cluster6045_1rr_1.nex / Model: Q.PLANT+F+I+R3 / df: 56 / LogL: -11596.624
Partition GENE_cluster1438_1rr_1.nex_GENE_cluster2674_1rr_1.nex_GENE_cluster3482_1rr_1.nex_GENE_cluster4570_1rr_1.nex_GENE_cluster4706_1rr_1.nex_GENE_cluster5579_1rr_1.nex_GENE_cluster6020_1rr_1.nex / Model: Q.PLANT+F+I+R3 / df: 56 / LogL: -24338.152
Partition GENE_cluster4335_1rr_1.nex_GENE_cluster4497_1rr_1.nex_GENE_cluster4725_1rr_1.nex_GENE_cluster5509_1rr_1.nex_GENE_cluster5734_1rr_1.nex_GENE_cluster6234_1rr_1.nex / Model: Q.PLANT+F+I+R4 / df: 56 / LogL: -20065.065
Partition GENE_cluster5449_1rr_1.nex_GENE_cluster5950_1rr_1.nex_GENE_cluster6049_1rr_1.nex_GENE_cluster6078_1rr_1.nex_GENE_cluster6248_1rr_1.nex / Model: Q.PLANT+I+R3 / df: 37 / LogL: -16897.205
Partition GENE_cluster1132_2rr_1.nex_GENE_cluster1181_1rr_1.nex_GENE_cluster3928_1rr_1.nex_GENE_cluster4852_1rr_1.nex_GENE_cluster5186_1rr_1.nex_GENE_cluster5378_1rr_1.nex / Model: Q.PLANT+I+R3 / df: 37 / LogL: -14810.372
Partition GENE_cluster252_1rr_1.nex_GENE_cluster4937_1rr_1.nex_GENE_cluster4990_1rr_1.nex_GENE_cluster6591_1rr_1.nex / Model: Q.PLANT+F+I+R3 / df: 56 / LogL: -18210.060
Partition GENE_cluster4733_1rr_1.nex_GENE_cluster4833_1rr_1.nex_GENE_cluster5635_1rr_1.nex_GENE_cluster5681_1rr_1.nex / Model: Q.PLANT+I+G4 / df: 37 / LogL: -14413.984
Partition GENE_cluster2066_1rr_1.nex_GENE_cluster4649_1rr_1.nex_GENE_cluster5636_1rr_1.nex_GENE_cluster6120_1rr_1.nex / Model: Q.PLANT+I+R4 / df: 37 / LogL: -15038.873
Partition GENE_cluster3127_1rr_1.nex_GENE_cluster4271_1rr_1.nex_GENE_cluster4895_1rr_1.nex / Model: Q.PLANT+F+I+R3 / df: 56 / LogL: -12763.081
Partition GENE_cluster6051_1rr_1.nex_GENE_cluster6546_1rr_1.nex / Model: Q.PLANT+R3 / df: 31 / LogL: -11743.326
Partition GENE_cluster2061_1rr_1.nex_GENE_cluster4277_1rr_1.nex_GENE_cluster4618_1rr_1.nex_GENE_cluster4664_1rr_1.nex_GENE_cluster4933_1rr_1.nex_GENE_cluster6508_1rr_1.nex_GENE_cluster6514_1rr_1.nex / Model: Q.PLANT+R4 / df: 37 / LogL: -27077.943
Partition GENE_cluster2336_1rr_1.nex_GENE_cluster4965_1rr_1.nex_GENE_cluster5206_1rr_1.nex_GENE_cluster6195_1rr_1.nex / Model: Q.PLANT+R4 / df: 37 / LogL: -15123.785
Partition GENE_cluster1721_1rr_1.nex_GENE_cluster4138_1rr_1.nex_GENE_cluster5297_1rr_1.nex_GENE_cluster5537_1rr_1.nex / Model: Q.YEAST+F+R3 / df: 56 / LogL: -9661.562
Partition GENE_cluster4241_1rr_1.nex_GENE_cluster5372_1rr_1.nex_GENE_cluster5452_1rr_1.nex_GENE_cluster5571_1rr_1.nex / Model: Q.PLANT+I+R3 / df: 37 / LogL: -9659.375
Partition GENE_cluster4758_1rr_1.nex_GENE_cluster5132_1rr_1.nex_GENE_cluster5239_1rr_1.nex_GENE_cluster6235_1rr_1.nex / Model: Q.PLANT+R4 / df: 37 / LogL: -17744.592
Partition GENE_cluster4240_1rr_1.nex_GENE_cluster4331_1rr_1.nex_GENE_cluster4718_1rr_1.nex_GENE_cluster5147_1rr_1.nex / Model: Q.PLANT+F+R3 / df: 56 / LogL: -8212.135
Partition GENE_cluster1794_2rr_1.nex_GENE_cluster2128_2rr_1.nex_GENE_cluster4208_1rr_1.nex_GENE_cluster4345_1rr_1.nex_GENE_cluster5250_1rr_1.nex_GENE_cluster5279_1rr_1.nex_GENE_cluster5350_1rr_1.nex_GENE_cluster6227_1rr_1.nex / Model: Q.PLANT+I+R3 / df: 37 / LogL: -27886.840
Partition GENE_cluster4419_1rr_1.nex_GENE_cluster4751_1rr_1.nex_GENE_cluster5181_1rr_1.nex_GENE_cluster5436_1rr_1.nex_GENE_cluster5860_1rr_1.nex_GENE_cluster5885_1rr_1.nex_GENE_cluster6021_1rr_1.nex_GENE_cluster757_2rr_1.nex / Model: Q.PLANT+I+R4 / df: 37 / LogL: -26249.052
Partition GENE_cluster2113_2rr_1.nex_GENE_cluster2748_2rr_1.nex_GENE_cluster4168_1rr_1.nex_GENE_cluster6210_1rr_1.nex / Model: Q.PLANT+R4 / df: 37 / LogL: -16107.919
Partition GENE_cluster3635_1rr_1.nex_GENE_cluster4680_1rr_1.nex_GENE_cluster4886_1rr_1.nex_GENE_cluster5560_1rr_1.nex_GENE_cluster6130_1rr_1.nex / Model: Q.PLANT+I+R4 / df: 37 / LogL: -17564.583
Partition GENE_cluster1860_1rr_1.nex_GENE_cluster3941_1rr_1.nex / Model: Q.PLANT+F+I+R3 / df: 56 / LogL: -13594.778
Partition GENE_cluster3934_1rr_1.nex_GENE_cluster4560_1rr_1.nex_GENE_cluster5857_1rr_1.nex_GENE_cluster5926_1rr_1.nex / Model: Q.PLANT+I+R4 / df: 37 / LogL: -15990.584
Partition GENE_cluster2199_1rr_1.nex_GENE_cluster2199_2rr_1.nex_GENE_cluster692_1rr_1.nex / Model: Q.PLANT+F+R4 / df: 56 / LogL: -17815.220
Partition GENE_cluster4673_1rr_1.nex_GENE_cluster5604_1rr_1.nex_GENE_cluster5889_1rr_1.nex_GENE_cluster6112_1rr_1.nex / Model: Q.PLANT+R4 / df: 37 / LogL: -21720.953
Partition GENE_cluster226_2rr_1.nex_GENE_cluster4588_1rr_1.nex_GENE_cluster4921_1rr_1.nex_GENE_cluster5515_1rr_1.nex_GENE_cluster5818_1rr_1.nex / Model: Q.PLANT+I+G4 / df: 37 / LogL: -17650.828
Partition GENE_cluster1848_1rr_1.nex_GENE_cluster2216_1rr_2.nex_GENE_cluster327_2rr_1.nex_GENE_cluster6201_1rr_1.nex / Model: Q.PLANT+I+G4 / df: 37 / LogL: -15990.035
Partition GENE_cluster4713_1rr_1.nex_GENE_cluster5052_1rr_1.nex_GENE_cluster6308_1rr_1.nex_GENE_cluster751_2rr_1.nex / Model: Q.PLANT+R4 / df: 37 / LogL: -18457.898
Partition GENE_cluster4267_1rr_1.nex_GENE_cluster5410_1rr_1.nex_GENE_cluster5831_1rr_1.nex_GENE_cluster6378_1rr_1.nex / Model: Q.PLANT+F+I+R3 / df: 56 / LogL: -12633.540
Partition GENE_cluster4303_1rr_1.nex_GENE_cluster4695_1rr_1.nex_GENE_cluster5730_1rr_1.nex_GENE_cluster6026_1rr_1.nex / Model: Q.PLANT+I+R3 / df: 37 / LogL: -10142.248
Partition GENE_cluster1979_1rr_1.nex_GENE_cluster6597_1rr_1.nex / Model: Q.PLANT+F+I+R3 / df: 56 / LogL: -13091.323
Partition GENE_cluster4954_1rr_1.nex_GENE_cluster6104_1rr_1.nex / Model: Q.PLANT+R3 / df: 37 / LogL: -9542.557
Partition GENE_cluster3894_1rr_1.nex_GENE_cluster5055_1rr_1.nex_GENE_cluster5269_1rr_1.nex_GENE_cluster5312_1rr_1.nex_GENE_cluster5359_1rr_1.nex_GENE_cluster5830_1rr_1.nex_GENE_cluster5869_1rr_1.nex_GENE_cluster6266_1rr_1.nex / Model: Q.PLANT+I+R3 / df: 37 / LogL: -22974.195
Partition GENE_cluster274_4rr_1.nex_GENE_cluster4821_1rr_1.nex / Model: Q.PLANT+F+R3 / df: 56 / LogL: -9297.078
Partition GENE_cluster1453_2rr_1.nex_GENE_cluster5603_1rr_1.nex_GENE_cluster5631_1rr_1.nex_GENE_cluster6336_1rr_1.nex / Model: Q.PLANT+I+R3 / df: 37 / LogL: -15235.369
Partition GENE_cluster518_2rr_1.nex_GENE_cluster6121_1rr_1.nex / Model: Q.PLANT+I+R3 / df: 37 / LogL: -10612.138
Partition GENE_cluster3749_1rr_1.nex_GENE_cluster6455_1rr_1.nex / Model: Q.PLANT+R4 / df: 37 / LogL: -6924.605
Partition GENE_cluster5214_1rr_1.nex_GENE_cluster5963_1rr_1.nex / Model: Q.PLANT+R4 / df: 35 / LogL: -7753.072
Partition GENE_cluster663_1rr_1.nex / Model: Q.PLANT+F+R4 / df: 54 / LogL: -7420.080
Partition GENE_cluster4791_1rr_1.nex_GENE_cluster6111_1rr_1.nex / Model: Q.PLANT+G4 / df: 35 / LogL: -10581.773
Partition GENE_cluster3907_1rr_1.nex_GENE_cluster3908_1rr_1.nex_GENE_cluster4542_1rr_1.nex_GENE_cluster6400_1rr_1.nex / Model: Q.PLANT+F+I+R3 / df: 56 / LogL: -14235.140
Partition GENE_cluster4827_1rr_1.nex_GENE_cluster5086_1rr_1.nex / Model: Q.PLANT+I+R3 / df: 37 / LogL: -7193.878
Partition GENE_cluster5556_1rr_1.nex_GENE_cluster5699_1rr_1.nex / Model: Q.PLANT+I+R3 / df: 37 / LogL: -6816.471
Partition GENE_cluster3309_1rr_1.nex_GENE_cluster5113_1rr_1.nex_GENE_cluster5207_1rr_1.nex / Model: Q.PLANT+F+R4 / df: 56 / LogL: -10585.006
Partition GENE_cluster4490_1rr_1.nex_GENE_cluster5725_1rr_1.nex / Model: Q.PLANT+F+I+R3 / df: 56 / LogL: -8721.659
Partition GENE_cluster1794_1rr_1.nex_GENE_cluster3707_1rr_1.nex_GENE_cluster5984_1rr_1.nex / Model: Q.PLANT+F+I+G4 / df: 54 / LogL: -10131.025
Partition GENE_cluster3976_1rr_1.nex_GENE_cluster4889_1rr_1.nex_GENE_cluster5194_1rr_1.nex / Model: Q.PLANT+R3 / df: 35 / LogL: -8540.350
Partition GENE_cluster1523_2rr_1.nex_GENE_cluster3404_1rr_1.nex / Model: Q.PLANT+F+I+R3 / df: 56 / LogL: -6658.011
Partition GENE_cluster397_1rr_1.nex_GENE_cluster4982_1rr_1.nex / Model: Q.PLANT+R3 / df: 37 / LogL: -7348.582
Partition GENE_cluster4590_1rr_1.nex_GENE_cluster5540_1rr_1.nex / Model: Q.PLANT+I+R3 / df: 35 / LogL: -7711.797
Partition GENE_cluster4114_1rr_1.nex_GENE_cluster5222_1rr_1.nex_GENE_cluster5412_1rr_1.nex_GENE_cluster6170_1rr_1.nex / Model: Q.PLANT+I+R4 / df: 37 / LogL: -9742.774
Partition GENE_cluster3797_1rr_1.nex_GENE_cluster4312_1rr_1.nex / Model: Q.PLANT+I+G4 / df: 33 / LogL: -4761.326
Partition GENE_cluster3842_1rr_1.nex_GENE_cluster6136_1rr_1.nex_GENE_cluster6320_1rr_1.nex_GENE_cluster779_1rr_1.nex / Model: Q.PLANT+I+R4 / df: 37 / LogL: -21293.253
Partition GENE_cluster4924_1rr_1.nex_GENE_cluster4992_1rr_1.nex_GENE_cluster5435_1rr_1.nex / Model: Q.PLANT+I+G4 / df: 37 / LogL: -9827.721
Partition GENE_cluster3755_1rr_1.nex_GENE_cluster51_3rr_1.nex / Model: Q.PLANT+F+R4 / df: 56 / LogL: -9551.233
Partition GENE_cluster5754_1rr_1.nex / Model: Q.MAMMAL+R2 / df: 21 / LogL: -2806.290
Partition GENE_cluster6033_1rr_1.nex / Model: Q.PLANT+I+R3 / df: 29 / LogL: -5286.894
Partition GENE_cluster1668_1rr_1.nex_GENE_cluster4508_1rr_1.nex_GENE_cluster6151_1rr_1.nex_GENE_cluster6424_1rr_1.nex_GENE_cluster6474_1rr_1.nex_GENE_cluster6478_1rr_1.nex / Model: Q.PLANT+I+R3 / df: 37 / LogL: -18809.235
Partition GENE_cluster5611_1rr_1.nex / Model: Q.MAMMAL+G4 / df: 15 / LogL: -1539.195
Partition GENE_cluster4648_1rr_1.nex / Model: Q.INSECT+F+I+G4 / df: 38 / LogL: -1435.467
Partition GENE_cluster5083_1rr_1.nex_GENE_cluster6326_1rr_1.nex / Model: Q.PLANT+I+R3 / df: 33 / LogL: -4646.430
Partition GENE_cluster1450_1rr_1.nex / Model: Q.PLANT+I / df: 17 / LogL: -803.794
Partition GENE_cluster349_2rr_1.nex_GENE_cluster4792_1rr_1.nex_GENE_cluster4935_1rr_1.nex_GENE_cluster5020_1rr_1.nex / Model: Q.PLANT+R3 / df: 37 / LogL: -13194.130
Partition GENE_cluster2426_2rr_1.nex_GENE_cluster5099_1rr_1.nex_GENE_cluster5999_1rr_1.nex / Model: Q.PLANT+I+G4 / df: 37 / LogL: -10961.087
Partition GENE_cluster1309_1rr_1.nex / Model: Q.PLANT+F+R3 / df: 50 / LogL: -7029.596
Partition GENE_cluster2747_1rr_1.nex / Model: Q.PLANT+R3 / df: 31 / LogL: -4565.346
Partition GENE_cluster3363_1rr_1.nex / Model: Q.PLANT+I+G4 / df: 31 / LogL: -5056.116
Partition GENE_cluster4032_1rr_1.nex / Model: Q.PLANT+F+I+R3 / df: 40 / LogL: -1622.663
Partition GENE_cluster6609_1rr_1.nex / Model: Q.PLANT+R4 / df: 31 / LogL: -8529.257
Partition GENE_cluster6296_1rr_1.nex / Model: Q.PLANT+G4 / df: 19 / LogL: -1897.051
Partition GENE_cluster3296_1rr_1.nex / Model: Q.PLANT+G4 / df: 19 / LogL: -1870.739
Partition GENE_cluster1810_1rr_1.nex_GENE_cluster5050_1rr_1.nex / Model: Q.PLANT+I+R4 / df: 37 / LogL: -12847.410
Partition GENE_cluster5348_1rr_1.nex / Model: Q.INSECT+F+R3 / df: 46 / LogL: -2711.311
Partition GENE_cluster5858_1rr_1.nex / Model: Q.PLANT+F+R4 / df: 50 / LogL: -6754.898
Partition GENE_cluster4943_1rr_1.nex_GENE_cluster5718_1rr_1.nex_GENE_cluster6166_1rr_1.nex / Model: Q.PLANT+I+G4 / df: 37 / LogL: -12244.212
Partition GENE_cluster6015_1rr_1.nex / Model: Q.PLANT+I+G4 / df: 15 / LogL: -1379.711
Partition GENE_cluster1539_2rr_1.nex / Model: Q.PLANT+F+G4 / df: 56 / LogL: -3973.629
Partition GENE_cluster2648_1rr_1.nex_GENE_cluster5319_1rr_1.nex / Model: Q.PLANT+R4 / df: 37 / LogL: -5538.494
Partition GENE_cluster5085_1rr_1.nex_GENE_cluster6348_1rr_1.nex / Model: Q.PLANT+F+R4 / df: 54 / LogL: -9151.533
Partition GENE_cluster4153_1rr_1.nex_GENE_cluster5209_1rr_1.nex_GENE_cluster6447_1rr_1.nex_GENE_cluster682_1rr_1.nex / Model: Q.PLANT+R4 / df: 37 / LogL: -7318.254
Partition GENE_cluster5886_1rr_1.nex / Model: Q.PLANT+I+G4 / df: 21 / LogL: -2627.544
Partition GENE_cluster5736_1rr_1.nex / Model: LG+F+G4 / df: 50 / LogL: -2219.276
Partition GENE_cluster1247_1rr_1.nex / Model: Q.PFAM+G4 / df: 25 / LogL: -1711.517
Partition GENE_cluster5247_1rr_1.nex / Model: Q.PLANT+G4 / df: 33 / LogL: -1961.129
Partition GENE_cluster4877_1rr_1.nex_GENE_cluster4991_1rr_1.nex_GENE_cluster5268_1rr_1.nex / Model: Q.PLANT+I+R3 / df: 37 / LogL: -7355.253
Partition GENE_cluster115_5rr_1.nex / Model: Q.PLANT+R2 / df: 27 / LogL: -979.655
Partition GENE_cluster4699_1rr_1.nex_GENE_cluster5145_1rr_1.nex / Model: Q.PLANT+I+R3 / df: 37 / LogL: -8158.695
Partition GENE_cluster3050_1rr_1.nex / Model: Q.PLANT+G4 / df: 21 / LogL: -2305.559
Partition GENE_cluster4850_1rr_1.nex_GENE_cluster5622_1rr_1.nex / Model: Q.PLANT+R3 / df: 23 / LogL: -6208.212
Partition GENE_cluster3869_1rr_1.nex_GENE_cluster5477_1rr_1.nex / Model: Q.PLANT+I+R4 / df: 37 / LogL: -7313.192
Partition GENE_cluster716_1rr_1.nex / Model: Q.PLANT+F+R3 / df: 50 / LogL: -3221.336
Partition GENE_cluster4579_1rr_1.nex_GENE_cluster5400_1rr_1.nex_GENE_cluster5627_1rr_1.nex_GENE_cluster5815_1rr_1.nex / Model: Q.PLANT+F+I+R4 / df: 56 / LogL: -13790.623
Partition GENE_cluster895_2rr_1.nex / Model: Q.PLANT+R3 / df: 37 / LogL: -5568.009
Partition GENE_cluster168_5rr_1.nex_GENE_cluster4300_1rr_1.nex_GENE_cluster5732_1rr_1.nex / Model: Q.PLANT+I+R4 / df: 37 / LogL: -12033.032
Partition GENE_cluster1678_1rr_1.nex_GENE_cluster5602_1rr_1.nex / Model: Q.PLANT+I+R3 / df: 35 / LogL: -4787.664
Partition GENE_cluster5529_1rr_1.nex / Model: Q.MAMMAL+G4 / df: 35 / LogL: -3544.111
Partition GENE_cluster5036_1rr_1.nex_GENE_cluster6612_1rr_1.nex / Model: Q.PLANT+I+R3 / df: 35 / LogL: -7796.846
Partition GENE_cluster3529_1rr_1.nex_GENE_cluster5659_1rr_1.nex / Model: Q.PLANT+F+I+G4 / df: 56 / LogL: -2861.207
Partition GENE_cluster1698_1rr_1.nex_GENE_cluster2180_1rr_1.nex_GENE_cluster3301_1rr_1.nex_GENE_cluster6176_1rr_1.nex / Model: Q.PLANT+I+R4 / df: 37 / LogL: -21479.954
Partition GENE_cluster5678_1rr_1.nex / Model: Q.PLANT+I+G4 / df: 33 / LogL: -4284.316
Partition GENE_cluster4142_1rr_1.nex_GENE_cluster4611_1rr_1.nex_GENE_cluster4700_1rr_1.nex_GENE_cluster5243_1rr_1.nex_GENE_cluster5370_1rr_1.nex_GENE_cluster5422_1rr_1.nex_GENE_cluster6108_1rr_1.nex / Model: Q.PLANT+F+I+R3 / df: 56 / LogL: -19454.885
Partition GENE_cluster3779_1rr_1.nex_GENE_cluster4411_1rr_1.nex_GENE_cluster4484_1rr_1.nex_GENE_cluster5553_1rr_1.nex_GENE_cluster5652_1rr_1.nex_GENE_cluster5656_1rr_1.nex / Model: Q.PLANT+I+R3 / df: 37 / LogL: -17924.489
Partition GENE_cluster4330_1rr_1.nex_GENE_cluster5024_1rr_1.nex_GENE_cluster5184_1rr_1.nex_GENE_cluster5535_1rr_1.nex_GENE_cluster5550_1rr_1.nex_GENE_cluster5552_1rr_1.nex_GENE_cluster5811_1rr_1.nex_GENE_cluster6404_1rr_1.nex / Model: Q.PLANT+I+R4 / df: 37 / LogL: -27243.640
Partition GENE_cluster3912_1rr_1.nex_GENE_cluster4883_1rr_1.nex_GENE_cluster5165_1rr_1.nex_GENE_cluster5393_1rr_1.nex_GENE_cluster5569_1rr_1.nex_GENE_cluster6440_1rr_1.nex / Model: Q.PLANT+R4 / df: 37 / LogL: -22486.726
Partition GENE_cluster4562_1rr_1.nex_GENE_cluster5177_1rr_1.nex_GENE_cluster5218_1rr_1.nex_GENE_cluster5936_1rr_1.nex_GENE_cluster6039_1rr_1.nex_GENE_cluster6063_1rr_1.nex / Model: Q.PLANT+R4 / df: 37 / LogL: -22486.380
Partition GENE_cluster4437_1rr_1.nex_GENE_cluster5593_1rr_1.nex_GENE_cluster5919_1rr_1.nex_GENE_cluster6302_1rr_1.nex_GENE_cluster6390_1rr_1.nex / Model: Q.PLANT+F+R4 / df: 56 / LogL: -23376.639
Partition GENE_cluster4750_1rr_1.nex_GENE_cluster5530_1rr_1.nex_GENE_cluster5720_1rr_1.nex_GENE_cluster5862_1rr_1.nex_GENE_cluster5951_1rr_1.nex_GENE_cluster6272_1rr_1.nex / Model: Q.PLANT+I+R4 / df: 37 / LogL: -31107.463
Partition GENE_cluster281_1rr_1.nex_GENE_cluster4414_1rr_1.nex_GENE_cluster5219_1rr_1.nex_GENE_cluster5976_1rr_1.nex_GENE_cluster6310_1rr_1.nex_GENE_cluster6536_1rr_1.nex / Model: Q.PLANT+R4 / df: 37 / LogL: -33015.776
Partition GENE_cluster2146_1rr_1.nex_GENE_cluster3448_1rr_1.nex_GENE_cluster5038_1rr_1.nex_GENE_cluster5059_1rr_1.nex_GENE_cluster5062_1rr_1.nex_GENE_cluster5193_1rr_1.nex_GENE_cluster5787_1rr_1.nex / Model: Q.PLANT+F+R4 / df: 56 / LogL: -25942.816
Partition GENE_cluster2068_1rr_1.nex_GENE_cluster3522_1rr_1.nex_GENE_cluster4853_1rr_1.nex_GENE_cluster4854_1rr_1.nex_GENE_cluster5179_1rr_1.nex_GENE_cluster5637_1rr_1.nex_GENE_cluster5938_1rr_1.nex_GENE_cluster5967_1rr_1.nex_GENE_cluster6472_1rr_1.nex / Model: Q.PLANT+R5 / df: 37 / LogL: -28565.770
Partition GENE_cluster1224_3rr_1.nex_GENE_cluster2080_2rr_1.nex_GENE_cluster3738_1rr_1.nex_GENE_cluster5095_1rr_1.nex_GENE_cluster5212_1rr_1.nex_GENE_cluster5685_1rr_1.nex_GENE_cluster5898_1rr_1.nex_GENE_cluster6573_1rr_1.nex / Model: Q.PLANT+I+R4 / df: 37 / LogL: -23305.078
Partition GENE_cluster4602_1rr_1.nex_GENE_cluster4736_1rr_1.nex_GENE_cluster5166_1rr_1.nex_GENE_cluster5610_1rr_1.nex_GENE_cluster5743_1rr_1.nex_GENE_cluster5972_1rr_1.nex_GENE_cluster6487_1rr_1.nex_GENE_cluster6532_1rr_1.nex / Model: Q.PLANT+I+R4 / df: 37 / LogL: -34375.225
Partition GENE_cluster2035_1rr_1.nex_GENE_cluster3932_1rr_1.nex_GENE_cluster4269_1rr_1.nex_GENE_cluster4543_1rr_1.nex_GENE_cluster5133_1rr_1.nex_GENE_cluster5220_1rr_1.nex_GENE_cluster5600_1rr_1.nex_GENE_cluster6305_1rr_1.nex / Model: Q.PLANT+I+R4 / df: 37 / LogL: -39671.932
Partition GENE_cluster1248_2rr_1.nex_GENE_cluster3567_1rr_1.nex_GENE_cluster4356_1rr_1.nex_GENE_cluster4622_1rr_1.nex_GENE_cluster5362_1rr_1.nex_GENE_cluster5516_1rr_1.nex_GENE_cluster6152_1rr_1.nex_GENE_cluster6421_1rr_1.nex / Model: Q.PLANT+I+R4 / df: 37 / LogL: -31070.021
Partition GENE_cluster1603_1rr_1.nex_GENE_cluster4250_1rr_1.nex_GENE_cluster4268_1rr_1.nex_GENE_cluster4364_1rr_1.nex_GENE_cluster4851_1rr_1.nex_GENE_cluster5702_1rr_1.nex_GENE_cluster5879_1rr_1.nex_GENE_cluster5956_1rr_1.nex / Model: Q.PLANT+F+R4 / df: 56 / LogL: -35411.390
Partition GENE_cluster1629_1rr_1.nex_GENE_cluster2504_2rr_1.nex_GENE_cluster4594_1rr_1.nex_GENE_cluster4846_1rr_1.nex_GENE_cluster5019_1rr_1.nex_GENE_cluster5216_1rr_1.nex_GENE_cluster5437_1rr_1.nex_GENE_cluster5808_1rr_1.nex_GENE_cluster5961_1rr_1.nex_GENE_cluster6281_1rr_1.nex_GENE_cluster6297_1rr_1.nex_GENE_cluster6342_1rr_1.nex_GENE_cluster6516_1rr_1.nex_GENE_cluster719_2rr_1.nex / Model: Q.PLANT+R4 / df: 37 / LogL: -52015.349
Optimal log-likelihood: -1490798.810
Partition information was printed to Legume20_Q_search.best_model.nex
BEST SCORE FOUND : -1490798.810
Total tree length: 3.161

Total number of iterations: 101
CPU time used for tree search: 13747.936 sec (3h:49m:7s)
Wall-clock time used for tree search: 351.665 sec (0h:5m:51s)
Total CPU time used: 13832.068 sec (3h:50m:32s)
Total wall-clock time used: 45515420.711 sec (12643h:10m:20s)
Identifying sites to remove: done in 0.0203203 secs using 176% CPU
Identifying sites to remove: done in 0.0585319 secs using 1130% CPU
Identifying sites to remove: done in 0.0590167 secs using 1122% CPU
Identifying sites to remove: done in 0.0593659 secs using 1116% CPU
Identifying sites to remove: done in 0.0592968 secs using 1107% CPU
Identifying sites to remove: done in 0.0594362 secs using 1103% CPU
Identifying sites to remove: done in 0.06063 secs using 1091% CPU
Identifying sites to remove: done in 0.0607038 secs using 1091% CPU
Identifying sites to remove: done in 0.0615383 secs using 1077% CPU
Identifying sites to remove: done in 0.0124325 secs using 1655% CPU
Identifying sites to remove: done in 0.059805 secs using 1078% CPU
Identifying sites to remove: done in 0.00705019 secs using 256.1% CPU
Identifying sites to remove: done in 0.00858387 secs using 477.9% CPU
Identifying sites to remove: done in 0.0616427 secs using 1074% CPU
Identifying sites to remove: done in 0.0618251 secs using 1071% CPU
Identifying sites to remove: done in 0.0662343 secs using 1007% CPU
Identifying sites to remove: done in 0.0690871 secs using 1006% CPU
Identifying sites to remove: done in 0.0689136 secs using 991.5% CPU
Identifying sites to remove: done in 0.0689476 secs using 990.5% CPU
Identifying sites to remove: done in 0.0199718 secs using 1201% CPU
Identifying sites to remove: done in 0.00454795 secs using 808.1% CPU
Identifying sites to remove: done in 0.0052616 secs using 856.2% CPU
Identifying sites to remove: done in 0.022528 secs using 792.7% CPU
Identifying sites to remove: done in 0.00527918 secs using 682.2% CPU
Identifying sites to remove: done in 0.00226122 secs using 2048% CPU
Identifying sites to remove: done in 0.00450096 secs using 352.6% CPU
Identifying sites to remove: done in 0.00296833 secs using 867.5% CPU
Identifying sites to remove: done in 0.00134154 secs
Identifying sites to remove: done in 0.000750639 secs
Identifying sites to remove: done in 0.000820726 secs using 7080% CPU
Identifying sites to remove: done in 0.00414994 secs using 1461% CPU
Identifying sites to remove: done in 0.00290423 secs using 2163% CPU
Identifying sites to remove: done in 0.00126176 secs using 34.32% CPU
Identifying sites to remove: done in 0.00132959 secs using 2323% CPU
Identifying sites to remove: done in 0.000779621 secs using 2006% CPU
Identifying sites to remove: done in 0.000548735 secs using 98.77% CPU
Identifying sites to remove: done in 0.00090342 secs using 1370% CPU
Identifying sites to remove: done in 0.00018581 secs using 4275% CPU
Identifying sites to remove: done in 0.000201069 secs using 4179% CPU
Identifying sites to remove: done in 0.000201143 secs using 4093% CPU
Identifying sites to remove: done in 0.000275366 secs using 2106% CPU
Identifying sites to remove: done in 0.000271916 secs using 999.9% CPU
Identifying sites to remove: done in 0.000283852 secs using 882.5% CPU
Identifying sites to remove: done in 0.000276983 secs using 773% CPU
Identifying sites to remove: done in 0.000204042 secs using 746.9% CPU
Identifying sites to remove: done in 0.000236608 secs using 814.4% CPU
Identifying sites to remove: done in 0.000319071 secs using 504.6% CPU
Identifying sites to remove: done in 0.00031317 secs using 539.3% CPU
Identifying sites to remove: done in 0.000142038 secs using 2825% CPU
Identifying sites to remove: done in 0.000196882 secs using 9325% CPU
Identifying sites to remove: done in 0.000116237 secs using 1.477e+04% CPU
Identifying sites to remove: done in 9.05693e-05 secs using 170% CPU
Identifying sites to remove: done in 0.000144862 secs using 281% CPU
Identifying sites to remove: done in 8.16509e-05 secs using 91.85% CPU
Identifying sites to remove: done in 7.57053e-05 secs using 93.78% CPU
Identifying sites to remove: done in 0.000139475 secs using 1155% CPU
Identifying sites to remove: done in 0.00012707 secs using 771.2% CPU
Identifying sites to remove: done in 0.000128135 secs using 1473% CPU
Identifying sites to remove: done in 0.000111222 secs using 1068% CPU
Identifying sites to remove: done in 0.000162415 secs using 1811% CPU
Identifying sites to remove: done in 0.000127591 secs using 307.2% CPU
Identifying sites to remove: done in 7.78288e-05 secs using 95.08% CPU
Identifying sites to remove: done in 0.00765649 secs using 2905% CPU
Identifying sites to remove: done in 6.17728e-05 secs using 4327% CPU
Identifying sites to remove: done in 0.008511 secs using 3164% CPU
Identifying sites to remove: done in 6.25551e-05 secs using 5253% CPU
Identifying sites to remove: done in 8.33124e-05 secs using 4585% CPU
Identifying sites to remove: done in 4.78849e-05 secs using 227.6% CPU
Identifying sites to remove: done in 9.59188e-05 secs using 563% CPU
Identifying sites to remove: done in 0.000962749 secs using 8302% CPU
Identifying sites to remove: done in 0.00106589 secs using 8170% CPU
Identifying sites to remove: done in 0.00111611 secs using 6419% CPU
Identifying sites to remove: done in 0.000929616 secs using 1426% CPU
Identifying sites to remove: done in 0.000957832 secs using 1380% CPU
Identifying sites to remove: done in 0.00126798 secs using 5655% CPU
Identifying sites to remove: done in 0.00149336 secs using 5372% CPU
Identifying sites to remove: done in 0.00147875 secs using 4866% CPU
Identifying sites to remove: done in 0.00193023 secs using 772.5% CPU
Identifying sites to remove: done in 0.00256604 secs using 3317% CPU
Identifying sites to remove: done in 0.00255754 secs using 3040% CPU
Identifying sites to remove: done in 0.00284288 secs using 2953% CPU
Identifying sites to remove: done in 0.00500114 secs using 2493% CPU
Identifying sites to remove: done in 0.00512025 secs using 2463% CPU
Identifying sites to remove: done in 0.00586034 secs using 2254% CPU
Identifying sites to remove: done in 0.00605336 secs using 2261% CPU
Identifying sites to remove: done in 0.00104963 secs using 99.18% CPU
Identifying sites to remove: done in 0.00471774 secs using 3084% CPU
Identifying sites to remove: done in 0.00070928 secs using 1602% CPU
Identifying sites to remove: done in 0.0045995 secs using 1114% CPU
Identifying sites to remove: done in 0.00102995 secs using 1633% CPU
Identifying sites to remove: done in 0.000620745 secs using 2.004e+04% CPU
Identifying sites to remove: done in 0.000706345 secs using 98.96% CPU
Identifying sites to remove: done in 0.000992127 secs using 4594% CPU
Identifying sites to remove: done in 0.00169105 secs using 5124% CPU
Identifying sites to remove: done in 0.00106727 secs using 191.8% CPU
Identifying sites to remove: done in 0.00231798 secs using 6333% CPU
Identifying sites to remove: done in 0.000997864 secs using 5579% CPU
Identifying sites to remove: done in 0.000839293 secs using 484.3% CPU
Identifying sites to remove: done in 0.000671588 secs using 1905% CPU
Identifying sites to remove: done in 0.00109491 secs using 1163% CPU
Identifying sites to remove: done in 0.00313578 secs using 3763% CPU
Identifying sites to remove: done in 0.000958286 secs using 860.4% CPU
Identifying sites to remove: done in 0.00201476 secs using 1709% CPU
Identifying sites to remove: done in 0.000634104 secs using 2899% CPU
Identifying sites to remove: done in 0.00123625 secs using 18.69% CPU
Identifying sites to remove: done in 0.00175604 secs using 1224% CPU
Identifying sites to remove: done in 0.000301503 secs using 2.186e+04% CPU
Identifying sites to remove: done in 0.000292666 secs using 2.102e+04% CPU
Identifying sites to remove: done in 0.00033623 secs using 2.096e+04% CPU
Identifying sites to remove: done in 0.000462584 secs using 1.335e+04% CPU
Identifying sites to remove: done in 0.000440829 secs using 1.408e+04% CPU
Identifying sites to remove: done in 0.000427127 secs using 1.453e+04% CPU
Identifying sites to remove: done in 0.000478044 secs using 1.299e+04% CPU
Identifying sites to remove: done in 0.000440761 secs using 1.406e+04% CPU
Identifying sites to remove: done in 5.9031e-05 secs using 94.87% CPU
Identifying sites to remove: done in 8.71196e-05 secs using 3075% CPU
Identifying sites to remove: done in 0.000110194 secs using 2730% CPU
Identifying sites to remove: done in 6.83591e-05 secs using 2444% CPU
Identifying sites to remove: done in 8.43406e-05 secs using 399.6% CPU
Identifying sites to remove: done in 0.000214823 secs using 2810% CPU
Identifying sites to remove: done in 0.000107974 secs using 1637% CPU
Identifying sites to remove: done in 8.67993e-05 secs using 156.7% CPU
Identifying sites to remove: done in 6.68764e-05 secs using 7758% CPU
Identifying sites to remove: done in 7.33733e-05 secs using 2793% CPU
Identifying sites to remove: done in 0.000110008 secs using 3334% CPU
Identifying sites to remove: done in 8.88184e-05 secs using 2098% CPU
Identifying sites to remove: done in 7.22185e-05 secs using 132.9% CPU
Identifying sites to remove: done in 0.000103161 secs using 1834% CPU
Identifying sites to remove: done in 8.05482e-05 secs using 222.2% CPU
Identifying sites to remove: done in 0.000150941 secs using 1590% CPU
Identifying sites to remove: done in 0.000136837 secs using 206.8% CPU
Identifying sites to remove: done in 7.01472e-05 secs using 5344% CPU
Identifying sites to remove: done in 6.59823e-05 secs using 97% CPU
Identifying sites to remove: done in 0.00878091 secs using 5068% CPU
Identifying sites to remove: done in 4.61936e-05 secs using 4929% CPU
Identifying sites to remove: done in 6.02752e-05 secs using 4013% CPU
Identifying sites to remove: done in 5.59762e-05 secs using 96.47% CPU
Identifying sites to remove: done in 4.72739e-05 secs using 4334% CPU
Identifying sites to remove: done in 0.00139195 secs using 1776% CPU
Identifying sites to remove: done in 0.00140601 secs using 2341% CPU
Identifying sites to remove: done in 0.00143951 secs using 2086% CPU
Identifying sites to remove: done in 0.00146085 secs using 1907% CPU
Identifying sites to remove: done in 0.0015114 secs using 1495% CPU
Identifying sites to remove: done in 0.00155239 secs using 1937% CPU
Identifying sites to remove: done in 0.00158634 secs using 2050% CPU
Identifying sites to remove: done in 0.00160858 secs using 1594% CPU
Identifying sites to remove: done in 0.00166517 secs using 1493% CPU
Identifying sites to remove: done in 0.00169668 secs using 2019% CPU
Identifying sites to remove: done in 0.00170179 secs using 1613% CPU
Identifying sites to remove: done in 0.00172793 secs using 1734% CPU
Identifying sites to remove: done in 0.00183181 secs using 1573% CPU
Identifying sites to remove: done in 0.000868902 secs using 1796% CPU
Identifying sites to remove: done in 0.000739731 secs using 1753% CPU
Identifying sites to remove: done in 0.000986487 secs using 1360% CPU
Identifying sites to remove: done in 0.00155511 secs using 2409% CPU
Identifying sites to remove: done in 0.0020056 secs using 2231% CPU
Identifying sites to remove: done in 0.000948921 secs using 9367% CPU
Identifying sites to remove: done in 0.00128318 secs using 8816% CPU
Identifying sites to remove: done in 0.000611283 secs using 3094% CPU
Identifying sites to remove: done in 0.000846326 secs using 2343% CPU
Identifying sites to remove: done in 0.00135028 secs using 1690% CPU
Identifying sites to remove: done in 0.00126689 secs using 1420% CPU
Identifying sites to remove: done in 0.0010416 secs using 290% CPU
Identifying sites to remove: done in 0.00123683 secs using 163% CPU
Identifying sites to remove: done in 0.0010234 secs using 425.4% CPU
Identifying sites to remove: done in 0.000709675 secs using 6653% CPU
Identifying sites to remove: done in 0.00101941 secs using 532.5% CPU
Identifying sites to remove: done in 0.0125882 secs using 2256% CPU
Identifying sites to remove: done in 0.00101978 secs
Identifying sites to remove: done in 0.00109923 secs using 169.4% CPU
Identifying sites to remove: done in 0.000643045 secs using 1945% CPU
Identifying sites to remove: done in 0.00380719 secs using 1701% CPU
Identifying sites to remove: done in 0.000766121 secs using 99.2% CPU
Identifying sites to remove: done in 0.0012989 secs using 4810% CPU
Identifying sites to remove: done in 0.000736326 secs using 3578% CPU
Identifying sites to remove: done in 0.000356697 secs using 1371% CPU
Identifying sites to remove: done in 0.000498921 secs using 1960% CPU
Identifying sites to remove: done in 0.000503749 secs using 2521% CPU
Identifying sites to remove: done in 0.000502616 secs using 2067% CPU
Identifying sites to remove: done in 0.000576079 secs using 1569% CPU
Identifying sites to remove: done in 0.000590019 secs using 2105% CPU
Identifying sites to remove: done in 0.000596963 secs using 2678% CPU
Identifying sites to remove: done in 0.000462539 secs using 1303% CPU
Identifying sites to remove: done in 0.000701427 secs using 2142% CPU
Identifying sites to remove: done in 0.00057552 secs using 1152% CPU
Identifying sites to remove: done in 0.000589423 secs using 1176% CPU
Identifying sites to remove: done in 0.000696741 secs using 1258% CPU
Identifying sites to remove: done in 0.000699855 secs using 1084% CPU
Identifying sites to remove: done in 0.000742011 secs using 1023% CPU
Identifying sites to remove: done in 0.000254162 secs using 98.36% CPU
Identifying sites to remove: done in 0.000238895 secs using 98.79% CPU
Identifying sites to remove: done in 0.000260748 secs using 839.1% CPU
Identifying sites to remove: done in 0.000326127 secs using 1403% CPU
Identifying sites to remove: done in 0.000466198 secs using 1815% CPU
Identifying sites to remove: done in 0.000363633 secs using 1781% CPU
Identifying sites to remove: done in 0.000741437 secs using 1559% CPU
Identifying sites to remove: done in 0.00036595 secs using 1907% CPU
Identifying sites to remove: done in 0.000369653 secs using 2559% CPU
Identifying sites to remove: done in 0.00025627 secs using 228.7% CPU
Identifying sites to remove: done in 0.000323497 secs using 1092% CPU
Identifying sites to remove: done in 0.000183001 secs using 98.91% CPU
Identifying sites to remove: done in 0.000233918 secs using 99.18% CPU
Identifying sites to remove: done in 0.000270441 secs using 99.1% CPU
Identifying sites to remove: done in 0.000209287 secs using 2418% CPU
Identifying sites to remove: done in 0.000187531 secs using 1404% CPU
Identifying sites to remove: done in 0.000212379 secs using 1888% CPU
Identifying sites to remove: done in 0.000222266 secs using 3369% CPU
Identifying sites to remove: done in 0.00013838 secs using 2174% CPU
Identifying sites to remove: done in 0.000207156 secs using 2384% CPU
Identifying sites to remove: done in 0.000142314 secs using 99.08% CPU
Identifying sites to remove: done in 0.0012493 secs using 1907% CPU
Identifying sites to remove: done in 0.00124379 secs using 1455% CPU
Identifying sites to remove: done in 0.00144099 secs using 1687% CPU
Identifying sites to remove: done in 0.00128737 secs using 1372% CPU
Identifying sites to remove: done in 0.00147249 secs using 1705% CPU
Identifying sites to remove: done in 0.00140125 secs using 1382% CPU
Identifying sites to remove: done in 0.00141308 secs using 1382% CPU
Identifying sites to remove: done in 0.00154279 secs using 1303% CPU
Identifying sites to remove: done in 0.00151327 secs using 1225% CPU
Identifying sites to remove: done in 0.00165337 secs using 1384% CPU
Identifying sites to remove: done in 0.00135702 secs using 323.7% CPU
Identifying sites to remove: done in 0.00125776 secs using 158.1% CPU
Identifying sites to remove: done in 0.000979774 secs using 99.31% CPU
Identifying sites to remove: done in 0.00140817 secs using 595% CPU
Identifying sites to remove: done in 0.00141381 secs using 601.7% CPU
Identifying sites to remove: done in 0.00150005 secs using 592.2% CPU
Identifying sites to remove: done in 0.00156478 secs using 576.6% CPU
Identifying sites to remove: done in 0.00155357 secs using 567.5% CPU
Identifying sites to remove: done in 0.00164466 secs using 549.8% CPU
Identifying sites to remove: done in 0.000919737 secs using 192.7% CPU
Identifying sites to remove: done in 0.00105694 secs using 449.8% CPU
Identifying sites to remove: done in 0.00116175 secs using 202.3% CPU
Identifying sites to remove: done in 0.00162742 secs using 196.5% CPU
Identifying sites to remove: done in 0.00171489 secs using 1.087e+04% CPU
Identifying sites to remove: done in 0.00157252 secs using 1.153e+04% CPU
Identifying sites to remove: done in 0.00147916 secs using 1.209e+04% CPU
Identifying sites to remove: done in 0.00147908 secs using 214.3% CPU
Identifying sites to remove: done in 0.00131247 secs using 197% CPU
Identifying sites to remove: done in 0.000967294 secs using 1.907e+04% CPU
Identifying sites to remove: done in 0.00124802 secs using 9406% CPU
Identifying sites to remove: done in 0.00130635 secs using 440.5% CPU
Identifying sites to remove: done in 0.00169387 secs using 416.9% CPU
Identifying sites to remove: done in 0.00124662 secs using 575.6% CPU
Identifying sites to remove: done in 0.00232363 secs using 441.2% CPU
Identifying sites to remove: done in 0.00114501 secs using 1.163e+04% CPU
Identifying sites to remove: done in 0.000889525 secs using 99.38% CPU
Identifying sites to remove: done in 0.00107188 secs using 708.3% CPU
Identifying sites to remove: done in 0.00018464 secs using 1667% CPU
Identifying sites to remove: done in 0.000243284 secs using 1457% CPU
Identifying sites to remove: done in 0.000242732 secs using 1317% CPU
Identifying sites to remove: done in 0.000252187 secs using 1872% CPU
Identifying sites to remove: done in 0.000238411 secs using 830.1% CPU
Identifying sites to remove: done in 0.00026127 secs using 2360% CPU
Identifying sites to remove: done in 0.000408962 secs using 319.1% CPU
Identifying sites to remove: done in 5.67287e-05 secs using 95.19% CPU
Identifying sites to remove: done in 8.51974e-05 secs using 3542% CPU
Identifying sites to remove: done in 7.82534e-05 secs using 3346% CPU
Identifying sites to remove: done in 0.000114866 secs using 1550% CPU
Identifying sites to remove: done in 8.76039e-05 secs using 135.8% CPU
Identifying sites to remove: done in 0.000150733 secs using 703.2% CPU
Identifying sites to remove: done in 6.01411e-05 secs using 196.2% CPU
Identifying sites to remove: done in 9.29832e-05 secs using 2225% CPU
Identifying sites to remove: done in 8.45492e-05 secs using 96.98% CPU
Identifying sites to remove: done in 5.09247e-05 secs using 96.22% CPU
Identifying sites to remove: done in 6.42464e-05 secs using 937% CPU
Identifying sites to remove: done in 7.28816e-05 secs using 949.5% CPU
Identifying sites to remove: done in 0.00727335 secs using 5078% CPU
Identifying sites to remove: done in 6.09532e-05 secs using 2920% CPU
Identifying sites to remove: done in 6.13332e-05 secs using 1650% CPU
Identifying sites to remove: done in 5.57154e-05 secs using 1271% CPU
Identifying sites to remove: done in 3.41982e-05 secs using 3436% CPU
Identifying sites to remove: done in 4.13582e-05 secs using 96.72% CPU
Identifying sites to remove: done in 6.61165e-05 secs using 1673% CPU
Identifying sites to remove: done in 0.000770412 secs using 1.467e+04% CPU
Identifying sites to remove: done in 0.000790007 secs using 1.386e+04% CPU
Identifying sites to remove: done in 0.000790551 secs using 1.248e+04% CPU
Identifying sites to remove: done in 0.000766553 secs using 1.285e+04% CPU
Identifying sites to remove: done in 0.00079219 secs using 1.245e+04% CPU
Identifying sites to remove: done in 0.000853479 secs using 1.338e+04% CPU
Identifying sites to remove: done in 0.000855237 secs using 1.159e+04% CPU
Identifying sites to remove: done in 0.000926949 secs using 1.152e+04% CPU
Identifying sites to remove: done in 0.000949882 secs using 1.086e+04% CPU
Identifying sites to remove: done in 0.000943899 secs using 1.053e+04% CPU
Identifying sites to remove: done in 0.000479914 secs using 99.39% CPU
Identifying sites to remove: done in 0.000480458 secs using 395.2% CPU
Identifying sites to remove: done in 0.000602387 secs using 378.7% CPU
Identifying sites to remove: done in 0.000625543 secs using 391.7% CPU
Identifying sites to remove: done in 0.000513546 secs using 286.4% CPU
Identifying sites to remove: done in 0.000424393 secs using 521.2% CPU
Identifying sites to remove: done in 0.00051368 secs using 963.8% CPU
Identifying sites to remove: done in 0.000359014 secs using 223.4% CPU
Identifying sites to remove: done in 0.000561044 secs using 1040% CPU
Identifying sites to remove: done in 0.000565082 secs using 665.2% CPU
Identifying sites to remove: done in 0.000546783 secs using 191.3% CPU
Identifying sites to remove: done in 0.000542082 secs using 360.5% CPU
Identifying sites to remove: done in 0.000571005 secs using 346.9% CPU
Identifying sites to remove: done in 0.000628665 secs using 316.9% CPU
Identifying sites to remove: done in 0.00068941 secs using 529.1% CPU
Identifying sites to remove: done in 0.000578754 secs using 463.6% CPU
Identifying sites to remove: done in 0.000641242 secs using 201.3% CPU
Identifying sites to remove: done in 0.00906261 secs using 5997% CPU
Identifying sites to remove: done in 0.000456929 secs using 99.58% CPU
Identifying sites to remove: done in 0.00038515 secs using 99.18% CPU
Identifying sites to remove: done in 0.0116559 secs using 4888% CPU
Identifying sites to remove: done in 0.000377581 secs using 555.4% CPU
Identifying sites to remove: done in 0.000871755 secs using 99.23% CPU
Identifying sites to remove: done in 0.000554062 secs using 2.752e+04% CPU
Identifying sites to remove: done in 0.000286289 secs using 237.5% CPU
Identifying sites to remove: done in 0.000389934 secs using 394.9% CPU
Identifying sites to remove: done in 0.000262052 secs using 99.22% CPU
Identifying sites to remove: done in 0.000359438 secs
Identifying sites to remove: done in 0.000352763 secs
Identifying sites to remove: done in 0.000423223 secs
Identifying sites to remove: done in 0.000338696 secs
Identifying sites to remove: done in 0.000479922 secs
Identifying sites to remove: done in 0.000480607 secs
Identifying sites to remove: done in 0.00041952 secs
Identifying sites to remove: done in 0.00044065 secs
Identifying sites to remove: done in 0.000538945 secs
Identifying sites to remove: done in 0.000487998 secs
Identifying sites to remove: done in 0.000571348 secs
Identifying sites to remove: done in 0.000550821 secs
Identifying sites to remove: done in 0.000640973 secs
Identifying sites to remove: done in 0.000629023 secs
Identifying sites to remove: done in 0.000634126 secs
Identifying sites to remove: done in 0.000283726 secs using 99.04% CPU
Identifying sites to remove: done in 0.00026834 secs using 99.13% CPU
Identifying sites to remove: done in 0.000195287 secs using 321.1% CPU
Identifying sites to remove: done in 0.000265732 secs using 402.3% CPU
Identifying sites to remove: done in 0.000225477 secs using 644% CPU
Identifying sites to remove: done in 0.000303611 secs using 766.8% CPU
Identifying sites to remove: done in 0.00024116 secs using 653.1% CPU
Identifying sites to remove: done in 0.000259295 secs using 1210% CPU
Identifying sites to remove: done in 0.000274077 secs using 1255% CPU
Identifying sites to remove: done in 0.000318252 secs using 1714% CPU
Identifying sites to remove: done in 0.000315093 secs using 4017% CPU
Identifying sites to remove: done in 0.000287481 secs using 3386% CPU
Identifying sites to remove: done in 0.00032527 secs using 3552% CPU
Identifying sites to remove: done in 0.000257581 secs using 1918% CPU
Identifying sites to remove: done in 0.000330172 secs using 2611% CPU
Identifying sites to remove: done in 0.000336163 secs using 459% CPU
Identifying sites to remove: done in 0.000365563 secs using 912.3% CPU
Identifying sites to remove: done in 0.000446744 secs using 1626% CPU
Identifying sites to remove: done in 0.00029657 secs using 98.8% CPU
Identifying sites to remove: done in 0.000292599 secs using 99.45% CPU
Identifying sites to remove: done in 0.000300497 secs using 99.5% CPU
Identifying sites to remove: done in 0.000235274 secs using 694.9% CPU
Identifying sites to remove: done in 0.000185922 secs using 867.6% CPU
Identifying sites to remove: done in 0.000213884 secs using 2245% CPU
Identifying sites to remove: done in 0.000185117 secs using 1078% CPU
Identifying sites to remove: done in 0.000286497 secs using 1367% CPU
Identifying sites to remove: done in 0.000285432 secs using 836.3% CPU
Identifying sites to remove: done in 0.000249729 secs using 846.5% CPU
Identifying sites to remove: done in 0.000283942 secs using 722.7% CPU
Identifying sites to remove: done in 0.000255086 secs using 627.6% CPU
Identifying sites to remove: done in 0.000356093 secs using 566.7% CPU
Identifying sites to remove: done in 0.000121959 secs using 1028% CPU
Identifying sites to remove: done in 0.000163332 secs using 578% CPU
Identifying sites to remove: done in 0.000137329 secs using 732.5% CPU
Identifying sites to remove: done in 0.000127241 secs using 155.6% CPU
Identifying sites to remove: done in 0.000165157 secs using 2474% CPU
Identifying sites to remove: done in 0.000127278 secs using 3465% CPU
Identifying sites to remove: done in 0.00015571 secs using 1737% CPU
Identifying sites to remove: done in 0.00015714 secs using 2355% CPU
Identifying sites to remove: done in 0.000146113 secs using 1150% CPU
Identifying sites to remove: done in 0.000212759 secs using 342.6% CPU
Identifying sites to remove: done in 0.000137523 secs using 2581% CPU
Identifying sites to remove: done in 0.000160381 secs using 1368% CPU
Identifying sites to remove: done in 0.000282429 secs using 1848% CPU
Identifying sites to remove: done in 0.000175983 secs using 1292% CPU
Identifying sites to remove: done in 0.000242144 secs using 122.2% CPU
Identifying sites to remove: done in 0.000153281 secs using 99.16% CPU
Identifying sites to remove: done in 0.000133716 secs using 2286% CPU
Identifying sites to remove: done in 0.000120111 secs using 121.6% CPU
Identifying sites to remove: done in 0.000129975 secs using 98.48% CPU
Identifying sites to remove: done in 0.000117928 secs using 7310% CPU
Identifying sites to remove: done in 0.000104859 secs using 109.7% CPU
Identifying sites to remove: done in 0.000113517 secs using 178.8% CPU
Identifying sites to remove: done in 0.000121839 secs using 190.4% CPU
Identifying sites to remove: done in 0.000134401 secs using 2071% CPU
Identifying sites to remove: done in 9.76399e-05 secs using 1743% CPU
Identifying sites to remove: done in 9.7312e-05 secs using 5191% CPU
Identifying sites to remove: done in 0.000132829 secs using 97.87% CPU
Identifying sites to remove: done in 0.000118755 secs using 98.52% CPU
Identifying sites to remove: done in 0.001492 secs using 2687% CPU
Identifying sites to remove: done in 0.00152049 secs using 2464% CPU
Identifying sites to remove: done in 0.00152462 secs using 2464% CPU
Identifying sites to remove: done in 0.00155628 secs using 2342% CPU
Identifying sites to remove: done in 0.00159894 secs using 2407% CPU
Identifying sites to remove: done in 0.00162752 secs using 2317% CPU
Identifying sites to remove: done in 0.00107697 secs using 1857% CPU
Identifying sites to remove: done in 0.00167645 secs using 2282% CPU
Identifying sites to remove: done in 0.00174459 secs using 2561% CPU
Identifying sites to remove: done in 0.00174206 secs using 2390% CPU
Identifying sites to remove: done in 0.00113871 secs using 1271% CPU
Identifying sites to remove: done in 0.00129993 secs using 1642% CPU
Identifying sites to remove: done in 0.00134051 secs using 1600% CPU
Identifying sites to remove: done in 0.00143041 secs using 1510% CPU
Identifying sites to remove: done in 0.00108922 secs using 1609% CPU
Identifying sites to remove: done in 0.00105431 secs using 1704% CPU
Identifying sites to remove: done in 0.000647806 secs using 787.1% CPU
Identifying sites to remove: done in 0.00129101 secs using 97.75% CPU
Identifying sites to remove: done in 0.00093919 secs using 1894% CPU
Identifying sites to remove: done in 0.00102474 secs using 1019% CPU
Identifying sites to remove: done in 0.000809185 secs using 1715% CPU
Identifying sites to remove: done in 0.00157983 secs using 989% CPU
Identifying sites to remove: done in 0.00113689 secs using 452.9% CPU
Identifying sites to remove: done in 0.000669181 secs using 722.8% CPU
Identifying sites to remove: done in 0.000996977 secs using 953.9% CPU
Identifying sites to remove: done in 0.00078173 secs using 1557% CPU
Identifying sites to remove: done in 0.000891089 secs using 5661% CPU
Identifying sites to remove: done in 0.00118898 secs using 6270% CPU
Identifying sites to remove: done in 0.00233718 secs using 5401% CPU
Identifying sites to remove: done in 0.000636622 secs using 5785% CPU
Identifying sites to remove: done in 0.00115208 secs using 308.7% CPU
Identifying sites to remove: done in 0.0010094 secs using 1.672e+04% CPU
Identifying sites to remove: done in 0.00138152 secs using 99.46% CPU
Identifying sites to remove: done in 0.00113838 secs using 386.4% CPU
Identifying sites to remove: done in 0.0011898 secs using 506.6% CPU
Identifying sites to remove: done in 0.00133992 secs using 1.039e+04% CPU
Identifying sites to remove: done in 0.00133111 secs using 9779% CPU
Identifying sites to remove: done in 0.00175744 secs using 931% CPU
Identifying sites to remove: done in 0.00253104 secs using 1423% CPU
Identifying sites to remove: done in 0.00253049 secs using 1092% CPU
Identifying sites to remove: done in 0.00227392 secs using 1453% CPU
Identifying sites to remove: done in 0.00293889 secs using 1360% CPU
Identifying sites to remove: done in 0.00311406 secs using 1846% CPU
Identifying sites to remove: done in 0.00329676 secs using 2211% CPU
Identifying sites to remove: done in 0.00326294 secs using 2022% CPU
Identifying sites to remove: done in 0.00342464 secs using 2461% CPU
Identifying sites to remove: done in 0.00343806 secs using 2088% CPU
Identifying sites to remove: done in 0.00344153 secs using 1974% CPU
Identifying sites to remove: done in 0.00354356 secs using 2380% CPU
Identifying sites to remove: done in 0.00357501 secs using 2420% CPU
Identifying sites to remove: done in 0.00319518 secs using 1677% CPU
Identifying sites to remove: done in 0.00396233 secs using 2294% CPU
Identifying sites to remove: done in 0.00396109 secs using 1493% CPU
Identifying sites to remove: done in 0.00220723 secs using 208% CPU
Identifying sites to remove: done in 0.00212319 secs using 183.7% CPU
Identifying sites to remove: done in 0.00175362 secs using 8036% CPU
Identifying sites to remove: done in 0.00229168 secs using 216.7% CPU
Identifying sites to remove: done in 0.00236758 secs using 7690% CPU
Identifying sites to remove: done in 0.0020172 secs using 756.9% CPU
Identifying sites to remove: done in 0.00196809 secs using 301.1% CPU
Identifying sites to remove: done in 0.00219662 secs using 169% CPU
Identifying sites to remove: done in 0.00540007 secs using 1779% CPU
Identifying sites to remove: done in 0.00164064 secs using 6982% CPU
Identifying sites to remove: done in 0.00249323 secs using 4881% CPU
Identifying sites to remove: done in 0.00106952 secs using 98.92% CPU
Identifying sites to remove: done in 0.00176506 secs using 1982% CPU
Identifying sites to remove: done in 0.00191043 secs using 48.26% CPU
Identifying sites to remove: done in 0.00199446 secs using 6340% CPU
Identifying sites to remove: done in 0.00193875 secs using 4381% CPU
Identifying sites to remove: done in 0.00126975 secs using 139.6% CPU
Identifying sites to remove: done in 0.0016445 secs using 2362% CPU
Identifying sites to remove: done in 0.00107265 secs using 123.9% CPU
Identifying sites to remove: done in 0.00145645 secs using 370.1% CPU
Identifying sites to remove: done in 0.00193272 secs using 884.2% CPU
Identifying sites to remove: done in 0.000845827 secs using 1071% CPU
Identifying sites to remove: done in 0.000972204 secs using 1050% CPU
Identifying sites to remove: done in 0.00108624 secs using 1033% CPU
Identifying sites to remove: done in 0.00102013 secs using 1073% CPU
Identifying sites to remove: done in 0.00110424 secs using 1040% CPU
Identifying sites to remove: done in 0.00114526 secs using 979% CPU
Identifying sites to remove: done in 0.00123277 secs using 941.1% CPU
Identifying sites to remove: done in 0.00122865 secs using 938.8% CPU
Identifying sites to remove: done in 0.0014559 secs using 866.3% CPU
Identifying sites to remove: done in 0.00144484 secs using 872.5% CPU
Identifying sites to remove: done in 0.00159262 secs using 800.5% CPU
Identifying sites to remove: done in 0.00073766 secs using 99.78% CPU
Identifying sites to remove: done in 0.000641011 secs using 99.69% CPU
Identifying sites to remove: done in 0.000763565 secs using 2.416e+04% CPU
Identifying sites to remove: done in 0.000545785 secs using 99.49% CPU
Identifying sites to remove: done in 0.000645027 secs using 1182% CPU
Identifying sites to remove: done in 0.000623241 secs using 972.3% CPU
Identifying sites to remove: done in 0.000720441 secs using 683.7% CPU
Identifying sites to remove: done in 0.000963107 secs using 1296% CPU
Identifying sites to remove: done in 0.00091511 secs using 659.6% CPU
Identifying sites to remove: done in 0.00087595 secs using 136.2% CPU
Identifying sites to remove: done in 0.000896744 secs using 1.949e+04% CPU
Identifying sites to remove: done in 0.000893481 secs using 744.1% CPU
Identifying sites to remove: done in 0.000895455 secs using 742.6% CPU
Identifying sites to remove: done in 0.00089547 secs using 753.3% CPU
Identifying sites to remove: done in 0.00100703 secs using 679.2% CPU
Identifying sites to remove: done in 0.000769973 secs using 592.1% CPU
Identifying sites to remove: done in 0.00110695 secs using 572.1% CPU
Identifying sites to remove: done in 0.000869274 secs using 314.2% CPU
Identifying sites to remove: done in 0.000802919 secs using 441.4% CPU
Identifying sites to remove: done in 0.000692591 secs using 110.7% CPU
Identifying sites to remove: done in 0.000772536 secs using 2.209e+04% CPU
Identifying sites to remove: done in 0.000867821 secs using 2.01e+04% CPU
Identifying sites to remove: done in 0.0142441 secs using 5347% CPU
Identifying sites to remove: done in 0.000649132 secs using 99.52% CPU
Identifying sites to remove: done in 0.00127018 secs using 476.6% CPU
Identifying sites to remove: done in 0.000742204 secs using 605.2% CPU
Identifying sites to remove: done in 0.000484653 secs using 2421% CPU
Identifying sites to remove: done in 0.000480153 secs using 1565% CPU
Identifying sites to remove: done in 0.000589073 secs using 2809% CPU
Identifying sites to remove: done in 0.000523128 secs using 1528% CPU
Identifying sites to remove: done in 0.000608675 secs using 1032% CPU
Identifying sites to remove: done in 0.000722654 secs using 6123% CPU
Identifying sites to remove: done in 0.000641733 secs using 6366% CPU
Identifying sites to remove: done in 0.000648826 secs using 6345% CPU
Identifying sites to remove: done in 0.000741243 secs using 5623% CPU
Identifying sites to remove: done in 0.000730902 secs using 5678% CPU
Identifying sites to remove: done in 0.000777513 secs using 5286% CPU
Identifying sites to remove: done in 0.000853747 secs using 4830% CPU
Identifying sites to remove: done in 0.000340186 secs using 811.9% CPU
Identifying sites to remove: done in 0.000323735 secs using 183.8% CPU
Identifying sites to remove: done in 0.000314415 secs using 2040% CPU
Identifying sites to remove: done in 0.000270754 secs using 2504% CPU
Identifying sites to remove: done in 0.000435077 secs using 951.3% CPU
Identifying sites to remove: done in 0.000299633 secs using 202.9% CPU
Identifying sites to remove: done in 0.000251658 secs using 6.748e+04% CPU
Identifying sites to remove: done in 0.000304878 secs using 774.1% CPU
Identifying sites to remove: done in 0.000302084 secs using 961% CPU
Identifying sites to remove: done in 0.00037355 secs using 856.6% CPU
Identifying sites to remove: done in 0.000331409 secs using 881.7% CPU
Identifying sites to remove: done in 0.000439547 secs using 898% CPU
Identifying sites to remove: done in 0.00033436 secs using 708.2% CPU
Identifying sites to remove: done in 0.000434048 secs using 857.5% CPU
Identifying sites to remove: done in 0.000371046 secs using 618% CPU
Identifying sites to remove: done in 0.000290446 secs using 566.7% CPU
Identifying sites to remove: done in 0.000206597 secs using 279.8% CPU
Identifying sites to remove: done in 0.000538267 secs using 537.8% CPU
Identifying sites to remove: done in 0.000212833 secs using 4189% CPU
Identifying sites to remove: done in 0.000355676 secs using 2554% CPU
Identifying sites to remove: done in 0.000215292 secs using 474.2% CPU
Identifying sites to remove: done in 0.000260361 secs using 396.8% CPU
Identifying sites to remove: done in 0.000188567 secs using 5452% CPU
Identifying sites to remove: done in 0.000143699 secs using 2248% CPU
Identifying sites to remove: done in 0.000766799 secs using 1203% CPU
Identifying sites to remove: done in 0.000768013 secs using 1245% CPU
Identifying sites to remove: done in 0.000685789 secs using 1202% CPU
Identifying sites to remove: done in 0.000813685 secs using 1150% CPU
Identifying sites to remove: done in 0.000606574 secs using 1059% CPU
Identifying sites to remove: done in 0.00084959 secs using 1231% CPU
Identifying sites to remove: done in 0.000825837 secs using 1152% CPU
Identifying sites to remove: done in 0.000848949 secs using 1102% CPU
Identifying sites to remove: done in 0.000951216 secs using 1025% CPU
Identifying sites to remove: done in 0.000851385 secs using 1072% CPU
Identifying sites to remove: done in 0.00097274 secs using 745.9% CPU
Identifying sites to remove: done in 0.000638805 secs using 99.72% CPU
Identifying sites to remove: done in 0.000483915 secs using 99.6% CPU
Identifying sites to remove: done in 0.000482708 secs using 189.3% CPU
Identifying sites to remove: done in 0.000547022 secs using 290.7% CPU
Identifying sites to remove: done in 0.000583485 secs using 1226% CPU
Identifying sites to remove: done in 0.000585668 secs using 751.8% CPU
Identifying sites to remove: done in 0.00077863 secs using 817.7% CPU
Identifying sites to remove: done in 0.000792086 secs using 1184% CPU
Identifying sites to remove: done in 0.000694968 secs using 387.1% CPU
Identifying sites to remove: done in 0.000843018 secs using 554% CPU
Identifying sites to remove: done in 0.000737898 secs using 2.345e+04% CPU
Identifying sites to remove: done in 0.000567265 secs using 705.3% CPU
Identifying sites to remove: done in 0.000673048 secs using 792.5% CPU
Identifying sites to remove: done in 0.000635684 secs using 768.5% CPU
Identifying sites to remove: done in 0.000726596 secs using 620.8% CPU
Identifying sites to remove: done in 0.000781938 secs using 478.9% CPU
Identifying sites to remove: done in 0.000750639 secs using 358.1% CPU
Identifying sites to remove: done in 0.000532329 secs using 528.6% CPU
Identifying sites to remove: done in 0.000723019 secs using 457.8% CPU
Identifying sites to remove: done in 0.000725947 secs using 472.3% CPU
Identifying sites to remove: done in 0.000765458 secs using 472.3% CPU
Identifying sites to remove: done in 0.000798523 secs using 430.9% CPU
Identifying sites to remove: done in 0.000633977 secs using 146.2% CPU
Identifying sites to remove: done in 0.000401571 secs using 99.36% CPU
Identifying sites to remove: done in 0.000416361 secs using 99.43% CPU
Identifying sites to remove: done in 0.000906497 secs using 1945% CPU
Identifying sites to remove: done in 0.00081297 secs using 1372% CPU
Identifying sites to remove: done in 0.000869535 secs using 1503% CPU
Identifying sites to remove: done in 0.000950448 secs using 1295% CPU
Identifying sites to remove: done in 0.000953123 secs using 2029% CPU
Identifying sites to remove: done in 0.00101763 secs using 1732% CPU
Identifying sites to remove: done in 0.00103474 secs using 1306% CPU
Identifying sites to remove: done in 0.00104104 secs using 1300% CPU
Identifying sites to remove: done in 0.00108715 secs using 1287% CPU
Identifying sites to remove: done in 0.00111196 secs using 1253% CPU
Identifying sites to remove: done in 0.00115535 secs using 1251% CPU
Identifying sites to remove: done in 0.00123 secs using 1220% CPU
Identifying sites to remove: done in 0.00134288 secs using 1118% CPU
Identifying sites to remove: done in 0.00132864 secs using 1084% CPU
Identifying sites to remove: done in 0.00132798 secs using 1078% CPU
Identifying sites to remove: done in 0.000747979 secs using 99.6% CPU
Identifying sites to remove: done in 0.000710823 secs using 99.6% CPU
Identifying sites to remove: done in 0.000584282 secs using 99.44% CPU
Identifying sites to remove: done in 0.000931352 secs using 2.062e+04% CPU
Identifying sites to remove: done in 0.00084988 secs using 675.2% CPU
Identifying sites to remove: done in 0.00104991 secs using 804.4% CPU
Identifying sites to remove: done in 0.00121944 secs using 762.8% CPU
Identifying sites to remove: done in 0.00134324 secs using 733.4% CPU
Identifying sites to remove: done in 0.00107697 secs using 562.9% CPU
Identifying sites to remove: done in 0.000820689 secs using 329% CPU
Identifying sites to remove: done in 0.00175772 secs using 543.4% CPU
Identifying sites to remove: done in 0.000736296 secs using 728.4% CPU
Identifying sites to remove: done in 0.00110594 secs using 1.567e+04% CPU
Identifying sites to remove: done in 0.000865355 secs using 1.918e+04% CPU
Identifying sites to remove: done in 0.000825234 secs using 269.4% CPU
Identifying sites to remove: done in 0.000703439 secs using 402.5% CPU
Identifying sites to remove: done in 0.000806205 secs using 432.8% CPU
Identifying sites to remove: done in 0.000768125 secs using 193.6% CPU
Identifying sites to remove: done in 0.000700742 secs using 614.6% CPU
Identifying sites to remove: done in 0.000904784 secs using 742.2% CPU
Identifying sites to remove: done in 0.000700422 secs using 1390% CPU
Identifying sites to remove: done in 0.000404239 secs using 318.9% CPU
Identifying sites to remove: done in 0.000698105 secs using 99.56% CPU
Identifying sites to remove: done in 0.000631616 secs using 2191% CPU
Identifying sites to remove: done in 0.000568874 secs using 1313% CPU
Identifying sites to remove: done in 0.000664271 secs using 1176% CPU
Identifying sites to remove: done in 0.000706039 secs using 2037% CPU
Identifying sites to remove: done in 0.000645921 secs using 1209% CPU
Identifying sites to remove: done in 0.000721745 secs using 2995% CPU
Identifying sites to remove: done in 0.000833146 secs using 2339% CPU
Identifying sites to remove: done in 0.000836127 secs using 3079% CPU
Identifying sites to remove: done in 0.000935912 secs using 1709% CPU
Identifying sites to remove: done in 0.000951663 secs using 1006% CPU
Identifying sites to remove: done in 0.00102045 secs using 1050% CPU
Identifying sites to remove: done in 0.00102124 secs using 1358% CPU
Identifying sites to remove: done in 0.00116082 secs using 1.097e+04% CPU
Identifying sites to remove: done in 0.00116143 secs using 1.093e+04% CPU
Identifying sites to remove: done in 0.000382051 secs using 98.68% CPU
Identifying sites to remove: done in 0.000454582 secs using 99.43% CPU
Identifying sites to remove: done in 0.000456519 secs using 1782% CPU
Identifying sites to remove: done in 0.000382848 secs using 1583% CPU
Identifying sites to remove: done in 0.000374943 secs using 987.9% CPU
Identifying sites to remove: done in 0.000345692 secs using 368.5% CPU
Identifying sites to remove: done in 0.000409976 secs using 1678% CPU
Identifying sites to remove: done in 0.000511199 secs using 834.9% CPU
Identifying sites to remove: done in 0.000490293 secs using 3.394e+04% CPU
Identifying sites to remove: done in 0.000394896 secs using 4.12e+04% CPU
Identifying sites to remove: done in 0.000876963 secs using 1.949e+04% CPU
Identifying sites to remove: done in 0.000491627 secs using 450.3% CPU
Identifying sites to remove: done in 0.000388697 secs using 316.7% CPU
Identifying sites to remove: done in 0.000741705 secs using 392.5% CPU
Identifying sites to remove: done in 0.000646964 secs using 363.5% CPU
Identifying sites to remove: done in 0.000369944 secs using 495.5% CPU
Identifying sites to remove: done in 0.000360355 secs using 608.6% CPU
Identifying sites to remove: done in 0.000395834 secs using 642.7% CPU
Identifying sites to remove: done in 0.00042104 secs using 178.6% CPU
Identifying sites to remove: done in 0.000468075 secs using 99.34% CPU
Identifying sites to remove: done in 0.000491254 secs using 99.74% CPU
Identifying sites to remove: done in 0.0158607 secs using 4471% CPU
Identifying sites to remove: done in 0.000421137 secs using 3.205e+04% CPU
Identifying sites to remove: done in 0.000558779 secs using 1953% CPU
Identifying sites to remove: done in 0.000611424 secs using 1748% CPU
Identifying sites to remove: done in 0.000616774 secs using 2078% CPU
Identifying sites to remove: done in 0.000656553 secs using 1230% CPU
Identifying sites to remove: done in 0.000634439 secs using 1029% CPU
Identifying sites to remove: done in 0.000630215 secs using 2869% CPU
Identifying sites to remove: done in 0.000724725 secs using 1672% CPU
Identifying sites to remove: done in 0.000714131 secs using 1383% CPU
Identifying sites to remove: done in 0.000645004 secs using 1058% CPU
Identifying sites to remove: done in 0.000725366 secs using 2105% CPU
Identifying sites to remove: done in 0.000735924 secs using 2418% CPU
Identifying sites to remove: done in 0.000734255 secs using 2162% CPU
Identifying sites to remove: done in 0.000867009 secs using 918.2% CPU
Identifying sites to remove: done in 0.000431977 secs using 99.31% CPU
Identifying sites to remove: done in 0.000384755 secs using 99.02% CPU
Identifying sites to remove: done in 0.000343658 secs using 308.7% CPU
Identifying sites to remove: done in 0.000369273 secs using 689.2% CPU
Identifying sites to remove: done in 0.00040774 secs using 761.8% CPU
Identifying sites to remove: done in 0.000447415 secs using 815.6% CPU
Identifying sites to remove: done in 0.000313766 secs using 1244% CPU
Identifying sites to remove: done in 0.000625446 secs using 1246% CPU
Identifying sites to remove: done in 0.000417434 secs using 1119% CPU
Identifying sites to remove: done in 0.000545613 secs using 585.2% CPU
Identifying sites to remove: done in 0.00102016 secs using 717.3% CPU
Identifying sites to remove: done in 0.000473574 secs using 877.4% CPU
Identifying sites to remove: done in 0.000861876 secs using 845.9% CPU
Identifying sites to remove: done in 0.000564247 secs using 235.4% CPU
Identifying sites to remove: done in 0.000344202 secs using 2263% CPU
Identifying sites to remove: done in 0.000397444 secs using 1132% CPU
Identifying sites to remove: done in 0.000530258 secs using 2.903e+04% CPU
Identifying sites to remove: done in 0.0004673 secs using 126.7% CPU
Identifying sites to remove: done in 0.000289991 secs using 207.2% CPU
Identifying sites to remove: done in 0.0152133 secs using 4823% CPU
Identifying sites to remove: done in 0.000438243 secs using 1590% CPU
Identifying sites to remove: done in 0.000456408 secs using 377.3% CPU
Identifying sites to remove: done in 0.00129119 secs using 1381% CPU
Identifying sites to remove: done in 0.00145645 secs using 1313% CPU
Identifying sites to remove: done in 0.00149777 secs using 1396% CPU
Identifying sites to remove: done in 0.00151723 secs using 1809% CPU
Identifying sites to remove: done in 0.00150523 secs using 1341% CPU
Identifying sites to remove: done in 0.00155795 secs using 1327% CPU
Identifying sites to remove: done in 0.00152823 secs using 1342% CPU
Identifying sites to remove: done in 0.00167582 secs using 1785% CPU
Identifying sites to remove: done in 0.00172464 secs using 1458% CPU
Identifying sites to remove: done in 0.00172806 secs using 1370% CPU
Identifying sites to remove: done in 0.00179419 secs using 1592% CPU
Identifying sites to remove: done in 0.00179717 secs using 1502% CPU
Identifying sites to remove: done in 0.00174603 secs using 1267% CPU
Identifying sites to remove: done in 0.00187448 secs using 1197% CPU
Identifying sites to remove: done in 0.00114483 secs using 1.658e+04% CPU
Identifying sites to remove: done in 0.00129195 secs using 1.44e+04% CPU
Identifying sites to remove: done in 0.00129387 secs using 307.5% CPU
Identifying sites to remove: done in 0.00134914 secs using 296.4% CPU
Identifying sites to remove: done in 0.00100633 secs using 205.9% CPU
Identifying sites to remove: done in 0.00107008 secs using 416.1% CPU
Identifying sites to remove: done in 0.000846304 secs using 398.3% CPU
Identifying sites to remove: done in 0.00098452 secs using 219.4% CPU
Identifying sites to remove: done in 0.0011119 secs using 1.651e+04% CPU
Identifying sites to remove: done in 0.00113508 secs using 1.592e+04% CPU
Identifying sites to remove: done in 0.00116713 secs using 238.2% CPU
Identifying sites to remove: done in 0.00219673 secs using 8110% CPU
Identifying sites to remove: done in 0.00116388 secs using 397% CPU
Identifying sites to remove: done in 0.00154257 secs using 1.186e+04% CPU
Identifying sites to remove: done in 0.00104613 secs using 395.8% CPU
Identifying sites to remove: done in 0.00126345 secs using 168.7% CPU
Identifying sites to remove: done in 0.0011171 secs using 1.613e+04% CPU
Identifying sites to remove: done in 0.0010441 secs using 585% CPU
Identifying sites to remove: done in 0.00125421 secs using 1.209e+04% CPU
Identifying sites to remove: done in 0.00116301 secs using 564.4% CPU
Identifying sites to remove: done in 0.00122175 secs using 368.4% CPU
Identifying sites to remove: done in 0.00131369 secs using 745.3% CPU
Identifying sites to remove: done in 0.000996828 secs using 99.21% CPU
Identifying sites to remove: done in 0.000664443 secs using 4561% CPU
Identifying sites to remove: done in 0.000531703 secs using 1236% CPU
Identifying sites to remove: done in 0.000652462 secs using 2421% CPU
Identifying sites to remove: done in 0.000665843 secs using 3423% CPU
Identifying sites to remove: done in 0.000796057 secs using 1690% CPU
Identifying sites to remove: done in 0.000803791 secs using 2513% CPU
Identifying sites to remove: done in 0.000889875 secs using 3097% CPU
Identifying sites to remove: done in 0.000888571 secs using 2393% CPU
Identifying sites to remove: done in 0.000870474 secs using 1271% CPU
Identifying sites to remove: done in 0.000872381 secs using 944.5% CPU
Identifying sites to remove: done in 0.00116506 secs using 1588% CPU
Identifying sites to remove: done in 0.00118004 secs using 2165% CPU
Identifying sites to remove: done in 0.0013184 secs using 8302% CPU
Identifying sites to remove: done in 0.000484943 secs using 99.19% CPU
Identifying sites to remove: done in 0.000327706 secs using 1132% CPU
Identifying sites to remove: done in 0.000408366 secs using 1629% CPU
Identifying sites to remove: done in 0.000485033 secs using 177.7% CPU
Identifying sites to remove: done in 0.000463568 secs using 2635% CPU
Identifying sites to remove: done in 0.000523031 secs using 3.184e+04% CPU
Identifying sites to remove: done in 0.000518061 secs using 3.073e+04% CPU
Identifying sites to remove: done in 0.000403568 secs using 286.7% CPU
Identifying sites to remove: done in 0.00119381 secs using 1.375e+04% CPU
Identifying sites to remove: done in 0.000359096 secs using 1473% CPU
Identifying sites to remove: done in 0.000422701 secs using 1398% CPU
Identifying sites to remove: done in 0.000393309 secs using 1188% CPU
Identifying sites to remove: done in 0.000435963 secs using 685.4% CPU
Identifying sites to remove: done in 0.000371367 secs using 266% CPU
Identifying sites to remove: done in 0.000490353 secs using 99.32% CPU
Identifying sites to remove: done in 0.000312418 secs using 98.91% CPU
Identifying sites to remove: done in 0.00031025 secs using 427.7% CPU
Identifying sites to remove: done in 0.000328317 secs using 433.7% CPU
Identifying sites to remove: done in 0.000437565 secs using 361.5% CPU
Identifying sites to remove: done in 0.000446819 secs using 235.7% CPU
Identifying sites to remove: done in 0.000399873 secs using 277.1% CPU
Identifying sites to remove: done in 0.000418462 secs using 3.823e+04% CPU
Identifying sites to remove: done in 0.000327095 secs using 372.7% CPU
Identifying sites to remove: done in 0.000275292 secs using 99.17% CPU
Identifying sites to remove: done in 0.000811912 secs using 2063% CPU
Identifying sites to remove: done in 0.000822112 secs using 2690% CPU
Identifying sites to remove: done in 0.000923529 secs using 1482% CPU
Identifying sites to remove: done in 0.0010148 secs using 2285% CPU
Identifying sites to remove: done in 0.00101238 secs using 2130% CPU
Identifying sites to remove: done in 0.00109539 secs using 2363% CPU
Identifying sites to remove: done in 0.00107836 secs using 1651% CPU
Identifying sites to remove: done in 0.00110457 secs using 1288% CPU
Identifying sites to remove: done in 0.00109365 secs using 1167% CPU
Identifying sites to remove: done in 0.0011213 secs using 1663% CPU
Identifying sites to remove: done in 0.00111129 secs using 1147% CPU
Identifying sites to remove: done in 0.0011249 secs using 1839% CPU
Identifying sites to remove: done in 0.00111309 secs using 1468% CPU
Identifying sites to remove: done in 0.0013072 secs using 1470% CPU
Identifying sites to remove: done in 0.000596821 secs using 3.156e+04% CPU
Identifying sites to remove: done in 0.000433348 secs using 99.23% CPU
Identifying sites to remove: done in 0.000722773 secs using 755.8% CPU
Identifying sites to remove: done in 0.000523001 secs using 1425% CPU
Identifying sites to remove: done in 0.000591315 secs using 1050% CPU
Identifying sites to remove: done in 0.00070145 secs using 1279% CPU
Identifying sites to remove: done in 0.000794418 secs using 954.2% CPU
Identifying sites to remove: done in 0.000711791 secs using 663.1% CPU
Identifying sites to remove: done in 0.00121765 secs using 633.1% CPU
Identifying sites to remove: done in 0.000700235 secs using 339.5% CPU
Identifying sites to remove: done in 0.000553176 secs using 99.43% CPU
Identifying sites to remove: done in 0.0004692 secs using 99.53% CPU
Identifying sites to remove: done in 0.000462092 secs using 607.2% CPU
Identifying sites to remove: done in 0.000619285 secs using 2.732e+04% CPU
Identifying sites to remove: done in 0.000567384 secs using 590.6% CPU
Identifying sites to remove: done in 0.000494614 secs using 747% CPU
Identifying sites to remove: done in 0.00050135 secs using 562.9% CPU
Identifying sites to remove: done in 0.000578336 secs using 586.5% CPU
Identifying sites to remove: done in 0.000496626 secs using 170.8% CPU
Identifying sites to remove: done in 0.000515684 secs using 849.7% CPU
Identifying sites to remove: done in 0.000503808 secs using 3.437e+04% CPU
Identifying sites to remove: done in 0.000441894 secs using 2905% CPU
Identifying sites to remove: done in 0.000585012 secs using 1552% CPU
Identifying sites to remove: done in 0.000766121 secs using 6150% CPU
Identifying sites to remove: done in 0.000744008 secs using 6343% CPU
Identifying sites to remove: done in 0.000786863 secs using 6061% CPU
Identifying sites to remove: done in 0.000809357 secs using 5902% CPU
Identifying sites to remove: done in 0.000857323 secs using 5604% CPU
Identifying sites to remove: done in 0.000854962 secs using 5621% CPU
Identifying sites to remove: done in 0.00093811 secs using 5659% CPU
Identifying sites to remove: done in 0.000937156 secs using 5222% CPU
Identifying sites to remove: done in 0.000903212 secs using 5395% CPU
Identifying sites to remove: done in 0.000956878 secs using 5142% CPU
Identifying sites to remove: done in 0.000926688 secs using 5303% CPU
Identifying sites to remove: done in 0.00099805 secs using 4910% CPU
Identifying sites to remove: done in 0.00106816 secs using 4602% CPU
Identifying sites to remove: done in 0.000521831 secs using 99.46% CPU
Identifying sites to remove: done in 0.000416167 secs using 4.465e+04% CPU
Identifying sites to remove: done in 0.000358433 secs using 1514% CPU
Identifying sites to remove: done in 0.000469193 secs using 1009% CPU
Identifying sites to remove: done in 0.000505395 secs using 622.1% CPU
Identifying sites to remove: done in 0.000652954 secs using 254.4% CPU
Identifying sites to remove: done in 0.000428975 secs using 99.54% CPU
Identifying sites to remove: done in 0.000436552 secs using 1094% CPU
Identifying sites to remove: done in 0.000573672 secs using 2061% CPU
Identifying sites to remove: done in 0.000583738 secs using 991.9% CPU
Identifying sites to remove: done in 0.00109735 secs using 1.657e+04% CPU
Identifying sites to remove: done in 0.000894167 secs using 1.884e+04% CPU
Identifying sites to remove: done in 0.000558145 secs using 276.1% CPU
Identifying sites to remove: done in 0.000601567 secs using 255.8% CPU
Identifying sites to remove: done in 0.000499323 secs using 327.6% CPU
Identifying sites to remove: done in 0.000588916 secs using 183.9% CPU
Identifying sites to remove: done in 0.000498876 secs using 99.82% CPU
Identifying sites to remove: done in 0.000591062 secs using 99.65% CPU
Identifying sites to remove: done in 0.000529438 secs using 99.73% CPU
Identifying sites to remove: done in 0.000635967 secs using 1062% CPU
Identifying sites to remove: done in 0.000551708 secs using 2004% CPU
Identifying sites to remove: done in 0.000634886 secs using 3704% CPU
Identifying sites to remove: done in 0.000357866 secs using 305.7% CPU
Identifying sites to remove: done in 0.000577636 secs using 1214% CPU
Identifying sites to remove: done in 0.000553146 secs using 1407% CPU
Identifying sites to remove: done in 0.000614479 secs using 1433% CPU
Identifying sites to remove: done in 0.00061363 secs using 1349% CPU
Identifying sites to remove: done in 0.000683025 secs using 1318% CPU
Identifying sites to remove: done in 0.000760168 secs using 2122% CPU
Identifying sites to remove: done in 0.000848711 secs using 1263% CPU
Identifying sites to remove: done in 0.000855245 secs using 1525% CPU
Identifying sites to remove: done in 0.000901133 secs using 1999% CPU
Identifying sites to remove: done in 0.000807203 secs using 1306% CPU
Identifying sites to remove: done in 0.000785947 secs using 1265% CPU
Identifying sites to remove: done in 0.000869691 secs using 1758% CPU
Identifying sites to remove: done in 0.000905551 secs using 1239% CPU
Identifying sites to remove: done in 0.000913389 secs using 1265% CPU
Identifying sites to remove: done in 0.000958994 secs using 1210% CPU
Identifying sites to remove: done in 0.0011088 secs using 1693% CPU
Identifying sites to remove: done in 0.000450216 secs using 910.7% CPU
Identifying sites to remove: done in 0.000580937 secs using 3.876e+04% CPU
Identifying sites to remove: done in 0.000493571 secs using 99.48% CPU
Identifying sites to remove: done in 0.000385284 secs using 1761% CPU
Identifying sites to remove: done in 0.000489384 secs using 1961% CPU
Identifying sites to remove: done in 0.000467628 secs using 941.1% CPU
Identifying sites to remove: done in 0.00036671 secs using 199.3% CPU
Identifying sites to remove: done in 0.000395469 secs using 5.39e+04% CPU
Identifying sites to remove: done in 0.000479944 secs using 99.39% CPU
Identifying sites to remove: done in 0.000404902 secs using 99.28% CPU
Identifying sites to remove: done in 0.000588693 secs using 830.1% CPU
Identifying sites to remove: done in 0.000745229 secs using 799.6% CPU
Identifying sites to remove: done in 0.000590712 secs using 694.1% CPU
Identifying sites to remove: done in 0.00100286 secs using 937.4% CPU
Identifying sites to remove: done in 0.000574894 secs using 668.1% CPU
Identifying sites to remove: done in 0.000492975 secs using 112.8% CPU
Identifying sites to remove: done in 0.000460878 secs using 914.8% CPU
Identifying sites to remove: done in 0.000404261 secs using 1140% CPU
Identifying sites to remove: done in 0.000530779 secs using 3.862e+04% CPU
Identifying sites to remove: done in 0.000505067 secs using 170.5% CPU
Identifying sites to remove: done in 0.000336915 secs using 99.43% CPU
Identifying sites to remove: done in 0.000397988 secs using 809.1% CPU
Identifying sites to remove: done in 0.00154956 secs using 1965% CPU
Identifying sites to remove: done in 0.00159409 secs using 1448% CPU
Identifying sites to remove: done in 0.00160697 secs using 1726% CPU
Identifying sites to remove: done in 0.00168709 secs using 2090% CPU
Identifying sites to remove: done in 0.00184621 secs using 1461% CPU
Identifying sites to remove: done in 0.00188554 secs using 1603% CPU
Identifying sites to remove: done in 0.00190129 secs using 1948% CPU
Identifying sites to remove: done in 0.0019655 secs using 1659% CPU
Identifying sites to remove: done in 0.00197575 secs using 1830% CPU
Identifying sites to remove: done in 0.00197577 secs using 1869% CPU
Identifying sites to remove: done in 0.00196943 secs using 1702% CPU
Identifying sites to remove: done in 0.00210768 secs using 1657% CPU
Identifying sites to remove: done in 0.00215759 secs using 1429% CPU
Identifying sites to remove: done in 0.00224298 secs using 1217% CPU
Identifying sites to remove: done in 0.00235157 secs using 1286% CPU
Identifying sites to remove: done in 0.00144442 secs using 99.42% CPU
Identifying sites to remove: done in 0.00163198 secs using 201% CPU
Identifying sites to remove: done in 0.00195978 secs using 1.166e+04% CPU
Identifying sites to remove: done in 0.00114044 secs using 298.5% CPU
Identifying sites to remove: done in 0.00147051 secs using 561% CPU
Identifying sites to remove: done in 0.00129646 secs using 416.2% CPU
Identifying sites to remove: done in 0.00149371 secs using 802.7% CPU
Identifying sites to remove: done in 0.00156509 secs using 744.2% CPU
Identifying sites to remove: done in 0.00189711 secs using 828.6% CPU
Identifying sites to remove: done in 0.00186848 secs using 793% CPU
Identifying sites to remove: done in 0.0020818 secs using 1.079e+04% CPU
Identifying sites to remove: done in 0.00287135 secs using 7981% CPU
Identifying sites to remove: done in 0.00214422 secs using 543% CPU
Identifying sites to remove: done in 0.00153011 secs using 687.3% CPU
Identifying sites to remove: done in 0.001614 secs using 753.6% CPU
Identifying sites to remove: done in 0.00141793 secs using 460.2% CPU
Identifying sites to remove: done in 0.00157988 secs using 1.454e+04% CPU
Identifying sites to remove: done in 0.00160438 secs using 1.416e+04% CPU
Identifying sites to remove: done in 0.00138513 secs using 1.617e+04% CPU
Identifying sites to remove: done in 0.00163712 secs using 1.339e+04% CPU
Identifying sites to remove: done in 0.00134405 secs using 99.7% CPU
Identifying sites to remove: done in 0.00185207 secs using 1.102e+04% CPU
Identifying sites to remove: done in 0.00135973 secs using 2432% CPU
Identifying sites to remove: done in 0.00145969 secs using 2831% CPU
Identifying sites to remove: done in 0.00150614 secs using 2693% CPU
Identifying sites to remove: done in 0.00153764 secs using 2581% CPU
Identifying sites to remove: done in 0.00161339 secs using 2177% CPU
Identifying sites to remove: done in 0.00169856 secs using 1685% CPU
Identifying sites to remove: done in 0.00188216 secs using 2523% CPU
Identifying sites to remove: done in 0.00198296 secs using 2189% CPU
Identifying sites to remove: done in 0.00200299 secs using 1739% CPU
Identifying sites to remove: done in 0.00197518 secs using 1381% CPU
Identifying sites to remove: done in 0.00211346 secs using 1742% CPU
Identifying sites to remove: done in 0.00214221 secs using 1801% CPU
Identifying sites to remove: done in 0.00214484 secs using 2003% CPU
Identifying sites to remove: done in 0.00218239 secs using 1579% CPU
Identifying sites to remove: done in 0.00219725 secs using 1436% CPU
Identifying sites to remove: done in 0.00222477 secs using 1352% CPU
Identifying sites to remove: done in 0.00102613 secs using 2.037e+04% CPU
Identifying sites to remove: done in 0.00135992 secs using 99.42% CPU
Identifying sites to remove: done in 0.000893816 secs using 2.616e+04% CPU
Identifying sites to remove: done in 0.00135705 secs using 1.728e+04% CPU
Identifying sites to remove: done in 0.000998802 secs using 556% CPU
Identifying sites to remove: done in 0.00147163 secs using 1.571e+04% CPU
Identifying sites to remove: done in 0.00137561 secs using 630% CPU
Identifying sites to remove: done in 0.00106504 secs using 529.8% CPU
Identifying sites to remove: done in 0.00217083 secs using 544.8% CPU
Identifying sites to remove: done in 0.00107358 secs using 290.9% CPU
Identifying sites to remove: done in 0.00103086 secs using 2.145e+04% CPU
Identifying sites to remove: done in 0.00102701 secs using 426.6% CPU
Identifying sites to remove: done in 0.00108447 secs using 521.3% CPU
Identifying sites to remove: done in 0.00147353 secs using 823.9% CPU
Identifying sites to remove: done in 0.00124673 secs using 989.7% CPU
Identifying sites to remove: done in 0.00123865 secs using 1.816e+04% CPU
Identifying sites to remove: done in 0.00124898 secs using 1.751e+04% CPU
Identifying sites to remove: done in 0.000993147 secs using 135.7% CPU
Identifying sites to remove: done in 0.00126374 secs using 1.81e+04% CPU
Identifying sites to remove: done in 0.00137994 secs using 198.1% CPU
Identifying sites to remove: done in 0.00166092 secs using 239.4% CPU
Identifying sites to remove: done in 0.000801668 secs using 1873% CPU
Identifying sites to remove: done in 0.000871636 secs using 2437% CPU
Identifying sites to remove: done in 0.000888512 secs using 2333% CPU
Identifying sites to remove: done in 0.000972241 secs using 2362% CPU
Identifying sites to remove: done in 0.00100308 secs using 1632% CPU
Identifying sites to remove: done in 0.00106201 secs using 1943% CPU
Identifying sites to remove: done in 0.00106588 secs using 2073% CPU
Identifying sites to remove: done in 0.00106101 secs using 1825% CPU
Identifying sites to remove: done in 0.00111008 secs using 1314% CPU
Identifying sites to remove: done in 0.00113432 secs using 2045% CPU
Identifying sites to remove: done in 0.00117841 secs using 1482% CPU
Identifying sites to remove: done in 0.00113848 secs using 1829% CPU
Identifying sites to remove: done in 0.0011337 secs using 1644% CPU
Identifying sites to remove: done in 0.00116386 secs using 1366% CPU
Identifying sites to remove: done in 0.00145172 secs using 1582% CPU
Identifying sites to remove: done in 0.00144539 secs using 1202% CPU
Identifying sites to remove: done in 0.000597507 secs using 745.1% CPU
Identifying sites to remove: done in 0.000873245 secs using 2.673e+04% CPU
Identifying sites to remove: done in 0.000542603 secs using 1767% CPU
Identifying sites to remove: done in 0.000780836 secs using 2.978e+04% CPU
Identifying sites to remove: done in 0.000810258 secs using 2.832e+04% CPU
Identifying sites to remove: done in 0.000761993 secs using 2.915e+04% CPU
Identifying sites to remove: done in 0.000883192 secs using 2.48e+04% CPU
Identifying sites to remove: done in 0.000637621 secs using 411.8% CPU
Identifying sites to remove: done in 0.00116783 secs using 370.2% CPU
Identifying sites to remove: done in 0.000650831 secs using 207% CPU
Identifying sites to remove: done in 0.000611573 secs using 1939% CPU
Identifying sites to remove: done in 0.000721045 secs using 1447% CPU
Identifying sites to remove: done in 0.000652276 secs using 819.7% CPU
Identifying sites to remove: done in 0.000894032 secs using 954.7% CPU
Identifying sites to remove: done in 0.000764802 secs using 374.1% CPU
Identifying sites to remove: done in 0.000704125 secs using 3.047e+04% CPU
Identifying sites to remove: done in 0.000682071 secs using 279.1% CPU
Identifying sites to remove: done in 0.000590332 secs using 164.8% CPU
Identifying sites to remove: done in 0.000719525 secs using 1267% CPU
Identifying sites to remove: done in 0.0007357 secs using 211.9% CPU
Identifying sites to remove: done in 0.000862755 secs using 529.5% CPU
Identifying sites to remove: done in 0.00123575 secs using 2411% CPU
Identifying sites to remove: done in 0.00131071 secs using 4012% CPU
Identifying sites to remove: done in 0.00131936 secs using 3264% CPU
Identifying sites to remove: done in 0.00133634 secs using 4115% CPU
Identifying sites to remove: done in 0.00149868 secs using 3530% CPU
Identifying sites to remove: done in 0.00149448 secs using 2736% CPU
Identifying sites to remove: done in 0.00150297 secs using 3205% CPU
Identifying sites to remove: done in 0.00157988 secs using 1530% CPU
Identifying sites to remove: done in 0.0015991 secs using 3199% CPU
Identifying sites to remove: done in 0.0016062 secs using 1373% CPU
Identifying sites to remove: done in 0.001675 secs using 1.286e+04% CPU
Identifying sites to remove: done in 0.00159758 secs using 2758% CPU
Identifying sites to remove: done in 0.00172544 secs using 1.236e+04% CPU
Identifying sites to remove: done in 0.00174983 secs using 1.191e+04% CPU
Identifying sites to remove: done in 0.00188088 secs using 1.083e+04% CPU
Identifying sites to remove: done in 0.00188822 secs using 1.093e+04% CPU
Identifying sites to remove: done in 0.000997134 secs using 99.69% CPU
Identifying sites to remove: done in 0.00136992 secs using 1.71e+04% CPU
Identifying sites to remove: done in 0.000869796 secs using 449.4% CPU
Identifying sites to remove: done in 0.00108264 secs using 831.5% CPU
Identifying sites to remove: done in 0.0013321 secs using 1.732e+04% CPU
Identifying sites to remove: done in 0.0012925 secs using 1.756e+04% CPU
Identifying sites to remove: done in 0.00137933 secs using 1.63e+04% CPU
Identifying sites to remove: done in 0.00116549 secs using 528.3% CPU
Identifying sites to remove: done in 0.00118786 secs using 432.2% CPU
Identifying sites to remove: done in 0.00215331 secs using 167.8% CPU
Identifying sites to remove: done in 0.00152753 secs using 1.519e+04% CPU
Identifying sites to remove: done in 0.00111894 secs using 639.1% CPU
Identifying sites to remove: done in 0.00111302 secs using 604% CPU
Identifying sites to remove: done in 0.001196 secs using 724.4% CPU
Identifying sites to remove: done in 0.00128828 secs using 617.5% CPU
Identifying sites to remove: done in 0.00119567 secs using 1.871e+04% CPU
Identifying sites to remove: done in 0.00102895 secs using 2.07e+04% CPU
Identifying sites to remove: done in 0.00119127 secs using 1.823e+04% CPU
Identifying sites to remove: done in 0.00123191 secs using 1.842e+04% CPU
Identifying sites to remove: done in 0.00115477 secs using 371.5% CPU
Identifying sites to remove: done in 0.00135107 secs using 269% CPU
Identifying sites to remove: done in 0.00111115 secs using 1.858e+04% CPU
Identifying sites to remove: done in 0.00112426 secs using 2.06e+04% CPU
Identifying sites to remove: done in 0.00119559 secs using 1.882e+04% CPU
Identifying sites to remove: done in 0.00126287 secs using 1.506e+04% CPU
Identifying sites to remove: done in 0.00133733 secs using 1.777e+04% CPU
Identifying sites to remove: done in 0.00135918 secs using 1.698e+04% CPU
Identifying sites to remove: done in 0.00142032 secs using 1.377e+04% CPU
Identifying sites to remove: done in 0.00148244 secs using 1.493e+04% CPU
Identifying sites to remove: done in 0.0014824 secs using 1.397e+04% CPU
Identifying sites to remove: done in 0.00156004 secs using 1.446e+04% CPU
Identifying sites to remove: done in 0.00155712 secs using 1.312e+04% CPU
Identifying sites to remove: done in 0.00153875 secs using 1.208e+04% CPU
Identifying sites to remove: done in 0.00164714 secs using 1.22e+04% CPU
Identifying sites to remove: done in 0.0016512 secs using 1.327e+04% CPU
Identifying sites to remove: done in 0.00173499 secs using 1.244e+04% CPU
Identifying sites to remove: done in 0.00175398 secs using 1.085e+04% CPU
Identifying sites to remove: done in 0.000723697 secs using 99.63% CPU
Identifying sites to remove: done in 0.00100061 secs using 2.34e+04% CPU
Identifying sites to remove: done in 0.000647426 secs using 2517% CPU
Identifying sites to remove: done in 0.000813477 secs using 2.791e+04% CPU
Identifying sites to remove: done in 0.00105383 secs using 2.2e+04% CPU
Identifying sites to remove: done in 0.00109755 secs using 2.057e+04% CPU
Identifying sites to remove: done in 0.00109211 secs using 2.035e+04% CPU
Identifying sites to remove: done in 0.000839822 secs using 619.5% CPU
Identifying sites to remove: done in 0.000797629 secs using 493.8% CPU
Identifying sites to remove: done in 0.000773363 secs using 299.6% CPU
Identifying sites to remove: done in 0.00145259 secs using 431.9% CPU
Identifying sites to remove: done in 0.000733055 secs using 478% CPU
Identifying sites to remove: done in 0.000843547 secs using 956.9% CPU
Identifying sites to remove: done in 0.000928834 secs using 2.403e+04% CPU
Identifying sites to remove: done in 0.00109743 secs using 2.011e+04% CPU
Identifying sites to remove: done in 0.000854664 secs using 381.2% CPU
Identifying sites to remove: done in 0.000849053 secs using 340.5% CPU
Identifying sites to remove: done in 0.000727408 secs using 175.4% CPU
Identifying sites to remove: done in 0.000954419 secs using 2.401e+04% CPU
Identifying sites to remove: done in 0.00110126 secs using 2.054e+04% CPU
Identifying sites to remove: done in 0.00101212 secs using 2.199e+04% CPU
Identifying sites to remove: done in 0.00138079 secs using 2506% CPU
Identifying sites to remove: done in 0.0014618 secs using 2076% CPU
Identifying sites to remove: done in 0.00161894 secs using 2555% CPU
Identifying sites to remove: done in 0.00170288 secs using 2370% CPU
Identifying sites to remove: done in 0.0017884 secs using 2024% CPU
Identifying sites to remove: done in 0.00180323 secs using 2368% CPU
Identifying sites to remove: done in 0.00208697 secs using 1964% CPU
Identifying sites to remove: done in 0.00208996 secs using 2024% CPU
Identifying sites to remove: done in 0.0020817 secs using 1779% CPU
Identifying sites to remove: done in 0.00213891 secs using 1674% CPU
Identifying sites to remove: done in 0.00370549 secs using 6182% CPU
Identifying sites to remove: done in 0.00425818 secs using 5193% CPU
Identifying sites to remove: done in 0.00457606 secs using 5070% CPU
Identifying sites to remove: done in 0.00455317 secs using 5061% CPU
Identifying sites to remove: done in 0.00453041 secs using 5031% CPU
Identifying sites to remove: done in 0.00448754 secs using 4932% CPU
Identifying sites to remove: done in 0.000803322 secs using 99.71% CPU
Identifying sites to remove: done in 0.00112391 secs using 2.111e+04% CPU
Identifying sites to remove: done in 0.000986055 secs using 1112% CPU
Identifying sites to remove: done in 0.000844963 secs using 1555% CPU
Identifying sites to remove: done in 0.00102958 secs using 1601% CPU
Identifying sites to remove: done in 0.00106858 secs using 2.127e+04% CPU
Identifying sites to remove: done in 0.000939034 secs using 2.378e+04% CPU
Identifying sites to remove: done in 0.000992328 secs using 2.218e+04% CPU
Identifying sites to remove: done in 0.0008865 secs using 262.7% CPU
Identifying sites to remove: done in 0.00203872 secs using 1.065e+04% CPU
Identifying sites to remove: done in 0.000790566 secs using 547.6% CPU
Identifying sites to remove: done in 0.000829913 secs using 177.7% CPU
Identifying sites to remove: done in 0.000911824 secs using 575.7% CPU
Identifying sites to remove: done in 0.000907809 secs using 522.8% CPU
Identifying sites to remove: done in 0.000801057 secs using 620.9% CPU
Identifying sites to remove: done in 0.00114173 secs using 627% CPU
Identifying sites to remove: done in 0.000818856 secs using 557% CPU
Identifying sites to remove: done in 0.000988141 secs using 255.4% CPU
Identifying sites to remove: done in 0.00101535 secs using 2.233e+04% CPU
Identifying sites to remove: done in 0.00107193 secs using 288% CPU
Identifying sites to remove: done in 0.000945359 secs using 377.2% CPU
Identifying sites to remove: done in 0.000958994 secs using 1789% CPU
Identifying sites to remove: done in 0.00102824 secs using 2031% CPU
Identifying sites to remove: done in 0.0010915 secs using 1876% CPU
Identifying sites to remove: done in 0.00120736 secs using 1986% CPU
Identifying sites to remove: done in 0.00123512 secs using 1874% CPU
Identifying sites to remove: done in 0.00122075 secs using 1413% CPU
Identifying sites to remove: done in 0.00124165 secs using 1901% CPU
Identifying sites to remove: done in 0.00123169 secs using 1733% CPU
Identifying sites to remove: done in 0.00123171 secs using 1534% CPU
Identifying sites to remove: done in 0.00139647 secs using 1399% CPU
Identifying sites to remove: done in 0.00140189 secs using 1695% CPU
Identifying sites to remove: done in 0.0014033 secs using 1551% CPU
Identifying sites to remove: done in 0.00153778 secs using 1542% CPU
Identifying sites to remove: done in 0.00153529 secs using 1424% CPU
Identifying sites to remove: done in 0.00157396 secs using 1265% CPU
Identifying sites to remove: done in 0.00159338 secs using 1352% CPU
Identifying sites to remove: done in 0.000830844 secs using 577.5% CPU
Identifying sites to remove: done in 0.00109237 secs using 2.101e+04% CPU
Identifying sites to remove: done in 0.000708722 secs using 626.9% CPU
Identifying sites to remove: done in 0.00102515 secs using 618.2% CPU
Identifying sites to remove: done in 0.00101655 secs using 597% CPU
Identifying sites to remove: done in 0.000892863 secs using 580.9% CPU
Identifying sites to remove: done in 0.0010556 secs using 610.5% CPU
Identifying sites to remove: done in 0.000839628 secs using 714.7% CPU
Identifying sites to remove: done in 0.000806518 secs using 872.1% CPU
Identifying sites to remove: done in 0.00134572 secs using 442.8% CPU
Identifying sites to remove: done in 0.000835367 secs using 189.9% CPU
Identifying sites to remove: done in 0.000954978 secs using 2.289e+04% CPU
Identifying sites to remove: done in 0.000854872 secs using 388.9% CPU
Identifying sites to remove: done in 0.00118431 secs using 1.82e+04% CPU
Identifying sites to remove: done in 0.000950158 secs using 309.1% CPU
Identifying sites to remove: done in 0.000901639 secs using 349.3% CPU
Identifying sites to remove: done in 0.000908442 secs using 456.1% CPU
Identifying sites to remove: done in 0.00074403 secs using 168.9% CPU
Identifying sites to remove: done in 0.000934191 secs using 2.362e+04% CPU
Identifying sites to remove: done in 0.000902496 secs using 276.1% CPU
Identifying sites to remove: done in 0.00104392 secs using 345.5% CPU
Identifying sites to remove: done in 0.000815295 secs using 2.451e+04% CPU
Identifying sites to remove: done in 0.000869185 secs using 2.269e+04% CPU
Identifying sites to remove: done in 0.000897042 secs using 2.536e+04% CPU
Identifying sites to remove: done in 0.00093174 secs using 2.415e+04% CPU
Identifying sites to remove: done in 0.000963099 secs using 2.2e+04% CPU
Identifying sites to remove: done in 0.00101788 secs using 1.857e+04% CPU
Identifying sites to remove: done in 0.00102893 secs using 2.166e+04% CPU
Identifying sites to remove: done in 0.00102721 secs using 2.104e+04% CPU
Identifying sites to remove: done in 0.00103193 secs using 2.126e+04% CPU
Identifying sites to remove: done in 0.00115794 secs using 1.784e+04% CPU
Identifying sites to remove: done in 0.00115823 secs using 1.668e+04% CPU
Identifying sites to remove: done in 0.00118335 secs using 1.665e+04% CPU
Identifying sites to remove: done in 0.00116479 secs using 1.804e+04% CPU
Identifying sites to remove: done in 0.00127307 secs using 1.47e+04% CPU
Identifying sites to remove: done in 0.00131454 secs using 1.374e+04% CPU
Identifying sites to remove: done in 0.00131658 secs using 1.398e+04% CPU
Identifying sites to remove: done in 0.000576623 secs using 99.55% CPU
Identifying sites to remove: done in 0.000756562 secs using 99.53% CPU
Identifying sites to remove: done in 0.0005778 secs using 558.5% CPU
Identifying sites to remove: done in 0.000771157 secs using 622.7% CPU
Identifying sites to remove: done in 0.000762038 secs using 569.7% CPU
Identifying sites to remove: done in 0.00076358 secs using 625.5% CPU
Identifying sites to remove: done in 0.0006302 secs using 435.9% CPU
Identifying sites to remove: done in 0.000624515 secs using 768.6% CPU
Identifying sites to remove: done in 0.000737101 secs using 472.8% CPU
Identifying sites to remove: done in 0.00129586 secs using 417.1% CPU
Identifying sites to remove: done in 0.00064382 secs using 149.1% CPU
Identifying sites to remove: done in 0.000612833 secs using 3.586e+04% CPU
Identifying sites to remove: done in 0.000824727 secs using 781.6% CPU
Identifying sites to remove: done in 0.00066933 secs using 754.9% CPU
Identifying sites to remove: done in 0.000707246 secs using 865.5% CPU
Identifying sites to remove: done in 0.000733443 secs using 555.2% CPU
Identifying sites to remove: done in 0.000764214 secs using 633.6% CPU
Identifying sites to remove: done in 0.000562631 secs using 110% CPU
Identifying sites to remove: done in 0.000822522 secs using 608.9% CPU
Identifying sites to remove: done in 0.000811771 secs using 740.7% CPU
Identifying sites to remove: done in 0.000941627 secs using 499.7% CPU
Identifying sites to remove: done in 0.000755958 secs using 1528% CPU
Identifying sites to remove: done in 0.000827819 secs using 1623% CPU
Identifying sites to remove: done in 0.00084018 secs using 1384% CPU
Identifying sites to remove: done in 0.000851236 secs using 1566% CPU
Identifying sites to remove: done in 0.000941843 secs using 1384% CPU
Identifying sites to remove: done in 0.000950955 secs using 1494% CPU
Identifying sites to remove: done in 0.00101134 secs using 1410% CPU
Identifying sites to remove: done in 0.00102451 secs using 1556% CPU
Identifying sites to remove: done in 0.00101992 secs using 1535% CPU
Identifying sites to remove: done in 0.00100546 secs using 1311% CPU
Identifying sites to remove: done in 0.00102718 secs using 1553% CPU
Identifying sites to remove: done in 0.00115623 secs using 1237% CPU
Identifying sites to remove: done in 0.00114395 secs using 1334% CPU
Identifying sites to remove: done in 0.00121771 secs using 1202% CPU
Identifying sites to remove: done in 0.00122631 secs using 1299% CPU
Identifying sites to remove: done in 0.00130853 secs using 1278% CPU
Identifying sites to remove: done in 0.000552915 secs using 99.29% CPU
Identifying sites to remove: done in 0.000751115 secs using 99.72% CPU
Identifying sites to remove: done in 0.000585541 secs using 3102% CPU
Identifying sites to remove: done in 0.000556178 secs using 2910% CPU
Identifying sites to remove: done in 0.000812821 secs using 3031% CPU
Identifying sites to remove: done in 0.000808761 secs using 2.761e+04% CPU
Identifying sites to remove: done in 0.000795893 secs using 2.764e+04% CPU
Identifying sites to remove: done in 0.00071881 secs using 3.003e+04% CPU
Identifying sites to remove: done in 0.000717789 secs using 2.946e+04% CPU
Identifying sites to remove: done in 0.00114625 secs using 1.807e+04% CPU
Identifying sites to remove: done in 0.000539377 secs using 1284% CPU
Identifying sites to remove: done in 0.000575438 secs using 1431% CPU
Identifying sites to remove: done in 0.000692561 secs using 978.4% CPU
Identifying sites to remove: done in 0.000813819 secs using 604.2% CPU
Identifying sites to remove: done in 0.000727117 secs using 223.6% CPU
Identifying sites to remove: done in 0.000639588 secs using 1293% CPU
Identifying sites to remove: done in 0.000559486 secs using 3.827e+04% CPU
Identifying sites to remove: done in 0.000662148 secs using 3.289e+04% CPU
Identifying sites to remove: done in 0.000528865 secs using 403.9% CPU
Identifying sites to remove: done in 0.000737846 secs using 569.6% CPU
Identifying sites to remove: done in 0.000836849 secs using 186.1% CPU
Identifying sites to remove: done in 0.000577785 secs using 2395% CPU
Identifying sites to remove: done in 0.000586033 secs using 5247% CPU
Identifying sites to remove: done in 0.00071457 secs using 6271% CPU
Identifying sites to remove: done in 0.000733472 secs using 2.173e+04% CPU
Identifying sites to remove: done in 0.000745088 secs using 2.363e+04% CPU
Identifying sites to remove: done in 0.000815675 secs using 1.855e+04% CPU
Identifying sites to remove: done in 0.000808991 secs using 1.76e+04% CPU
Identifying sites to remove: done in 0.000850081 secs using 2.046e+04% CPU
Identifying sites to remove: done in 0.000833809 secs using 1.736e+04% CPU
Identifying sites to remove: done in 0.000886738 secs using 1.902e+04% CPU
Identifying sites to remove: done in 0.00092417 secs using 1.598e+04% CPU
Identifying sites to remove: done in 0.000933595 secs using 1.752e+04% CPU
Identifying sites to remove: done in 0.000954799 secs using 1.667e+04% CPU
Identifying sites to remove: done in 0.00100902 secs using 1.556e+04% CPU
Identifying sites to remove: done in 0.00101082 secs using 1.533e+04% CPU
Identifying sites to remove: done in 0.00110202 secs using 1.571e+04% CPU
Identifying sites to remove: done in 0.000535108 secs using 291.2% CPU
Identifying sites to remove: done in 0.000482991 secs using 165.8% CPU
Identifying sites to remove: done in 0.000399634 secs using 2953% CPU
Identifying sites to remove: done in 0.000510961 secs using 3663% CPU
Identifying sites to remove: done in 0.000500582 secs using 3108% CPU
Identifying sites to remove: done in 0.000568934 secs using 1631% CPU
Identifying sites to remove: done in 0.000502475 secs using 1163% CPU
Identifying sites to remove: done in 0.000434078 secs using 486.1% CPU
Identifying sites to remove: done in 0.000385053 secs using 5.506e+04% CPU
Identifying sites to remove: done in 0.00078465 secs using 106% CPU
Identifying sites to remove: done in 0.00040473 secs using 1622% CPU
Identifying sites to remove: done in 0.000483654 secs using 1229% CPU
Identifying sites to remove: done in 0.000415184 secs using 395.7% CPU
Identifying sites to remove: done in 0.000471242 secs using 697.9% CPU
Identifying sites to remove: done in 0.000619642 secs using 811% CPU
Identifying sites to remove: done in 0.000447772 secs using 1221% CPU
Identifying sites to remove: done in 0.000343174 secs using 220.9% CPU
Identifying sites to remove: done in 0.000438653 secs using 782.4% CPU
Identifying sites to remove: done in 0.00039947 secs using 5.453e+04% CPU
Identifying sites to remove: done in 0.000483043 secs using 182.6% CPU
Identifying sites to remove: done in 0.000553735 secs using 261.1% CPU
Identifying sites to remove: done in 0.00254054 secs using 6523% CPU
Identifying sites to remove: done in 0.00271609 secs using 6216% CPU
Identifying sites to remove: done in 0.00270277 secs using 6087% CPU
Identifying sites to remove: done in 0.00269956 secs using 5986% CPU
Identifying sites to remove: done in 0.00274784 secs using 6068% CPU
Identifying sites to remove: done in 0.00288518 secs using 5653% CPU
Identifying sites to remove: done in 0.00293176 secs using 5548% CPU
Identifying sites to remove: done in 0.00294898 secs using 5677% CPU
Identifying sites to remove: done in 0.00301675 secs using 5363% CPU
Identifying sites to remove: done in 0.00304389 secs using 5216% CPU
Identifying sites to remove: done in 0.00347604 secs using 4610% CPU
Identifying sites to remove: done in 0.00406308 secs using 3818% CPU
Identifying sites to remove: done in 0.00404328 secs using 3690% CPU
Identifying sites to remove: done in 0.00408285 secs using 3701% CPU
Identifying sites to remove: done in 0.00417745 secs using 3810% CPU
Identifying sites to remove: done in 0.00428152 secs using 3804% CPU
Identifying sites to remove: done in 0.000669725 secs using 99.44% CPU
Identifying sites to remove: done in 0.000922255 secs using 99.54% CPU
Identifying sites to remove: done in 0.000714958 secs using 775% CPU
Identifying sites to remove: done in 0.000767507 secs using 753.6% CPU
Identifying sites to remove: done in 0.000911295 secs using 649% CPU
Identifying sites to remove: done in 0.00093326 secs using 623.3% CPU
Identifying sites to remove: done in 0.00104035 secs using 469.6% CPU
Identifying sites to remove: done in 0.00137019 secs using 618.6% CPU
Identifying sites to remove: done in 0.000819094 secs using 451.7% CPU
Identifying sites to remove: done in 0.000748567 secs using 164.2% CPU
Identifying sites to remove: done in 0.000713721 secs using 560.3% CPU
Identifying sites to remove: done in 0.00070633 secs using 548.5% CPU
Identifying sites to remove: done in 0.000802405 secs using 421.2% CPU
Identifying sites to remove: done in 0.0008232 secs using 317.9% CPU
Identifying sites to remove: done in 0.000706479 secs using 1234% CPU
Identifying sites to remove: done in 0.000968061 secs using 814.3% CPU
Identifying sites to remove: done in 0.000771411 secs using 299.8% CPU
Identifying sites to remove: done in 0.000853777 secs using 587.7% CPU
Identifying sites to remove: done in 0.000647068 secs using 739.3% CPU
Identifying sites to remove: done in 0.000956297 secs using 867.9% CPU
Identifying sites to remove: done in 0.000785865 secs using 737.4% CPU
Identifying sites to remove: done in 0.000451736 secs using 5486% CPU
Identifying sites to remove: done in 0.000467084 secs using 7311% CPU
Identifying sites to remove: done in 0.000514656 secs using 1973% CPU
Identifying sites to remove: done in 0.0005842 secs using 5756% CPU
Identifying sites to remove: done in 0.000579521 secs using 4193% CPU
Identifying sites to remove: done in 0.000587836 secs using 3221% CPU
Identifying sites to remove: done in 0.000636891 secs using 2141% CPU
Identifying sites to remove: done in 0.000570066 secs using 1526% CPU
Identifying sites to remove: done in 0.000571072 secs using 1183% CPU
Identifying sites to remove: done in 0.000590868 secs using 4810% CPU
Identifying sites to remove: done in 0.00058613 secs using 5132% CPU
Identifying sites to remove: done in 0.000642784 secs using 3662% CPU
Identifying sites to remove: done in 0.000715658 secs using 2503% CPU
Identifying sites to remove: done in 0.00071387 secs using 3043% CPU
Identifying sites to remove: done in 0.000874966 secs using 1871% CPU
Identifying sites to remove: done in 0.00083524 secs using 4021% CPU
Identifying sites to remove: done in 0.000268243 secs using 99.16% CPU
Identifying sites to remove: done in 0.000334822 secs using 99.46% CPU
Identifying sites to remove: done in 0.000317574 secs using 1912% CPU
Identifying sites to remove: done in 0.000301756 secs using 2136% CPU
Identifying sites to remove: done in 0.000287451 secs using 1237% CPU
Identifying sites to remove: done in 0.000300415 secs using 202.7% CPU
Identifying sites to remove: done in 0.000223994 secs using 1652% CPU
Identifying sites to remove: done in 0.000343643 secs using 3373% CPU
Identifying sites to remove: done in 0.000302762 secs using 5335% CPU
Identifying sites to remove: done in 0.00032375 secs using 6.268e+04% CPU
Identifying sites to remove: done in 0.000472777 secs using 4.462e+04% CPU
Identifying sites to remove: done in 0.000362173 secs using 5.497e+04% CPU
Identifying sites to remove: done in 0.000623167 secs using 3.332e+04% CPU
Identifying sites to remove: done in 0.000334188 secs using 356.4% CPU
Identifying sites to remove: done in 0.000324816 secs using 383.3% CPU
Identifying sites to remove: done in 0.00028415 secs using 947.7% CPU
Identifying sites to remove: done in 0.000232019 secs using 693.5% CPU
Identifying sites to remove: done in 0.000270493 secs using 170.4% CPU
Identifying sites to remove: done in 0.000244208 secs using 269.9% CPU
Identifying sites to remove: done in 0.000299953 secs using 826.8% CPU
Identifying sites to remove: done in 0.000347227 secs using 1210% CPU
Identifying sites to remove: done in 0.000274368 secs using 8852% CPU
Identifying sites to remove: done in 0.000301212 secs using 8535% CPU
Identifying sites to remove: done in 0.000302501 secs using 7916% CPU
Identifying sites to remove: done in 0.000299446 secs using 6794% CPU
Identifying sites to remove: done in 0.000355698 secs using 2217% CPU
Identifying sites to remove: done in 0.000392273 secs using 2311% CPU
Identifying sites to remove: done in 0.000390328 secs using 1395% CPU
Identifying sites to remove: done in 0.000404127 secs using 2595% CPU
Identifying sites to remove: done in 0.000403143 secs using 4521% CPU
Identifying sites to remove: done in 0.000414178 secs using 3300% CPU
Identifying sites to remove: done in 0.00040061 secs using 823.7% CPU
Identifying sites to remove: done in 0.000415042 secs using 5386% CPU
Identifying sites to remove: done in 0.00040888 secs using 3885% CPU
Identifying sites to remove: done in 0.000144303 secs using 99.1% CPU
Identifying sites to remove: done in 0.000188008 secs using 98.93% CPU
Identifying sites to remove: done in 0.000147156 secs using 1965% CPU
Identifying sites to remove: done in 0.000159681 secs using 2586% CPU
Identifying sites to remove: done in 0.000163086 secs using 2028% CPU
Identifying sites to remove: done in 0.000220254 secs using 2184% CPU
Identifying sites to remove: done in 0.000173077 secs using 212% CPU
Identifying sites to remove: done in 0.000274211 secs using 791% CPU
Identifying sites to remove: done in 0.00013379 secs using 3190% CPU
Identifying sites to remove: done in 0.000207454 secs using 2999% CPU
Identifying sites to remove: done in 0.000149012 secs using 3025% CPU
Identifying sites to remove: done in 0.000177957 secs using 1467% CPU
Identifying sites to remove: done in 0.000143856 secs using 1758% CPU
Identifying sites to remove: done in 0.000180736 secs using 1442% CPU
Identifying sites to remove: done in 0.000127509 secs using 2065% CPU
Identifying sites to remove: done in 0.000175871 secs using 141.6% CPU
Identifying sites to remove: done in 0.000187688 secs using 1828% CPU
Identifying sites to remove: done in 0.000219032 secs using 2934% CPU
Identifying sites to remove: done in 0.000179298 secs using 322.4% CPU
Identifying sites to remove: done in 0.000468761 secs using 4.711e+04% CPU
Identifying sites to remove: done in 0.000475928 secs using 4.721e+04% CPU
Identifying sites to remove: done in 0.000504918 secs
Identifying sites to remove: done in 0.000510402 secs using 4.25e+04% CPU
Identifying sites to remove: done in 0.000522338 secs
Identifying sites to remove: done in 0.000505358 secs
Identifying sites to remove: done in 0.000549555 secs
Identifying sites to remove: done in 0.000586681 secs
Identifying sites to remove: done in 0.000593282 secs using 3.591e+04% CPU
Identifying sites to remove: done in 0.00062234 secs
Identifying sites to remove: done in 0.00063359 secs
Identifying sites to remove: done in 0.000624351 secs
Identifying sites to remove: done in 0.000627629 secs
Identifying sites to remove: done in 0.000702806 secs
Identifying sites to remove: done in 0.00070636 secs
Identifying sites to remove: done in 0.000763066 secs
Identifying sites to remove: done in 0.000323631 secs
Identifying sites to remove: done in 0.000450805 secs using 5.028e+04% CPU
Identifying sites to remove: done in 0.000272393 secs using 99.12% CPU
Identifying sites to remove: done in 0.000324845 secs using 1372% CPU
Identifying sites to remove: done in 0.000365317 secs using 870.2% CPU
Identifying sites to remove: done in 0.000390761 secs using 1320% CPU
Identifying sites to remove: done in 0.000311017 secs using 1005% CPU
Identifying sites to remove: done in 0.000323147 secs using 947.2% CPU
Identifying sites to remove: done in 0.000440992 secs using 799.3% CPU
Identifying sites to remove: done in 0.000641145 secs using 1696% CPU
Identifying sites to remove: done in 0.000373967 secs using 3883% CPU
Identifying sites to remove: done in 0.000382587 secs using 2172% CPU
Identifying sites to remove: done in 0.000454292 secs using 2595% CPU
Identifying sites to remove: done in 0.000443108 secs using 404.9% CPU
Identifying sites to remove: done in 0.000555806 secs using 1650% CPU
Identifying sites to remove: done in 0.000398576 secs using 4.981e+04% CPU
Identifying sites to remove: done in 0.000307739 secs using 280.8% CPU
Identifying sites to remove: done in 0.000365235 secs using 192.2% CPU
Identifying sites to remove: done in 0.000313357 secs using 99.25% CPU
Identifying sites to remove: done in 0.000384346 secs using 653.1% CPU
Identifying sites to remove: done in 0.000445791 secs using 181.9% CPU
Identifying sites to remove: done in 0.00147521 secs using 1759% CPU
Identifying sites to remove: done in 0.00155037 secs using 1586% CPU
Identifying sites to remove: done in 0.00163779 secs using 1776% CPU
Identifying sites to remove: done in 0.00162762 secs using 1711% CPU
Identifying sites to remove: done in 0.00167416 secs using 1692% CPU
Identifying sites to remove: done in 0.00170492 secs using 1580% CPU
Identifying sites to remove: done in 0.00173222 secs using 1508% CPU
Identifying sites to remove: done in 0.0017502 secs using 1733% CPU
Identifying sites to remove: done in 0.00173497 secs using 1527% CPU
Identifying sites to remove: done in 0.00182107 secs using 1438% CPU
Identifying sites to remove: done in 0.00202866 secs using 1441% CPU
Identifying sites to remove: done in 0.00208525 secs using 1464% CPU
Identifying sites to remove: done in 0.00212938 secs using 1425% CPU
Identifying sites to remove: done in 0.00216839 secs using 1475% CPU
Identifying sites to remove: done in 0.00222 secs using 1359% CPU
Identifying sites to remove: done in 0.00145123 secs using 99.71% CPU
Identifying sites to remove: done in 0.0126825 secs using 5602% CPU
Identifying sites to remove: done in 0.00282482 secs using 106.3% CPU
Identifying sites to remove: done in 0.00115825 secs using 260.4% CPU
Identifying sites to remove: done in 0.0014144 secs using 142.3% CPU
Identifying sites to remove: done in 0.00156543 secs using 1.498e+04% CPU
Identifying sites to remove: done in 0.0015289 secs using 1.51e+04% CPU
Identifying sites to remove: done in 0.00186171 secs using 1.229e+04% CPU
Identifying sites to remove: done in 0.00193207 secs using 1.166e+04% CPU
Identifying sites to remove: done in 0.00200326 secs using 1.106e+04% CPU
Identifying sites to remove: done in 0.00267927 secs using 365.5% CPU
Identifying sites to remove: done in 0.00145159 secs using 1.558e+04% CPU
Identifying sites to remove: done in 0.00150291 secs using 1.49e+04% CPU
Identifying sites to remove: done in 0.00169849 secs using 421.8% CPU
Identifying sites to remove: done in 0.0015485 secs using 298.9% CPU
Identifying sites to remove: done in 0.00205436 secs using 333.8% CPU
Identifying sites to remove: done in 0.00139739 secs using 1.555e+04% CPU
Identifying sites to remove: done in 0.00163131 secs using 1.294e+04% CPU
Identifying sites to remove: done in 0.00168937 secs using 1.271e+04% CPU
Identifying sites to remove: done in 0.00128672 secs using 343% CPU
Identifying sites to remove: done in 0.00170323 secs using 325.4% CPU
Identifying sites to remove: done in 0.00207193 secs using 1.062e+04% CPU
Identifying sites to remove: done in 0.000278912 secs using 3190% CPU
Identifying sites to remove: done in 0.000350393 secs using 3655% CPU
Identifying sites to remove: done in 0.000355825 secs using 4545% CPU
Identifying sites to remove: done in 0.000367776 secs using 7064% CPU
Identifying sites to remove: done in 0.000362873 secs using 5401% CPU
Identifying sites to remove: done in 0.000360265 secs using 7999% CPU
Identifying sites to remove: done in 0.000356264 secs using 2769% CPU
Identifying sites to remove: done in 0.000493623 secs using 2117% CPU
Identifying sites to remove: done in 0.000490353 secs using 2100% CPU
Identifying sites to remove: done in 0.000370406 secs using 6261% CPU
Identifying sites to remove: done in 0.000583239 secs using 1258% CPU
Identifying sites to remove: done in 0.000371076 secs using 8707% CPU
Identifying sites to remove: done in 0.000368409 secs using 3695% CPU
Identifying sites to remove: done in 0.000672758 secs using 663.1% CPU
Identifying sites to remove: done in 0.000152901 secs using 232.2% CPU
Identifying sites to remove: done in 0.000155926 secs using 520.1% CPU
Identifying sites to remove: done in 0.000193208 secs using 662% CPU
Identifying sites to remove: done in 0.000164621 secs using 559.5% CPU
Identifying sites to remove: done in 0.000132784 secs using 165.7% CPU
Identifying sites to remove: done in 0.000189237 secs using 98.82% CPU
Identifying sites to remove: done in 0.000108562 secs using 3580% CPU
Identifying sites to remove: done in 0.000145689 secs using 203.9% CPU
Identifying sites to remove: done in 0.000250347 secs using 1310% CPU
Identifying sites to remove: done in 0.000123762 secs using 4003% CPU
Identifying sites to remove: done in 0.000131063 secs using 3978% CPU
Identifying sites to remove: done in 0.000176311 secs using 3144% CPU
Identifying sites to remove: done in 0.000240207 secs using 1729% CPU
Identifying sites to remove: done in 0.00016547 secs using 314.9% CPU
Identifying sites to remove: done in 0.000206329 secs using 1142% CPU
Identifying sites to remove: done in 0.000140622 secs using 98.14% CPU
Identifying sites to remove: done in 0.000188194 secs using 98.83% CPU
Identifying sites to remove: done in 0.000649236 secs using 3.032e+04% CPU
Identifying sites to remove: done in 0.000699498 secs using 3.257e+04% CPU
Identifying sites to remove: done in 0.000729278 secs using 2.45e+04% CPU
Identifying sites to remove: done in 0.000754133 secs using 2.981e+04% CPU
Identifying sites to remove: done in 0.000780247 secs using 2.641e+04% CPU
Identifying sites to remove: done in 0.00077492 secs using 2.311e+04% CPU
Identifying sites to remove: done in 0.000782266 secs using 2.34e+04% CPU
Identifying sites to remove: done in 0.000864469 secs using 2.571e+04% CPU
Identifying sites to remove: done in 0.000865825 secs using 2.524e+04% CPU
Identifying sites to remove: done in 0.000883996 secs using 2.387e+04% CPU
Identifying sites to remove: done in 0.000932261 secs using 2.311e+04% CPU
Identifying sites to remove: done in 0.000932381 secs using 2.105e+04% CPU
Identifying sites to remove: done in 0.000936739 secs using 2.179e+04% CPU
Identifying sites to remove: done in 0.000934847 secs using 2.142e+04% CPU
Identifying sites to remove: done in 0.000970669 secs using 1.984e+04% CPU
Identifying sites to remove: done in 0.000972204 secs using 1.942e+04% CPU
Identifying sites to remove: done in 0.000573225 secs using 373.3% CPU
Identifying sites to remove: done in 0.000740737 secs using 160.5% CPU
Identifying sites to remove: done in 0.000543207 secs using 1154% CPU
Identifying sites to remove: done in 0.00050205 secs using 1048% CPU
Identifying sites to remove: done in 0.000589781 secs using 1330% CPU
Identifying sites to remove: done in 0.000649303 secs using 765.4% CPU
Identifying sites to remove: done in 0.000672929 secs using 1076% CPU
Identifying sites to remove: done in 0.000728592 secs using 1301% CPU
Identifying sites to remove: done in 0.000608712 secs using 619.7% CPU
Identifying sites to remove: done in 0.000976071 secs using 419.1% CPU
Identifying sites to remove: done in 0.000602208 secs using 1299% CPU
Identifying sites to remove: done in 0.00054162 secs using 848.8% CPU
Identifying sites to remove: done in 0.000840001 secs using 2.519e+04% CPU
Identifying sites to remove: done in 0.00070522 secs using 603.1% CPU
Identifying sites to remove: done in 0.000635237 secs using 607% CPU
Identifying sites to remove: done in 0.000637084 secs using 545.9% CPU
Identifying sites to remove: done in 0.000629358 secs using 482.1% CPU
Identifying sites to remove: done in 0.00052274 secs using 309.7% CPU
Identifying sites to remove: done in 0.000634298 secs using 99.64% CPU
Identifying sites to remove: done in 0.000664413 secs using 3.316e+04% CPU
Identifying sites to remove: done in 0.000754394 secs using 2.87e+04% CPU
Identifying sites to remove: done in 0.000258066 secs using 5492% CPU
Identifying sites to remove: done in 0.000258401 secs using 4277% CPU
Identifying sites to remove: done in 0.000260308 secs using 4891% CPU
Identifying sites to remove: done in 0.000261381 secs using 3664% CPU
Identifying sites to remove: done in 0.000397459 secs using 2095% CPU
Identifying sites to remove: done in 0.000400022 secs using 1718% CPU
Identifying sites to remove: done in 0.000402533 secs using 1347% CPU
Identifying sites to remove: done in 0.000500582 secs using 512.2% CPU
Identifying sites to remove: done in 0.000570655 secs using 780.2% CPU
Identifying sites to remove: done in 0.000126079 secs using 2235% CPU
Identifying sites to remove: done in 0.000129342 secs using 191.7% CPU
Identifying sites to remove: done in 7.71135e-05 secs using 5299% CPU
Identifying sites to remove: done in 0.000102252 secs using 4391% CPU
Identifying sites to remove: done in 8.6762e-05 secs using 7284% CPU
Identifying sites to remove: done in 0.000182196 secs using 5039% CPU
Identifying sites to remove: done in 0.000112921 secs using 4117% CPU
Identifying sites to remove: done in 9.19998e-05 secs using 287% CPU
Identifying sites to remove: done in 0.000133477 secs using 3610% CPU
Identifying sites to remove: done in 9.0152e-05 secs using 1368% CPU
Identifying sites to remove: done in 0.000127114 secs using 6396% CPU
Identifying sites to remove: done in 0.000101388 secs using 3556% CPU
Identifying sites to remove: done in 0.000152066 secs using 3329% CPU
Identifying sites to remove: done in 0.000149749 secs using 277.1% CPU
Identifying sites to remove: done in 0.000119179 secs using 98.17% CPU
Identifying sites to remove: done in 0.000545047 secs using 3.153e+04% CPU
Identifying sites to remove: done in 0.000525303 secs using 2.447e+04% CPU
Identifying sites to remove: done in 0.000573561 secs using 2.951e+04% CPU
Identifying sites to remove: done in 0.000584394 secs using 2.652e+04% CPU
Identifying sites to remove: done in 0.000607692 secs using 2.732e+04% CPU
Identifying sites to remove: done in 0.000641748 secs using 2.479e+04% CPU
Identifying sites to remove: done in 0.000595391 secs using 2.173e+04% CPU
Identifying sites to remove: done in 0.000686027 secs using 2.376e+04% CPU
Identifying sites to remove: done in 0.000679828 secs using 2.185e+04% CPU
Identifying sites to remove: done in 0.000701912 secs using 2.018e+04% CPU
Identifying sites to remove: done in 0.000697233 secs using 1.924e+04% CPU
Identifying sites to remove: done in 0.000647984 secs using 2.005e+04% CPU
Identifying sites to remove: done in 0.000741161 secs using 1.963e+04% CPU
Identifying sites to remove: done in 0.00076139 secs using 1.718e+04% CPU
Identifying sites to remove: done in 0.000784338 secs using 1.763e+04% CPU
Identifying sites to remove: done in 0.000828527 secs using 1.849e+04% CPU
Identifying sites to remove: done in 0.000334732 secs using 98.89% CPU
Identifying sites to remove: done in 0.000426367 secs using 99.44% CPU
Identifying sites to remove: done in 0.000338048 secs using 2796% CPU
Identifying sites to remove: done in 0.000438035 secs using 2361% CPU
Identifying sites to remove: done in 0.000448436 secs using 2437% CPU
Identifying sites to remove: done in 0.000347257 secs using 2177% CPU
Identifying sites to remove: done in 0.000341199 secs using 1331% CPU
Identifying sites to remove: done in 0.000510149 secs using 1615% CPU
Identifying sites to remove: done in 0.000386916 secs using 1142% CPU
Identifying sites to remove: done in 0.000662677 secs using 3.136e+04% CPU
Identifying sites to remove: done in 0.000380889 secs using 342.1% CPU
Identifying sites to remove: done in 0.000349984 secs using 152.9% CPU
Identifying sites to remove: done in 0.000355452 secs using 1889% CPU
Identifying sites to remove: done in 0.000363402 secs using 941.7% CPU
Identifying sites to remove: done in 0.00036788 secs using 1401% CPU
Identifying sites to remove: done in 0.000566661 secs using 1927% CPU
Identifying sites to remove: done in 0.000464275 secs using 877.3% CPU
Identifying sites to remove: done in 0.000317812 secs using 170.9% CPU
Identifying sites to remove: done in 0.000416063 secs using 5.214e+04% CPU
Identifying sites to remove: done in 0.000429943 secs using 199.1% CPU
Identifying sites to remove: done in 0.000551201 secs using 283% CPU
Identifying sites to remove: done in 0.000391252 secs using 6328% CPU
Identifying sites to remove: done in 0.000401735 secs using 6985% CPU
Identifying sites to remove: done in 0.00046397 secs using 9215% CPU
Identifying sites to remove: done in 0.000505202 secs using 5068% CPU
Identifying sites to remove: done in 0.000512861 secs using 6176% CPU
Identifying sites to remove: done in 0.000518233 secs using 7826% CPU
Identifying sites to remove: done in 0.000553004 secs using 976.1% CPU
Identifying sites to remove: done in 0.000516579 secs using 7272% CPU
Identifying sites to remove: done in 0.000511959 secs using 6729% CPU
Identifying sites to remove: done in 0.000633828 secs using 3252% CPU
Identifying sites to remove: done in 0.00063052 secs using 1881% CPU
Identifying sites to remove: done in 0.000630647 secs using 1439% CPU
Identifying sites to remove: done in 0.000642769 secs using 3808% CPU
Identifying sites to remove: done in 0.000637196 secs using 2872% CPU
Identifying sites to remove: done in 0.000753403 secs using 2092% CPU
Identifying sites to remove: done in 0.000189133 secs using 99.4% CPU
Identifying sites to remove: done in 0.000182204 secs using 2164% CPU
Identifying sites to remove: done in 0.000202313 secs using 2137% CPU
Identifying sites to remove: done in 0.000194252 secs using 1259% CPU
Identifying sites to remove: done in 0.000168964 secs using 231.4% CPU
Identifying sites to remove: done in 0.00026685 secs using 99.31% CPU
Identifying sites to remove: done in 0.000189357 secs using 98.76% CPU
Identifying sites to remove: done in 0.00023558 secs using 5039% CPU
Identifying sites to remove: done in 0.000226922 secs using 4074% CPU
Identifying sites to remove: done in 0.000188567 secs using 465.1% CPU
Identifying sites to remove: done in 0.000198901 secs using 1910% CPU
Identifying sites to remove: done in 0.000296578 secs using 2249% CPU
Identifying sites to remove: done in 0.000164308 secs using 2047% CPU
Identifying sites to remove: done in 0.000160918 secs using 197.6% CPU
Identifying sites to remove: done in 0.00020276 secs using 98.64% CPU
Identifying sites to remove: done in 0.000235006 secs using 7.971e+04% CPU
Identifying sites to remove: done in 0.000157773 secs using 243.4% CPU
Identifying sites to remove: done in 0.000600852 secs using 3437% CPU
Identifying sites to remove: done in 0.000625707 secs using 1355% CPU
Identifying sites to remove: done in 0.000674337 secs using 6999% CPU
Identifying sites to remove: done in 0.000670552 secs using 5629% CPU
Identifying sites to remove: done in 0.000669293 secs using 2764% CPU
Identifying sites to remove: done in 0.000668593 secs using 2783% CPU
Identifying sites to remove: done in 0.000667326 secs using 6118% CPU
Identifying sites to remove: done in 0.000748888 secs using 5971% CPU
Identifying sites to remove: done in 0.000715606 secs using 2184% CPU
Identifying sites to remove: done in 0.000811018 secs using 1173% CPU
Identifying sites to remove: done in 0.000928104 secs using 1.844e+04% CPU
Identifying sites to remove: done in 0.000955053 secs using 1.999e+04% CPU
Identifying sites to remove: done in 0.000950612 secs using 1.94e+04% CPU
Identifying sites to remove: done in 0.000948705 secs using 1.976e+04% CPU
Identifying sites to remove: done in 0.00105695 secs using 1.838e+04% CPU
Identifying sites to remove: done in 0.000482418 secs using 99.08% CPU
Identifying sites to remove: done in 0.000476629 secs using 207.1% CPU
Identifying sites to remove: done in 0.000433624 secs using 182% CPU
Identifying sites to remove: done in 0.000513792 secs using 799% CPU
Identifying sites to remove: done in 0.000566043 secs using 945.2% CPU
Identifying sites to remove: done in 0.000671282 secs using 978.3% CPU
Identifying sites to remove: done in 0.000643067 secs using 838% CPU
Identifying sites to remove: done in 0.000521809 secs using 267.5% CPU
Identifying sites to remove: done in 0.00100932 secs using 379.1% CPU
Identifying sites to remove: done in 0.000506446 secs using 2237% CPU
Identifying sites to remove: done in 0.000501581 secs using 1802% CPU
Identifying sites to remove: done in 0.000754178 secs using 2.774e+04% CPU
Identifying sites to remove: done in 0.00069005 secs using 2.93e+04% CPU
Identifying sites to remove: done in 0.000606373 secs using 3.257e+04% CPU
Identifying sites to remove: done in 0.000593282 secs using 701.4% CPU
Identifying sites to remove: done in 0.000583127 secs using 643.1% CPU
Identifying sites to remove: done in 0.000495791 secs using 517.6% CPU
Identifying sites to remove: done in 0.000565 secs using 283.4% CPU
Identifying sites to remove: done in 0.000587918 secs using 99.33% CPU
Identifying sites to remove: done in 0.000695236 secs using 3.037e+04% CPU
Identifying sites to remove: done in 0.000756271 secs using 2.744e+04% CPU
Identifying sites to remove: done in 0.000596099 secs using 660.6% CPU
Identifying sites to remove: done in 0.000311345 secs using 8211% CPU
Identifying sites to remove: done in 0.000305437 secs using 2721% CPU
Identifying sites to remove: done in 0.000317648 secs using 7567% CPU
Identifying sites to remove: done in 0.000422545 secs using 3483% CPU
Identifying sites to remove: done in 0.000427656 secs using 3911% CPU
Identifying sites to remove: done in 0.000425309 secs using 4710% CPU
Identifying sites to remove: done in 0.000434011 secs using 4288% CPU
Identifying sites to remove: done in 0.000533804 secs using 1878% CPU
Identifying sites to remove: done in 0.000578754 secs using 1119% CPU
Identifying sites to remove: done in 0.000604413 secs using 2421% CPU
Identifying sites to remove: done in 0.000439711 secs using 5035% CPU
Identifying sites to remove: done in 0.000584364 secs using 887.1% CPU
Identifying sites to remove: done in 0.000427112 secs using 5414% CPU
Identifying sites to remove: done in 0.000602223 secs using 1594% CPU
Identifying sites to remove: done in 0.000597313 secs using 2658% CPU
Identifying sites to remove: done in 0.000604488 secs using 2169% CPU
Identifying sites to remove: done in 0.000135191 secs using 98.38% CPU
Identifying sites to remove: done in 0.000128865 secs using 99.33% CPU
Identifying sites to remove: done in 0.000151917 secs using 570.7% CPU
Identifying sites to remove: done in 0.000150651 secs using 783.9% CPU
Identifying sites to remove: done in 0.000146687 secs using 571.3% CPU
Identifying sites to remove: done in 0.000145033 secs using 257.2% CPU
Identifying sites to remove: done in 0.000155061 secs using 1982% CPU
Identifying sites to remove: done in 0.000144765 secs using 971.2% CPU
Identifying sites to remove: done in 0.000168405 secs using 1008% CPU
Identifying sites to remove: done in 0.000252046 secs using 1896% CPU
Identifying sites to remove: done in 0.00017561 secs using 1617% CPU
Identifying sites to remove: done in 0.000190094 secs using 890.6% CPU
Identifying sites to remove: done in 0.000198781 secs using 243% CPU
Identifying sites to remove: done in 0.000186533 secs using 1743% CPU
Identifying sites to remove: done in 0.00013604 secs using 1358% CPU
Identifying sites to remove: done in 0.000134334 secs using 334.2% CPU
Identifying sites to remove: done in 0.000124283 secs using 1545% CPU
Identifying sites to remove: done in 0.000154443 secs using 2582% CPU
Identifying sites to remove: done in 0.000153705 secs using 1434% CPU
Identifying sites to remove: done in 0.000169866 secs using 242.5% CPU
Identifying sites to remove: done in 0.000156641 secs using 98.95% CPU
Identifying sites to remove: done in 0.0010601 secs using 4518% CPU
Identifying sites to remove: done in 0.00118282 secs using 3954% CPU
Identifying sites to remove: done in 0.00123712 secs using 4284% CPU
Identifying sites to remove: done in 0.001212 secs using 2189% CPU
Identifying sites to remove: done in 0.00123051 secs using 3679% CPU
Identifying sites to remove: done in 0.00122923 secs using 3252% CPU
Identifying sites to remove: done in 0.0013416 secs using 2815% CPU
Identifying sites to remove: done in 0.00135776 secs using 3197% CPU
Identifying sites to remove: done in 0.00133657 secs using 2433% CPU
Identifying sites to remove: done in 0.00133733 secs using 2236% CPU
Identifying sites to remove: done in 0.00170737 secs using 1.17e+04% CPU
Identifying sites to remove: done in 0.00281936 secs using 6695% CPU
Identifying sites to remove: done in 0.00278199 secs using 6554% CPU
Identifying sites to remove: done in 0.00302147 secs using 6147% CPU
Identifying sites to remove: done in 0.00278123 secs using 6453% CPU
Identifying sites to remove: done in 0.000602253 secs using 280.4% CPU
Identifying sites to remove: done in 0.000699483 secs using 182.1% CPU
Identifying sites to remove: done in 0.000641599 secs using 99.28% CPU
Identifying sites to remove: done in 0.000657782 secs using 2218% CPU
Identifying sites to remove: done in 0.000759929 secs using 2555% CPU
Identifying sites to remove: done in 0.0006634 secs using 2008% CPU
Identifying sites to remove: done in 0.000846364 secs using 2003% CPU
Identifying sites to remove: done in 0.000885926 secs using 2.41e+04% CPU
Identifying sites to remove: done in 0.000758879 secs using 2.705e+04% CPU
Identifying sites to remove: done in 0.000906721 secs using 229.5% CPU
Identifying sites to remove: done in 0.00145009 secs using 1.45e+04% CPU
Identifying sites to remove: done in 0.0007082 secs using 346.1% CPU
Identifying sites to remove: done in 0.0007516 secs using 182.9% CPU
Identifying sites to remove: done in 0.000642776 secs using 745.8% CPU
Identifying sites to remove: done in 0.000739992 secs using 1048% CPU
Identifying sites to remove: done in 0.000745341 secs using 218.6% CPU
Identifying sites to remove: done in 0.000785492 secs using 2.704e+04% CPU
Identifying sites to remove: done in 0.000931613 secs using 364.9% CPU
Identifying sites to remove: done in 0.000754029 secs using 153.4% CPU
Identifying sites to remove: done in 0.000814483 secs using 588% CPU
Identifying sites to remove: done in 0.000759199 secs using 498.3% CPU
Identifying sites to remove: done in 0.000907473 secs using 638.9% CPU
Identifying sites to remove: done in 0.000444442 secs using 5218% CPU
Identifying sites to remove: done in 0.000485338 secs using 1220% CPU
Identifying sites to remove: done in 0.000452787 secs using 1222% CPU
Identifying sites to remove: done in 0.000509366 secs using 1959% CPU
Identifying sites to remove: done in 0.000520304 secs using 4404% CPU
Identifying sites to remove: done in 0.000512198 secs using 2684% CPU
Identifying sites to remove: done in 0.000556648 secs using 1155% CPU
Identifying sites to remove: done in 0.000631958 secs using 2621% CPU
Identifying sites to remove: done in 0.000529356 secs using 4050% CPU
Identifying sites to remove: done in 0.000659898 secs using 1058% CPU
Identifying sites to remove: done in 0.000687353 secs using 1073% CPU
Identifying sites to remove: done in 0.000525087 secs using 3724% CPU
Identifying sites to remove: done in 0.000514969 secs using 2329% CPU
Identifying sites to remove: done in 0.000509329 secs using 1606% CPU
Identifying sites to remove: done in 0.000521079 secs using 3385% CPU
Identifying sites to remove: done in 0.000349857 secs using 99.47% CPU
Identifying sites to remove: done in 0.000272743 secs using 1260% CPU
Identifying sites to remove: done in 0.000331931 secs using 180.8% CPU
Identifying sites to remove: done in 0.000217743 secs using 98.74% CPU
Identifying sites to remove: done in 0.000210039 secs using 508% CPU
Identifying sites to remove: done in 0.000316337 secs using 627.5% CPU
Identifying sites to remove: done in 0.000309773 secs using 606.9% CPU
Identifying sites to remove: done in 0.000336975 secs using 586.4% CPU
Identifying sites to remove: done in 0.000373676 secs using 582.3% CPU
Identifying sites to remove: done in 0.000438549 secs using 474.3% CPU
Identifying sites to remove: done in 0.000280276 secs using 259.7% CPU
Identifying sites to remove: done in 0.000614144 secs using 734.4% CPU
Identifying sites to remove: done in 0.000328638 secs using 110.8% CPU
Identifying sites to remove: done in 0.000216693 secs using 1070% CPU
Identifying sites to remove: done in 0.000276223 secs using 1502% CPU
Identifying sites to remove: done in 0.000256643 secs using 981.5% CPU
Identifying sites to remove: done in 0.000263952 secs using 1009% CPU
Identifying sites to remove: done in 0.000283584 secs using 1881% CPU
Identifying sites to remove: done in 0.000280693 secs using 1114% CPU
Identifying sites to remove: done in 0.000324219 secs using 228.2% CPU
Identifying sites to remove: done in 0.000226617 secs using 98.85% CPU
Identifying sites to remove: done in 0.000217445 secs using 98.88% CPU
Identifying sites to remove: done in 0.000464775 secs using 2502% CPU
Identifying sites to remove: done in 0.00046517 secs using 2412% CPU
Identifying sites to remove: done in 0.00052616 secs using 2181% CPU
Identifying sites to remove: done in 0.000535063 secs using 2392% CPU
Identifying sites to remove: done in 0.00059218 secs using 1911% CPU
Identifying sites to remove: done in 0.000595696 secs using 1990% CPU
Identifying sites to remove: done in 0.000592649 secs using 1838% CPU
Identifying sites to remove: done in 0.000640877 secs using 1322% CPU
Identifying sites to remove: done in 0.000649877 secs using 1589% CPU
Identifying sites to remove: done in 0.000643387 secs using 1282% CPU
Identifying sites to remove: done in 0.000653684 secs using 1544% CPU
Identifying sites to remove: done in 0.000653669 secs using 1609% CPU
Identifying sites to remove: done in 0.000641428 secs using 1183% CPU
Identifying sites to remove: done in 0.000718459 secs using 1344% CPU
Identifying sites to remove: done in 0.000835344 secs using 1384% CPU
Identifying sites to remove: done in 0.000310846 secs using 992.5% CPU
Identifying sites to remove: done in 0.000382155 secs using 5.349e+04% CPU
Identifying sites to remove: done in 0.000322871 secs using 993.9% CPU
Identifying sites to remove: done in 0.000513032 secs using 1412% CPU
Identifying sites to remove: done in 0.000413336 secs using 1929% CPU
Identifying sites to remove: done in 0.000690557 secs using 1725% CPU
Identifying sites to remove: done in 0.000352323 secs using 303.4% CPU
Identifying sites to remove: done in 0.000468619 secs using 1020% CPU
Identifying sites to remove: done in 0.000346184 secs using 204.5% CPU
Identifying sites to remove: done in 0.000352666 secs using 497.6% CPU
Identifying sites to remove: done in 0.000533216 secs using 678.3% CPU
Identifying sites to remove: done in 0.000495613 secs using 645.1% CPU
Identifying sites to remove: done in 0.000373252 secs using 1141% CPU
Identifying sites to remove: done in 0.000511684 secs using 735.6% CPU
Identifying sites to remove: done in 0.000408486 secs using 601.7% CPU
Identifying sites to remove: done in 0.000391059 secs using 232.4% CPU
Identifying sites to remove: done in 0.000379123 secs using 99.18% CPU
Identifying sites to remove: done in 0.000413828 secs using 99.32% CPU
Identifying sites to remove: done in 0.000409573 secs using 193.6% CPU
Identifying sites to remove: done in 0.000468828 secs using 885.6% CPU
Identifying sites to remove: done in 0.000328742 secs using 99.47% CPU
Identifying sites to remove: done in 0.000274487 secs using 2095% CPU
Identifying sites to remove: done in 0.000872493 secs using 1390% CPU
Identifying sites to remove: done in 0.000915609 secs using 1382% CPU
Identifying sites to remove: done in 0.000951551 secs using 3096% CPU
Identifying sites to remove: done in 0.000945248 secs using 2910% CPU
Identifying sites to remove: done in 0.00098931 secs using 1835% CPU
Identifying sites to remove: done in 0.00103538 secs using 1587% CPU
Identifying sites to remove: done in 0.00098443 secs using 1830% CPU
Identifying sites to remove: done in 0.00105987 secs using 1524% CPU
Identifying sites to remove: done in 0.00100486 secs using 1333% CPU
Identifying sites to remove: done in 0.0011482 secs using 1255% CPU
Identifying sites to remove: done in 0.00115121 secs using 1465% CPU
Identifying sites to remove: done in 0.00117178 secs using 2156% CPU
Identifying sites to remove: done in 0.00123365 secs using 1923% CPU
Identifying sites to remove: done in 0.00126215 secs using 2197% CPU
Identifying sites to remove: done in 0.00131736 secs using 1662% CPU
Identifying sites to remove: done in 0.000949666 secs using 99.72% CPU
Identifying sites to remove: done in 0.00071688 secs using 99.32% CPU
Identifying sites to remove: done in 0.000804268 secs using 2.716e+04% CPU
Identifying sites to remove: done in 0.000919372 secs using 5521% CPU
Identifying sites to remove: done in 0.000925176 secs using 770.2% CPU
Identifying sites to remove: done in 0.000927903 secs using 746.7% CPU
Identifying sites to remove: done in 0.00105317 secs using 748.1% CPU
Identifying sites to remove: done in 0.00105918 secs using 676.7% CPU
Identifying sites to remove: done in 0.00161989 secs using 553.9% CPU
Identifying sites to remove: done in 0.00109445 secs using 401.3% CPU
Identifying sites to remove: done in 0.000720456 secs using 550.1% CPU
Identifying sites to remove: done in 0.000729539 secs using 172.2% CPU
Identifying sites to remove: done in 0.000762284 secs using 581.3% CPU
Identifying sites to remove: done in 0.000894725 secs using 717.4% CPU
Identifying sites to remove: done in 0.00108064 secs using 815.7% CPU
Identifying sites to remove: done in 0.000880972 secs using 805.8% CPU
Identifying sites to remove: done in 0.000897489 secs using 607.6% CPU
Identifying sites to remove: done in 0.000898786 secs using 419.5% CPU
Identifying sites to remove: done in 0.000748567 secs using 99.79% CPU
Identifying sites to remove: done in 0.000901759 secs using 861.8% CPU
Identifying sites to remove: done in 0.000877514 secs using 227.8% CPU
Identifying sites to remove: done in 0.000996366 secs using 379.3% CPU
Identifying sites to remove: done in 0.000387311 secs using 8041% CPU
Identifying sites to remove: done in 0.000386789 secs using 6965% CPU
Identifying sites to remove: done in 0.000488363 secs using 6984% CPU
Identifying sites to remove: done in 0.000481531 secs using 6200% CPU
Identifying sites to remove: done in 0.00053747 secs using 4952% CPU
Identifying sites to remove: done in 0.000522673 secs using 1195% CPU
Identifying sites to remove: done in 0.000577368 secs using 2738% CPU
Identifying sites to remove: done in 0.000572346 secs using 1553% CPU
Identifying sites to remove: done in 0.000643916 secs using 2121% CPU
Identifying sites to remove: done in 0.000577033 secs using 4265% CPU
Identifying sites to remove: done in 0.000684522 secs using 1023% CPU
Identifying sites to remove: done in 0.000700042 secs using 2974% CPU
Identifying sites to remove: done in 0.000697307 secs using 1714% CPU
Identifying sites to remove: done in 0.000702783 secs using 3337% CPU
Identifying sites to remove: done in 0.000803269 secs using 2387% CPU
Identifying sites to remove: done in 0.000242375 secs using 292.1% CPU
Identifying sites to remove: done in 0.000324182 secs using 157.9% CPU
Identifying sites to remove: done in 0.000267319 secs using 99.51% CPU
Identifying sites to remove: done in 0.000354685 secs using 623.7% CPU
Identifying sites to remove: done in 0.00028757 secs using 197.9% CPU
Identifying sites to remove: done in 0.000298098 secs using 1594% CPU
Identifying sites to remove: done in 0.000286527 secs using 2615% CPU
Identifying sites to remove: done in 0.000275709 secs using 3695% CPU
Identifying sites to remove: done in 0.000265487 secs using 3135% CPU
Identifying sites to remove: done in 0.000296563 secs using 3632% CPU
Identifying sites to remove: done in 0.000311285 secs using 4515% CPU
Identifying sites to remove: done in 0.000319198 secs using 3697% CPU
Identifying sites to remove: done in 0.000293806 secs using 3113% CPU
Identifying sites to remove: done in 0.000276797 secs using 2326% CPU
Identifying sites to remove: done in 0.000274345 secs using 389.7% CPU
Identifying sites to remove: done in 0.000290334 secs using 1351% CPU
Identifying sites to remove: done in 0.000336513 secs using 3364% CPU
Identifying sites to remove: done in 0.000303164 secs using 2668% CPU
Identifying sites to remove: done in 0.00033012 secs using 1412% CPU
Identifying sites to remove: done in 0.000298128 secs using 220% CPU
Identifying sites to remove: done in 0.000322767 secs using 97.9% CPU
Identifying sites to remove: done in 0.000850953 secs using 567.6% CPU
Identifying sites to remove: done in 0.000863783 secs using 1.777e+04% CPU
Identifying sites to remove: done in 0.000904359 secs using 618.6% CPU
Identifying sites to remove: done in 0.000909947 secs using 5504% CPU
Identifying sites to remove: done in 0.000977077 secs using 655.2% CPU
Identifying sites to remove: done in 0.000979453 secs using 658% CPU
Identifying sites to remove: done in 0.00100198 secs using 684.1% CPU
Identifying sites to remove: done in 0.00104107 secs using 705.2% CPU
Identifying sites to remove: done in 0.00104309 secs using 714.7% CPU
Identifying sites to remove: done in 0.00109646 secs using 703.6% CPU
Identifying sites to remove: done in 0.00110254 secs using 707% CPU
Identifying sites to remove: done in 0.00110524 secs using 725.5% CPU
Identifying sites to remove: done in 0.00110335 secs using 727.6% CPU
Identifying sites to remove: done in 0.00119817 secs using 688.6% CPU
Identifying sites to remove: done in 0.00120091 secs using 678.1% CPU
Identifying sites to remove: done in 0.00137143 secs using 605.4% CPU
Identifying sites to remove: done in 0.000817806 secs using 511.6% CPU
Identifying sites to remove: done in 0.000737086 secs using 142.7% CPU
Identifying sites to remove: done in 0.000637546 secs using 99.44% CPU
Identifying sites to remove: done in 0.000788935 secs using 1809% CPU
Identifying sites to remove: done in 0.000822246 secs using 2030% CPU
Identifying sites to remove: done in 0.000923015 secs using 1622% CPU
Identifying sites to remove: done in 0.000861585 secs using 1447% CPU
Identifying sites to remove: done in 0.00107523 secs using 996.8% CPU
Identifying sites to remove: done in 0.00101952 secs using 695.7% CPU
Identifying sites to remove: done in 0.00151627 secs using 1.394e+04% CPU
Identifying sites to remove: done in 0.000769056 secs using 863.7% CPU
Identifying sites to remove: done in 0.00108179 secs using 862.7% CPU
Identifying sites to remove: done in 0.000822447 secs using 846.6% CPU
Identifying sites to remove: done in 0.000918195 secs using 579.1% CPU
Identifying sites to remove: done in 0.000966892 secs using 263.4% CPU
Identifying sites to remove: done in 0.000780202 secs using 2.714e+04% CPU
Identifying sites to remove: done in 0.000891037 secs using 2.343e+04% CPU
Identifying sites to remove: done in 0.000888027 secs using 209.1% CPU
Identifying sites to remove: done in 0.000893086 secs using 99.43% CPU
Identifying sites to remove: done in 0.000881359 secs using 303.5% CPU
Identifying sites to remove: done in 0.00104457 secs using 297.5% CPU
Identifying sites to remove: done in 0.000448309 secs using 8939% CPU
Identifying sites to remove: done in 0.000515014 secs using 8373% CPU
Identifying sites to remove: done in 0.000524059 secs using 8766% CPU
Identifying sites to remove: done in 0.000508331 secs using 6974% CPU
Identifying sites to remove: done in 0.000497922 secs using 6047% CPU
Identifying sites to remove: done in 0.000609629 secs using 5570% CPU
Identifying sites to remove: done in 0.000606298 secs using 3004% CPU
Identifying sites to remove: done in 0.000693724 secs using 5736% CPU
Identifying sites to remove: done in 0.000676803 secs using 4306% CPU
Identifying sites to remove: done in 0.000597633 secs using 1661% CPU
Identifying sites to remove: done in 0.000603184 secs using 4331% CPU
Identifying sites to remove: done in 0.000738382 secs using 1075% CPU
Identifying sites to remove: done in 0.000829831 secs using 2053% CPU
Identifying sites to remove: done in 0.000833943 secs using 2982% CPU
Identifying sites to remove: done in 0.000888422 secs using 1630% CPU
Identifying sites to remove: done in 0.000751145 secs using 2909% CPU
Identifying sites to remove: done in 0.000274986 secs using 1039% CPU
Identifying sites to remove: done in 0.000281475 secs using 169.1% CPU
Identifying sites to remove: done in 0.000268683 secs using 99% CPU
Identifying sites to remove: done in 0.000220858 secs using 991.6% CPU
Identifying sites to remove: done in 0.000261351 secs using 1057% CPU
Identifying sites to remove: done in 0.000262164 secs using 841.8% CPU
Identifying sites to remove: done in 0.000298195 secs using 595.6% CPU
Identifying sites to remove: done in 0.000229836 secs using 262.4% CPU
Identifying sites to remove: done in 0.000245631 secs using 1554% CPU
Identifying sites to remove: done in 0.000211827 secs using 1366% CPU
Identifying sites to remove: done in 0.000255734 secs using 1268% CPU
Identifying sites to remove: done in 0.000245973 secs using 799.7% CPU
Identifying sites to remove: done in 0.000361703 secs using 1075% CPU
Identifying sites to remove: done in 0.000354178 secs using 705.3% CPU
Identifying sites to remove: done in 0.000523716 secs using 568.8% CPU
Identifying sites to remove: done in 0.000383139 secs using 151.6% CPU
Identifying sites to remove: done in 0.000273995 secs using 1144% CPU
Identifying sites to remove: done in 0.000243433 secs using 159.8% CPU
Identifying sites to remove: done in 0.000273623 secs using 1318% CPU
Identifying sites to remove: done in 0.000310957 secs using 185.9% CPU
Identifying sites to remove: done in 0.000272557 secs using 99.06% CPU
Identifying sites to remove: done in 0.000884227 secs using 2940% CPU
Identifying sites to remove: done in 0.0008481 secs using 1404% CPU
Identifying sites to remove: done in 0.000923052 secs using 2562% CPU
Identifying sites to remove: done in 0.00103071 secs using 2527% CPU
Identifying sites to remove: done in 0.001011 secs using 1500% CPU
Identifying sites to remove: done in 0.00109477 secs using 1634% CPU
Identifying sites to remove: done in 0.00110987 secs using 1328% CPU
Identifying sites to remove: done in 0.00114384 secs using 2403% CPU
Identifying sites to remove: done in 0.0012407 secs using 1644% CPU
Identifying sites to remove: done in 0.00133575 secs using 1192% CPU
Identifying sites to remove: done in 0.00132278 secs using 1205% CPU
Identifying sites to remove: done in 0.00137012 secs using 1781% CPU
Identifying sites to remove: done in 0.0013697 secs using 1676% CPU
Identifying sites to remove: done in 0.00155196 secs using 1720% CPU
Identifying sites to remove: done in 0.00159729 secs using 1085% CPU
Identifying sites to remove: done in 0.00089214 secs using 351.9% CPU
Identifying sites to remove: done in 0.000801168 secs using 125.9% CPU
Identifying sites to remove: done in 0.000939265 secs using 99.65% CPU
Identifying sites to remove: done in 0.000716895 secs using 289.4% CPU
Identifying sites to remove: done in 0.000818931 secs using 132.7% CPU
Identifying sites to remove: done in 0.000797339 secs using 1971% CPU
Identifying sites to remove: done in 0.000927947 secs using 1053% CPU
Identifying sites to remove: done in 0.00114617 secs using 1329% CPU
Identifying sites to remove: done in 0.00113857 secs using 1141% CPU
Identifying sites to remove: done in 0.00117647 secs using 641.8% CPU
Identifying sites to remove: done in 0.00193439 secs using 1.098e+04% CPU
Identifying sites to remove: done in 0.000869639 secs using 970.9% CPU
Identifying sites to remove: done in 0.000908285 secs using 911.3% CPU
Identifying sites to remove: done in 0.00123611 secs using 915.1% CPU
Identifying sites to remove: done in 0.00108893 secs using 607.8% CPU
Identifying sites to remove: done in 0.000878893 secs using 253.7% CPU
Identifying sites to remove: done in 0.000755891 secs using 305.1% CPU
Identifying sites to remove: done in 0.000987925 secs using 289.3% CPU
Identifying sites to remove: done in 0.000984214 secs using 226.6% CPU
Identifying sites to remove: done in 0.00102631 secs using 2.2e+04% CPU
Identifying sites to remove: done in 0.00109065 secs using 434.7% CPU
Identifying sites to remove: done in 0.00124691 secs using 304.8% CPU
Identifying sites to remove: done in 0.000727929 secs using 2719% CPU
Identifying sites to remove: done in 0.000723533 secs using 1676% CPU
Identifying sites to remove: done in 0.000815421 secs using 2965% CPU
Identifying sites to remove: done in 0.000803061 secs using 2343% CPU
Identifying sites to remove: done in 0.000855915 secs using 2535% CPU
Identifying sites to remove: done in 0.000865728 secs using 2963% CPU
Identifying sites to remove: done in 0.000851996 secs using 2396% CPU
Identifying sites to remove: done in 0.000917688 secs using 2051% CPU
Identifying sites to remove: done in 0.000928387 secs using 2530% CPU
Identifying sites to remove: done in 0.000967503 secs using 2558% CPU
Identifying sites to remove: done in 0.000986978 secs using 1297% CPU
Identifying sites to remove: done in 0.000985608 secs using 1408% CPU
Identifying sites to remove: done in 0.000987217 secs using 1287% CPU
Identifying sites to remove: done in 0.00107497 secs using 1660% CPU
Identifying sites to remove: done in 0.0011168 secs using 1702% CPU
Identifying sites to remove: done in 0.00115942 secs using 1473% CPU
Identifying sites to remove: done in 0.000482485 secs using 4.746e+04% CPU
Identifying sites to remove: done in 0.000534877 secs using 4.209e+04% CPU
Identifying sites to remove: done in 0.000553615 secs using 1202% CPU
Identifying sites to remove: done in 0.000447318 secs using 895.8% CPU
Identifying sites to remove: done in 0.0005951 secs using 1396% CPU
Identifying sites to remove: done in 0.000443652 secs using 1008% CPU
Identifying sites to remove: done in 0.000490382 secs using 228.2% CPU
Identifying sites to remove: done in 0.000455551 secs using 623.6% CPU
Identifying sites to remove: done in 0.00062111 secs using 634.2% CPU
Identifying sites to remove: done in 0.0005235 secs using 607.6% CPU
Identifying sites to remove: done in 0.00103313 secs using 634% CPU
Identifying sites to remove: done in 0.000520222 secs using 521.3% CPU
Identifying sites to remove: done in 0.000724353 secs using 1406% CPU
Identifying sites to remove: done in 0.000711523 secs using 1231% CPU
Identifying sites to remove: done in 0.000666618 secs using 1039% CPU
Identifying sites to remove: done in 0.000593215 secs using 768.9% CPU
Identifying sites to remove: done in 0.000664994 secs using 352.5% CPU
Identifying sites to remove: done in 0.000439703 secs using 99.61% CPU
Identifying sites to remove: done in 0.000556402 secs using 732.4% CPU
Identifying sites to remove: done in 0.000543542 secs using 520.1% CPU
Identifying sites to remove: done in 0.000651605 secs using 252.9% CPU
Identifying sites to remove: done in 0.000964902 secs using 1.933e+04% CPU
Identifying sites to remove: done in 0.00103562 secs using 1.913e+04% CPU
Identifying sites to remove: done in 0.00114751 secs using 1.801e+04% CPU
Identifying sites to remove: done in 0.00114027 secs using 1.501e+04% CPU
Identifying sites to remove: done in 0.00124639 secs using 1.351e+04% CPU
Identifying sites to remove: done in 0.00127489 secs using 1.66e+04% CPU
Identifying sites to remove: done in 0.00126563 secs using 1.331e+04% CPU
Identifying sites to remove: done in 0.00130985 secs using 1.373e+04% CPU
Identifying sites to remove: done in 0.00134489 secs using 1.313e+04% CPU
Identifying sites to remove: done in 0.00135863 secs using 1.512e+04% CPU
Identifying sites to remove: done in 0.00142311 secs using 1.398e+04% CPU
Identifying sites to remove: done in 0.00150377 secs using 1.279e+04% CPU
Identifying sites to remove: done in 0.00150131 secs using 1.257e+04% CPU
Identifying sites to remove: done in 0.00152793 secs using 1.283e+04% CPU
Identifying sites to remove: done in 0.00152749 secs using 1.212e+04% CPU
Identifying sites to remove: done in 0.00161999 secs using 1.052e+04% CPU
Identifying sites to remove: done in 0.000750162 secs using 497.5% CPU
Identifying sites to remove: done in 0.000934035 secs using 150.7% CPU
Identifying sites to remove: done in 0.000819005 secs using 2653% CPU
Identifying sites to remove: done in 0.000907861 secs using 2.456e+04% CPU
Identifying sites to remove: done in 0.000943348 secs using 2.332e+04% CPU
Identifying sites to remove: done in 0.00124989 secs using 1.82e+04% CPU
Identifying sites to remove: done in 0.000996239 secs using 2.106e+04% CPU
Identifying sites to remove: done in 0.00133589 secs using 1.631e+04% CPU
Identifying sites to remove: done in 0.0013394 secs using 1.601e+04% CPU
Identifying sites to remove: done in 0.00164183 secs using 1.257e+04% CPU
Identifying sites to remove: done in 0.000779048 secs using 523.3% CPU
Identifying sites to remove: done in 0.000770122 secs using 167.6% CPU
Identifying sites to remove: done in 0.00126144 secs using 1.78e+04% CPU
Identifying sites to remove: done in 0.000931725 secs using 815.8% CPU
Identifying sites to remove: done in 0.000840664 secs using 841.4% CPU
Identifying sites to remove: done in 0.000975639 secs using 655% CPU
Identifying sites to remove: done in 0.00112718 secs using 675.3% CPU
Identifying sites to remove: done in 0.00108153 secs using 460.3% CPU
Identifying sites to remove: done in 0.00106023 secs using 883.8% CPU
Identifying sites to remove: done in 0.000903718 secs using 767.8% CPU
Identifying sites to remove: done in 0.0011498 secs using 432.5% CPU
Identifying sites to remove: done in 0.000936382 secs using 1771% CPU
Identifying sites to remove: done in 0.000943877 secs using 2690% CPU
Identifying sites to remove: done in 0.00104965 secs using 3586% CPU
Identifying sites to remove: done in 0.00104532 secs using 1726% CPU
Identifying sites to remove: done in 0.00113233 secs using 1434% CPU
Identifying sites to remove: done in 0.00112742 secs using 1441% CPU
Identifying sites to remove: done in 0.00117469 secs using 1387% CPU
Identifying sites to remove: done in 0.00119729 secs using 2611% CPU
Identifying sites to remove: done in 0.00131239 secs using 1.386e+04% CPU
Identifying sites to remove: done in 0.00130768 secs using 1.196e+04% CPU
Identifying sites to remove: done in 0.0013279 secs using 1.244e+04% CPU
Identifying sites to remove: done in 0.00143617 secs using 1.087e+04% CPU
Identifying sites to remove: done in 0.00148995 secs using 1.173e+04% CPU
Identifying sites to remove: done in 0.00152561 secs using 1.029e+04% CPU
Identifying sites to remove: done in 0.00154999 secs using 1.056e+04% CPU
Identifying sites to remove: done in 0.00155787 secs using 1.141e+04% CPU
Identifying sites to remove: done in 0.00060612 secs using 405.7% CPU
Identifying sites to remove: done in 0.000653386 secs using 191.5% CPU
Identifying sites to remove: done in 0.000539191 secs using 2166% CPU
Identifying sites to remove: done in 0.000723749 secs using 2595% CPU
Identifying sites to remove: done in 0.000702769 secs using 1892% CPU
Identifying sites to remove: done in 0.000999451 secs using 2518% CPU
Identifying sites to remove: done in 0.00102111 secs using 2604% CPU
Identifying sites to remove: done in 0.000921115 secs using 1635% CPU
Identifying sites to remove: done in 0.000801876 secs using 2.573e+04% CPU
Identifying sites to remove: done in 0.000762433 secs using 2.643e+04% CPU
Identifying sites to remove: done in 0.00141296 secs using 1.5e+04% CPU
Identifying sites to remove: done in 0.000726894 secs using 2.704e+04% CPU
Identifying sites to remove: done in 0.00063698 secs using 99.69% CPU
Identifying sites to remove: done in 0.000617951 secs using 515.7% CPU
Identifying sites to remove: done in 0.000618331 secs using 1765% CPU
Identifying sites to remove: done in 0.00093779 secs using 1907% CPU
Identifying sites to remove: done in 0.000810653 secs using 1565% CPU
Identifying sites to remove: done in 0.000771947 secs using 1251% CPU
Identifying sites to remove: done in 0.000773013 secs using 803.7% CPU
Identifying sites to remove: done in 0.000812158 secs using 2.5e+04% CPU
Identifying sites to remove: done in 0.000801265 secs using 99.34% CPU
Identifying sites to remove: done in 0.000438578 secs using 1678% CPU
Identifying sites to remove: done in 0.000508972 secs using 1584% CPU
Identifying sites to remove: done in 0.000511765 secs using 1458% CPU
Identifying sites to remove: done in 0.000502139 secs using 1351% CPU
Identifying sites to remove: done in 0.000531957 secs using 1656% CPU
Identifying sites to remove: done in 0.000515833 secs using 1510% CPU
Identifying sites to remove: done in 0.000587717 secs using 1200% CPU
Identifying sites to remove: done in 0.000511058 secs using 1519% CPU
Identifying sites to remove: done in 0.000681937 secs using 1017% CPU
Identifying sites to remove: done in 0.000711709 secs using 1135% CPU
Identifying sites to remove: done in 0.000720382 secs using 1339% CPU
Identifying sites to remove: done in 0.000721224 secs using 1362% CPU
Identifying sites to remove: done in 0.000712901 secs using 1122% CPU
Identifying sites to remove: done in 0.000837967 secs using 1128% CPU
Identifying sites to remove: done in 0.000839546 secs using 951.7% CPU
Identifying sites to remove: done in 0.000277802 secs using 98.63% CPU
Identifying sites to remove: done in 0.000283428 secs using 99.5% CPU
Identifying sites to remove: done in 0.000303552 secs using 853.2% CPU
Identifying sites to remove: done in 0.00026188 secs using 1072% CPU
Identifying sites to remove: done in 0.000405319 secs using 1504% CPU
Identifying sites to remove: done in 0.000314027 secs using 1202% CPU
Identifying sites to remove: done in 0.000389591 secs using 1692% CPU
Identifying sites to remove: done in 0.00033018 secs using 1166% CPU
Identifying sites to remove: done in 0.000573933 secs using 108.7% CPU
Identifying sites to remove: done in 0.00039658 secs using 5.262e+04% CPU
Identifying sites to remove: done in 0.000302158 secs using 142% CPU
Identifying sites to remove: done in 0.000214808 secs using 725.3% CPU
Identifying sites to remove: done in 0.000339158 secs using 994.8% CPU
Identifying sites to remove: done in 0.000350282 secs using 1172% CPU
Identifying sites to remove: done in 0.000349678 secs using 590.3% CPU
Identifying sites to remove: done in 0.000295587 secs using 224.6% CPU
Identifying sites to remove: done in 0.00040108 secs using 637.3% CPU
Identifying sites to remove: done in 0.000541873 secs using 606% CPU
Identifying sites to remove: done in 0.000498898 secs using 172.2% CPU
Identifying sites to remove: done in 0.000332519 secs using 99.24% CPU
Identifying sites to remove: done in 0.000400037 secs using 5699% CPU
Identifying sites to remove: done in 0.00041192 secs using 1.059e+04% CPU
Identifying sites to remove: done in 0.000467613 secs using 1.01e+04% CPU
Identifying sites to remove: done in 0.000407971 secs using 9965% CPU
Identifying sites to remove: done in 0.000496879 secs using 4204% CPU
Identifying sites to remove: done in 0.000452898 secs using 6514% CPU
Identifying sites to remove: done in 0.00045418 secs using 8444% CPU
Identifying sites to remove: done in 0.000539146 secs using 6735% CPU
Identifying sites to remove: done in 0.000518382 secs using 1141% CPU
Identifying sites to remove: done in 0.00056275 secs using 2253% CPU
Identifying sites to remove: done in 0.000520542 secs using 1704% CPU
Identifying sites to remove: done in 0.000536382 secs using 6184% CPU
Identifying sites to remove: done in 0.000532113 secs using 2894% CPU
Identifying sites to remove: done in 0.000553682 secs using 1171% CPU
Identifying sites to remove: done in 0.000568196 secs using 4857% CPU
Identifying sites to remove: done in 0.000821672 secs using 2335% CPU
Identifying sites to remove: done in 0.000263765 secs using 862.9% CPU
Identifying sites to remove: done in 0.00023035 secs using 113.7% CPU
Identifying sites to remove: done in 0.000179142 secs using 297.5% CPU
Identifying sites to remove: done in 0.000226311 secs using 1927% CPU
Identifying sites to remove: done in 0.000243828 secs using 3357% CPU
Identifying sites to remove: done in 0.000283018 secs using 651.5% CPU
Identifying sites to remove: done in 0.000289105 secs using 673.8% CPU
Identifying sites to remove: done in 0.00032679 secs using 642.9% CPU
Identifying sites to remove: done in 0.000346042 secs using 652.5% CPU
Identifying sites to remove: done in 0.000352733 secs using 580.6% CPU
Identifying sites to remove: done in 0.000330903 secs using 405.9% CPU
Identifying sites to remove: done in 0.000562608 secs using 327.6% CPU
Identifying sites to remove: done in 0.000214078 secs using 749.3% CPU
Identifying sites to remove: done in 0.00024195 secs using 3459% CPU
Identifying sites to remove: done in 0.000257187 secs using 2382% CPU
Identifying sites to remove: done in 0.000328131 secs using 2368% CPU
Identifying sites to remove: done in 0.000268824 secs using 1763% CPU
Identifying sites to remove: done in 0.000386238 secs using 2458% CPU
Identifying sites to remove: done in 0.00030499 secs using 1015% CPU
Identifying sites to remove: done in 0.000368647 secs using 347.8% CPU
Identifying sites to remove: done in 0.000297777 secs using 99.07% CPU
Identifying sites to remove: done in 0.000222228 secs using 9161% CPU
Identifying sites to remove: done in 0.000228852 secs using 1.231e+04% CPU
Identifying sites to remove: done in 0.000279889 secs using 6509% CPU
Identifying sites to remove: done in 0.000310905 secs using 8431% CPU
Identifying sites to remove: done in 0.000306047 secs using 7687% CPU
Identifying sites to remove: done in 0.000322558 secs using 4924% CPU
Identifying sites to remove: done in 0.000369295 secs using 2912% CPU
Identifying sites to remove: done in 0.000390634 secs using 2110% CPU
Identifying sites to remove: done in 0.000394754 secs using 837% CPU
Identifying sites to remove: done in 0.000394955 secs using 1484% CPU
Identifying sites to remove: done in 0.000393778 secs using 3482% CPU
Identifying sites to remove: done in 0.000476994 secs using 717.2% CPU
Identifying sites to remove: done in 9.71481e-05 secs using 3963% CPU
Identifying sites to remove: done in 0.000111416 secs using 8430% CPU
Identifying sites to remove: done in 0.000101715 secs using 194.7% CPU
Identifying sites to remove: done in 0.000165306 secs using 763.4% CPU
Identifying sites to remove: done in 8.63746e-05 secs using 6140% CPU
Identifying sites to remove: done in 0.000111878 secs using 1391% CPU
Identifying sites to remove: done in 0.000130005 secs using 1.25e+05% CPU
Identifying sites to remove: done in 0.000120699 secs using 1.338e+05% CPU
Identifying sites to remove: done in 0.000152901 secs using 605.6% CPU
Identifying sites to remove: done in 0.000151716 secs using 584% CPU
Identifying sites to remove: done in 0.000130467 secs using 677.6% CPU
Identifying sites to remove: done in 0.000147037 secs using 505.3% CPU
Identifying sites to remove: done in 0.000188045 secs using 272.8% CPU
Identifying sites to remove: done in 0.00012517 secs using 558.4% CPU
Identifying sites to remove: done in 0.000117049 secs using 202.5% CPU
Identifying sites to remove: done in 0.000442371 secs using 2809% CPU
Identifying sites to remove: done in 0.000480406 secs using 7503% CPU
Identifying sites to remove: done in 0.000477627 secs using 5159% CPU
Identifying sites to remove: done in 0.000507377 secs using 3528% CPU
Identifying sites to remove: done in 0.000513256 secs using 6639% CPU
Identifying sites to remove: done in 0.000512436 secs using 4424% CPU
Identifying sites to remove: done in 0.000516884 secs using 5301% CPU
Identifying sites to remove: done in 0.000547059 secs using 6322% CPU
Identifying sites to remove: done in 0.000564054 secs using 1203% CPU
Identifying sites to remove: done in 0.000515528 secs using 6190% CPU
Identifying sites to remove: done in 0.000630349 secs using 1476% CPU
Identifying sites to remove: done in 0.000669569 secs using 3180% CPU
Identifying sites to remove: done in 0.000674888 secs using 4559% CPU
Identifying sites to remove: done in 0.000669762 secs using 1802% CPU
Identifying sites to remove: done in 0.000739992 secs using 2291% CPU
Identifying sites to remove: done in 0.000364698 secs using 99.26% CPU
Identifying sites to remove: done in 0.000322744 secs using 98.84% CPU
Identifying sites to remove: done in 0.000317656 secs using 1730% CPU
Identifying sites to remove: done in 0.000408508 secs using 1685% CPU
Identifying sites to remove: done in 0.000440203 secs using 1844% CPU
Identifying sites to remove: done in 0.000329792 secs using 1318% CPU
Identifying sites to remove: done in 0.000328913 secs using 855.2% CPU
Identifying sites to remove: done in 0.000321329 secs using 436.9% CPU
Identifying sites to remove: done in 0.000396341 secs using 646.7% CPU
Identifying sites to remove: done in 0.000323676 secs using 1794% CPU
Identifying sites to remove: done in 0.000610054 secs using 1415% CPU
Identifying sites to remove: done in 0.000363871 secs using 959.4% CPU
Identifying sites to remove: done in 0.000382647 secs using 268.9% CPU
Identifying sites to remove: done in 0.000378892 secs using 1018% CPU
Identifying sites to remove: done in 0.000374749 secs using 1130% CPU
Identifying sites to remove: done in 0.000403911 secs using 4.798e+04% CPU
Identifying sites to remove: done in 0.000519298 secs using 3.808e+04% CPU
Identifying sites to remove: done in 0.000459313 secs using 4.142e+04% CPU
Identifying sites to remove: done in 0.000345416 secs using 204.1% CPU
Identifying sites to remove: done in 0.000393741 secs using 99.56% CPU
Identifying sites to remove: done in 0.000344977 secs using 6.418e+04% CPU
Identifying sites to remove: done in 0.000320382 secs using 99.57% CPU
Identifying sites to remove: done in 0.000918217 secs using 2.331e+04% CPU
Identifying sites to remove: done in 0.00090494 secs using 1.968e+04% CPU
Identifying sites to remove: done in 0.000955626 secs using 1.907e+04% CPU
Identifying sites to remove: done in 0.000966854 secs using 2.022e+04% CPU
Identifying sites to remove: done in 0.000979245 secs using 2.229e+04% CPU
Identifying sites to remove: done in 0.00096561 secs using 2.159e+04% CPU
Identifying sites to remove: done in 0.00106654 secs using 1.932e+04% CPU
Identifying sites to remove: done in 0.00106464 secs using 1.813e+04% CPU
Identifying sites to remove: done in 0.0010692 secs using 1.867e+04% CPU
Identifying sites to remove: done in 0.00114673 secs using 1.775e+04% CPU
Identifying sites to remove: done in 0.00118283 secs using 1.582e+04% CPU
Identifying sites to remove: done in 0.00119369 secs using 1.789e+04% CPU
Identifying sites to remove: done in 0.00117921 secs using 1.504e+04% CPU
Identifying sites to remove: done in 0.00118239 secs using 1.473e+04% CPU
Identifying sites to remove: done in 0.00140569 secs using 1.359e+04% CPU
Identifying sites to remove: done in 0.000634618 secs using 99.59% CPU
Identifying sites to remove: done in 0.000651769 secs using 99.58% CPU
Identifying sites to remove: done in 0.000641443 secs using 567.6% CPU
Identifying sites to remove: done in 0.000574708 secs using 2361% CPU
Identifying sites to remove: done in 0.000635028 secs using 2393% CPU
Identifying sites to remove: done in 0.000750512 secs using 1464% CPU
Identifying sites to remove: done in 0.000854574 secs using 1742% CPU
Identifying sites to remove: done in 0.000903904 secs using 1100% CPU
Identifying sites to remove: done in 0.00100492 secs using 1694% CPU
Identifying sites to remove: done in 0.000705503 secs using 980.6% CPU
Identifying sites to remove: done in 0.00103 secs using 1363% CPU
Identifying sites to remove: done in 0.00140543 secs using 208% CPU
Identifying sites to remove: done in 0.000592992 secs using 473.4% CPU
Identifying sites to remove: done in 0.000658877 secs using 368.8% CPU
Identifying sites to remove: done in 0.000709914 secs using 423.2% CPU
Identifying sites to remove: done in 0.000973366 secs using 900.7% CPU
Identifying sites to remove: done in 0.00079792 secs using 1154% CPU
Identifying sites to remove: done in 0.000840873 secs using 1610% CPU
Identifying sites to remove: done in 0.000693157 secs using 1175% CPU
Identifying sites to remove: done in 0.000883073 secs using 1284% CPU
Identifying sites to remove: done in 0.000758961 secs using 712.8% CPU
Identifying sites to remove: done in 0.000850111 secs using 99.63% CPU
Identifying sites to remove: done in 0.000529572 secs using 4666% CPU
Identifying sites to remove: done in 0.000570849 secs using 1588% CPU
Identifying sites to remove: done in 0.000602402 secs using 4852% CPU
Identifying sites to remove: done in 0.000595964 secs using 3394% CPU
Identifying sites to remove: done in 0.000691362 secs using 4870% CPU
Identifying sites to remove: done in 0.00068593 secs using 3910% CPU
Identifying sites to remove: done in 0.000684217 secs using 4171% CPU
Identifying sites to remove: done in 0.000684261 secs using 3650% CPU
Identifying sites to remove: done in 0.000776768 secs using 2394% CPU
Identifying sites to remove: done in 0.000787303 secs using 3085% CPU
Identifying sites to remove: done in 0.000797123 secs using 1685% CPU
Identifying sites to remove: done in 0.000791915 secs using 1233% CPU
Identifying sites to remove: done in 0.000872582 secs using 1987% CPU
Identifying sites to remove: done in 0.000790872 secs using 4183% CPU
Identifying sites to remove: done in 0.000779666 secs using 1933% CPU
Identifying sites to remove: done in 0.00100802 secs using 2100% CPU
Identifying sites to remove: done in 0.000376187 secs using 99.42% CPU
Identifying sites to remove: done in 0.000408679 secs using 99.34% CPU
Identifying sites to remove: done in 0.000461787 secs using 4.865e+04% CPU
Identifying sites to remove: done in 0.000434421 secs using 271.6% CPU
Identifying sites to remove: done in 0.000425592 secs using 874.8% CPU
Identifying sites to remove: done in 0.000337437 secs using 954.8% CPU
Identifying sites to remove: done in 0.000361368 secs using 758% CPU
Identifying sites to remove: done in 0.000319533 secs using 633.1% CPU
Identifying sites to remove: done in 0.00038334 secs using 531.9% CPU
Identifying sites to remove: done in 0.00036148 secs using 135.6% CPU
Identifying sites to remove: done in 0.000445887 secs using 1802% CPU
Identifying sites to remove: done in 0.000390977 secs using 1331% CPU
Identifying sites to remove: done in 0.000520259 secs using 1366% CPU
Identifying sites to remove: done in 0.000403978 secs using 929.5% CPU
Identifying sites to remove: done in 0.000469275 secs using 1227% CPU
Identifying sites to remove: done in 0.000350378 secs using 1583% CPU
Identifying sites to remove: done in 0.000421435 secs using 789.7% CPU
Identifying sites to remove: done in 0.000466824 secs using 796% CPU
Identifying sites to remove: done in 0.000640735 secs using 129.9% CPU
Identifying sites to remove: done in 0.000504047 secs using 3.954e+04% CPU
Identifying sites to remove: done in 0.000365704 secs using 99.53% CPU
Identifying sites to remove: done in 0.000486992 secs using 3473% CPU
Identifying sites to remove: done in 0.000539549 secs using 3153% CPU
Identifying sites to remove: done in 0.000530824 secs using 1981% CPU
Identifying sites to remove: done in 0.00053744 secs using 2597% CPU
Identifying sites to remove: done in 0.000610158 secs using 2302% CPU
Identifying sites to remove: done in 0.000617489 secs using 2682% CPU
Identifying sites to remove: done in 0.000625707 secs using 2790% CPU
Identifying sites to remove: done in 0.000600196 secs using 1450% CPU
Identifying sites to remove: done in 0.000629999 secs using 3131% CPU
Identifying sites to remove: done in 0.000690602 secs using 1645% CPU
Identifying sites to remove: done in 0.000618249 secs using 2158% CPU
Identifying sites to remove: done in 0.000711069 secs using 1204% CPU
Identifying sites to remove: done in 0.000782654 secs using 1355% CPU
Identifying sites to remove: done in 0.000786901 secs using 1468% CPU
Identifying sites to remove: done in 0.000798531 secs using 1719% CPU
Identifying sites to remove: done in 0.000796057 secs using 2123% CPU
Identifying sites to remove: done in 0.000348993 secs using 99.43% CPU
Identifying sites to remove: done in 0.000319317 secs using 98.96% CPU
Identifying sites to remove: done in 0.000306688 secs using 2685% CPU
Identifying sites to remove: done in 0.000433095 secs using 5.088e+04% CPU
Identifying sites to remove: done in 0.000434011 secs using 4.988e+04% CPU
Identifying sites to remove: done in 0.000337198 secs using 596.4% CPU
Identifying sites to remove: done in 0.000268623 secs using 502.6% CPU
Identifying sites to remove: done in 0.00035248 secs using 514.4% CPU
Identifying sites to remove: done in 0.000376977 secs using 532.1% CPU
Identifying sites to remove: done in 0.000345632 secs using 455.1% CPU
Identifying sites to remove: done in 0.000464492 secs using 715.4% CPU
Identifying sites to remove: done in 0.000677645 secs using 591.6% CPU
Identifying sites to remove: done in 0.000349425 secs using 593.8% CPU
Identifying sites to remove: done in 0.000358865 secs using 586.3% CPU
Identifying sites to remove: done in 0.000329979 secs using 707.3% CPU
Identifying sites to remove: done in 0.000508606 secs using 564.1% CPU
Identifying sites to remove: done in 0.000391319 secs using 1379% CPU
Identifying sites to remove: done in 0.000385918 secs using 1498% CPU
Identifying sites to remove: done in 0.00039386 secs using 866.8% CPU
Identifying sites to remove: done in 0.000358924 secs using 203.7% CPU
Identifying sites to remove: done in 0.00040891 secs using 99.29% CPU
Identifying sites to remove: done in 0.00096371 secs using 2132% CPU
Identifying sites to remove: done in 0.00107225 secs using 2390% CPU
Identifying sites to remove: done in 0.00109915 secs using 1825% CPU
Identifying sites to remove: done in 0.00126533 secs using 2362% CPU
Identifying sites to remove: done in 0.00126146 secs using 2229% CPU
Identifying sites to remove: done in 0.00126445 secs using 2151% CPU
Identifying sites to remove: done in 0.00142504 secs using 1936% CPU
Identifying sites to remove: done in 0.00144336 secs using 2234% CPU
Identifying sites to remove: done in 0.00141982 secs using 1827% CPU
Identifying sites to remove: done in 0.00151796 secs using 1677% CPU
Identifying sites to remove: done in 0.00155432 secs using 1461% CPU
Identifying sites to remove: done in 0.0016598 secs using 1501% CPU
Identifying sites to remove: done in 0.00264765 secs using 922.6% CPU
Identifying sites to remove: done in 0.00281923 secs using 852.1% CPU
Identifying sites to remove: done in 0.00284547 secs using 962.4% CPU
Identifying sites to remove: done in 0.00297236 secs using 899.8% CPU
Identifying sites to remove: done in 0.000780053 secs using 366.3% CPU
Identifying sites to remove: done in 0.000519112 secs using 156.6% CPU
Identifying sites to remove: done in 0.000495739 secs using 1284% CPU
Identifying sites to remove: done in 0.000522666 secs using 879.3% CPU
Identifying sites to remove: done in 0.00068225 secs using 1132% CPU
Identifying sites to remove: done in 0.000641465 secs using 859.1% CPU
Identifying sites to remove: done in 0.000628583 secs using 280% CPU
Identifying sites to remove: done in 0.00084503 secs using 472.9% CPU
Identifying sites to remove: done in 0.00066708 secs using 961.2% CPU
Identifying sites to remove: done in 0.000708923 secs using 624.9% CPU
Identifying sites to remove: done in 0.000608496 secs using 1877% CPU
Identifying sites to remove: done in 0.000335157 secs using 2261% CPU
Identifying sites to remove: done in 0.000479743 secs using 3368% CPU
Identifying sites to remove: done in 0.000599951 secs using 3.347e+04% CPU
Identifying sites to remove: done in 0.000588916 secs using 3.351e+04% CPU
Identifying sites to remove: done in 0.000487357 secs using 3.967e+04% CPU
Identifying sites to remove: done in 0.000490092 secs using 3.869e+04% CPU
Identifying sites to remove: done in 0.000546731 secs using 99.5% CPU
Identifying sites to remove: done in 0.00053668 secs using 194.5% CPU
Identifying sites to remove: done in 0.000825092 secs using 465.5% CPU
Identifying sites to remove: done in 0.000565141 secs using 99.62% CPU
Identifying sites to remove: done in 0.000770167 secs using 2429% CPU
Identifying sites to remove: done in 0.000807852 secs using 1467% CPU
Identifying sites to remove: done in 0.00079859 secs using 1437% CPU
Identifying sites to remove: done in 0.000824392 secs using 1830% CPU
Identifying sites to remove: done in 0.000944749 secs using 2618% CPU
Identifying sites to remove: done in 0.000918977 secs using 1397% CPU
Identifying sites to remove: done in 0.000985287 secs using 2439% CPU
Identifying sites to remove: done in 0.000980742 secs using 1567% CPU
Identifying sites to remove: done in 0.00102852 secs using 1380% CPU
Identifying sites to remove: done in 0.00104069 secs using 1331% CPU
Identifying sites to remove: done in 0.00109341 secs using 2189% CPU
Identifying sites to remove: done in 0.00108888 secs using 1786% CPU
Identifying sites to remove: done in 0.00109401 secs using 1930% CPU
Identifying sites to remove: done in 0.00108767 secs using 1340% CPU
Identifying sites to remove: done in 0.00118297 secs using 1310% CPU
Identifying sites to remove: done in 0.00121821 secs using 1210% CPU
Identifying sites to remove: done in 0.000517644 secs using 99.49% CPU
Identifying sites to remove: done in 0.000664175 secs using 99.67% CPU
Identifying sites to remove: done in 0.000422239 secs using 1703% CPU
Identifying sites to remove: done in 0.000518128 secs using 2627% CPU
Identifying sites to remove: done in 0.000494637 secs using 1617% CPU
Identifying sites to remove: done in 0.000571467 secs using 904.2% CPU
Identifying sites to remove: done in 0.000793271 secs using 1640% CPU
Identifying sites to remove: done in 0.000754885 secs using 2.698e+04% CPU
Identifying sites to remove: done in 0.000599444 secs using 296.9% CPU
Identifying sites to remove: done in 0.00116107 secs using 1.733e+04% CPU
Identifying sites to remove: done in 0.000652544 secs using 364.9% CPU
Identifying sites to remove: done in 0.000600055 secs using 854.1% CPU
Identifying sites to remove: done in 0.000689939 secs using 1651% CPU
Identifying sites to remove: done in 0.000777014 secs using 1300% CPU
Identifying sites to remove: done in 0.00072445 secs using 1485% CPU
Identifying sites to remove: done in 0.000638448 secs using 878.4% CPU
Identifying sites to remove: done in 0.000741892 secs using 1132% CPU
Identifying sites to remove: done in 0.000581115 secs using 182.8% CPU
Identifying sites to remove: done in 0.000664562 secs using 3.007e+04% CPU
Identifying sites to remove: done in 0.000673793 secs using 99.29% CPU
Identifying sites to remove: done in 0.000536837 secs using 657.2% CPU
Identifying sites to remove: done in 0.000699766 secs using 1375% CPU
Identifying sites to remove: done in 0.000797004 secs using 3924% CPU
Identifying sites to remove: done in 0.000783533 secs using 1896% CPU
Identifying sites to remove: done in 0.00078623 secs using 2358% CPU
Identifying sites to remove: done in 0.000873469 secs using 3867% CPU
Identifying sites to remove: done in 0.000857823 secs using 2034% CPU
Identifying sites to remove: done in 0.000914402 secs using 2966% CPU
Identifying sites to remove: done in 0.000951312 secs using 2704% CPU
Identifying sites to remove: done in 0.000964619 secs using 1542% CPU
Identifying sites to remove: done in 0.000954986 secs using 1326% CPU
Identifying sites to remove: done in 0.000952952 secs using 2324% CPU
Identifying sites to remove: done in 0.000972591 secs using 2487% CPU
Identifying sites to remove: done in 0.00109144 secs using 2802% CPU
Identifying sites to remove: done in 0.0010938 secs using 2945% CPU
Identifying sites to remove: done in 0.00121959 secs using 1157% CPU
Identifying sites to remove: done in 0.00129004 secs using 1097% CPU
Identifying sites to remove: done in 0.000452675 secs using 99.63% CPU
Identifying sites to remove: done in 0.000561439 secs using 99.74% CPU
Identifying sites to remove: done in 0.000407271 secs using 1337% CPU
Identifying sites to remove: done in 0.000542894 secs using 1660% CPU
Identifying sites to remove: done in 0.000341907 secs using 1936% CPU
Identifying sites to remove: done in 0.000490874 secs using 2522% CPU
Identifying sites to remove: done in 0.000484332 secs using 1549% CPU
Identifying sites to remove: done in 0.000425622 secs using 1037% CPU
Identifying sites to remove: done in 0.000669152 secs using 1199% CPU
Identifying sites to remove: done in 0.000676721 secs using 1317% CPU
Identifying sites to remove: done in 0.000468105 secs using 4.358e+04% CPU
Identifying sites to remove: done in 0.000994235 secs using 2.022e+04% CPU
Identifying sites to remove: done in 0.000442572 secs using 698.6% CPU
Identifying sites to remove: done in 0.000485368 secs using 926.3% CPU
Identifying sites to remove: done in 0.000772171 secs using 1093% CPU
Identifying sites to remove: done in 0.000626639 secs using 1596% CPU
Identifying sites to remove: done in 0.000545211 secs using 1497% CPU
Identifying sites to remove: done in 0.000591919 secs using 1091% CPU
Identifying sites to remove: done in 0.000572339 secs using 718.8% CPU
Identifying sites to remove: done in 0.000467189 secs using 316.1% CPU
Identifying sites to remove: done in 0.000588715 secs using 99.54% CPU
Identifying sites to remove: done in 0.00170609 secs using 1013% CPU
Identifying sites to remove: done in 0.00203259 secs using 4800% CPU
Identifying sites to remove: done in 0.00222284 secs using 1070% CPU
Identifying sites to remove: done in 0.00228354 secs using 1074% CPU
Identifying sites to remove: done in 0.00234536 secs using 1128% CPU
Identifying sites to remove: done in 0.00244501 secs using 1093% CPU
Identifying sites to remove: done in 0.00254192 secs using 1108% CPU
Identifying sites to remove: done in 0.0025543 secs using 1149% CPU
Identifying sites to remove: done in 0.00260971 secs using 1109% CPU
Identifying sites to remove: done in 0.00271941 secs using 1071% CPU
Identifying sites to remove: done in 0.00271172 secs using 1055% CPU
Identifying sites to remove: done in 0.00281384 secs using 1073% CPU
Identifying sites to remove: done in 0.00464725 secs using 4870% CPU
Identifying sites to remove: done in 0.00490176 secs using 4632% CPU
Identifying sites to remove: done in 0.00500602 secs using 4539% CPU
Identifying sites to remove: done in 0.00499973 secs using 4546% CPU
Identifying sites to remove: done in 0.00113206 secs using 99.73% CPU
Identifying sites to remove: done in 0.00108758 secs using 2.071e+04% CPU
Identifying sites to remove: done in 0.00116211 secs using 1123% CPU
Identifying sites to remove: done in 0.00140389 secs using 1156% CPU
Identifying sites to remove: done in 0.00101937 secs using 1531% CPU
Identifying sites to remove: done in 0.00113573 secs using 963.7% CPU
Identifying sites to remove: done in 0.0011382 secs using 765.7% CPU
Identifying sites to remove: done in 0.0013397 secs using 995.9% CPU
Identifying sites to remove: done in 0.00171599 secs using 949.2% CPU
Identifying sites to remove: done in 0.0024649 secs using 8882% CPU
Identifying sites to remove: done in 0.00165479 secs using 255.4% CPU
Identifying sites to remove: done in 0.00114617 secs using 424.5% CPU
Identifying sites to remove: done in 0.000850603 secs using 174.9% CPU
Identifying sites to remove: done in 0.00112078 secs using 1.937e+04% CPU
Identifying sites to remove: done in 0.00129553 secs using 1.661e+04% CPU
Identifying sites to remove: done in 0.00151619 secs using 1.4e+04% CPU
Identifying sites to remove: done in 0.00131215 secs using 499.2% CPU
Identifying sites to remove: done in 0.00127211 secs using 425.6% CPU
Identifying sites to remove: done in 0.00118712 secs using 197.2% CPU
Identifying sites to remove: done in 0.00105587 secs using 350.1% CPU
Identifying sites to remove: done in 0.0014448 secs using 1.569e+04% CPU
Identifying sites to remove: done in 0.000961229 secs using 1742% CPU
Identifying sites to remove: done in 0.00100284 secs using 1710% CPU
Identifying sites to remove: done in 0.00100915 secs using 1724% CPU
Identifying sites to remove: done in 0.00107059 secs using 1593% CPU
Identifying sites to remove: done in 0.00113181 secs using 1609% CPU
Identifying sites to remove: done in 0.00120105 secs using 1614% CPU
Identifying sites to remove: done in 0.00119517 secs using 1477% CPU
Identifying sites to remove: done in 0.0012017 secs using 1581% CPU
Identifying sites to remove: done in 0.00120241 secs using 1519% CPU
Identifying sites to remove: done in 0.00137317 secs using 1491% CPU
Identifying sites to remove: done in 0.00140915 secs using 1446% CPU
Identifying sites to remove: done in 0.00142001 secs using 1544% CPU
Identifying sites to remove: done in 0.00154697 secs using 1250% CPU
Identifying sites to remove: done in 0.00155549 secs using 1300% CPU
Identifying sites to remove: done in 0.00162431 secs using 1220% CPU
Identifying sites to remove: done in 0.00202014 secs using 972.1% CPU
Identifying sites to remove: done in 0.000750668 secs using 3.102e+04% CPU
Identifying sites to remove: done in 0.000664778 secs using 99.73% CPU
Identifying sites to remove: done in 0.000520058 secs using 1154% CPU
Identifying sites to remove: done in 0.000657775 secs using 1246% CPU
Identifying sites to remove: done in 0.000647977 secs using 1090% CPU
Identifying sites to remove: done in 0.000684477 secs using 1176% CPU
Identifying sites to remove: done in 0.000952534 secs using 1200% CPU
Identifying sites to remove: done in 0.000738606 secs using 1220% CPU
Identifying sites to remove: done in 0.000891 secs using 2.425e+04% CPU
Identifying sites to remove: done in 0.000808805 secs using 2.62e+04% CPU
Identifying sites to remove: done in 0.00135948 secs using 496.7% CPU
Identifying sites to remove: done in 0.000906713 secs using 821.1% CPU
Identifying sites to remove: done in 0.000969402 secs using 590.8% CPU
Identifying sites to remove: done in 0.00122516 secs using 1032% CPU
Identifying sites to remove: done in 0.00101279 secs using 888.5% CPU
Identifying sites to remove: done in 0.000830702 secs using 1078% CPU
Identifying sites to remove: done in 0.0008552 secs using 2.519e+04% CPU
Identifying sites to remove: done in 0.000737399 secs using 2.868e+04% CPU
Identifying sites to remove: done in 0.000825852 secs using 270.1% CPU
Identifying sites to remove: done in 0.000549123 secs using 189.9% CPU
Identifying sites to remove: done in 0.000830561 secs using 886.8% CPU
Identifying sites to remove: done in 0.00128821 secs using 2549% CPU
Identifying sites to remove: done in 0.00136218 secs using 2195% CPU
Identifying sites to remove: done in 0.00144497 secs using 2644% CPU
Identifying sites to remove: done in 0.00148736 secs using 2219% CPU
Identifying sites to remove: done in 0.00149518 secs using 2296% CPU
Identifying sites to remove: done in 0.00150318 secs using 2529% CPU
Identifying sites to remove: done in 0.00156068 secs using 1839% CPU
Identifying sites to remove: done in 0.00163565 secs using 2343% CPU
Identifying sites to remove: done in 0.00170007 secs using 2482% CPU
Identifying sites to remove: done in 0.00175595 secs using 1668% CPU
Identifying sites to remove: done in 0.00175005 secs using 1447% CPU
Identifying sites to remove: done in 0.00187901 secs using 1542% CPU
Identifying sites to remove: done in 0.00190285 secs using 1459% CPU
Identifying sites to remove: done in 0.00191516 secs using 1723% CPU
Identifying sites to remove: done in 0.00204127 secs using 1693% CPU
Identifying sites to remove: done in 0.00212254 secs using 1204% CPU
Identifying sites to remove: done in 0.000970505 secs using 228.7% CPU
Identifying sites to remove: done in 0.00104289 secs using 184.7% CPU
Identifying sites to remove: done in 0.000823967 secs using 8574% CPU
Identifying sites to remove: done in 0.000697255 secs using 456.6% CPU
Identifying sites to remove: done in 0.000824519 secs using 507.2% CPU
Identifying sites to remove: done in 0.00103015 secs using 500.7% CPU
Identifying sites to remove: done in 0.00118051 secs using 560.3% CPU
Identifying sites to remove: done in 0.0012249 secs using 632.3% CPU
Identifying sites to remove: done in 0.00110151 secs using 732.9% CPU
Identifying sites to remove: done in 0.00105728 secs using 2.058e+04% CPU
Identifying sites to remove: done in 0.00209545 secs using 1.062e+04% CPU
Identifying sites to remove: done in 0.00104419 secs using 654.1% CPU
Identifying sites to remove: done in 0.00100259 secs using 624.8% CPU
Identifying sites to remove: done in 0.00135888 secs using 822.2% CPU
Identifying sites to remove: done in 0.00135262 secs using 706.2% CPU
Identifying sites to remove: done in 0.00110742 secs using 513.4% CPU
Identifying sites to remove: done in 0.00116417 secs using 862.3% CPU
Identifying sites to remove: done in 0.00101151 secs using 2.149e+04% CPU
Identifying sites to remove: done in 0.00113146 secs using 1.892e+04% CPU
Identifying sites to remove: done in 0.00111149 secs using 332% CPU
Identifying sites to remove: done in 0.00119835 secs using 223.1% CPU
Identifying sites to remove: done in 0.00112639 secs using 3286% CPU
Identifying sites to remove: done in 0.00118093 secs using 3376% CPU
Identifying sites to remove: done in 0.00117322 secs using 2661% CPU
Identifying sites to remove: done in 0.0012915 secs using 2791% CPU
Identifying sites to remove: done in 0.00138059 secs using 1646% CPU
Identifying sites to remove: done in 0.00138927 secs using 2157% CPU
Identifying sites to remove: done in 0.0014467 secs using 1885% CPU
Identifying sites to remove: done in 0.0015182 secs using 2977% CPU
Identifying sites to remove: done in 0.00154223 secs using 2165% CPU
Identifying sites to remove: done in 0.001546 secs using 2390% CPU
Identifying sites to remove: done in 0.00161434 secs using 2216% CPU
Identifying sites to remove: done in 0.00161583 secs using 2532% CPU
Identifying sites to remove: done in 0.00171338 secs using 1598% CPU
Identifying sites to remove: done in 0.00181653 secs using 1724% CPU
Identifying sites to remove: done in 0.00188456 secs using 1304% CPU
Identifying sites to remove: done in 0.00202973 secs using 1130% CPU
Identifying sites to remove: done in 0.000863105 secs using 436.3% CPU
Identifying sites to remove: done in 0.00095623 secs using 160.1% CPU
Identifying sites to remove: done in 0.000612736 secs using 419.6% CPU
Identifying sites to remove: done in 0.000782758 secs using 458.1% CPU
Identifying sites to remove: done in 0.000700578 secs using 298% CPU
Identifying sites to remove: done in 0.00108772 secs using 818.2% CPU
Identifying sites to remove: done in 0.00108819 secs using 956.1% CPU
Identifying sites to remove: done in 0.000819467 secs using 967.2% CPU
Identifying sites to remove: done in 0.000895821 secs using 664.6% CPU
Identifying sites to remove: done in 0.000805184 secs using 198.6% CPU
Identifying sites to remove: done in 0.00155191 secs using 1.382e+04% CPU
Identifying sites to remove: done in 0.000820056 secs using 634.8% CPU
Identifying sites to remove: done in 0.00123882 secs using 679.4% CPU
Identifying sites to remove: done in 0.000914767 secs using 558.3% CPU
Identifying sites to remove: done in 0.00126968 secs using 602% CPU
Identifying sites to remove: done in 0.000946075 secs using 834.8% CPU
Identifying sites to remove: done in 0.000786871 secs using 1405% CPU
Identifying sites to remove: done in 0.000786133 secs using 1981% CPU
Identifying sites to remove: done in 0.00104737 secs using 2.056e+04% CPU
Identifying sites to remove: done in 0.00106285 secs using 1.995e+04% CPU
Identifying sites to remove: done in 0.000932679 secs using 99.82% CPU
Identifying sites to remove: done in 0.000521787 secs using 5426% CPU
Identifying sites to remove: done in 0.000528611 secs using 6577% CPU
Identifying sites to remove: done in 0.000597164 secs using 4554% CPU
Identifying sites to remove: done in 0.000678256 secs using 5705% CPU
Identifying sites to remove: done in 0.000667579 secs using 4859% CPU
Identifying sites to remove: done in 0.000659615 secs using 3586% CPU
Identifying sites to remove: done in 0.000662692 secs using 3925% CPU
Identifying sites to remove: done in 0.000670992 secs using 4247% CPU
Identifying sites to remove: done in 0.000752553 secs using 4742% CPU
Identifying sites to remove: done in 0.000796989 secs using 2827% CPU
Identifying sites to remove: done in 0.00084839 secs using 2431% CPU
Identifying sites to remove: done in 0.000920013 secs using 2027% CPU
Identifying sites to remove: done in 0.00091292 secs using 1324% CPU
Identifying sites to remove: done in 0.000992119 secs using 1044% CPU
Identifying sites to remove: done in 0.000927716 secs using 1823% CPU
Identifying sites to remove: done in 0.00107221 secs using 1420% CPU
Identifying sites to remove: done in 0.000349112 secs using 934.4% CPU
Identifying sites to remove: done in 0.000308432 secs using 148.2% CPU
Identifying sites to remove: done in 0.000327967 secs using 271.4% CPU
Identifying sites to remove: done in 0.000348151 secs using 587.1% CPU
Identifying sites to remove: done in 0.000270091 secs using 490.2% CPU
Identifying sites to remove: done in 0.000277989 secs using 533.8% CPU
Identifying sites to remove: done in 0.000198394 secs using 145.7% CPU
Identifying sites to remove: done in 0.000254504 secs using 99.02% CPU
Identifying sites to remove: done in 0.000279874 secs using 1916% CPU
Identifying sites to remove: done in 0.000265621 secs using 1641% CPU
Identifying sites to remove: done in 0.000274375 secs using 1734% CPU
Identifying sites to remove: done in 0.000429586 secs using 1933% CPU
Identifying sites to remove: done in 0.000344932 secs using 1447% CPU
Identifying sites to remove: done in 0.000391215 secs using 3064% CPU
Identifying sites to remove: done in 0.000419676 secs using 3027% CPU
Identifying sites to remove: done in 0.0003765 secs using 2844% CPU
Identifying sites to remove: done in 0.000381447 secs using 1737% CPU
Identifying sites to remove: done in 0.000320084 secs using 1310% CPU
Identifying sites to remove: done in 0.000699066 secs using 1344% CPU
Identifying sites to remove: done in 0.000510454 secs using 327.7% CPU
Identifying sites to remove: done in 0.000336312 secs using 99.31% CPU
Identifying sites to remove: done in 0.000877395 secs using 4038% CPU
Identifying sites to remove: done in 0.000886828 secs using 4807% CPU
Identifying sites to remove: done in 0.000969931 secs using 4232% CPU
Identifying sites to remove: done in 0.000994235 secs using 3911% CPU
Identifying sites to remove: done in 0.000987686 secs using 2472% CPU
Identifying sites to remove: done in 0.00108133 secs using 2595% CPU
Identifying sites to remove: done in 0.00114319 secs using 3136% CPU
Identifying sites to remove: done in 0.00116657 secs using 2669% CPU
Identifying sites to remove: done in 0.00127342 secs using 2700% CPU
Identifying sites to remove: done in 0.00151473 secs using 1691% CPU
Identifying sites to remove: done in 0.00156917 secs using 1332% CPU
Identifying sites to remove: done in 0.0015718 secs using 1182% CPU
Identifying sites to remove: done in 0.00168858 secs using 1.127e+04% CPU
Identifying sites to remove: done in 0.0018457 secs using 9911% CPU
Identifying sites to remove: done in 0.000790112 secs using 99.35% CPU
Identifying sites to remove: done in 0.000787444 secs using 527.5% CPU
Identifying sites to remove: done in 0.00115086 secs using 589.7% CPU
Identifying sites to remove: done in 0.000626966 secs using 738.5% CPU
Identifying sites to remove: done in 0.000853136 secs using 872% CPU
Identifying sites to remove: done in 0.000838719 secs using 889.2% CPU
Identifying sites to remove: done in 0.000858627 secs using 1152% CPU
Identifying sites to remove: done in 0.000921868 secs using 1026% CPU
Identifying sites to remove: done in 0.000827149 secs using 698.8% CPU
Identifying sites to remove: done in 0.00124075 secs using 972.9% CPU
Identifying sites to remove: done in 0.00126984 secs using 684.3% CPU
Identifying sites to remove: done in 0.00151579 secs using 313.6% CPU
Identifying sites to remove: done in 0.000823051 secs using 370.9% CPU
Identifying sites to remove: done in 0.000800677 secs using 436.9% CPU
Identifying sites to remove: done in 0.001251 secs using 792.4% CPU
Identifying sites to remove: done in 0.000943936 secs using 1144% CPU
Identifying sites to remove: done in 0.00124813 secs using 1103% CPU
Identifying sites to remove: done in 0.000976369 secs using 929.9% CPU
Identifying sites to remove: done in 0.000932887 secs using 987.3% CPU
Identifying sites to remove: done in 0.000988454 secs using 1006% CPU
Identifying sites to remove: done in 0.000850745 secs using 2.447e+04% CPU
Identifying sites to remove: done in 0.00101534 secs using 2.008e+04% CPU
Identifying sites to remove: done in 0.00105944 secs using 99.77% CPU
Identifying sites to remove: done in 0.000649095 secs using 1355% CPU
Identifying sites to remove: done in 0.000676535 secs using 3303% CPU
Identifying sites to remove: done in 0.000769123 secs using 3040% CPU
Identifying sites to remove: done in 0.000766642 secs using 2811% CPU
Identifying sites to remove: done in 0.000772007 secs using 3267% CPU
Identifying sites to remove: done in 0.000818841 secs using 1618% CPU
Identifying sites to remove: done in 0.000807062 secs using 1374% CPU
Identifying sites to remove: done in 0.000896543 secs using 1771% CPU
Identifying sites to remove: done in 0.000900559 secs using 1339% CPU
Identifying sites to remove: done in 0.00092607 secs using 1239% CPU
Identifying sites to remove: done in 0.000959061 secs using 2285% CPU
Identifying sites to remove: done in 0.00101946 secs using 2878% CPU
Identifying sites to remove: done in 0.00100658 secs using 2018% CPU
Identifying sites to remove: done in 0.00109752 secs using 1150% CPU
Identifying sites to remove: done in 0.00110897 secs using 1224% CPU
Identifying sites to remove: done in 0.00122439 secs using 1583% CPU
Identifying sites to remove: done in 0.000542335 secs using 4.214e+04% CPU
Identifying sites to remove: done in 0.000517786 secs using 99.46% CPU
Identifying sites to remove: done in 0.000366464 secs using 2091% CPU
Identifying sites to remove: done in 0.000438645 secs using 1021% CPU
Identifying sites to remove: done in 0.000396676 secs using 291.4% CPU
Identifying sites to remove: done in 0.000523202 secs using 99.39% CPU
Identifying sites to remove: done in 0.000526495 secs using 822% CPU
Identifying sites to remove: done in 0.00047452 secs using 916.9% CPU
Identifying sites to remove: done in 0.000685416 secs using 857.7% CPU
Identifying sites to remove: done in 0.000620633 secs using 566.2% CPU
Identifying sites to remove: done in 0.000523865 secs using 1388% CPU
Identifying sites to remove: done in 0.000465706 secs using 2134% CPU
Identifying sites to remove: done in 0.000512116 secs using 2097% CPU
Identifying sites to remove: done in 0.000516504 secs using 1741% CPU
Identifying sites to remove: done in 0.000679739 secs using 1094% CPU
Identifying sites to remove: done in 0.000517115 secs using 862.9% CPU
Identifying sites to remove: done in 0.0010564 secs using 536.4% CPU
Identifying sites to remove: done in 0.000621863 secs using 173.5% CPU
Identifying sites to remove: done in 0.000547811 secs using 3.636e+04% CPU
Identifying sites to remove: done in 0.000564761 secs using 268.4% CPU
Identifying sites to remove: done in 0.000472881 secs using 186.3% CPU
Identifying sites to remove: done in 0.000442766 secs using 5259% CPU
Identifying sites to remove: done in 0.000483453 secs using 2166% CPU
Identifying sites to remove: done in 0.000486702 secs using 3248% CPU
Identifying sites to remove: done in 0.000498749 secs using 5142% CPU
Identifying sites to remove: done in 0.000560172 secs using 4149% CPU
Identifying sites to remove: done in 0.000561111 secs using 3567% CPU
Identifying sites to remove: done in 0.000576146 secs using 4893% CPU
Identifying sites to remove: done in 0.000567399 secs using 3841% CPU
Identifying sites to remove: done in 0.00056193 secs using 2082% CPU
Identifying sites to remove: done in 0.000702031 secs using 1265% CPU
Identifying sites to remove: done in 0.000710689 secs using 1525% CPU
Identifying sites to remove: done in 0.000715993 secs using 2277% CPU
Identifying sites to remove: done in 0.000712678 secs using 2728% CPU
Identifying sites to remove: done in 0.000717774 secs using 2051% CPU
Identifying sites to remove: done in 0.000810072 secs using 950.3% CPU
Identifying sites to remove: done in 0.000278674 secs using 99.4% CPU
Identifying sites to remove: done in 0.000318475 secs using 2827% CPU
Identifying sites to remove: done in 0.000363506 secs using 2618% CPU
Identifying sites to remove: done in 0.000294469 secs using 2300% CPU
Identifying sites to remove: done in 0.000346929 secs using 4747% CPU
Identifying sites to remove: done in 0.000309631 secs using 4386% CPU
Identifying sites to remove: done in 0.000271007 secs using 1555% CPU
Identifying sites to remove: done in 0.000370666 secs using 2943% CPU
Identifying sites to remove: done in 0.000355355 secs using 409.4% CPU
Identifying sites to remove: done in 0.000638187 secs using 1838% CPU
Identifying sites to remove: done in 0.000299104 secs using 185.6% CPU
Identifying sites to remove: done in 0.000290953 secs using 512.1% CPU
Identifying sites to remove: done in 0.000301883 secs using 515.8% CPU
Identifying sites to remove: done in 0.000278898 secs using 538.9% CPU
Identifying sites to remove: done in 0.000295833 secs using 453.6% CPU
Identifying sites to remove: done in 0.000365578 secs using 353.1% CPU
Identifying sites to remove: done in 0.000384584 secs using 391.1% CPU
Identifying sites to remove: done in 0.00034488 secs using 171.7% CPU
Identifying sites to remove: done in 0.00033889 secs using 99.15% CPU
Identifying sites to remove: done in 0.000333712 secs using 2757% CPU
Identifying sites to remove: done in 0.00198203 secs using 1577% CPU
Identifying sites to remove: done in 0.00207347 secs using 1632% CPU
Identifying sites to remove: done in 0.0022129 secs using 1599% CPU
Identifying sites to remove: done in 0.00223362 secs using 1515% CPU
Identifying sites to remove: done in 0.00222722 secs using 1480% CPU
Identifying sites to remove: done in 0.00229365 secs using 1618% CPU
Identifying sites to remove: done in 0.00228558 secs using 1475% CPU
Identifying sites to remove: done in 0.00236888 secs using 1546% CPU
Identifying sites to remove: done in 0.0024006 secs using 1476% CPU
Identifying sites to remove: done in 0.00241278 secs using 1489% CPU
Identifying sites to remove: done in 0.00321291 secs using 1201% CPU
Identifying sites to remove: done in 0.00465316 secs using 4934% CPU
Identifying sites to remove: done in 0.00472064 secs using 4883% CPU
Identifying sites to remove: done in 0.0048765 secs using 4692% CPU
Identifying sites to remove: done in 0.00523125 secs using 4432% CPU
Identifying sites to remove: done in 0.00146527 secs using 99.85% CPU
Identifying sites to remove: done in 0.00133875 secs using 99.72% CPU
Identifying sites to remove: done in 0.00146396 secs using 739% CPU
Identifying sites to remove: done in 0.00125044 secs using 776.7% CPU
Identifying sites to remove: done in 0.00107298 secs using 1001% CPU
Identifying sites to remove: done in 0.0016316 secs using 1207% CPU
Identifying sites to remove: done in 0.00198971 secs using 1.086e+04% CPU
Identifying sites to remove: done in 0.00150719 secs using 1.371e+04% CPU
Identifying sites to remove: done in 0.00206102 secs using 1.025e+04% CPU
Identifying sites to remove: done in 0.0019617 secs using 1.018e+04% CPU
Identifying sites to remove: done in 0.00279215 secs using 7364% CPU
Identifying sites to remove: done in 0.0014412 secs using 1.561e+04% CPU
Identifying sites to remove: done in 0.00138662 secs using 179.1% CPU
Identifying sites to remove: done in 0.00173455 secs using 1.248e+04% CPU
Identifying sites to remove: done in 0.002096 secs using 1.062e+04% CPU
Identifying sites to remove: done in 0.00211772 secs using 1.045e+04% CPU
Identifying sites to remove: done in 0.00158332 secs using 1.312e+04% CPU
Identifying sites to remove: done in 0.0018772 secs using 1.146e+04% CPU
Identifying sites to remove: done in 0.00185478 secs using 1.142e+04% CPU
Identifying sites to remove: done in 0.00163663 secs using 181.3% CPU
Identifying sites to remove: done in 0.00174275 secs using 1.261e+04% CPU
Identifying sites to remove: done in 0.00196531 secs using 239.8% CPU
Identifying sites to remove: done in 0.000149257 secs using 2649% CPU
Identifying sites to remove: done in 0.000218078 secs using 3072% CPU
Identifying sites to remove: done in 0.000218689 secs using 2567% CPU
Identifying sites to remove: done in 0.000304945 secs using 1213% CPU
Identifying sites to remove: done in 0.000298619 secs using 498% CPU
Identifying sites to remove: done in 0.000324011 secs using 586.1% CPU
Identifying sites to remove: done in 0.000301808 secs using 519.2% CPU
Identifying sites to remove: done in 0.000435561 secs using 750.1% CPU
Identifying sites to remove: done in 6.85975e-05 secs using 1405% CPU
Identifying sites to remove: done in 0.000108786 secs using 1617% CPU
Identifying sites to remove: done in 5.84126e-05 secs using 95.87% CPU
Identifying sites to remove: done in 6.70105e-05 secs using 1248% CPU
Identifying sites to remove: done in 6.6638e-05 secs using 195.1% CPU
Identifying sites to remove: done in 0.000111103 secs using 7005% CPU
Identifying sites to remove: done in 0.000116743 secs using 3516% CPU
Identifying sites to remove: done in 0.000122786 secs using 5459% CPU
Identifying sites to remove: done in 0.000158921 secs using 2784% CPU
Identifying sites to remove: done in 0.000150427 secs using 2143% CPU
Identifying sites to remove: done in 0.000135913 secs using 2301% CPU
Identifying sites to remove: done in 9.95323e-05 secs using 3007% CPU
Identifying sites to remove: done in 0.00013864 secs using 168.1% CPU
Identifying sites to remove: done in 0.000120677 secs using 97.78% CPU
Identifying sites to remove: done in 0.00011643 secs using 98.77% CPU
Identifying sites to remove: done in 7.24941e-05 secs using 1633% CPU
Identifying sites to remove: done in 5.49555e-05 secs using 547.7% CPU
Identifying sites to remove: done in 4.36008e-05 secs using 4885% CPU
Identifying sites to remove: done in 5.37634e-05 secs using 98.58% CPU
Identifying sites to remove: done in 0.000873737 secs using 2.168e+04% CPU
Identifying sites to remove: done in 0.000876032 secs using 2.122e+04% CPU
Identifying sites to remove: done in 0.000936173 secs using 2.07e+04% CPU
Identifying sites to remove: done in 0.000982419 secs using 1.797e+04% CPU
Identifying sites to remove: done in 0.000982292 secs using 1.761e+04% CPU
Identifying sites to remove: done in 0.000970729 secs using 1.594e+04% CPU
Identifying sites to remove: done in 0.00104742 secs using 1.726e+04% CPU
Identifying sites to remove: done in 0.00111304 secs using 1.663e+04% CPU
Identifying sites to remove: done in 0.00113167 secs using 1.636e+04% CPU
Identifying sites to remove: done in 0.0011801 secs using 1.357e+04% CPU
Identifying sites to remove: done in 0.00124322 secs using 1.319e+04% CPU
Identifying sites to remove: done in 0.00124759 secs using 1.373e+04% CPU
Identifying sites to remove: done in 0.00124415 secs using 1.26e+04% CPU
Identifying sites to remove: done in 0.00133686 secs using 1.173e+04% CPU
Identifying sites to remove: done in 0.00142063 secs using 1.184e+04% CPU
Identifying sites to remove: done in 0.000861004 secs using 470.6% CPU
Identifying sites to remove: done in 0.000845671 secs using 190.7% CPU
Identifying sites to remove: done in 0.000807643 secs using 198.2% CPU
Identifying sites to remove: done in 0.000708811 secs using 172.4% CPU
Identifying sites to remove: done in 0.000638217 secs using 1069% CPU
Identifying sites to remove: done in 0.000683233 secs using 1069% CPU
Identifying sites to remove: done in 0.000817373 secs using 1362% CPU
Identifying sites to remove: done in 0.000832655 secs using 1137% CPU
Identifying sites to remove: done in 0.000618108 secs using 726.6% CPU
Identifying sites to remove: done in 0.00060115 secs using 697% CPU
Identifying sites to remove: done in 0.00136027 secs using 1.59e+04% CPU
Identifying sites to remove: done in 0.000670522 secs using 225.9% CPU
Identifying sites to remove: done in 0.000688054 secs using 140% CPU
Identifying sites to remove: done in 0.000937201 secs using 1380% CPU
Identifying sites to remove: done in 0.000855401 secs using 1268% CPU
Identifying sites to remove: done in 0.000875093 secs using 1011% CPU
Identifying sites to remove: done in 0.00091739 secs using 684.9% CPU
Identifying sites to remove: done in 0.000843883 secs using 368.3% CPU
Identifying sites to remove: done in 0.000766322 secs using 2.804e+04% CPU
Identifying sites to remove: done in 0.000652298 secs using 3.234e+04% CPU
Identifying sites to remove: done in 0.000962935 secs using 2.417e+04% CPU
Identifying sites to remove: done in 0.000939369 secs using 125% CPU
Identifying sites to remove: done in 0.000475757 secs using 7794% CPU
Identifying sites to remove: done in 0.000474676 secs using 4262% CPU
Identifying sites to remove: done in 0.000551425 secs using 6388% CPU
Identifying sites to remove: done in 0.00058914 secs using 1622% CPU
Identifying sites to remove: done in 0.000614963 secs using 7137% CPU
Identifying sites to remove: done in 0.000617482 secs using 7574% CPU
Identifying sites to remove: done in 0.000597447 secs using 1690% CPU
Identifying sites to remove: done in 0.000613637 secs using 6754% CPU
Identifying sites to remove: done in 0.000608727 secs using 4534% CPU
Identifying sites to remove: done in 0.000677764 secs using 2486% CPU
Identifying sites to remove: done in 0.000736274 secs using 1912% CPU
Identifying sites to remove: done in 0.000607446 secs using 4061% CPU
Identifying sites to remove: done in 0.000614755 secs using 4967% CPU
Identifying sites to remove: done in 0.000615798 secs using 5435% CPU
Identifying sites to remove: done in 0.00061278 secs using 3161% CPU
Identifying sites to remove: done in 0.000973962 secs using 865% CPU
Identifying sites to remove: done in 0.000282958 secs using 99.31% CPU
Identifying sites to remove: done in 0.000344336 secs using 99.61% CPU
Identifying sites to remove: done in 0.000321671 secs using 339.8% CPU
Identifying sites to remove: done in 0.000296064 secs using 797.1% CPU
Identifying sites to remove: done in 0.000296012 secs using 1306% CPU
Identifying sites to remove: done in 0.000291497 secs using 1043% CPU
Identifying sites to remove: done in 0.000238329 secs using 1302% CPU
Identifying sites to remove: done in 0.000365026 secs using 604.6% CPU
Identifying sites to remove: done in 0.000267647 secs using 780.9% CPU
Identifying sites to remove: done in 0.000463985 secs using 926.1% CPU
Identifying sites to remove: done in 0.000324152 secs using 772.2% CPU
Identifying sites to remove: done in 0.000475541 secs using 2588% CPU
Identifying sites to remove: done in 0.000355102 secs using 3487% CPU
Identifying sites to remove: done in 0.000395641 secs using 2204% CPU
Identifying sites to remove: done in 0.000405058 secs using 2676% CPU
Identifying sites to remove: done in 0.000379436 secs using 2352% CPU
Identifying sites to remove: done in 0.000294954 secs using 1333% CPU
Identifying sites to remove: done in 0.000423118 secs using 1596% CPU
Identifying sites to remove: done in 0.000270352 secs using 305.9% CPU
Identifying sites to remove: done in 0.000383548 secs using 188.8% CPU
Identifying sites to remove: done in 0.000440344 secs using 253.9% CPU
Identifying sites to remove: done in 0.000765018 secs using 2655% CPU
Identifying sites to remove: done in 0.00081256 secs using 2256% CPU
Identifying sites to remove: done in 0.000883631 secs using 1994% CPU
Identifying sites to remove: done in 0.000900604 secs using 2521% CPU
Identifying sites to remove: done in 0.000923119 secs using 1871% CPU
Identifying sites to remove: done in 0.00093016 secs using 2195% CPU
Identifying sites to remove: done in 0.000939064 secs using 1499% CPU
Identifying sites to remove: done in 0.000926264 secs using 1718% CPU
Identifying sites to remove: done in 0.000952765 secs using 2285% CPU
Identifying sites to remove: done in 0.00104342 secs using 1830% CPU
Identifying sites to remove: done in 0.00109958 secs using 2114% CPU
Identifying sites to remove: done in 0.00115918 secs using 1598% CPU
Identifying sites to remove: done in 0.00115759 secs using 1462% CPU
Identifying sites to remove: done in 0.00123592 secs using 1711% CPU
Identifying sites to remove: done in 0.00128543 secs using 1285% CPU
Identifying sites to remove: done in 0.00128289 secs using 1172% CPU
Identifying sites to remove: done in 0.000618964 secs using 203.4% CPU
Identifying sites to remove: done in 0.000700966 secs using 569.4% CPU
Identifying sites to remove: done in 0.000475414 secs using 361.6% CPU
Identifying sites to remove: done in 0.000615932 secs using 369% CPU
Identifying sites to remove: done in 0.000701323 secs using 234.4% CPU
Identifying sites to remove: done in 0.000752755 secs using 836.7% CPU
Identifying sites to remove: done in 0.000657268 secs using 696.2% CPU
Identifying sites to remove: done in 0.000924878 secs using 855.4% CPU
Identifying sites to remove: done in 0.00128853 secs using 574.5% CPU
Identifying sites to remove: done in 0.000844002 secs using 243.1% CPU
Identifying sites to remove: done in 0.000642337 secs using 3.416e+04% CPU
Identifying sites to remove: done in 0.000679947 secs using 3.072e+04% CPU
Identifying sites to remove: done in 0.000914782 secs using 2.343e+04% CPU
Identifying sites to remove: done in 0.00105242 secs using 2.075e+04% CPU
Identifying sites to remove: done in 0.000785097 secs using 375.6% CPU
Identifying sites to remove: done in 0.000790611 secs using 259.3% CPU
Identifying sites to remove: done in 0.000739843 secs using 718.1% CPU
Identifying sites to remove: done in 0.000620276 secs using 288.3% CPU
Identifying sites to remove: done in 0.000788666 secs using 491.2% CPU
Identifying sites to remove: done in 0.000762425 secs using 99.68% CPU
Identifying sites to remove: done in 0.000911765 secs using 99.81% CPU
Identifying sites to remove: done in 0.00076934 secs using 3931% CPU
Identifying sites to remove: done in 0.000763893 secs using 3738% CPU
Identifying sites to remove: done in 0.000834666 secs using 2226% CPU
Identifying sites to remove: done in 0.00083594 secs using 2213% CPU
Identifying sites to remove: done in 0.000858724 secs using 4019% CPU
Identifying sites to remove: done in 0.000907324 secs using 2966% CPU
Identifying sites to remove: done in 0.000854447 secs using 3831% CPU
Identifying sites to remove: done in 0.000847831 secs using 3273% CPU
Identifying sites to remove: done in 0.000938497 secs using 2697% CPU
Identifying sites to remove: done in 0.00101946 secs using 3697% CPU
Identifying sites to remove: done in 0.00105798 secs using 2100% CPU
Identifying sites to remove: done in 0.00106414 secs using 2271% CPU
Identifying sites to remove: done in 0.00124916 secs using 1590% CPU
Identifying sites to remove: done in 0.00124131 secs using 1307% CPU
Identifying sites to remove: done in 0.00132697 secs using 1370% CPU
Identifying sites to remove: done in 0.00130374 secs using 1120% CPU
Identifying sites to remove: done in 0.00060115 secs using 99.64% CPU
Identifying sites to remove: done in 0.000554584 secs using 99.53% CPU
Identifying sites to remove: done in 0.000504434 secs using 99.32% CPU
Identifying sites to remove: done in 0.000441611 secs using 711.9% CPU
Identifying sites to remove: done in 0.000412695 secs using 518.3% CPU
Identifying sites to remove: done in 0.000544496 secs using 322.3% CPU
Identifying sites to remove: done in 0.000713319 secs using 474.3% CPU
Identifying sites to remove: done in 0.000489719 secs using 218.1% CPU
Identifying sites to remove: done in 0.00103422 secs using 549.4% CPU
Identifying sites to remove: done in 0.000566565 secs using 108% CPU
Identifying sites to remove: done in 0.000714406 secs using 617% CPU
Identifying sites to remove: done in 0.000571154 secs using 3.693e+04% CPU
Identifying sites to remove: done in 0.000662938 secs using 3.298e+04% CPU
Identifying sites to remove: done in 0.000635855 secs using 3.38e+04% CPU
Identifying sites to remove: done in 0.000663914 secs using 3.127e+04% CPU
Identifying sites to remove: done in 0.000522465 secs using 498.2% CPU
Identifying sites to remove: done in 0.000652067 secs using 536% CPU
Identifying sites to remove: done in 0.000715971 secs using 480% CPU
Identifying sites to remove: done in 0.000757247 secs using 356% CPU
Identifying sites to remove: done in 0.000903994 secs using 2.556e+04% CPU
Identifying sites to remove: done in 0.000499323 secs using 3.833e+04% CPU
Identifying sites to remove: done in 0.00122644 secs using 1.713e+04% CPU
Identifying sites to remove: done in 0.00122416 secs using 1.665e+04% CPU
Identifying sites to remove: done in 0.00132247 secs using 1.403e+04% CPU
Identifying sites to remove: done in 0.00134902 secs using 1.59e+04% CPU
Identifying sites to remove: done in 0.00142671 secs using 1.335e+04% CPU
Identifying sites to remove: done in 0.00146116 secs using 1.263e+04% CPU
Identifying sites to remove: done in 0.00151937 secs using 1.347e+04% CPU
Identifying sites to remove: done in 0.00152611 secs using 1.321e+04% CPU
Identifying sites to remove: done in 0.00151426 secs using 1.179e+04% CPU
Identifying sites to remove: done in 0.00164586 secs using 1.342e+04% CPU
Identifying sites to remove: done in 0.00163385 secs using 1.295e+04% CPU
Identifying sites to remove: done in 0.00161891 secs using 1.127e+04% CPU
Identifying sites to remove: done in 0.00163142 secs using 1.219e+04% CPU
Identifying sites to remove: done in 0.0017142 secs using 1.144e+04% CPU
Identifying sites to remove: done in 0.00177202 secs using 1.013e+04% CPU
Identifying sites to remove: done in 0.00177246 secs using 9950% CPU
Identifying sites to remove: done in 0.00107506 secs using 99.72% CPU
Identifying sites to remove: done in 0.00100751 secs using 99.65% CPU
Identifying sites to remove: done in 0.000664197 secs using 198% CPU
Identifying sites to remove: done in 0.000829913 secs using 495.2% CPU
Identifying sites to remove: done in 0.00103353 secs using 2.201e+04% CPU
Identifying sites to remove: done in 0.00125723 secs using 581.5% CPU
Identifying sites to remove: done in 0.0010704 secs using 591.4% CPU
Identifying sites to remove: done in 0.00131391 secs using 586.9% CPU
Identifying sites to remove: done in 0.0010508 secs using 481.9% CPU
Identifying sites to remove: done in 0.00213014 secs using 232.1% CPU
Identifying sites to remove: done in 0.00134378 secs using 1.689e+04% CPU
Identifying sites to remove: done in 0.00128 secs using 544.1% CPU
Identifying sites to remove: done in 0.00113542 secs using 645% CPU
Identifying sites to remove: done in 0.00121998 secs using 703% CPU
Identifying sites to remove: done in 0.00102022 secs using 535.2% CPU
Identifying sites to remove: done in 0.000974745 secs using 745.5% CPU
Identifying sites to remove: done in 0.000940904 secs using 2.222e+04% CPU
Identifying sites to remove: done in 0.00115607 secs using 1.874e+04% CPU
Identifying sites to remove: done in 0.00118203 secs using 1.803e+04% CPU
Identifying sites to remove: done in 0.00125443 secs using 1.846e+04% CPU
Identifying sites to remove: done in 0.00136226 secs using 210.5% CPU
Identifying sites to remove: done in 0.00143492 secs using 1.571e+04% CPU
Identifying sites to remove: done in 0.00142677 secs using 1.489e+04% CPU
Identifying sites to remove: done in 0.00158049 secs using 1.476e+04% CPU
Identifying sites to remove: done in 0.00160159 secs using 1.378e+04% CPU
Identifying sites to remove: done in 0.00168934 secs using 1.216e+04% CPU
Identifying sites to remove: done in 0.00172275 secs using 1.234e+04% CPU
Identifying sites to remove: done in 0.00181329 secs using 1.282e+04% CPU
Identifying sites to remove: done in 0.00181147 secs using 1.249e+04% CPU
Identifying sites to remove: done in 0.00180452 secs using 1.217e+04% CPU
Identifying sites to remove: done in 0.00200132 secs using 1.063e+04% CPU
Identifying sites to remove: done in 0.00203381 secs using 1.192e+04% CPU
Identifying sites to remove: done in 0.00206963 secs using 9985% CPU
Identifying sites to remove: done in 0.0033556 secs using 5994% CPU
Identifying sites to remove: done in 0.00341254 secs using 6118% CPU
Identifying sites to remove: done in 0.0034182 secs using 6000% CPU
Identifying sites to remove: done in 0.00390185 secs using 5038% CPU
Identifying sites to remove: done in 0.000598431 secs using 614.8% CPU
Identifying sites to remove: done in 0.000623621 secs using 176.1% CPU
Identifying sites to remove: done in 0.000732921 secs using 614.8% CPU
Identifying sites to remove: done in 0.000677034 secs using 3.336e+04% CPU
Identifying sites to remove: done in 0.000691369 secs using 1.712e+04% CPU
Identifying sites to remove: done in 0.000657633 secs using 282.8% CPU
Identifying sites to remove: done in 0.00122794 secs using 1.819e+04% CPU
Identifying sites to remove: done in 0.000424683 secs using 208.4% CPU
Identifying sites to remove: done in 0.000567637 secs using 435.3% CPU
Identifying sites to remove: done in 0.000595771 secs using 1647% CPU
Identifying sites to remove: done in 0.00072708 secs using 719.9% CPU
Identifying sites to remove: done in 0.000734553 secs using 1106% CPU
Identifying sites to remove: done in 0.000636332 secs using 283% CPU
Identifying sites to remove: done in 0.000612803 secs using 3.461e+04% CPU
Identifying sites to remove: done in 0.000734694 secs using 395.4% CPU
Identifying sites to remove: done in 0.00102937 secs using 1176% CPU
Identifying sites to remove: done in 0.00078053 secs using 583.2% CPU
Identifying sites to remove: done in 0.000936188 secs using 234.7% CPU
Identifying sites to remove: done in 0.000857219 secs using 878.7% CPU
Identifying sites to remove: done in 0.000734791 secs using 126.8% CPU
Identifying sites to remove: done in 0.000719346 secs using 143.3% CPU
Identifying sites to remove: done in 0.000488952 secs using 3624% CPU
Identifying sites to remove: done in 0.000539675 secs using 4524% CPU
Identifying sites to remove: done in 0.000557743 secs using 4050% CPU
Identifying sites to remove: done in 0.000617526 secs using 5312% CPU
Identifying sites to remove: done in 0.000628464 secs using 5819% CPU
Identifying sites to remove: done in 0.000614628 secs using 3502% CPU
Identifying sites to remove: done in 0.000619121 secs using 5039% CPU
Identifying sites to remove: done in 0.000652716 secs using 4209% CPU
Identifying sites to remove: done in 0.000719436 secs using 2277% CPU
Identifying sites to remove: done in 0.000720598 secs using 4135% CPU
Identifying sites to remove: done in 0.000638761 secs using 1240% CPU
Identifying sites to remove: done in 0.000795268 secs using 4491% CPU
Identifying sites to remove: done in 0.000821985 secs using 1334% CPU
Identifying sites to remove: done in 0.000870287 secs using 1743% CPU
Identifying sites to remove: done in 0.000788637 secs using 2377% CPU
Identifying sites to remove: done in 0.000965267 secs using 1396% CPU
Identifying sites to remove: done in 0.00035923 secs using 866.3% CPU
Identifying sites to remove: done in 0.000448234 secs using 150.6% CPU
Identifying sites to remove: done in 0.000312805 secs using 99.42% CPU
Identifying sites to remove: done in 0.000375979 secs using 1400% CPU
Identifying sites to remove: done in 0.000466071 secs using 1339% CPU
Identifying sites to remove: done in 0.000373408 secs using 1217% CPU
Identifying sites to remove: done in 0.000428997 secs using 734.7% CPU
Identifying sites to remove: done in 0.000696301 secs using 223.6% CPU
Identifying sites to remove: done in 0.000330038 secs using 2153% CPU
Identifying sites to remove: done in 0.000587739 secs using 2149% CPU
Identifying sites to remove: done in 0.00034485 secs using 1270% CPU
Identifying sites to remove: done in 0.000571996 secs using 1804% CPU
Identifying sites to remove: done in 0.00042063 secs using 287.9% CPU
Identifying sites to remove: done in 0.000400819 secs using 2936% CPU
Identifying sites to remove: done in 0.000318348 secs using 2619% CPU
Identifying sites to remove: done in 0.000388995 secs using 1267% CPU
Identifying sites to remove: done in 0.000414379 secs using 4.616e+04% CPU
Identifying sites to remove: done in 0.000416204 secs using 99.23% CPU
Identifying sites to remove: done in 0.000419885 secs using 99.07% CPU
Identifying sites to remove: done in 0.000526331 secs
Identifying sites to remove: done in 0.000556819 secs
Identifying sites to remove: done in 0.000551797 secs
Identifying sites to remove: done in 0.000620104 secs
Identifying sites to remove: done in 0.000600919 secs
Identifying sites to remove: done in 0.000632875 secs
Identifying sites to remove: done in 0.000674061 secs
Identifying sites to remove: done in 0.000677183 secs
Identifying sites to remove: done in 0.000649527 secs
Identifying sites to remove: done in 0.000764057 secs
Identifying sites to remove: done in 0.000769727 secs
Identifying sites to remove: done in 0.000776336 secs
Identifying sites to remove: done in 0.000776134 secs
Identifying sites to remove: done in 0.000779547 secs
Identifying sites to remove: done in 0.000922903 secs
Identifying sites to remove: done in 0.000973202 secs
Identifying sites to remove: done in 0.000322178 secs
Identifying sites to remove: done in 0.000370093 secs
Identifying sites to remove: done in 0.000239082 secs using 844.1% CPU
Identifying sites to remove: done in 0.000325672 secs using 1083% CPU
Identifying sites to remove: done in 0.000331588 secs using 1263% CPU
Identifying sites to remove: done in 0.000309311 secs using 210.8% CPU
Identifying sites to remove: done in 0.000357352 secs using 701.5% CPU
Identifying sites to remove: done in 0.000464328 secs using 2544% CPU
Identifying sites to remove: done in 0.000324972 secs using 2059% CPU
Identifying sites to remove: done in 0.000471868 secs using 2644% CPU
Identifying sites to remove: done in 0.000444956 secs using 3150% CPU
Identifying sites to remove: done in 0.000551842 secs using 3167% CPU
Identifying sites to remove: done in 0.000346437 secs using 2270% CPU
Identifying sites to remove: done in 0.000434749 secs using 3352% CPU
Identifying sites to remove: done in 0.000351891 secs using 2342% CPU
Identifying sites to remove: done in 0.0005202 secs using 1733% CPU
Identifying sites to remove: done in 0.000403576 secs using 1129% CPU
Identifying sites to remove: done in 0.000328444 secs using 234.4% CPU
Identifying sites to remove: done in 0.000348143 secs using 99.38% CPU
Identifying sites to remove: done in 0.000391312 secs using 99.41% CPU
Identifying sites to remove: done in 0.000450477 secs using 99.45% CPU
Identifying sites to remove: done in 0.000425391 secs using 1.123e+04% CPU
Identifying sites to remove: done in 0.000464022 secs using 3.838e+04% CPU
Identifying sites to remove: done in 0.000481635 secs using 3.618e+04% CPU
Identifying sites to remove: done in 0.000494994 secs using 3.898e+04% CPU
Identifying sites to remove: done in 0.000530168 secs using 3.301e+04% CPU
Identifying sites to remove: done in 0.000553697 secs using 3.093e+04% CPU
Identifying sites to remove: done in 0.000501305 secs using 4.133e+04% CPU
Identifying sites to remove: done in 0.000632547 secs using 3.174e+04% CPU
Identifying sites to remove: done in 0.000660658 secs using 3.095e+04% CPU
Identifying sites to remove: done in 0.000653096 secs using 2.914e+04% CPU
Identifying sites to remove: done in 0.000663489 secs using 2.979e+04% CPU
Identifying sites to remove: done in 0.00075648 secs using 2.477e+04% CPU
Identifying sites to remove: done in 0.000746459 secs using 2.262e+04% CPU
Identifying sites to remove: done in 0.000756197 secs using 2.431e+04% CPU
Identifying sites to remove: done in 0.000244237 secs using 2582% CPU
Identifying sites to remove: done in 0.000261851 secs using 1334% CPU
Identifying sites to remove: done in 0.000268295 secs using 246.4% CPU
Identifying sites to remove: done in 0.000221118 secs using 1715% CPU
Identifying sites to remove: done in 0.000210024 secs using 202.4% CPU
Identifying sites to remove: done in 0.000274196 secs using 7.49e+04% CPU
Identifying sites to remove: done in 0.000381283 secs using 5.492e+04% CPU
Identifying sites to remove: done in 0.000314474 secs using 6.304e+04% CPU
Identifying sites to remove: done in 0.00034748 secs using 5.818e+04% CPU
Identifying sites to remove: done in 0.000369847 secs using 5.26e+04% CPU
Identifying sites to remove: done in 0.000360884 secs using 5.282e+04% CPU
Identifying sites to remove: done in 0.000495031 secs using 471.3% CPU
Identifying sites to remove: done in 0.000354595 secs using 555.3% CPU
Identifying sites to remove: done in 0.000329584 secs using 443% CPU
Identifying sites to remove: done in 0.000364251 secs using 199.6% CPU
Identifying sites to remove: done in 0.000302576 secs using 99.48% CPU
Identifying sites to remove: done in 0.00031022 secs using 99.28% CPU
Identifying sites to remove: done in 0.000744335 secs
Identifying sites to remove: done in 0.000747569 secs
Identifying sites to remove: done in 0.000758551 secs
Identifying sites to remove: done in 0.000832267 secs
Identifying sites to remove: done in 0.000828944 secs
Identifying sites to remove: done in 0.000874668 secs
Identifying sites to remove: done in 0.000868015 secs
Identifying sites to remove: done in 0.000949092 secs
Identifying sites to remove: done in 0.000943683 secs
Identifying sites to remove: done in 0.000944629 secs
Identifying sites to remove: done in 0.000949606 secs
Identifying sites to remove: done in 0.00108734 secs
Identifying sites to remove: done in 0.00180811 secs
Identifying sites to remove: done in 0.00182169 secs
Identifying sites to remove: done in 0.00181761 secs
Identifying sites to remove: done in 0.00183764 secs
Identifying sites to remove: done in 0.000249222 secs
Identifying sites to remove: done in 0.000246212 secs
Identifying sites to remove: done in 0.000275113 secs using 1463% CPU
Identifying sites to remove: done in 0.000255801 secs using 931.6% CPU
Identifying sites to remove: done in 0.000295117 secs using 274.1% CPU
Identifying sites to remove: done in 0.000233881 secs using 98.77% CPU
Identifying sites to remove: done in 0.000262566 secs using 2130% CPU
Identifying sites to remove: done in 0.00025364 secs using 1247% CPU
Identifying sites to remove: done in 0.000524268 secs using 725.6% CPU
Identifying sites to remove: done in 0.000273935 secs using 5075% CPU
Identifying sites to remove: done in 0.000295289 secs using 4891% CPU
Identifying sites to remove: done in 0.00021679 secs using 5080% CPU
Identifying sites to remove: done in 0.000271551 secs using 2932% CPU
Identifying sites to remove: done in 0.000321053 secs using 1472% CPU
Identifying sites to remove: done in 0.000310346 secs using 384.7% CPU
Identifying sites to remove: done in 0.000285834 secs using 98.66% CPU
Identifying sites to remove: done in 0.000362292 secs using 98.54% CPU
Identifying sites to remove: done in 0.000367865 secs using 99.22% CPU
Identifying sites to remove: done in 0.000275664 secs using 99.03% CPU
Identifying sites to remove: done in 0.00032793 secs using 98.8% CPU
Identifying sites to remove: done in 0.000320718 secs using 6.865e+04% CPU
Identifying sites to remove: done in 0.000454143 secs using 9987% CPU
Identifying sites to remove: done in 0.000457935 secs using 1.133e+04% CPU
Identifying sites to remove: done in 0.000512242 secs using 9612% CPU
Identifying sites to remove: done in 0.000495888 secs using 4611% CPU
Identifying sites to remove: done in 0.000532568 secs using 4413% CPU
Identifying sites to remove: done in 0.000587456 secs using 7427% CPU
Identifying sites to remove: done in 0.000588544 secs using 5224% CPU
Identifying sites to remove: done in 0.000593506 secs using 6869% CPU
Identifying sites to remove: done in 0.00063929 secs using 1733% CPU
Identifying sites to remove: done in 0.000589646 secs using 6312% CPU
Identifying sites to remove: done in 0.000593036 secs using 4669% CPU
Identifying sites to remove: done in 0.000795163 secs using 2.554e+04% CPU
Identifying sites to remove: done in 0.000851579 secs using 2.068e+04% CPU
Identifying sites to remove: done in 0.000871353 secs using 2.181e+04% CPU
Identifying sites to remove: done in 0.000863291 secs using 2.16e+04% CPU
Identifying sites to remove: done in 0.000865959 secs using 2.115e+04% CPU
Identifying sites to remove: done in 0.000359505 secs using 1071% CPU
Identifying sites to remove: done in 0.000336133 secs using 204.7% CPU
Identifying sites to remove: done in 0.00026489 secs using 667.4% CPU
Identifying sites to remove: done in 0.000253923 secs using 174.1% CPU
Identifying sites to remove: done in 0.000331052 secs using 1468% CPU
Identifying sites to remove: done in 0.000427678 secs using 725.5% CPU
Identifying sites to remove: done in 0.000321358 secs using 1059% CPU
Identifying sites to remove: done in 0.000332326 secs using 283.8% CPU
Identifying sites to remove: done in 0.000623293 secs using 1041% CPU
Identifying sites to remove: done in 0.000301071 secs using 1284% CPU
Identifying sites to remove: done in 0.000454977 secs using 1812% CPU
Identifying sites to remove: done in 0.000371732 secs using 5.613e+04% CPU
Identifying sites to remove: done in 0.000381246 secs using 5.285e+04% CPU
Identifying sites to remove: done in 0.000423841 secs using 4.85e+04% CPU
Identifying sites to remove: done in 0.000460342 secs using 4.304e+04% CPU
Identifying sites to remove: done in 0.000363432 secs using 465.3% CPU
Identifying sites to remove: done in 0.000313736 secs using 456.4% CPU
Identifying sites to remove: done in 0.000341438 secs using 169.3% CPU
Identifying sites to remove: done in 0.000402525 secs using 723.4% CPU
Identifying sites to remove: done in 0.000531301 secs using 140.4% CPU
Identifying sites to remove: done in 0.000303194 secs using 98.95% CPU
Identifying sites to remove: done in 0.000636414 secs using 3726% CPU
Identifying sites to remove: done in 0.000632875 secs using 2978% CPU
Identifying sites to remove: done in 0.000702932 secs using 2391% CPU
Identifying sites to remove: done in 0.000726119 secs using 2513% CPU
Identifying sites to remove: done in 0.000744991 secs using 3484% CPU
Identifying sites to remove: done in 0.000772171 secs using 2778% CPU
Identifying sites to remove: done in 0.000812426 secs using 1566% CPU
Identifying sites to remove: done in 0.000814609 secs using 1204% CPU
Identifying sites to remove: done in 0.000879072 secs using 2880% CPU
Identifying sites to remove: done in 0.000869073 secs using 2011% CPU
Identifying sites to remove: done in 0.000942588 secs using 2591% CPU
Identifying sites to remove: done in 0.000974983 secs using 1137% CPU
Identifying sites to remove: done in 0.000988841 secs using 1682% CPU
Identifying sites to remove: done in 0.000985429 secs using 1281% CPU
Identifying sites to remove: done in 0.000992909 secs using 1552% CPU
Identifying sites to remove: done in 0.000496887 secs using 99.62% CPU
Identifying sites to remove: done in 0.000496246 secs using 99.55% CPU
Identifying sites to remove: done in 0.000525616 secs using 2445% CPU
Identifying sites to remove: done in 0.000492878 secs using 1591% CPU
Identifying sites to remove: done in 0.000615574 secs using 1598% CPU
Identifying sites to remove: done in 0.000756137 secs using 1744% CPU
Identifying sites to remove: done in 0.000747629 secs using 1616% CPU
Identifying sites to remove: done in 0.000597604 secs using 1162% CPU
Identifying sites to remove: done in 0.00064823 secs using 438.3% CPU
Identifying sites to remove: done in 0.00108373 secs using 563.1% CPU
Identifying sites to remove: done in 0.000698604 secs using 1798% CPU
Identifying sites to remove: done in 0.000502236 secs using 4.216e+04% CPU
Identifying sites to remove: done in 0.000492215 secs using 4.234e+04% CPU
Identifying sites to remove: done in 0.000544429 secs using 3.763e+04% CPU
Identifying sites to remove: done in 0.000602894 secs using 623% CPU
Identifying sites to remove: done in 0.00072819 secs using 562.9% CPU
Identifying sites to remove: done in 0.000505924 secs using 609.4% CPU
Identifying sites to remove: done in 0.000544816 secs using 321.8% CPU
Identifying sites to remove: done in 0.000602305 secs using 437.3% CPU
Identifying sites to remove: done in 0.000645772 secs using 99.57% CPU
Identifying sites to remove: done in 0.000444412 secs using 280.1% CPU
Identifying sites to remove: done in 0.000733562 secs using 3.064e+04% CPU
Identifying sites to remove: done in 0.000503927 secs using 9955% CPU
Identifying sites to remove: done in 0.000509188 secs using 1.05e+04% CPU
Identifying sites to remove: done in 0.000560604 secs using 6733% CPU
Identifying sites to remove: done in 0.000578016 secs using 8846% CPU
Identifying sites to remove: done in 0.000630349 secs using 4556% CPU
Identifying sites to remove: done in 0.000702865 secs using 7024% CPU
Identifying sites to remove: done in 0.000772707 secs using 2.71e+04% CPU
Identifying sites to remove: done in 0.000768222 secs using 2.417e+04% CPU
Identifying sites to remove: done in 0.000776127 secs using 2.305e+04% CPU
Identifying sites to remove: done in 0.000779159 secs using 2.341e+04% CPU
Identifying sites to remove: done in 0.000844568 secs using 2.08e+04% CPU
Identifying sites to remove: done in 0.000913076 secs using 2.189e+04% CPU
Identifying sites to remove: done in 0.00092382 secs using 2.243e+04% CPU
Identifying sites to remove: done in 0.000911154 secs using 2.084e+04% CPU
Identifying sites to remove: done in 0.00096792 secs using 1.79e+04% CPU
Identifying sites to remove: done in 0.000918359 secs using 2.144e+04% CPU
Identifying sites to remove: done in 0.000424087 secs using 1019% CPU
Identifying sites to remove: done in 0.000406936 secs using 5.59e+04% CPU
Identifying sites to remove: done in 0.000383079 secs using 5333% CPU
Identifying sites to remove: done in 0.000414781 secs using 4311% CPU
Identifying sites to remove: done in 0.000486068 secs using 3901% CPU
Identifying sites to remove: done in 0.000480503 secs using 2634% CPU
Identifying sites to remove: done in 0.00058125 secs using 2784% CPU
Identifying sites to remove: done in 0.000513449 secs using 1145% CPU
Identifying sites to remove: done in 0.0006155 secs using 3.384e+04% CPU
Identifying sites to remove: done in 0.00100162 secs using 2.164e+04% CPU
Identifying sites to remove: done in 0.000340186 secs using 429.5% CPU
Identifying sites to remove: done in 0.000595495 secs using 632.4% CPU
Identifying sites to remove: done in 0.00039953 secs using 1491% CPU
Identifying sites to remove: done in 0.00045003 secs using 1680% CPU
Identifying sites to remove: done in 0.000452958 secs using 1595% CPU
Identifying sites to remove: done in 0.000471637 secs using 1219% CPU
Identifying sites to remove: done in 0.000559248 secs using 1694% CPU
Identifying sites to remove: done in 0.000491954 secs using 737.7% CPU
Identifying sites to remove: done in 0.00034219 secs using 285.5% CPU
Identifying sites to remove: done in 0.000552364 secs using 248.6% CPU
Identifying sites to remove: done in 0.000595093 secs using 119.8% CPU
Identifying sites to remove: done in 0.000538096 secs
Identifying sites to remove: done in 0.000538893 secs
Identifying sites to remove: done in 0.000591591 secs
Identifying sites to remove: done in 0.000626124 secs
Identifying sites to remove: done in 0.00066445 secs
Identifying sites to remove: done in 0.000658341 secs
Identifying sites to remove: done in 0.00067357 secs
Identifying sites to remove: done in 0.00067471 secs
Identifying sites to remove: done in 0.000671424 secs
Identifying sites to remove: done in 0.000763424 secs
Identifying sites to remove: done in 0.000681907 secs
Identifying sites to remove: done in 0.000681601 secs
Identifying sites to remove: done in 0.000677884 secs
Identifying sites to remove: done in 0.000898153 secs
Identifying sites to remove: done in 0.000833727 secs
Identifying sites to remove: done in 0.00036557 secs using 99.02% CPU
Identifying sites to remove: done in 0.000396036 secs using 5112% CPU
Identifying sites to remove: done in 0.000436641 secs using 4070% CPU
Identifying sites to remove: done in 0.000382327 secs using 3026% CPU
Identifying sites to remove: done in 0.000544876 secs using 2848% CPU
Identifying sites to remove: done in 0.000394247 secs using 472% CPU
Identifying sites to remove: done in 0.000495821 secs using 1842% CPU
Identifying sites to remove: done in 0.000799559 secs using 2.644e+04% CPU
Identifying sites to remove: done in 0.00049796 secs using 3.997e+04% CPU
Identifying sites to remove: done in 0.000324897 secs using 627.9% CPU
Identifying sites to remove: done in 0.000358582 secs using 430.9% CPU
Identifying sites to remove: done in 0.000498489 secs using 438.1% CPU
Identifying sites to remove: done in 0.000403769 secs using 817.1% CPU
Identifying sites to remove: done in 0.000472754 secs using 847.2% CPU
Identifying sites to remove: done in 0.000317842 secs using 1370% CPU
Identifying sites to remove: done in 0.00043609 secs using 1423% CPU
Identifying sites to remove: done in 0.000397265 secs using 721.2% CPU
Identifying sites to remove: done in 0.000417568 secs using 215.8% CPU
Identifying sites to remove: done in 0.000496395 secs using 4.317e+04% CPU
Identifying sites to remove: done in 0.000361688 secs using 127.2% CPU
Identifying sites to remove: done in 0.000481747 secs using 99.64% CPU
Identifying sites to remove: done in 0.000274107 secs using 1253% CPU
Identifying sites to remove: done in 0.000475869 secs using 2452% CPU
Identifying sites to remove: done in 0.000462353 secs using 1363% CPU
Identifying sites to remove: done in 0.000489585 secs using 2468% CPU
Identifying sites to remove: done in 0.00048998 secs using 2540% CPU
Identifying sites to remove: done in 0.000576183 secs using 1612% CPU
Identifying sites to remove: done in 0.000585221 secs using 2017% CPU
Identifying sites to remove: done in 0.000610642 secs using 2075% CPU
Identifying sites to remove: done in 0.000597946 secs using 1507% CPU
Identifying sites to remove: done in 0.000606611 secs using 1929% CPU
Identifying sites to remove: done in 0.000598475 secs using 1434% CPU
Identifying sites to remove: done in 0.000758037 secs using 1141% CPU
Identifying sites to remove: done in 0.000771873 secs using 1503% CPU
Identifying sites to remove: done in 0.000765339 secs using 1220% CPU
Identifying sites to remove: done in 0.00087361 secs using 1507% CPU
Identifying sites to remove: done in 0.000888459 secs using 1002% CPU
Identifying sites to remove: done in 0.000904478 secs using 1427% CPU
Identifying sites to remove: done in 0.000336424 secs using 6.154e+04% CPU
Identifying sites to remove: done in 0.000367843 secs using 5.708e+04% CPU
Identifying sites to remove: done in 0.000328511 secs using 1489% CPU
Identifying sites to remove: done in 0.000368692 secs using 825.1% CPU
Identifying sites to remove: done in 0.00033845 secs using 282.8% CPU
Identifying sites to remove: done in 0.000314012 secs using 2727% CPU
Identifying sites to remove: done in 0.000370055 secs using 1685% CPU
Identifying sites to remove: done in 0.000365585 secs using 1055% CPU
Identifying sites to remove: done in 0.000587769 secs using 260.3% CPU
Identifying sites to remove: done in 0.000314847 secs using 1437% CPU
Identifying sites to remove: done in 0.000496902 secs using 1653% CPU
Identifying sites to remove: done in 0.000417694 secs using 4.857e+04% CPU
Identifying sites to remove: done in 0.00030867 secs using 456.8% CPU
Identifying sites to remove: done in 0.000456549 secs using 4.363e+04% CPU
Identifying sites to remove: done in 0.000388078 secs using 454.5% CPU
Identifying sites to remove: done in 0.000461586 secs using 487% CPU
Identifying sites to remove: done in 0.000393011 secs using 132.1% CPU
Identifying sites to remove: done in 0.000737898 secs using 98.66% CPU
Identifying sites to remove: done in 0.000255331 secs using 4.855e+04% CPU
Identifying sites to remove: done in 0.000317246 secs using 8551% CPU
Identifying sites to remove: done in 0.000319891 secs using 9155% CPU
Identifying sites to remove: done in 0.000307918 secs using 6744% CPU
Identifying sites to remove: done in 0.00038968 secs using 4414% CPU
Identifying sites to remove: done in 0.000381999 secs using 3295% CPU
Identifying sites to remove: done in 0.000394233 secs using 6528% CPU
Identifying sites to remove: done in 0.000443906 secs using 3438% CPU
Identifying sites to remove: done in 0.000484772 secs using 4980% CPU
Identifying sites to remove: done in 0.00050886 secs using 1310% CPU
Identifying sites to remove: done in 0.000510253 secs using 1312% CPU
Identifying sites to remove: done in 0.000577427 secs using 3545% CPU
Identifying sites to remove: done in 0.000644453 secs using 1932% CPU
Identifying sites to remove: done in 0.000693485 secs using 799.9% CPU
Identifying sites to remove: done in 0.000705205 secs using 1469% CPU
Identifying sites to remove: done in 0.00023175 secs using 98.81% CPU
Identifying sites to remove: done in 0.000179194 secs using 2141% CPU
Identifying sites to remove: done in 0.000252664 secs using 2217% CPU
Identifying sites to remove: done in 0.000183731 secs using 1187% CPU
Identifying sites to remove: done in 0.000339687 secs using 804.6% CPU
Identifying sites to remove: done in 0.00019069 secs using 126.4% CPU
Identifying sites to remove: done in 0.000177838 secs using 1495% CPU
Identifying sites to remove: done in 0.000168428 secs using 178.1% CPU
Identifying sites to remove: done in 0.000177316 secs using 4780% CPU
Identifying sites to remove: done in 0.000171863 secs using 1911% CPU
Identifying sites to remove: done in 0.000158489 secs using 3935% CPU
Identifying sites to remove: done in 0.000302844 secs using 3940% CPU
Identifying sites to remove: done in 0.000180766 secs using 1926% CPU
Identifying sites to remove: done in 0.000205912 secs using 3087% CPU
Identifying sites to remove: done in 0.000199161 secs using 143.1% CPU
Identifying sites to remove: done in 0.00021223 secs using 98.95% CPU
Identifying sites to remove: done in 0.000230737 secs using 308.6% CPU
Identifying sites to remove: done in 0.00024882 secs using 190.1% CPU
Identifying sites to remove: done in 0.000269264 secs using 98.79% CPU
Identifying sites to remove: done in 0.000162959 secs using 98.8% CPU
Identifying sites to remove: done in 0.0003554 secs using 3836% CPU
Identifying sites to remove: done in 0.00039316 secs using 8219% CPU
Identifying sites to remove: done in 0.000390813 secs using 8271% CPU
Identifying sites to remove: done in 0.000386707 secs using 5440% CPU
Identifying sites to remove: done in 0.000435129 secs using 3370% CPU
Identifying sites to remove: done in 0.000440508 secs using 3888% CPU
Identifying sites to remove: done in 0.000449874 secs using 6857% CPU
Identifying sites to remove: done in 0.000452138 secs using 5856% CPU
Identifying sites to remove: done in 0.000479445 secs using 3664% CPU
Identifying sites to remove: done in 0.000484429 secs using 5033% CPU
Identifying sites to remove: done in 0.000480063 secs using 4102% CPU
Identifying sites to remove: done in 0.000604868 secs using 2182% CPU
Identifying sites to remove: done in 0.000606582 secs using 1054% CPU
Identifying sites to remove: done in 0.00060644 secs using 1422% CPU
Identifying sites to remove: done in 0.000614196 secs using 1850% CPU
Identifying sites to remove: done in 0.000625335 secs using 4781% CPU
Identifying sites to remove: done in 0.000317357 secs using 99.26% CPU
Identifying sites to remove: done in 0.00033246 secs using 99.56% CPU
Identifying sites to remove: done in 0.000242591 secs using 1644% CPU
Identifying sites to remove: done in 0.000220604 secs using 122.4% CPU
Identifying sites to remove: done in 0.000339739 secs using 463.9% CPU
Identifying sites to remove: done in 0.00039921 secs using 608.2% CPU
Identifying sites to remove: done in 0.000340961 secs using 665.8% CPU
Identifying sites to remove: done in 0.000381649 secs using 586.4% CPU
Identifying sites to remove: done in 0.000376754 secs using 303.4% CPU
Identifying sites to remove: done in 0.00060989 secs using 386.3% CPU
Identifying sites to remove: done in 0.000446208 secs using 463.9% CPU
Identifying sites to remove: done in 0.000311375 secs using 1849% CPU
Identifying sites to remove: done in 0.000335827 secs using 3090% CPU
Identifying sites to remove: done in 0.000304706 secs using 2336% CPU
Identifying sites to remove: done in 0.000369459 secs using 2406% CPU
Identifying sites to remove: done in 0.000336453 secs using 1594% CPU
Identifying sites to remove: done in 0.000309952 secs using 1027% CPU
Identifying sites to remove: done in 0.000359863 secs using 362.6% CPU
Identifying sites to remove: done in 0.000414453 secs using 4.967e+04% CPU
Identifying sites to remove: done in 0.000441551 secs using 4.574e+04% CPU
Identifying sites to remove: done in 0.000503592 secs using 2289% CPU
Identifying sites to remove: done in 0.000492997 secs using 1970% CPU
Identifying sites to remove: done in 0.000556722 secs using 1741% CPU
Identifying sites to remove: done in 0.000593178 secs using 1596% CPU
Identifying sites to remove: done in 0.000612952 secs using 2006% CPU
Identifying sites to remove: done in 0.000613689 secs using 1931% CPU
Identifying sites to remove: done in 0.000610419 secs using 1893% CPU
Identifying sites to remove: done in 0.000712335 secs using 1168% CPU
Identifying sites to remove: done in 0.00071793 secs using 1429% CPU
Identifying sites to remove: done in 0.000816904 secs using 1500% CPU
Identifying sites to remove: done in 0.000824183 secs using 1700% CPU
Identifying sites to remove: done in 0.000849962 secs using 1181% CPU
Identifying sites to remove: done in 0.000849895 secs using 1279% CPU
Identifying sites to remove: done in 0.000912957 secs using 1182% CPU
Identifying sites to remove: done in 0.00089781 secs using 1029% CPU
Identifying sites to remove: done in 0.000399724 secs using 5.331e+04% CPU
Identifying sites to remove: done in 0.000381581 secs using 109.3% CPU
Identifying sites to remove: done in 0.000435062 secs using 3294% CPU
Identifying sites to remove: done in 0.000356987 secs using 2380% CPU
Identifying sites to remove: done in 0.000436001 secs using 2758% CPU
Identifying sites to remove: done in 0.0005114 secs using 3039% CPU
Identifying sites to remove: done in 0.000444196 secs using 1198% CPU
Identifying sites to remove: done in 0.000387825 secs using 5.201e+04% CPU
Identifying sites to remove: done in 0.00089816 secs using 2.346e+04% CPU
Identifying sites to remove: done in 0.000340268 secs using 99.33% CPU
Identifying sites to remove: done in 0.000325739 secs using 442.7% CPU
Identifying sites to remove: done in 0.000535831 secs using 905.1% CPU
Identifying sites to remove: done in 0.000448495 secs using 1594% CPU
Identifying sites to remove: done in 0.000357322 secs using 1254% CPU
Identifying sites to remove: done in 0.00057134 secs using 1130% CPU
Identifying sites to remove: done in 0.000426285 secs using 1141% CPU
Identifying sites to remove: done in 0.000460409 secs using 692.2% CPU
Identifying sites to remove: done in 0.000448406 secs using 225.2% CPU
Identifying sites to remove: done in 0.000529446 secs using 4.027e+04% CPU
Identifying sites to remove: done in 0.000505865 secs using 99.43% CPU
Identifying sites to remove: done in 0.00028675 secs using 99.39% CPU
Identifying sites to remove: done in 0.00033164 secs using 1987% CPU
Identifying sites to remove: done in 0.000540696 secs using 3.379e+04% CPU
Identifying sites to remove: done in 0.000605427 secs using 3.393e+04% CPU
Identifying sites to remove: done in 0.000603005 secs using 3.227e+04% CPU
Identifying sites to remove: done in 0.000618689 secs using 3.496e+04% CPU
Identifying sites to remove: done in 0.000603557 secs using 3.344e+04% CPU
Identifying sites to remove: done in 0.000724427 secs using 2.948e+04% CPU
Identifying sites to remove: done in 0.000729412 secs using 2.882e+04% CPU
Identifying sites to remove: done in 0.000718154 secs using 2.774e+04% CPU
Identifying sites to remove: done in 0.000751197 secs using 2.41e+04% CPU
Identifying sites to remove: done in 0.000817314 secs using 2.309e+04% CPU
Identifying sites to remove: done in 0.000814877 secs using 2.272e+04% CPU
Identifying sites to remove: done in 0.000935681 secs using 2.061e+04% CPU
Identifying sites to remove: done in 0.000924051 secs using 1.926e+04% CPU
Identifying sites to remove: done in 0.000380613 secs using 99.31% CPU
Identifying sites to remove: done in 0.000327356 secs using 99.59% CPU
Identifying sites to remove: done in 0.000348866 secs using 720% CPU
Identifying sites to remove: done in 0.000416398 secs using 938.3% CPU
Identifying sites to remove: done in 0.000464998 secs using 1137% CPU
Identifying sites to remove: done in 0.00039015 secs using 1133% CPU
Identifying sites to remove: done in 0.00029657 secs using 2386% CPU
Identifying sites to remove: done in 0.000388741 secs using 976% CPU
Identifying sites to remove: done in 0.000413187 secs using 1417% CPU
Identifying sites to remove: done in 0.000626154 secs using 1624% CPU
Identifying sites to remove: done in 0.000436492 secs using 419.3% CPU
Identifying sites to remove: done in 0.000344418 secs using 1886% CPU
Identifying sites to remove: done in 0.000323184 secs using 1154% CPU
Identifying sites to remove: done in 0.000325739 secs using 203.8% CPU
Identifying sites to remove: done in 0.000346862 secs using 99.46% CPU
Identifying sites to remove: done in 0.000424437 secs using 4.611e+04% CPU
Identifying sites to remove: done in 0.000453003 secs using 99.12% CPU
Identifying sites to remove: done in 0.000469856 secs using 99.6% CPU
Identifying sites to remove: done in 0.0004749 secs using 99.39% CPU
Identifying sites to remove: done in 0.000408694 secs using 99.34% CPU
Identifying sites to remove: done in 0.000313103 secs using 6.924e+04% CPU
Identifying sites to remove: done in 0.000306912 secs using 99.05% CPU
Identifying sites to remove: done in 0.000176735 secs using 1.025e+04% CPU
Identifying sites to remove: done in 0.000178367 secs using 9262% CPU
Identifying sites to remove: done in 0.000174895 secs using 9403% CPU
Identifying sites to remove: done in 0.000237219 secs using 7165% CPU
Identifying sites to remove: done in 0.000238046 secs using 6459% CPU
Identifying sites to remove: done in 0.000289373 secs using 4786% CPU
Identifying sites to remove: done in 0.000289477 secs using 3671% CPU
Identifying sites to remove: done in 0.000302546 secs using 4119% CPU
Identifying sites to remove: done in 0.000291944 secs using 819% CPU
Identifying sites to remove: done in 0.000298709 secs using 3090% CPU
Identifying sites to remove: done in 0.000438765 secs using 998.5% CPU
Identifying sites to remove: done in 0.000441499 secs using 1440% CPU
Identifying sites to remove: done in 0.000444748 secs using 1877% CPU
Identifying sites to remove: done in 7.80821e-05 secs using 97.33% CPU
Identifying sites to remove: done in 8.67173e-05 secs using 96.87% CPU
Identifying sites to remove: done in 9.33483e-05 secs using 5493% CPU
Identifying sites to remove: done in 0.000123173 secs using 1.12e+04% CPU
Identifying sites to remove: done in 9.91523e-05 secs using 7356% CPU
Identifying sites to remove: done in 0.000172228 secs using 6286% CPU
Identifying sites to remove: done in 9.68426e-05 secs using 4016% CPU
Identifying sites to remove: done in 7.93412e-05 secs using 611.3% CPU
Identifying sites to remove: done in 9.75877e-05 secs using 97.35% CPU
Identifying sites to remove: done in 7.9155e-05 secs using 1.403e+04% CPU
Identifying sites to remove: done in 7.32243e-05 secs using 1.288e+04% CPU
Identifying sites to remove: done in 0.000100225 secs using 7745% CPU
Identifying sites to remove: done in 9.95174e-05 secs using 393.9% CPU
Identifying sites to remove: done in 0.000101753 secs using 4072% CPU
Identifying sites to remove: done in 9.58443e-05 secs using 97.03% CPU
Identifying sites to remove: done in 0.000128172 secs using 1.209e+05% CPU
Identifying sites to remove: done in 0.000100747 secs using 98.27% CPU
Identifying sites to remove: done in 8.62628e-05 secs using 97.38% CPU
Identifying sites to remove: done in 7.17565e-05 secs using 97.55% CPU
Identifying sites to remove: done in 0.000194378 secs using 1.177e+04% CPU
Identifying sites to remove: done in 0.000200316 secs using 1.261e+04% CPU
Identifying sites to remove: done in 0.000195116 secs using 1.06e+04% CPU
Identifying sites to remove: done in 0.000193909 secs using 9442% CPU
Identifying sites to remove: done in 0.000244819 secs using 4749% CPU
Identifying sites to remove: done in 0.000244312 secs using 6674% CPU
Identifying sites to remove: done in 0.00024908 secs using 5649% CPU
Identifying sites to remove: done in 0.000287607 secs using 738.9% CPU
Identifying sites to remove: done in 0.000353679 secs using 2027% CPU
Identifying sites to remove: done in 0.0003573 secs using 2761% CPU
Identifying sites to remove: done in 0.000358954 secs using 775.6% CPU
Identifying sites to remove: done in 0.000355206 secs using 1383% CPU
Identifying sites to remove: done in 0.000116765 secs using 98.49% CPU
Identifying sites to remove: done in 0.000131585 secs using 203.7% CPU
Identifying sites to remove: done in 0.000129499 secs using 199.2% CPU
Identifying sites to remove: done in 0.000130415 secs using 1050% CPU
Identifying sites to remove: done in 0.000121467 secs using 797.7% CPU
Identifying sites to remove: done in 0.000162683 secs using 927% CPU
Identifying sites to remove: done in 0.00018847 secs using 1119% CPU
Identifying sites to remove: done in 0.000260815 secs using 1270% CPU
Identifying sites to remove: done in 0.000131138 secs using 1326% CPU
Identifying sites to remove: done in 0.000167467 secs using 1438% CPU
Identifying sites to remove: done in 0.000191867 secs using 1520% CPU
Identifying sites to remove: done in 0.00012853 secs using 925.1% CPU
Identifying sites to remove: done in 0.000165351 secs using 1228% CPU
Identifying sites to remove: done in 0.000142857 secs using 716.8% CPU
Identifying sites to remove: done in 0.000103727 secs using 247.8% CPU
Identifying sites to remove: done in 0.00012666 secs using 97.9% CPU
Identifying sites to remove: done in 0.000133842 secs using 97.13% CPU
Identifying sites to remove: done in 0.000146098 secs using 98.56% CPU
Identifying sites to remove: done in 9.76846e-05 secs using 98.28% CPU
Identifying sites to remove: done in 0.000137366 secs using 99.01% CPU
Identifying sites to remove: done in 9.30503e-05 secs using 3855% CPU
Identifying sites to remove: done in 0.000564709 secs using 6906% CPU
Identifying sites to remove: done in 0.000568822 secs using 7361% CPU
Identifying sites to remove: done in 0.000597142 secs using 5631% CPU
Identifying sites to remove: done in 0.000625081 secs using 7681% CPU
Identifying sites to remove: done in 0.000626273 secs using 7217% CPU
Identifying sites to remove: done in 0.000676505 secs using 4689% CPU
Identifying sites to remove: done in 0.000682443 secs using 3826% CPU
Identifying sites to remove: done in 0.000676408 secs using 4269% CPU
Identifying sites to remove: done in 0.000677794 secs using 2991% CPU
Identifying sites to remove: done in 0.000686899 secs using 5479% CPU
Identifying sites to remove: done in 0.00067988 secs using 3411% CPU
Identifying sites to remove: done in 0.000837207 secs using 1832% CPU
Identifying sites to remove: done in 0.000838481 secs using 1489% CPU
Identifying sites to remove: done in 0.000838019 secs using 1138% CPU
Identifying sites to remove: done in 0.000843048 secs using 2175% CPU
Identifying sites to remove: done in 0.000511125 secs using 99.58% CPU
Identifying sites to remove: done in 0.000490524 secs using 99.69% CPU
Identifying sites to remove: done in 0.000567146 secs using 99.8% CPU
Identifying sites to remove: done in 0.000360921 secs using 206.1% CPU
Identifying sites to remove: done in 0.000475265 secs using 405.9% CPU
Identifying sites to remove: done in 0.000543021 secs using 918.7% CPU
Identifying sites to remove: done in 0.000594467 secs using 1457% CPU
Identifying sites to remove: done in 0.000666484 secs using 1416% CPU
Identifying sites to remove: done in 0.000579573 secs using 1229% CPU
Identifying sites to remove: done in 0.000766762 secs using 639.2% CPU
Identifying sites to remove: done in 0.00112212 secs using 175.5% CPU
Identifying sites to remove: done in 0.000573128 secs using 462.9% CPU
Identifying sites to remove: done in 0.000736155 secs using 602.7% CPU
Identifying sites to remove: done in 0.000723124 secs using 560.3% CPU
Identifying sites to remove: done in 0.000613831 secs using 485% CPU
Identifying sites to remove: done in 0.000624277 secs using 444.8% CPU
Identifying sites to remove: done in 0.000581019 secs using 506.4% CPU
Identifying sites to remove: done in 0.000612058 secs using 971% CPU
Identifying sites to remove: done in 0.00050161 secs using 289.3% CPU
Identifying sites to remove: done in 0.00062155 secs using 605.7% CPU
Identifying sites to remove: done in 0.000627816 secs using 99.55% CPU
Identifying sites to remove: done in 0.000818789 secs using 99.66% CPU
Identifying sites to remove: done in 0.000247583 secs using 1.041e+04% CPU
Identifying sites to remove: done in 0.000325195 secs using 9299% CPU
Identifying sites to remove: done in 0.000327773 secs using 9226% CPU
Identifying sites to remove: done in 0.000349604 secs using 1.343e+04% CPU
Identifying sites to remove: done in 0.000339299 secs using 1.091e+04% CPU
Identifying sites to remove: done in 0.000352345 secs using 1932% CPU
Identifying sites to remove: done in 0.000428304 secs using 1695% CPU
Identifying sites to remove: done in 0.000523604 secs using 6584% CPU
Identifying sites to remove: done in 0.00051643 secs using 2148% CPU
Identifying sites to remove: done in 0.000538655 secs using 8318% CPU
Identifying sites to remove: done in 0.000533924 secs using 3619% CPU
Identifying sites to remove: done in 0.000537299 secs using 7780% CPU
Identifying sites to remove: done in 0.000531986 secs using 4767% CPU
Identifying sites to remove: done in 0.000532903 secs using 4170% CPU
Identifying sites to remove: done in 0.00062146 secs using 945.7% CPU
Identifying sites to remove: done in 0.000529662 secs using 2964% CPU
Identifying sites to remove: done in 0.000141874 secs using 759.1% CPU
Identifying sites to remove: done in 0.000229001 secs using 110.9% CPU
Identifying sites to remove: done in 0.000131421 secs using 193.3% CPU
Identifying sites to remove: done in 0.000164658 secs using 1758% CPU
Identifying sites to remove: done in 0.000183456 secs using 4960% CPU
Identifying sites to remove: done in 0.000130437 secs using 4939% CPU
Identifying sites to remove: done in 0.000208795 secs using 4576% CPU
Identifying sites to remove: done in 0.000204504 secs using 4834% CPU
Identifying sites to remove: done in 0.000154249 secs using 2370% CPU
Identifying sites to remove: done in 0.000227205 secs using 6038% CPU
Identifying sites to remove: done in 0.000313267 secs using 6565% CPU
Identifying sites to remove: done in 0.000172116 secs using 6199% CPU
Identifying sites to remove: done in 0.000217028 secs using 6707% CPU
Identifying sites to remove: done in 0.000235476 secs using 4795% CPU
Identifying sites to remove: done in 0.000199281 secs using 3921% CPU
Identifying sites to remove: done in 0.000179 secs using 2347% CPU
Identifying sites to remove: done in 0.000186697 secs using 429.6% CPU
Identifying sites to remove: done in 0.00014665 secs using 201.2% CPU
Identifying sites to remove: done in 0.00017821 secs using 149.8% CPU
Identifying sites to remove: done in 0.000201285 secs using 98.86% CPU
Identifying sites to remove: done in 0.00034146 secs using 1.174e+04% CPU
Identifying sites to remove: done in 0.00034456 secs using 1.259e+04% CPU
Identifying sites to remove: done in 0.000418067 secs using 9808% CPU
Identifying sites to remove: done in 0.000418358 secs using 7465% CPU
Identifying sites to remove: done in 0.000413872 secs using 5935% CPU
Identifying sites to remove: done in 0.000420004 secs using 6650% CPU
Identifying sites to remove: done in 0.000424109 secs using 7390% CPU
Identifying sites to remove: done in 0.000423066 secs using 8952% CPU
Identifying sites to remove: done in 0.000426702 secs using 8144% CPU
Identifying sites to remove: done in 0.000426225 secs using 4305% CPU
Identifying sites to remove: done in 0.000497513 secs using 4439% CPU
Identifying sites to remove: done in 0.000582062 secs using 1547% CPU
Identifying sites to remove: done in 0.000586294 secs using 2704% CPU
Identifying sites to remove: done in 0.000584066 secs using 2128% CPU
Identifying sites to remove: done in 0.000640146 secs using 959.5% CPU
Identifying sites to remove: done in 0.000266105 secs using 99.58% CPU
Identifying sites to remove: done in 0.000237599 secs using 9.374e+04% CPU
Identifying sites to remove: done in 0.000196226 secs using 479% CPU
Identifying sites to remove: done in 0.000253648 secs using 408% CPU
Identifying sites to remove: done in 0.000309892 secs using 352.7% CPU
Identifying sites to remove: done in 0.000290908 secs using 300.1% CPU
Identifying sites to remove: done in 0.000231504 secs using 212.1% CPU
Identifying sites to remove: done in 0.000456795 secs using 306.5% CPU
Identifying sites to remove: done in 0.000261955 secs using 1089% CPU
Identifying sites to remove: done in 0.000272922 secs using 673.8% CPU
Identifying sites to remove: done in 0.000393562 secs using 1839% CPU
Identifying sites to remove: done in 0.000278682 secs using 3223% CPU
Identifying sites to remove: done in 0.000279017 secs using 2312% CPU
Identifying sites to remove: done in 0.000354037 secs using 2309% CPU
Identifying sites to remove: done in 0.000308678 secs using 1011% CPU
Identifying sites to remove: done in 0.000334144 secs using 1490% CPU
Identifying sites to remove: done in 0.000401422 secs using 366.7% CPU
Identifying sites to remove: done in 0.000307247 secs using 98.94% CPU
Identifying sites to remove: done in 0.000416033 secs using 99.27% CPU
Identifying sites to remove: done in 0.000222012 secs using 9.883e+04% CPU
Identifying sites to remove: done in 0.000186741 secs using 2034% CPU
Identifying sites to remove: done in 0.000158146 secs using 1459% CPU
Identifying sites to remove: done in 0.000760809 secs using 2.637e+04% CPU
Identifying sites to remove: done in 0.000821546 secs using 2.457e+04% CPU
Identifying sites to remove: done in 0.000811085 secs using 2.261e+04% CPU
Identifying sites to remove: done in 0.000869527 secs using 2.369e+04% CPU
Identifying sites to remove: done in 0.000870466 secs using 2.072e+04% CPU
Identifying sites to remove: done in 0.000920996 secs using 2.162e+04% CPU
Identifying sites to remove: done in 0.000921965 secs using 2.122e+04% CPU
Identifying sites to remove: done in 0.000970326 secs using 1.678e+04% CPU
Identifying sites to remove: done in 0.00098218 secs using 1.887e+04% CPU
Identifying sites to remove: done in 0.000985764 secs using 1.955e+04% CPU
Identifying sites to remove: done in 0.00106143 secs using 1.607e+04% CPU
Identifying sites to remove: done in 0.00106008 secs using 1.576e+04% CPU
Identifying sites to remove: done in 0.00106431 secs using 1.673e+04% CPU
Identifying sites to remove: done in 0.00107218 secs using 1.769e+04% CPU
Identifying sites to remove: done in 0.00106604 secs using 1.638e+04% CPU
Identifying sites to remove: done in 0.000545695 secs using 99.69% CPU
Identifying sites to remove: done in 0.000420921 secs using 567.1% CPU
Identifying sites to remove: done in 0.00047224 secs using 188% CPU
Identifying sites to remove: done in 0.000592768 secs using 2486% CPU
Identifying sites to remove: done in 0.000612907 secs using 2106% CPU
Identifying sites to remove: done in 0.000626229 secs using 1717% CPU
Identifying sites to remove: done in 0.000630185 secs using 885.3% CPU
Identifying sites to remove: done in 0.000791065 secs using 1107% CPU
Identifying sites to remove: done in 0.00116642 secs using 267.3% CPU
Identifying sites to remove: done in 0.000577085 secs using 205.5% CPU
Identifying sites to remove: done in 0.000539839 secs using 522.9% CPU
Identifying sites to remove: done in 0.000788294 secs using 516.3% CPU
Identifying sites to remove: done in 0.000603467 secs using 848.9% CPU
Identifying sites to remove: done in 0.000812978 secs using 851.1% CPU
Identifying sites to remove: done in 0.000652775 secs using 575.8% CPU
Identifying sites to remove: done in 0.00062988 secs using 323.4% CPU
Identifying sites to remove: done in 0.000633761 secs using 1031% CPU
Identifying sites to remove: done in 0.00052391 secs using 306.7% CPU
Identifying sites to remove: done in 0.000649445 secs using 657.2% CPU
Identifying sites to remove: done in 0.000655115 secs using 367.4% CPU
Identifying sites to remove: done in 0.000678271 secs using 773.4% CPU
Identifying sites to remove: done in 0.00113379 secs using 303.3% CPU
Identifying sites to remove: done in 0.000211 secs using 1406% CPU
Identifying sites to remove: done in 0.00021629 secs using 1572% CPU
Identifying sites to remove: done in 0.0002134 secs using 1578% CPU
Identifying sites to remove: done in 0.000309363 secs using 1311% CPU
Identifying sites to remove: done in 0.000312246 secs using 1243% CPU
Identifying sites to remove: done in 0.000307642 secs using 811.7% CPU
Identifying sites to remove: done in 0.000314035 secs using 1102% CPU
Identifying sites to remove: done in 0.000311308 secs using 956.9% CPU
Identifying sites to remove: done in 0.000450931 secs using 631.4% CPU
Identifying sites to remove: done in 0.000513904 secs using 512.7% CPU
Identifying sites to remove: done in 9.01371e-05 secs using 2335% CPU
Identifying sites to remove: done in 8.87811e-05 secs using 1714% CPU
Identifying sites to remove: done in 9.52929e-05 secs using 2380% CPU
Identifying sites to remove: done in 8.77157e-05 secs using 1684% CPU
Identifying sites to remove: done in 9.79453e-05 secs using 2955% CPU
Identifying sites to remove: done in 0.000112973 secs using 1495% CPU
Identifying sites to remove: done in 0.000162967 secs using 5123% CPU
Identifying sites to remove: done in 0.000132032 secs using 3540% CPU
Identifying sites to remove: done in 0.000114337 secs using 2814% CPU
Identifying sites to remove: done in 0.000113629 secs using 1546% CPU
Identifying sites to remove: done in 0.00016062 secs using 4409% CPU
Identifying sites to remove: done in 0.00020922 secs using 4137% CPU
Identifying sites to remove: done in 0.000158593 secs using 3557% CPU
Identifying sites to remove: done in 0.000163734 secs using 2062% CPU
Identifying sites to remove: done in 9.54866e-05 secs using 276.5% CPU
Identifying sites to remove: done in 0.000123113 secs using 1128% CPU
Identifying sites to remove: done in 0.000264287 secs using 7.075e+04% CPU
Identifying sites to remove: done in 0.000271089 secs using 7.195e+04% CPU
Identifying sites to remove: done in 0.000300936 secs using 6.228e+04% CPU
Identifying sites to remove: done in 0.000305898 secs using 6.259e+04% CPU
Identifying sites to remove: done in 0.000312142 secs using 6.512e+04% CPU
Identifying sites to remove: done in 0.000315413 secs using 6.57e+04% CPU
Identifying sites to remove: done in 0.000316218 secs using 6.31e+04% CPU
Identifying sites to remove: done in 0.000283279 secs using 5.77e+04% CPU
Identifying sites to remove: done in 0.0003177 secs using 5.787e+04% CPU
Identifying sites to remove: done in 0.000403032 secs using 4.474e+04% CPU
Identifying sites to remove: done in 0.000394851 secs using 4.269e+04% CPU
Identifying sites to remove: done in 0.000396281 secs using 4.156e+04% CPU
Identifying sites to remove: done in 0.000444405 secs using 3.706e+04% CPU
Identifying sites to remove: done in 0.000452213 secs using 3.914e+04% CPU
Identifying sites to remove: done in 0.000450999 secs using 3.834e+04% CPU
Identifying sites to remove: done in 0.000144675 secs using 98.84% CPU
Identifying sites to remove: done in 0.000148736 secs using 4067% CPU
Identifying sites to remove: done in 0.000157282 secs using 2040% CPU
Identifying sites to remove: done in 0.000154383 secs using 256.5% CPU
Identifying sites to remove: done in 0.000132553 secs using 98.83% CPU
Identifying sites to remove: done in 0.000116892 secs using 3188% CPU
Identifying sites to remove: done in 0.000163987 secs using 2422% CPU
Identifying sites to remove: done in 0.000142686 secs using 5470% CPU
Identifying sites to remove: done in 0.000174195 secs using 9083% CPU
Identifying sites to remove: done in 0.000240393 secs using 8.125e+04% CPU
Identifying sites to remove: done in 0.000222221 secs using 8.273e+04% CPU
Identifying sites to remove: done in 0.000281289 secs using 6.681e+04% CPU
Identifying sites to remove: done in 0.000382982 secs using 5.02e+04% CPU
Identifying sites to remove: done in 0.000250831 secs using 427.8% CPU
Identifying sites to remove: done in 0.000190653 secs using 367.2% CPU
Identifying sites to remove: done in 0.000166394 secs using 445.9% CPU
Identifying sites to remove: done in 0.000209406 secs using 177.2% CPU
Identifying sites to remove: done in 0.000180833 secs using 701.2% CPU
Identifying sites to remove: done in 0.000188515 secs using 152.8% CPU
Identifying sites to remove: done in 0.000221804 secs using 98.74% CPU
Identifying sites to remove: done in 0.000126868 secs using 98.53% CPU
Identifying sites to remove: done in 0.000136524 secs using 1.52e+04% CPU
Identifying sites to remove: done in 0.000165179 secs using 1.058e+04% CPU
Identifying sites to remove: done in 0.000167392 secs using 1.154e+04% CPU
Identifying sites to remove: done in 0.00016956 secs using 8264% CPU
Identifying sites to remove: done in 0.000168405 secs using 9369% CPU
Identifying sites to remove: done in 0.0001918 secs using 5577% CPU
Identifying sites to remove: done in 0.000234038 secs using 5431% CPU
Identifying sites to remove: done in 0.000267759 secs using 3395% CPU
Identifying sites to remove: done in 0.000273094 secs using 4082% CPU
Identifying sites to remove: done in 0.000339963 secs using 578% CPU
Identifying sites to remove: done in 0.000344604 secs using 2250% CPU
Identifying sites to remove: done in 0.000348166 secs using 1743% CPU
Identifying sites to remove: done in 0.000389546 secs using 1132% CPU
Identifying sites to remove: done in 8.99136e-05 secs using 97.87% CPU
Identifying sites to remove: done in 8.49813e-05 secs using 4156% CPU
Identifying sites to remove: done in 8.38041e-05 secs using 196.9% CPU
Identifying sites to remove: done in 7.63237e-05 secs using 7454% CPU
Identifying sites to remove: done in 8.36477e-05 secs using 4603% CPU
Identifying sites to remove: done in 0.000110254 secs using 1797% CPU
Identifying sites to remove: done in 9.98825e-05 secs using 7883% CPU
Identifying sites to remove: done in 8.99732e-05 secs using 1.724e+04% CPU
Identifying sites to remove: done in 9.94876e-05 secs using 1.61e+04% CPU
Identifying sites to remove: done in 9.91002e-05 secs using 1.23e+04% CPU
Identifying sites to remove: done in 0.000160672 secs using 1.243e+04% CPU
Identifying sites to remove: done in 0.000117168 secs using 7180% CPU
Identifying sites to remove: done in 0.00015182 secs using 1.053e+05% CPU
Identifying sites to remove: done in 0.000154592 secs using 1.009e+05% CPU
Identifying sites to remove: done in 8.35285e-05 secs using 98.17% CPU
Identifying sites to remove: done in 9.53078e-05 secs using 97.58% CPU
Identifying sites to remove: done in 0.000121206 secs using 98.18% CPU
Identifying sites to remove: done in 9.93386e-05 secs using 98.65% CPU
Identifying sites to remove: done in 0.00010889 secs using 97.35% CPU
Identifying sites to remove: done in 8.13827e-05 secs using 98.3% CPU
Identifying sites to remove: done in 8.86768e-05 secs using 5731% CPU
Identifying sites to remove: done in 6.30543e-05 secs using 5205% CPU
Identifying sites to remove: done in 0.00017006 secs using 1.277e+04% CPU
Identifying sites to remove: done in 0.000176229 secs using 1.491e+04% CPU
Identifying sites to remove: done in 0.000169873 secs using 1.144e+04% CPU
Identifying sites to remove: done in 0.000208393 secs using 9594% CPU
Identifying sites to remove: done in 0.000224352 secs using 1.102e+04% CPU
Identifying sites to remove: done in 0.000227034 secs using 3958% CPU
Identifying sites to remove: done in 0.000222258 secs using 5050% CPU
Identifying sites to remove: done in 0.000225246 secs using 1925% CPU
Identifying sites to remove: done in 0.000217035 secs using 3082% CPU
Identifying sites to remove: done in 0.000291035 secs using 782% CPU
Identifying sites to remove: done in 0.000293151 secs using 2351% CPU
Identifying sites to remove: done in 0.000309333 secs using 4581% CPU
Identifying sites to remove: done in 0.000305757 secs using 6023% CPU
Identifying sites to remove: done in 0.000307418 secs using 5301% CPU
Identifying sites to remove: done in 8.60915e-05 secs using 171.9% CPU
Identifying sites to remove: done in 0.000129648 secs using 1110% CPU
Identifying sites to remove: done in 0.000135884 secs using 1.212e+05% CPU
Identifying sites to remove: done in 0.000142656 secs using 389.7% CPU
Identifying sites to remove: done in 9.0383e-05 secs using 468% CPU
Identifying sites to remove: done in 0.000106759 secs using 301.6% CPU
Identifying sites to remove: done in 0.000111632 secs using 653.9% CPU
Identifying sites to remove: done in 0.000156194 secs using 450.1% CPU
Identifying sites to remove: done in 0.000112474 secs using 281% CPU
Identifying sites to remove: done in 0.000139102 secs using 1750% CPU
Identifying sites to remove: done in 0.00016956 secs using 1795% CPU
Identifying sites to remove: done in 0.000134885 secs using 1260% CPU
Identifying sites to remove: done in 0.000163659 secs using 758.3% CPU
Identifying sites to remove: done in 0.000181451 secs using 832.2% CPU
Identifying sites to remove: done in 0.000259928 secs using 1339% CPU
Identifying sites to remove: done in 0.000149213 secs using 256% CPU
Identifying sites to remove: done in 0.000102915 secs using 99.11% CPU
Identifying sites to remove: done in 0.00026603 secs using 8711% CPU
Identifying sites to remove: done in 0.000310287 secs using 8469% CPU
Identifying sites to remove: done in 0.000327133 secs using 4837% CPU
Identifying sites to remove: done in 0.00033091 secs using 6405% CPU
Identifying sites to remove: done in 0.000332214 secs using 4817% CPU
Identifying sites to remove: done in 0.000335388 secs using 5570% CPU
Identifying sites to remove: done in 0.000353508 secs using 3835% CPU
Identifying sites to remove: done in 0.00042969 secs using 2595% CPU
Identifying sites to remove: done in 0.00044708 secs using 1329% CPU
Identifying sites to remove: done in 0.000449613 secs using 744% CPU
Identifying sites to remove: done in 0.00045146 secs using 1951% CPU
Identifying sites to remove: done in 0.00024911 secs using 99.15% CPU
Identifying sites to remove: done in 0.000284575 secs using 2085% CPU
Identifying sites to remove: done in 0.000255533 secs using 1336% CPU
Identifying sites to remove: done in 0.000218302 secs using 281.7% CPU
Identifying sites to remove: done in 0.000161506 secs using 2122% CPU
Identifying sites to remove: done in 0.000249103 secs using 5730% CPU
Identifying sites to remove: done in 0.000204138 secs using 3904% CPU
Identifying sites to remove: done in 0.000290878 secs using 4038% CPU
Identifying sites to remove: done in 0.000383586 secs using 4002% CPU
Identifying sites to remove: done in 0.000289999 secs using 3041% CPU
Identifying sites to remove: done in 0.000358932 secs using 3488% CPU
Identifying sites to remove: done in 0.000349477 secs using 5.439e+04% CPU
Identifying sites to remove: done in 0.00030271 secs using 6.156e+04% CPU
Identifying sites to remove: done in 0.000612065 secs using 3.188e+04% CPU
Identifying sites to remove: done in 0.000362359 secs using 492.9% CPU
Identifying sites to remove: done in 0.000319362 secs using 495.4% CPU
Identifying sites to remove: done in 0.000379391 secs using 550.1% CPU
Identifying sites to remove: done in 0.000554159 secs using 260.4% CPU
Identifying sites to remove: done in 0.000512727 secs using 171.2% CPU
Identifying sites to remove: done in 0.000293821 secs using 99.04% CPU
Identifying sites to remove: done in 0.000146143 secs using 99.22% CPU
Identifying sites to remove: done in 0.00016921 secs using 99.28% CPU
Identifying sites to remove: done in 0.000193946 secs using 175.3% CPU
Identifying sites to remove: done in 0.000171781 secs using 4785% CPU
Identifying sites to remove: done in 0.000189155 secs using 3772% CPU
Identifying sites to remove: done in 0.000190176 secs using 3142% CPU
Identifying sites to remove: done in 0.000197366 secs using 4878% CPU
Identifying sites to remove: done in 0.00019633 secs using 3729% CPU
Identifying sites to remove: done in 0.000213318 secs using 1813% CPU
Identifying sites to remove: done in 0.000208557 secs using 1246% CPU
Identifying sites to remove: done in 0.000217579 secs using 2356% CPU
Identifying sites to remove: done in 0.00043115 secs using 400.6% CPU
Identifying sites to remove: done in 0.000115447 secs using 97.88% CPU
Identifying sites to remove: done in 0.00011187 secs using 5989% CPU
Identifying sites to remove: done in 0.00011795 secs using 5846% CPU
Identifying sites to remove: done in 0.000131726 secs using 5566% CPU
Identifying sites to remove: done in 0.000132546 secs using 6933% CPU
Identifying sites to remove: done in 0.000128902 secs using 5081% CPU
Identifying sites to remove: done in 0.000106126 secs using 3477% CPU
Identifying sites to remove: done in 0.00028877 secs using 6725% CPU
Identifying sites to remove: done in 0.000168279 secs using 3817% CPU
Identifying sites to remove: done in 0.000168003 secs using 3789% CPU
Identifying sites to remove: done in 0.000187024 secs using 1940% CPU
Identifying sites to remove: done in 0.000151709 secs using 233.3% CPU
Identifying sites to remove: done in 0.000119545 secs using 97.87% CPU
Identifying sites to remove: done in 9.20892e-05 secs using 98.82% CPU
Identifying sites to remove: done in 0.000125006 secs using 1314% CPU
Identifying sites to remove: done in 0.000129201 secs using 1.397e+04% CPU
Identifying sites to remove: done in 0.000109524 secs using 4569% CPU
Identifying sites to remove: done in 0.000110865 secs using 5927% CPU
Identifying sites to remove: done in 0.00014244 secs using 1477% CPU
Identifying sites to remove: done in 0.000144482 secs using 2546% CPU
Identifying sites to remove: done in 0.000172682 secs using 393.8% CPU
Identifying sites to remove: done in 0.000172272 secs using 413.9% CPU
Identifying sites to remove: done in 6.61612e-05 secs using 3387% CPU
Identifying sites to remove: done in 7.88197e-05 secs using 177.6% CPU
Identifying sites to remove: done in 8.71792e-05 secs using 1.145e+04% CPU
Identifying sites to remove: done in 9.74089e-05 secs using 5659% CPU
Identifying sites to remove: done in 9.12026e-05 secs using 1.165e+04% CPU
Identifying sites to remove: done in 8.96081e-05 secs using 9303% CPU
Identifying sites to remove: done in 0.000104487 secs using 8853% CPU
Identifying sites to remove: done in 0.000176191 secs using 9570% CPU
Identifying sites to remove: done in 8.35732e-05 secs using 3324% CPU
Identifying sites to remove: done in 9.49576e-05 secs using 3927% CPU
Identifying sites to remove: done in 0.000119336 secs using 7287% CPU
Identifying sites to remove: done in 0.00014282 secs using 6713% CPU
Identifying sites to remove: done in 0.00015381 secs using 3721% CPU
Identifying sites to remove: done in 0.00012625 secs using 2322% CPU
Identifying sites to remove: done in 7.54669e-05 secs using 365.7% CPU
Identifying sites to remove: done in 6.29798e-05 secs using 651% CPU
Identifying sites to remove: done in 5.42551e-05 secs using 2759% CPU
Identifying sites to remove: done in 0.000275016 secs
Identifying sites to remove: done in 0.00027322 secs
Identifying sites to remove: done in 0.000318006 secs
Identifying sites to remove: done in 0.000334695 secs
Identifying sites to remove: done in 0.000352442 secs
Identifying sites to remove: done in 0.000326894 secs
Identifying sites to remove: done in 0.000371933 secs
Identifying sites to remove: done in 0.000374995 secs
Identifying sites to remove: done in 0.000334658 secs
Identifying sites to remove: done in 0.000429317 secs
Identifying sites to remove: done in 0.000431024 secs
Identifying sites to remove: done in 0.000426471 secs
Identifying sites to remove: done in 0.000483513 secs
Identifying sites to remove: done in 0.000200041 secs
Identifying sites to remove: done in 0.000182219 secs
Identifying sites to remove: done in 0.000199646 secs using 704.2% CPU
Identifying sites to remove: done in 0.000209048 secs using 2586% CPU
Identifying sites to remove: done in 0.000216909 secs using 9.737e+04% CPU
Identifying sites to remove: done in 0.0002084 secs using 9.949e+04% CPU
Identifying sites to remove: done in 0.000197783 secs using 168.4% CPU
Identifying sites to remove: done in 0.000216082 secs using 507.7% CPU
Identifying sites to remove: done in 0.000472486 secs using 973.8% CPU
Identifying sites to remove: done in 0.000219904 secs using 1063% CPU
Identifying sites to remove: done in 0.000354536 secs using 994.5% CPU
Identifying sites to remove: done in 0.000222765 secs using 403.1% CPU
Identifying sites to remove: done in 0.000315778 secs using 937.1% CPU
Identifying sites to remove: done in 0.000251502 secs using 101.8% CPU
Identifying sites to remove: done in 0.000230111 secs using 835.2% CPU
Identifying sites to remove: done in 0.000263326 secs using 185.7% CPU
Identifying sites to remove: done in 0.000168882 secs using 98.89% CPU
Identifying sites to remove: done in 0.000139736 secs using 3839% CPU
Identifying sites to remove: done in 0.000417516 secs using 6678% CPU
Identifying sites to remove: done in 0.000417762 secs using 6642% CPU
Identifying sites to remove: done in 0.00048767 secs using 5854% CPU
Identifying sites to remove: done in 0.000506215 secs using 3335% CPU
Identifying sites to remove: done in 0.00051599 secs using 4427% CPU
Identifying sites to remove: done in 0.00054802 secs using 4749% CPU
Identifying sites to remove: done in 0.000585482 secs using 3465% CPU
Identifying sites to remove: done in 0.000616334 secs using 943.6% CPU
Identifying sites to remove: done in 0.000629954 secs using 2361% CPU
Identifying sites to remove: done in 0.000673518 secs using 1800% CPU
Identifying sites to remove: done in 0.000674881 secs using 1369% CPU
Identifying sites to remove: done in 0.000723444 secs using 873.2% CPU
Identifying sites to remove: done in 0.000491358 secs using 99.52% CPU
Identifying sites to remove: done in 0.000510328 secs using 99.74% CPU
Identifying sites to remove: done in 0.000343382 secs using 190.2% CPU
Identifying sites to remove: done in 0.000401378 secs using 620.6% CPU
Identifying sites to remove: done in 0.000449821 secs using 773.9% CPU
Identifying sites to remove: done in 0.000512622 secs using 1145% CPU
Identifying sites to remove: done in 0.000441037 secs using 863.2% CPU
Identifying sites to remove: done in 0.00038968 secs using 200.9% CPU
Identifying sites to remove: done in 0.000926718 secs using 870.6% CPU
Identifying sites to remove: done in 0.000586331 secs using 3.573e+04% CPU
Identifying sites to remove: done in 0.000460371 secs using 4.39e+04% CPU
Identifying sites to remove: done in 0.000677064 secs using 3.049e+04% CPU
Identifying sites to remove: done in 0.000675641 secs using 356.1% CPU
Identifying sites to remove: done in 0.000433788 secs using 565.3% CPU
Identifying sites to remove: done in 0.000553057 secs using 788.7% CPU
Identifying sites to remove: done in 0.00046514 secs using 748.4% CPU
Identifying sites to remove: done in 0.000414386 secs using 537.4% CPU
Identifying sites to remove: done in 0.000460654 secs using 188.9% CPU
Identifying sites to remove: done in 0.000522122 secs using 99.4% CPU
Identifying sites to remove: done in 0.000615284 secs using 3.533e+04% CPU
Identifying sites to remove: done in 0.00041721 secs using 192.2% CPU
Identifying sites to remove: done in 0.000470489 secs using 1153% CPU
Identifying sites to remove: done in 0.000549696 secs using 3107% CPU
Identifying sites to remove: done in 0.000606313 secs using 2805% CPU
Identifying sites to remove: done in 0.000613809 secs using 2431% CPU
Identifying sites to remove: done in 0.00060714 secs using 2016% CPU
Identifying sites to remove: done in 0.000627808 secs using 3231% CPU
Identifying sites to remove: done in 0.000629812 secs using 2843% CPU
Identifying sites to remove: done in 0.00061398 secs using 1614% CPU
Identifying sites to remove: done in 0.000605561 secs using 1186% CPU
Identifying sites to remove: done in 0.000608519 secs using 2887% CPU
Identifying sites to remove: done in 0.000733994 secs using 601.2% CPU
Identifying sites to remove: done in 0.000146553 secs using 6697% CPU
Identifying sites to remove: done in 0.000144109 secs using 3451% CPU
Identifying sites to remove: done in 0.00015416 secs using 197.2% CPU
Identifying sites to remove: done in 0.000163309 secs using 2587% CPU
Identifying sites to remove: done in 9.93162e-05 secs using 96.66% CPU
Identifying sites to remove: done in 0.000112131 secs using 619.8% CPU
Identifying sites to remove: done in 0.000105642 secs using 611.5% CPU
Identifying sites to remove: done in 8.45045e-05 secs using 436.7% CPU
Identifying sites to remove: done in 0.000221305 secs using 552.2% CPU
Identifying sites to remove: done in 0.0021134 secs using 8822% CPU
Identifying sites to remove: done in 0.000164576 secs using 96.61% CPU
Identifying sites to remove: done in 0.000140265 secs using 98.39% CPU
Identifying sites to remove: done in 0.000218853 secs using 94.13% CPU
Identifying sites to remove: done in 0.000133045 secs using 97.71% CPU
Identifying sites to remove: done in 0.000344969 secs using 98.85% CPU
Identifying sites to remove: done in 0.000321113 secs using 7095% CPU
Identifying sites to remove: done in 0.000326246 secs using 7020% CPU
Identifying sites to remove: done in 0.000317417 secs using 1181% CPU
Identifying sites to remove: done in 0.000380777 secs using 5595% CPU
Identifying sites to remove: done in 0.000383109 secs using 4468% CPU
Identifying sites to remove: done in 0.000379823 secs using 3368% CPU
Identifying sites to remove: done in 0.000390224 secs using 6053% CPU
Identifying sites to remove: done in 0.000388898 secs using 6608% CPU
Identifying sites to remove: done in 0.000442334 secs using 2532% CPU
Identifying sites to remove: done in 0.000486426 secs using 3224% CPU
Identifying sites to remove: done in 0.000490144 secs using 4086% CPU
Identifying sites to remove: done in 0.000553668 secs using 967.5% CPU
Identifying sites to remove: done in 0.000554584 secs using 1748% CPU
Identifying sites to remove: done in 0.000577211 secs using 1312% CPU
Identifying sites to remove: done in 0.000254698 secs using 99.33% CPU
Identifying sites to remove: done in 0.000240162 secs using 99.1% CPU
Identifying sites to remove: done in 0.000199877 secs using 1762% CPU
Identifying sites to remove: done in 0.000189006 secs using 175.1% CPU
Identifying sites to remove: done in 0.000294775 secs using 3992% CPU
Identifying sites to remove: done in 0.00036028 secs using 4288% CPU
Identifying sites to remove: done in 0.00032337 secs using 2607% CPU
Identifying sites to remove: done in 0.000323154 secs using 1546% CPU
Identifying sites to remove: done in 0.000606656 secs using 3.397e+04% CPU
Identifying sites to remove: done in 0.000323839 secs using 449.6% CPU
Identifying sites to remove: done in 0.000354275 secs using 961.4% CPU
Identifying sites to remove: done in 0.000342876 secs using 1147% CPU
Identifying sites to remove: done in 0.000325829 secs using 1063% CPU
Identifying sites to remove: done in 0.000282526 secs using 1005% CPU
Identifying sites to remove: done in 0.000417173 secs using 984.7% CPU
Identifying sites to remove: done in 0.000349224 secs using 663.8% CPU
Identifying sites to remove: done in 0.000322029 secs using 212.7% CPU
Identifying sites to remove: done in 0.00024303 secs using 99.16% CPU
Identifying sites to remove: done in 0.00032831 secs using 923.5% CPU
Identifying sites to remove: done in 0.000420153 secs using 149.2% CPU
Identifying sites to remove: done in 0.000360116 secs using 5.866e+04% CPU
Identifying sites to remove: done in 0.000360943 secs using 5.749e+04% CPU
Identifying sites to remove: done in 0.000430241 secs using 5.026e+04% CPU
Identifying sites to remove: done in 0.000463784 secs using 4.582e+04% CPU
Identifying sites to remove: done in 0.000465803 secs using 4.154e+04% CPU
Identifying sites to remove: done in 0.000463709 secs using 4.088e+04% CPU
Identifying sites to remove: done in 0.000460126 secs using 4.116e+04% CPU
Identifying sites to remove: done in 0.000460915 secs using 4.361e+04% CPU
Identifying sites to remove: done in 0.000457138 secs using 4.477e+04% CPU
Identifying sites to remove: done in 0.000454456 secs using 4.078e+04% CPU
Identifying sites to remove: done in 0.000458285 secs using 4.299e+04% CPU
Identifying sites to remove: done in 0.000680767 secs using 2.623e+04% CPU
Identifying sites to remove: done in 0.000678733 secs using 2.57e+04% CPU
Identifying sites to remove: done in 0.000785753 secs using 2.18e+04% CPU
Identifying sites to remove: done in 0.000796594 secs using 2.299e+04% CPU
Identifying sites to remove: done in 0.000260167 secs using 963.2% CPU
Identifying sites to remove: done in 0.000233106 secs using 159.6% CPU
Identifying sites to remove: done in 0.000246696 secs using 762.5% CPU
Identifying sites to remove: done in 0.000221245 secs using 591.2% CPU
Identifying sites to remove: done in 0.000344887 secs using 789.8% CPU
Identifying sites to remove: done in 0.000287391 secs using 573.1% CPU
Identifying sites to remove: done in 0.000221975 secs using 617.6% CPU
Identifying sites to remove: done in 0.000270382 secs using 611.4% CPU
Identifying sites to remove: done in 0.000452682 secs using 467.2% CPU
Identifying sites to remove: done in 0.000246853 secs using 196.5% CPU
Identifying sites to remove: done in 0.000235118 secs using 1837% CPU
Identifying sites to remove: done in 0.000245757 secs using 1040% CPU
Identifying sites to remove: done in 0.000358373 secs using 1435% CPU
Identifying sites to remove: done in 0.000321984 secs using 1745% CPU
Identifying sites to remove: done in 0.000347242 secs using 2272% CPU
Identifying sites to remove: done in 0.000330865 secs using 1054% CPU
Identifying sites to remove: done in 0.000328355 secs using 1060% CPU
Identifying sites to remove: done in 0.000273675 secs using 127.2% CPU
Identifying sites to remove: done in 0.000372134 secs using 5.373e+04% CPU
Identifying sites to remove: done in 0.000346653 secs using 118.3% CPU
Identifying sites to remove: done in 0.00026612 secs using 2625% CPU
Identifying sites to remove: done in 0.000243425 secs using 2482% CPU
Identifying sites to remove: done in 0.000244699 secs using 2591% CPU
Identifying sites to remove: done in 0.000285208 secs using 2008% CPU
Identifying sites to remove: done in 0.000296704 secs using 2499% CPU
Identifying sites to remove: done in 0.000297084 secs using 2415% CPU
Identifying sites to remove: done in 0.000352316 secs using 1670% CPU
Identifying sites to remove: done in 0.000365898 secs using 1922% CPU
Identifying sites to remove: done in 0.000361912 secs using 1995% CPU
Identifying sites to remove: done in 0.000353046 secs using 1500% CPU
Identifying sites to remove: done in 0.000359446 secs using 1751% CPU
Identifying sites to remove: done in 0.000352733 secs using 1576% CPU
Identifying sites to remove: done in 0.000493355 secs using 956.9% CPU
Identifying sites to remove: done in 0.000493363 secs using 917% CPU
Identifying sites to remove: done in 0.000497662 secs using 1046% CPU
Identifying sites to remove: done in 0.000500612 secs using 1154% CPU
Identifying sites to remove: done in 0.000199959 secs using 519.1% CPU
Identifying sites to remove: done in 0.000157468 secs using 191.8% CPU
Identifying sites to remove: done in 0.000140525 secs using 1894% CPU
Identifying sites to remove: done in 0.000164822 secs using 181.4% CPU
Identifying sites to remove: done in 0.000153504 secs using 5523% CPU
Identifying sites to remove: done in 0.000172913 secs using 3461% CPU
Identifying sites to remove: done in 0.000164658 secs using 3456% CPU
Identifying sites to remove: done in 0.000139862 secs using 6045% CPU
Identifying sites to remove: done in 0.000278175 secs using 5223% CPU
Identifying sites to remove: done in 0.000157438 secs using 5611% CPU
Identifying sites to remove: done in 0.000184305 secs using 4911% CPU
Identifying sites to remove: done in 0.000197582 secs using 3204% CPU
Identifying sites to remove: done in 0.000160269 secs using 2266% CPU
Identifying sites to remove: done in 0.000186361 secs using 2007% CPU
Identifying sites to remove: done in 0.000194222 secs using 141.6% CPU
Identifying sites to remove: done in 0.000152595 secs using 2469% CPU
Identifying sites to remove: done in 0.000174493 secs using 158.7% CPU
Identifying sites to remove: done in 0.000243798 secs using 7.093e+04% CPU
Identifying sites to remove: done in 0.000215121 secs using 319.4% CPU
Identifying sites to remove: done in 0.000188582 secs using 150.6% CPU
Identifying sites to remove: done in 0.000180729 secs using 1486% CPU
Identifying sites to remove: done in 0.000355557 secs using 5.566e+04% CPU
Identifying sites to remove: done in 0.000355169 secs using 5.571e+04% CPU
Identifying sites to remove: done in 0.000421934 secs using 4.781e+04% CPU
Identifying sites to remove: done in 0.000440329 secs using 3.985e+04% CPU
Identifying sites to remove: done in 0.000441328 secs using 3.891e+04% CPU
Identifying sites to remove: done in 0.000475004 secs using 4.17e+04% CPU
Identifying sites to remove: done in 0.000473455 secs using 4.101e+04% CPU
Identifying sites to remove: done in 0.000497393 secs using 3.754e+04% CPU
Identifying sites to remove: done in 0.000495642 secs using 3.842e+04% CPU
Identifying sites to remove: done in 0.000491478 secs using 3.418e+04% CPU
Identifying sites to remove: done in 0.000490785 secs using 3.728e+04% CPU
Identifying sites to remove: done in 0.000559248 secs using 3.205e+04% CPU
Identifying sites to remove: done in 0.000596255 secs using 2.565e+04% CPU
Identifying sites to remove: done in 0.000605352 secs using 2.713e+04% CPU
Identifying sites to remove: done in 0.000597127 secs using 2.625e+04% CPU
Identifying sites to remove: done in 0.000600651 secs using 2.672e+04% CPU
Identifying sites to remove: done in 0.000232205 secs
Identifying sites to remove: done in 0.000279158 secs
Identifying sites to remove: done in 0.000188969 secs
Identifying sites to remove: done in 0.0002499 secs
Identifying sites to remove: done in 0.000247456 secs
Identifying sites to remove: done in 0.000358254 secs using 5.603e+04% CPU
Identifying sites to remove: done in 0.00025411 secs using 124.4% CPU
Identifying sites to remove: done in 0.000252314 secs using 613.9% CPU
Identifying sites to remove: done in 0.000278853 secs using 697.1% CPU
Identifying sites to remove: done in 0.000464022 secs using 1012% CPU
Identifying sites to remove: done in 0.000349686 secs using 1579% CPU
Identifying sites to remove: done in 0.000483267 secs using 1381% CPU
Identifying sites to remove: done in 0.000392832 secs using 1235% CPU
Identifying sites to remove: done in 0.00032334 secs using 1132% CPU
Identifying sites to remove: done in 0.00038448 secs using 1117% CPU
Identifying sites to remove: done in 0.000454627 secs using 1238% CPU
Identifying sites to remove: done in 0.000293255 secs using 358.4% CPU
Identifying sites to remove: done in 0.000371173 secs using 645.5% CPU
Identifying sites to remove: done in 0.00030452 secs using 204.6% CPU
Identifying sites to remove: done in 0.000383072 secs using 770.6% CPU
Identifying sites to remove: done in 0.000192918 secs using 98.49% CPU

Analysis results written to: 
  IQ-TREE report:                Legume20_Q_search.iqtree
  Maximum-likelihood tree:       Legume20_Q_search.treefile
  Partition trees:               Legume20_Q_search.parttrees
  Screen log file:               Legume20_Q_search.log

Date and Time: Fri Apr 25 07:01:05 2025
