IQ-TREE multicore version 2.4.0 for Linux x86 64-bit built Mar 19 2025
Developed by Bui Quang Minh, Nguyen Lam Tung, Olga Chernomor, Heiko Schmidt,
Dominik Schrempf, Michael Woodhams, Ly Trong Nhan, Thomas Wong

Host:    fisher.uds.anu.edu.au (AVX2, FMA3, 1007 GB RAM)
Command: ../../../iqtree2 -s 5_concated.nex -Q insect5_Q_mf.best_model.nex -t insect5_Q_mf.treefile -bb 1000 --wbtl -T 30 -pre insect5_Q_search
Seed:    229139 (Using SPRNG - Scalable Parallel Random Number Generator)
Time:    Fri Jun 13 02:49:36 2025
Kernel:  AVX+FMA - 30 threads (31 CPU cores detected)

Reading partition model file insect5_Q_mf.best_model.nex ...
Reading alignment file 5_concated.nex ... Nexus format detected
Skipping unknown block (sets)...
WARNING: 1132 sites contain only gaps or ambiguous characters.
Alignment has 5 sequences with 76398 columns, 25323 distinct patterns
4164 parsimony-informative, 39570 singleton sites, 32664 constant sites
                         Gap/Ambiguity  Composition  p-value
Analyzing sequences: done in 0.00403261 secs using 2147% CPU
   1  Lepeophtheirus_salmonis   44.77%    failed      0.00%
   2  Stylops_melittae          40.37%    failed      0.00%
   3  Anurida_maritima          41.36%    failed      0.00%
   4  DROSOPHILA_MELANOGASTER    3.40%    failed      0.00%
   5  Essigella_californica     16.92%    failed      0.00%
****  TOTAL                     29.37%  5 sequences failed composition chi2 test (p-value<5%; df=19)

Loading 128 partitions...
Identifying sites to remove: done in 5.1029e-05 secs using 82.31% CPU
Identifying sites to remove: done in 0.000172626 secs using 93.27% CPU
Identifying sites to remove: done in 7.14138e-06 secs using 56.01% CPU
Identifying sites to remove: done in 0.000220817 secs using 96.91% CPU
Identifying sites to remove: done in 0.000192408 secs using 97.19% CPU
Identifying sites to remove: done in 0.000235308 secs using 97.32% CPU
Identifying sites to remove: done in 7.15218e-05 secs using 90.88% CPU
Identifying sites to remove: done in 7.2252e-05 secs using 94.12% CPU
Identifying sites to remove: done in 0.000109941 secs using 94.6% CPU
Identifying sites to remove: done in 0.00012378 secs using 92.91% CPU
Identifying sites to remove: done in 8.70265e-05 secs using 93.08% CPU
Identifying sites to remove: done in 0.000350639 secs using 96.68% CPU
Identifying sites to remove: done in 2.96608e-05 secs using 87.66% CPU
Identifying sites to remove: done in 3.33004e-05 secs using 81.08% CPU
Identifying sites to remove: done in 0.000130374 secs using 95.11% CPU
Identifying sites to remove: done in 0.000108264 secs using 266% CPU
Identifying sites to remove: done in 0.000190943 secs using 95.32% CPU
Identifying sites to remove: done in 0.000106115 secs using 95.18% CPU
Identifying sites to remove: done in 9.72301e-05 secs using 94.62% CPU
Identifying sites to remove: done in 4.87417e-05 secs using 84.12% CPU
Identifying sites to remove: done in 2.6688e-05 secs using 82.43% CPU
Subset	Type	Seqs	Sites	Infor	Invar	Model	Name
1	AA	5	1289	48	714	Q.INSECT+F+G4{0.69223}	DOMAIN_CL0010.nex_DOMAIN_PB018715.nex_DOMAIN_PF06544_7.nex_DOMAIN_PF10349_4.nex
2	AA	5	245	12	112	Q.INSECT+F+G4{0.379447}	DOMAIN_CL0018.nex
3	AA	5	2223	126	901	Q.YEAST+F+I{0.131722}+R2{0.659616,0.580548,0.208662,2.95723}	DOMAIN_CL0022.nex
4	AA	5	4054	252	1937	LG+F+I{0.24723}+R2{0.498849,0.640545,0.253922,2.67982}	DOMAIN_CL0039.nex_DOMAIN_CL0459.nex_DOMAIN_EOG5QV9VG.nex_DOMAIN_PF09174_5.nex
5	AA	5	881	87	324	Q.YEAST+F+R2{0.532337,0.324915,0.467663,1.76844}	DOMAIN_CL0043.nex_DOMAIN_EOG58CZB3.nex_DOMAIN_EOG5KH1B9.nex_DOMAIN_EOG5X3FGB.nex_DOMAIN_PB009319.nex_DOMAIN_PB011290.nex
6	AA	5	1136	112	376	Q.YEAST+F+R3{0.356836,0.147047,0.595861,0.834571,0.0473032,9.51817}	DOMAIN_CL0050.nex_DOMAIN_EOG54MW8B.nex_DOMAIN_EOG570RZR.nex_DOMAIN_EOG5H44KT.nex_DOMAIN_EOG5H9W25.nex_DOMAIN_EOG5KH18X.nex_DOMAIN_PB009171.nex_DOMAIN_PF02301_13.nex
7	AA	5	905	33	447	LG+F+I{0.226069}+R2{0.594191,0.55449,0.17974,3.73054}	DOMAIN_CL0052.nex_DOMAIN_CL0175.nex
8	AA	5	1390	162	645	LG+I{0.210526}+G4{1.09924}	DOMAIN_CL0061.nex_DOMAIN_EOG5DR7TM.nex_DOMAIN_EOG5Z8WBS.nex_DOMAIN_PF00081_17.nex
9	AA	5	1260	101	517	LG+F+G4{0.880039}	DOMAIN_CL0066.nex_DOMAIN_EOG5FXPPM.nex
10	AA	5	676	54	211	LG+F+G4{1.28143}	DOMAIN_CL0118.nex_DOMAIN_EOG5GXD3S.nex_DOMAIN_EOG5ZGMV9.nex_DOMAIN_PF10233_4.nex
11	AA	5	665	20	423	JTTDCMUT+F+R2{0.848428,0.477006,0.151572,3.92747}	DOMAIN_CL0130.nex_DOMAIN_EOG583BM8.nex
12	AA	5	218	41	61	Q.INSECT+F+I{0.221245}	DOMAIN_CL0147.nex
13	AA	5	692	53	385	LG+F+G4{0.433696}	DOMAIN_CL0151.nex_DOMAIN_PB018691.nex_DOMAIN_PF00696_23.nex
14	AA	5	363	11	220	VT+G4{1.49227}	DOMAIN_CL0157.nex_DOMAIN_PB000774.nex_DOMAIN_PF14727_1.nex
15	AA	5	684	58	399	LG+I{0.378064}+G4{1.29974}	DOMAIN_CL0179.nex_DOMAIN_PF10513_4.nex
16	AA	5	373	63	87	Q.YEAST+G4{1.24996}	DOMAIN_CL0190.nex_DOMAIN_EOG5GF1WP.nex_DOMAIN_PB018852.nex_DOMAIN_PF08338_6.nex
17	AA	5	501	63	156	LG+F+G4{1.12928}	DOMAIN_CL0207.nex_DOMAIN_PF05603_7.nex
18	AA	5	2614	182	1656	LG+F+G4{0.403485}	DOMAIN_CL0208.nex_DOMAIN_EOG5CNP6Z.nex_DOMAIN_PB015947.nex_DOMAIN_PF00833_13.nex_DOMAIN_PF01655_13.nex_DOMAIN_PF01849_13.nex_DOMAIN_PF01873_12.nex_DOMAIN_PF03371_10.nex_DOMAIN_PF04055_16.nex
19	AA	5	1060	110	474	Q.YEAST+F+I{0.309939}+R2{0.522952,0.806088,0.167108,3.46156}	DOMAIN_CL0220.nex_DOMAIN_PB013336.nex_DOMAIN_PF10436_4.nex
20	AA	5	2064	141	802	LG+F+I{0.20204}+R2{0.527797,0.635688,0.270164,2.45957}	DOMAIN_CL0246.nex_DOMAIN_EOG5F7M0T.nex_DOMAIN_PF00334_14.nex_DOMAIN_PF10146_4.nex
21	AA	5	1850	109	713	LG+F+G4{0.927651}	DOMAIN_CL0260.nex_DOMAIN_CL0329.nex_DOMAIN_PF02582_9.nex
22	AA	5	588	65	234	LG+F+G4{1.32171}	DOMAIN_CL0267.nex_DOMAIN_EOG56DJJW.nex_DOMAIN_EOG5P5HRS.nex_DOMAIN_PB011408.nex_DOMAIN_PF01084_15.nex_DOMAIN_PF02887_11.nex
23	AA	5	1095	47	700	Q.INSECT+F+I{0.268322}+G4{3.82813}	DOMAIN_CL0357.nex_DOMAIN_EOG576HGB.nex_DOMAIN_EOG5W0VV5.nex_DOMAIN_PB001367.nex_DOMAIN_PB019714.nex_DOMAIN_PF10189_4.nex
24	AA	5	192	18	48	MTZOA+F+G4{0.663462}	DOMAIN_CL0412.nex
25	AA	5	277	12	176	Q.INSECT+I{0.408896}	DOMAIN_CL0431.nex_DOMAIN_EOG534TPB.nex_DOMAIN_EOG573N7M.nex_DOMAIN_PF09360_5.nex
26	AA	3	76	0	39	BLOSUM62	DOMAIN_CL0506.nex_DOMAIN_EOG5C2FRP.nex
WARNING: No parsimony-informative sites in partition DOMAIN_CL0506.nex_DOMAIN_EOG5C2FRP.nex
27	AA	5	1509	52	641	Q.YEAST+F+G4{1.35114}	DOMAIN_EOG500005.nex_DOMAIN_EOG50000R.nex_DOMAIN_EOG50K6FM.nex_DOMAIN_EOG515DWK.nex_DOMAIN_EOG53R22M.nex_DOMAIN_EOG5CNP74.nex_DOMAIN_EOG5DBRW1.nex_DOMAIN_PB006063.nex_DOMAIN_PB016317.nex_DOMAIN_PF01608_12.nex_DOMAIN_PF06468_8.nex_DOMAIN_PF08612_6.nex
28	AA	5	639	17	292	LG+I{0.193957}+R2{0.691982,0.402958,0.114061,6.32259}	DOMAIN_EOG502V73.nex_DOMAIN_EOG59ZW4H.nex_DOMAIN_EOG5WH71Z.nex_DOMAIN_EOG5Z08N2.nex_DOMAIN_EOG5Z34WB.nex
29	AA	5	1269	43	415	LG+F+G4{1.41488}	DOMAIN_EOG508KQM.nex_DOMAIN_EOG551C5S.nex_DOMAIN_EOG5G1JZ9.nex_DOMAIN_EOG5PZGNH.nex_DOMAIN_EOG5XD265.nex_DOMAIN_PF14533_1.nex_DOMAIN_PF14702_1.nex
30	AA	5	756	38	287	Q.INSECT+F+R2{0.37528,0.221484,0.62472,1.46767}	DOMAIN_EOG50GB6F.nex_DOMAIN_EOG54F4SN.nex_DOMAIN_EOG580GC5.nex_DOMAIN_PF04727_8.nex
31	AA	5	355	11	119	FLU+F+R2{0.351348,0.152623,0.648652,1.45899}	DOMAIN_EOG515DV8.nex_DOMAIN_EOG5QZ62Q.nex
32	AA	5	2530	97	1433	Q.INSECT+F+I{0.191608}+R2{0.74006,0.916336,0.068332,4.71019}	DOMAIN_EOG51C5BG.nex_DOMAIN_EOG52FQZ9.nex_DOMAIN_EOG54XGZH.nex_DOMAIN_PB001110.nex_DOMAIN_PF09454_5.nex_DOMAIN_PF09735_4.nex_DOMAIN_PF10406_4.nex_DOMAIN_PF11414_3.nex
33	AA	5	863	81	281	Q.YEAST+F+I{0.0897661}+G4{1.56765}	DOMAIN_EOG51C5BV.nex_DOMAIN_EOG5RR4ZS.nex_DOMAIN_PB007801.nex_DOMAIN_PF02099_12.nex_DOMAIN_PF08737_5.nex
34	AA	5	909	62	147	JTTDCMUT+F+R2{0.348698,0.277885,0.651302,1.38661}	DOMAIN_EOG51JWTF.nex_DOMAIN_EOG5TQJQW.nex_DOMAIN_PB013460.nex
35	AA	5	347	11	101	Q.YEAST+F+I{0.0958033}+G4{2.44834}	DOMAIN_EOG51JWTT.nex_DOMAIN_EOG5NZS90.nex
36	AA	5	974	30	284	RTREV+F+I{0.0953657}+G4{2.90605}	DOMAIN_EOG51NS2P.nex_DOMAIN_EOG56T1G8.nex_DOMAIN_EOG57M0F5.nex_DOMAIN_PB003402.nex
37	AA	3	361	0	269	FLU+F+G4{1.01117}	DOMAIN_EOG51VHJV.nex_DOMAIN_EOG5RJDGG.nex_DOMAIN_EOG5RR4ZF.nex_DOMAIN_PF01530_13.nex
WARNING: No parsimony-informative sites in partition DOMAIN_EOG51VHJV.nex_DOMAIN_EOG5RJDGG.nex_DOMAIN_EOG5RR4ZF.nex_DOMAIN_PF01530_13.nex
38	AA	5	217	21	75	LG+I{0.19126}+R2{0.64266,0.25324,0.16608,5.04126}	DOMAIN_EOG52BVRH.nex_DOMAIN_EOG59W0WR.nex_DOMAIN_PF02142_17.nex
39	AA	3	1	0	1	Q.INSECT	DOMAIN_EOG52FQZK.nex
WARNING: No variant sites in partition DOMAIN_EOG52FQZK.nex
40	AA	5	717	12	263	Q.YEAST+F+G4{2.45628}	DOMAIN_EOG52V6XH.nex_DOMAIN_EOG5DBRW9.nex_DOMAIN_PF09724_4.nex
41	AA	5	1027	79	474	Q.YEAST+F+G4{0.861583}	DOMAIN_EOG531ZCZ.nex_DOMAIN_EOG5BNZSS.nex_DOMAIN_PF00253_16.nex_DOMAIN_PF00622_23.nex_DOMAIN_PF04950_7.nex
42	AA	4	501	5	360	Q.INSECT+F+G4{0.531509}	DOMAIN_EOG534TMX.nex
43	AA	5	134	2	49	Q.INSECT+G4{0.301102}	DOMAIN_EOG53BK4M.nex_DOMAIN_PF00778_12.nex
44	AA	5	737	25	325	RTREV+F+R3{0.0844278,0.00556475,0.803485,0.437662,0.112087,5.78009}	DOMAIN_EOG53FFDB.nex_DOMAIN_EOG5XD26V.nex_DOMAIN_EOG5ZW3S1.nex
45	AA	5	990	35	366	LG+F+G4{1.38818}	DOMAIN_EOG53R22W.nex_DOMAIN_PF02383_13.nex_DOMAIN_PF03351_12.nex
46	AA	5	1386	29	449	Q.INSECT+F+G4{1.87594}	DOMAIN_EOG53TX9C.nex_DOMAIN_EOG5HQC0M.nex_DOMAIN_EOG5VX0M2.nex
47	AA	5	693	4	306	LG+F+G4{2.17047}	DOMAIN_EOG53TXB9.nex_DOMAIN_EOG59ZW49.nex_DOMAIN_PF01392_17.nex_DOMAIN_PF04561_9.nex_DOMAIN_PF12901_2.nex_DOMAIN_PF14645_1.nex
48	AA	5	253	12	66	VT+F	DOMAIN_EOG5547F7.nex_DOMAIN_EOG5VT4CH.nex
49	AA	5	911	23	249	Q.YEAST+F+G4{1.2128}	DOMAIN_EOG55DV4M.nex_DOMAIN_EOG55HQC8.nex_DOMAIN_EOG59CNQH.nex_DOMAIN_EOG5HX3G9.nex
50	AA	3	325	0	66	RTREV+F	DOMAIN_EOG55DV4S.nex
WARNING: No parsimony-informative sites in partition DOMAIN_EOG55DV4S.nex
51	AA	5	489	36	159	LG+G4{2.91828}	DOMAIN_EOG55DV50.nex_DOMAIN_EOG5DFN3G.nex_DOMAIN_PB019459.nex
52	AA	5	178	5	103	Q.INSECT+F+G4{0.747924}	DOMAIN_EOG55DV6B.nex_DOMAIN_EOG5612JW.nex
53	AA	5	587	26	235	Q.YEAST+F+I{0.2025}	DOMAIN_EOG5612K9.nex_DOMAIN_EOG5M37R2.nex_DOMAIN_EOG5RN8RD.nex_DOMAIN_PF01196_14.nex
54	AA	4	336	1	94	LG+G4{2.3609}	DOMAIN_EOG56Q57V.nex_DOMAIN_PF10228_4.nex
55	AA	5	258	8	63	RTREV+F+G4{0.741265}	DOMAIN_EOG573N6J.nex_DOMAIN_EOG5QBZNX.nex_DOMAIN_EOG5STQMD.nex_DOMAIN_PB016592.nex
56	AA	5	389	13	129	WAG+F+G4{2.98824}	DOMAIN_EOG576HFT.nex_DOMAIN_EOG58PK1K.nex_DOMAIN_EOG5HHMHT.nex_DOMAIN_PB019623.nex
57	AA	5	275	10	94	Q.PFAM+I{0.154527}	DOMAIN_EOG576HGC.nex_DOMAIN_EOG5TB2SN.nex_DOMAIN_PB015882.nex
58	AA	5	464	33	170	Q.YEAST+F+I{0.136009}+R2{0.77603,0.545322,0.0879606,6.55764}	DOMAIN_EOG579CQ2.nex_DOMAIN_EOG57SQWM.nex_DOMAIN_EOG5T1G2P.nex_DOMAIN_PF07780_7.nex_DOMAIN_PF08159_7.nex
59	AA	5	1286	78	589	Q.YEAST+F+G4{0.991234}	DOMAIN_EOG57H451.nex_DOMAIN_EOG5BVQ8G.nex_DOMAIN_EOG5NS1T8.nex_DOMAIN_EOG5SXKTQ.nex_DOMAIN_EOG5V41QC.nex_DOMAIN_PF00690_21.nex_DOMAIN_PF09725_4.nex_DOMAIN_PF13959_1.nex
60	AA	5	822	36	521	LG+F+G4{0.496856}	DOMAIN_EOG57H457.nex_DOMAIN_EOG5H9W1J.nex_DOMAIN_PF00289_17.nex_DOMAIN_PF05670_8.nex
61	AA	5	748	54	302	Q.INSECT+F+I{0.242928}+R2{0.611983,0.731228,0.14509,3.808}	DOMAIN_EOG57H45S.nex_DOMAIN_EOG59P8DC.nex_DOMAIN_EOG5QNKBC.nex_DOMAIN_EOG5RBP1S.nex
62	AA	5	584	1	239	Q.INSECT+F+G4{0.919225}	DOMAIN_EOG57SQVX.nex_DOMAIN_EOG5MCVF6.nex
63	AA	5	399	12	131	Q.INSECT+F+G4{0.982569}	DOMAIN_EOG57WM3S.nex
64	AA	5	376	2	270	Q.INSECT+G4{0.806638}	DOMAIN_EOG5866V6.nex_DOMAIN_EOG5W9GK5.nex_DOMAIN_PF14728_1.nex
65	AA	5	458	42	247	LG+G4{0.524336}	DOMAIN_EOG58CZ9C.nex_DOMAIN_EOG5HT785.nex_DOMAIN_EOG5RJDGB.nex
66	AA	5	541	21	236	WAG+F+I{0.239247}+G4{1.59201}	DOMAIN_EOG58GTJ4.nex_DOMAIN_EOG5JSXMR.nex_DOMAIN_PF02585_12.nex
67	AA	5	281	16	66	DCMUT+F+I{0.0671351}+R2{0.767451,0.315207,0.165414,4.58301}	DOMAIN_EOG58KPS9.nex_DOMAIN_EOG5DV42P.nex
68	AA	5	469	31	245	Q.INSECT+G4{0.709784}	DOMAIN_EOG58KPSP.nex_DOMAIN_EOG5FXPQ3.nex_DOMAIN_PF01172_13.nex_DOMAIN_PF01805_15.nex
69	AA	5	560	39	294	Q.INSECT+G4{1.13483}	DOMAIN_EOG58KPT5.nex_DOMAIN_EOG5FQZ6W.nex_DOMAIN_PB002302.nex_DOMAIN_PB011139.nex_DOMAIN_PF06469_6.nex_DOMAIN_PF13838_1.nex
70	AA	5	399	19	112	Q.YEAST+F+I{0.149606}+R2{0.722725,0.527012,0.127669,4.84938}	DOMAIN_EOG58PK18.nex_DOMAIN_PF10187_4.nex_DOMAIN_PF14943_1.nex
71	AA	5	407	25	185	Q.INSECT+F+I{0.284599}+G4{2.00712}	DOMAIN_EOG59P8DX.nex_DOMAIN_EOG5TDZ17.nex
72	AA	5	250	29	99	Q.PFAM+F+G4{1.09385}	DOMAIN_EOG5B8GW5.nex_DOMAIN_PF01778_12.nex
73	AA	5	1254	14	444	Q.YEAST+F+G4{2.90992}	DOMAIN_EOG5BNZT1.nex_DOMAIN_EOG5DZ09S.nex_DOMAIN_EOG5HT77W.nex_DOMAIN_EOG5PZGPZ.nex_DOMAIN_EOG5Z613N.nex_DOMAIN_PB004656.nex_DOMAIN_PB015130.nex
74	AA	5	1470	80	545	Q.YEAST+F+R2{0.395299,0.215008,0.604701,1.51316}	DOMAIN_EOG5BRV2N.nex_DOMAIN_EOG5WH71W.nex_DOMAIN_PF08941_5.nex_DOMAIN_PF10265_4.nex_DOMAIN_PF14545_1.nex_DOMAIN_PF14551_1.nex
75	AA	5	555	0	255	BLOSUM62+F+G4{10.2448}	DOMAIN_EOG5BZKJ9.nex_DOMAIN_EOG5C8693.nex
WARNING: No parsimony-informative sites in partition DOMAIN_EOG5BZKJ9.nex_DOMAIN_EOG5C8693.nex
76	AA	5	542	0	250	Q.YEAST+F+G4{1.11129}	DOMAIN_EOG5CC2GJ.nex_DOMAIN_EOG5MSBCZ.nex_DOMAIN_EOG5PG4FW.nex
WARNING: No parsimony-informative sites in partition DOMAIN_EOG5CC2GJ.nex_DOMAIN_EOG5MSBCZ.nex_DOMAIN_EOG5PG4FW.nex
77	AA	5	584	28	111	LG+F+I{0.0543076}+G4{4.01703}	DOMAIN_EOG5CFXQ8.nex_DOMAIN_EOG5G4F6M.nex_DOMAIN_EOG5Z613P.nex_DOMAIN_PF06350_7.nex
78	AA	4	77	2	9	PMB+F+G4{2.09264}	DOMAIN_EOG5CJT08.nex_DOMAIN_PB017110.nex
79	AA	4	86	0	25	Q.INSECT	DOMAIN_EOG5CVDNW.nex_DOMAIN_PF12783_2.nex
WARNING: No parsimony-informative sites in partition DOMAIN_EOG5CVDNW.nex_DOMAIN_PF12783_2.nex
80	AA	5	261	5	94	JTTDCMUT+F+G4{1.24674}	DOMAIN_EOG5DV425.nex_DOMAIN_PB014570.nex
81	AA	5	282	18	68	RTREV+F+R2{0.268282,0.136014,0.731718,1.31678}	DOMAIN_EOG5DV42G.nex_DOMAIN_PB008240.nex
82	AA	5	291	15	71	Q.YEAST+G4{1.00085}	DOMAIN_EOG5F7M1P.nex_DOMAIN_EOG5MGQP9.nex_DOMAIN_PB013561.nex_DOMAIN_PF15306_1.nex
83	AA	5	378	20	182	LG+G4{0.992293}	DOMAIN_EOG5FFBGP.nex_DOMAIN_EOG5H189W.nex_DOMAIN_EOG5J3TZP.nex_DOMAIN_PF02777_13.nex
84	AA	5	342	26	132	Q.YEAST+G4{1.09084}	DOMAIN_EOG5G79F7.nex_DOMAIN_EOG5TDZ22.nex_DOMAIN_PB003395.nex_DOMAIN_PB013539.nex
85	AA	5	750	23	285	RTREV+F+G4{1.37126}	DOMAIN_EOG5GF1X9.nex_DOMAIN_EOG5W9GJS.nex_DOMAIN_EOG5ZGMV1.nex
86	AA	5	145	28	31	RTREV+F+I{0.04813}+G4{1.973}	DOMAIN_EOG5GHX3Z.nex
87	AA	5	377	9	276	Q.INSECT+F+I{0.268647}	DOMAIN_EOG5H18B5.nex_DOMAIN_PB007605.nex
88	AA	5	576	83	147	LG+G4{1.27542}	DOMAIN_EOG5H44KQ.nex_DOMAIN_EOG5NS1T4.nex_DOMAIN_PF01652_13.nex_DOMAIN_PF06212_7.nex
89	AA	5	464	41	152	WAG+F+G4{1.25825}	DOMAIN_EOG5H9W2M.nex_DOMAIN_EOG5HHMH7.nex_DOMAIN_PF07542_6.nex
90	AA	5	581	56	206	LG+F+I{0.129061}+G4{2.14713}	DOMAIN_EOG5HQC0C.nex_DOMAIN_EOG5KD526.nex_DOMAIN_PB003683.nex
91	AA	5	478	10	110	Q.YEAST+G4{1.71255}	DOMAIN_EOG5J6Q6W.nex_DOMAIN_EOG5M0CH2.nex_DOMAIN_EOG5NK9BD.nex_DOMAIN_PF14778_1.nex
92	AA	4	180	5	103	WAG+F+G4{1.00814}	DOMAIN_EOG5J9KGB.nex
93	AA	5	358	25	166	LG+G4{0.443908}	DOMAIN_EOG5K3JD6.nex_DOMAIN_EOG5KSN1C.nex_DOMAIN_PB003609.nex_DOMAIN_PF00086_13.nex
94	AA	5	825	47	265	WAG+F+I{0.131546}+G4{2.56307}	DOMAIN_EOG5KPRSD.nex_DOMAIN_EOG5PK0QJ.nex_DOMAIN_EOG5QJQ33.nex_DOMAIN_EOG5QRFKC.nex
95	AA	5	46	0	20	LG+F+G4{0.685101}	DOMAIN_EOG5N5TBZ.nex
WARNING: No parsimony-informative sites in partition DOMAIN_EOG5N5TBZ.nex
96	AA	5	345	27	141	Q.INSECT+F+G4{0.695646}	DOMAIN_EOG5NZS85.nex_DOMAIN_EOG5PG4G6.nex
97	AA	5	266	27	94	Q.YEAST+F+G4{0.762939}	DOMAIN_EOG5PG4HC.nex_DOMAIN_EOG5RV17Z.nex_DOMAIN_PF08243_6.nex
98	AA	5	212	3	62	Q.INSECT+F+G4{1.49743}	DOMAIN_EOG5QNKBN.nex_DOMAIN_EOG5XSJ5Q.nex
99	AA	5	111	9	39	Q.INSECT+F+I{0.256314}+G4{1.97612}	DOMAIN_EOG5RBP0V.nex
100	AA	5	262	4	98	Q.INSECT+G4{1.48063}	DOMAIN_EOG5S4MX6.nex
101	AA	5	1391	58	575	Q.INSECT+I{0.163284}+G4{2.45391}	DOMAIN_EOG5S7H52.nex_DOMAIN_EOG5VT4C5.nex_DOMAIN_EOG5XPNZC.nex_DOMAIN_PF03367_8.nex_DOMAIN_PF04699_9.nex_DOMAIN_PF06777_6.nex_DOMAIN_PF09744_4.nex
102	AA	5	244	20	60	LG+G4{1.81943}	DOMAIN_EOG5T4B9Q.nex_DOMAIN_PB009442.nex
103	AA	5	236	0	108	Q.INSECT+G4{0.864755}	DOMAIN_EOG5VQ852.nex_DOMAIN_PB006404.nex
WARNING: No parsimony-informative sites in partition DOMAIN_EOG5VQ852.nex_DOMAIN_PB006404.nex
104	AA	5	134	1	57	Q.INSECT+F+G4{0.751481}	DOMAIN_EOG5W9GKR.nex_DOMAIN_PB005492.nex
105	AA	3	182	0	84	Q.BIRD+F	DOMAIN_EOG5Z8WBT.nex
WARNING: No parsimony-informative sites in partition DOMAIN_EOG5Z8WBT.nex
106	AA	5	704	51	162	LG+F+G4{1.60852}	DOMAIN_EOG5Z8WC1.nex_DOMAIN_PB002467.nex_DOMAIN_PB003133.nex_DOMAIN_PF11938_3.nex
107	AA	5	273	37	98	LG+G4{0.706614}	DOMAIN_PB000968.nex_DOMAIN_PB008836.nex
108	AA	3	193	0	167	Q.PLANT+F	DOMAIN_PB001867.nex
WARNING: No parsimony-informative sites in partition DOMAIN_PB001867.nex
109	AA	4	545	0	173	LG+I{0.159846}	DOMAIN_PB001890.nex_DOMAIN_PB008193.nex_DOMAIN_PB011334.nex_DOMAIN_PB017096.nex
WARNING: No parsimony-informative sites in partition DOMAIN_PB001890.nex_DOMAIN_PB008193.nex_DOMAIN_PB011334.nex_DOMAIN_PB017096.nex
110	AA	3	28	0	4	PMB	DOMAIN_PB002126.nex
WARNING: No parsimony-informative sites in partition DOMAIN_PB002126.nex
111	AA	5	350	2	299	LG	DOMAIN_PB002146.nex_DOMAIN_PB002814.nex_DOMAIN_PB003452.nex_DOMAIN_PF06292_12.nex
112	AA	3	67	0	67	Q.INSECT	DOMAIN_PB002252.nex
WARNING: No variant sites in partition DOMAIN_PB002252.nex
113	AA	3	315	0	221	DCMUT+F+I{0.369203}	DOMAIN_PB003590.nex_DOMAIN_PF00110_14.nex
WARNING: No parsimony-informative sites in partition DOMAIN_PB003590.nex_DOMAIN_PF00110_14.nex
114	AA	3	181	0	80	Q.INSECT+I{0.242703}	DOMAIN_PB005610.nex_DOMAIN_PF01576_14.nex
WARNING: No parsimony-informative sites in partition DOMAIN_PB005610.nex_DOMAIN_PF01576_14.nex
115	AA	4	320	20	171	LG+F+G4{1.02807}	DOMAIN_PB009845.nex_DOMAIN_PB009879.nex_DOMAIN_PF00572_13.nex_DOMAIN_PF01247_13.nex
116	AA	5	365	25	178	Q.INSECT+I{0.33339}	DOMAIN_PB010178.nex_DOMAIN_PF07933_9.nex_DOMAIN_PF10540_4.nex
117	AA	5	406	19	297	Q.INSECT+F+G4{0.325924}	DOMAIN_PB010459.nex_DOMAIN_PB015030.nex_DOMAIN_PF00244_15.nex_DOMAIN_PF08513_6.nex
118	AA	3	160	0	106	WAG+F	DOMAIN_PB012098.nex_DOMAIN_PF07657_8.nex
WARNING: No parsimony-informative sites in partition DOMAIN_PB012098.nex_DOMAIN_PF07657_8.nex
119	AA	4	119	1	56	MTINV+F	DOMAIN_PB013706.nex
120	AA	5	304	36	94	MTZOA+F+R3{0.571943,0.152824,0.355697,1.08556,0.0723603,7.27558}	DOMAIN_PB016447.nex_DOMAIN_PF01275_14.nex
121	AA	5	307	19	95	Q.INSECT+G4{1.96723}	DOMAIN_PF00248_16.nex
122	AA	5	353	9	74	LG+F+R2{0.41758,0.303176,0.58242,1.49961}	DOMAIN_PF00995_18.nex
123	AA	5	312	17	201	DAYHOFF+F+G4{0.480348}	DOMAIN_PF01283_14.nex_DOMAIN_PF01485_16.nex
124	AA	3	61	0	43	PMB	DOMAIN_PF03493_13.nex
WARNING: No parsimony-informative sites in partition DOMAIN_PF03493_13.nex
125	AA	5	235	18	126	Q.YEAST+F+G4{0.516414}	DOMAIN_PF04153_13.nex_DOMAIN_PF05071_11.nex
126	AA	5	71	7	12	Q.INSECT+F+R2{0.647399,0.220136,0.352601,2.43189}	DOMAIN_PF08079_7.nex
127	AA	5	93	13	16	RTREV+F+G4{1.69842}	DOMAIN_PF10046_4.nex
128	AA	3	20	0	1	FLU	DOMAIN_PF12114_3.nex
WARNING: No parsimony-informative sites in partition DOMAIN_PF12114_3.nex
Degree of missing data: 0.016
Info: multi-threading strategy over partitions
WARNING: States(s) P rarely appear in partition DOMAIN_CL0018.nex and may cause numerical problems
WARNING: States(s) W rarely appear in partition DOMAIN_CL0147.nex and may cause numerical problems
WARNING: States(s) W rarely appear in partition DOMAIN_EOG5J9KGB.nex and may cause numerical problems
WARNING: States(s) R, N, H, W, Y rarely appear in partition DOMAIN_EOG5N5TBZ.nex and may cause numerical problems
WARNING: States(s) C, W rarely appear in partition DOMAIN_EOG5QNKBN.nex_DOMAIN_EOG5XSJ5Q.nex and may cause numerical problems
WARNING: States(s) W rarely appear in partition DOMAIN_EOG5RBP0V.nex and may cause numerical problems
WARNING: States(s) W rarely appear in partition DOMAIN_EOG5Z8WBT.nex and may cause numerical problems
WARNING: States(s) H, W rarely appear in partition DOMAIN_PB001867.nex and may cause numerical problems
WARNING: States(s) Q, W rarely appear in partition DOMAIN_PB002126.nex and may cause numerical problems
WARNING: States(s) M rarely appear in partition DOMAIN_PF03493_13.nex and may cause numerical problems
NOTE: State(s) C, W not present in partition DOMAIN_PF08079_7.nex and thus removed from Markov process to prevent numerical problems
WARNING: States(s) C, W rarely appear in partition DOMAIN_PF10046_4.nex and may cause numerical problems
WARNING: States(s) F rarely appear in partition DOMAIN_PF12114_3.nex and may cause numerical problems
NOTE: 2 states (see above) are not present and thus removed from Markov process to prevent numerical problems
Reading input tree file insect5_Q_mf.treefile ...
Generating 1000 samples for ultrafast bootstrap (seed: 229139)...
WARNING: Normalizing category proportions so that sum of them equals to 1
WARNING: Normalizing category proportions so that sum of them equals to 1
WARNING: Normalizing category proportions so that sum of them equals to 1
WARNING: Normalizing category proportions so that sum of them equals to 1
WARNING: Normalizing category proportions so that sum of them equals to 1
WARNING: Normalizing category proportions so that sum of them equals to 1
WARNING: Normalizing category proportions so that sum of them equals to 1
WARNING: Normalizing category proportions so that sum of them equals to 1
WARNING: Normalizing category proportions so that sum of them equals to 1
WARNING: Normalizing category proportions so that sum of them equals to 1
WARNING: Normalizing category proportions so that sum of them equals to 1
WARNING: Normalizing category proportions so that sum of them equals to 1

NOTE: 328 MB RAM (0 GB) is required!
Estimate model parameters (epsilon = 0.100)
Partition DOMAIN_CL0052.nex_DOMAIN_CL0175.nex / Model: LG+F+I+R2 / df: 26 / LogL: -5850.483
Partition DOMAIN_CL0043.nex_DOMAIN_EOG58CZB3.nex_DOMAIN_EOG5KH1B9.nex_DOMAIN_EOG5X3FGB.nex_DOMAIN_PB009319.nex_DOMAIN_PB011290.nex / Model: Q.YEAST+F+R2 / df: 26 / LogL: -6764.035
Partition DOMAIN_EOG50GB6F.nex_DOMAIN_EOG54F4SN.nex_DOMAIN_EOG580GC5.nex_DOMAIN_PF04727_8.nex / Model: Q.INSECT+F+R2 / df: 26 / LogL: -5153.687
Partition DOMAIN_CL0220.nex_DOMAIN_PB013336.nex_DOMAIN_PF10436_4.nex / Model: Q.YEAST+F+I+R2 / df: 26 / LogL: -7956.218
Partition DOMAIN_EOG51JWTF.nex_DOMAIN_EOG5TQJQW.nex_DOMAIN_PB013460.nex / Model: JTTDCMUT+F+R2 / df: 26 / LogL: -8653.770
Partition DOMAIN_CL0118.nex_DOMAIN_EOG5GXD3S.nex_DOMAIN_EOG5ZGMV9.nex_DOMAIN_PF10233_4.nex / Model: LG+F+G4 / df: 26 / LogL: -5060.070
Partition DOMAIN_EOG5BRV2N.nex_DOMAIN_EOG5WH71W.nex_DOMAIN_PF08941_5.nex_DOMAIN_PF10265_4.nex_DOMAIN_PF14545_1.nex_DOMAIN_PF14551_1.nex / Model: Q.YEAST+F+R2 / df: 26 / LogL: -10483.415
Partition DOMAIN_EOG5Z8WC1.nex_DOMAIN_PB002467.nex_DOMAIN_PB003133.nex_DOMAIN_PF11938_3.nex / Model: LG+F+G4 / df: 26 / LogL: -5701.125
Partition DOMAIN_EOG531ZCZ.nex_DOMAIN_EOG5BNZSS.nex_DOMAIN_PF00253_16.nex_DOMAIN_PF00622_23.nex_DOMAIN_PF04950_7.nex / Model: Q.YEAST+F+G4 / df: 26 / LogL: -7146.383
Partition DOMAIN_EOG57H45S.nex_DOMAIN_EOG59P8DC.nex_DOMAIN_EOG5QNKBC.nex_DOMAIN_EOG5RBP1S.nex / Model: Q.INSECT+F+I+R2 / df: 26 / LogL: -5512.262
Partition DOMAIN_EOG51C5BG.nex_DOMAIN_EOG52FQZ9.nex_DOMAIN_EOG54XGZH.nex_DOMAIN_PB001110.nex_DOMAIN_PF09454_5.nex_DOMAIN_PF09735_4.nex_DOMAIN_PF10406_4.nex_DOMAIN_PF11414_3.nex / Model: Q.INSECT+F+I+R2 / df: 26 / LogL: -14312.973
Partition DOMAIN_EOG51C5BV.nex_DOMAIN_EOG5RR4ZS.nex_DOMAIN_PB007801.nex_DOMAIN_PF02099_12.nex_DOMAIN_PF08737_5.nex / Model: Q.YEAST+F+I+G4 / df: 26 / LogL: -6970.123
Partition DOMAIN_EOG53R22W.nex_DOMAIN_PF02383_13.nex_DOMAIN_PF03351_12.nex / Model: LG+F+G4 / df: 26 / LogL: -7032.460
Partition DOMAIN_CL0010.nex_DOMAIN_PB018715.nex_DOMAIN_PF06544_7.nex_DOMAIN_PF10349_4.nex / Model: Q.INSECT+F+G4 / df: 26 / LogL: -7660.440
Partition DOMAIN_CL0061.nex_DOMAIN_EOG5DR7TM.nex_DOMAIN_EOG5Z8WBS.nex_DOMAIN_PF00081_17.nex / Model: LG+I+G4 / df: 7 / LogL: -10144.450
Partition DOMAIN_EOG5KPRSD.nex_DOMAIN_EOG5PK0QJ.nex_DOMAIN_EOG5QJQ33.nex_DOMAIN_EOG5QRFKC.nex / Model: WAG+F+I+G4 / df: 26 / LogL: -6389.216
Partition DOMAIN_EOG5612K9.nex_DOMAIN_EOG5M37R2.nex_DOMAIN_EOG5RN8RD.nex_DOMAIN_PF01196_14.nex / Model: Q.YEAST+F+I / df: 26 / LogL: -3981.984
Partition DOMAIN_CL0022.nex / Model: Q.YEAST+F+I+R2 / df: 26 / LogL: -15482.265
Partition DOMAIN_CL0246.nex_DOMAIN_EOG5F7M0T.nex_DOMAIN_PF00334_14.nex_DOMAIN_PF10146_4.nex / Model: LG+F+I+R2 / df: 26 / LogL: -15545.649
Partition DOMAIN_CL0208.nex_DOMAIN_EOG5CNP6Z.nex_DOMAIN_PB015947.nex_DOMAIN_PF00833_13.nex_DOMAIN_PF01655_13.nex_DOMAIN_PF01849_13.nex_DOMAIN_PF01873_12.nex_DOMAIN_PF03371_10.nex_DOMAIN_PF04055_16.nex / Model: LG+F+G4 / df: 26 / LogL: -15368.439
Partition DOMAIN_CL0066.nex_DOMAIN_EOG5FXPPM.nex / Model: LG+F+G4 / df: 26 / LogL: -9357.424
Partition DOMAIN_CL0050.nex_DOMAIN_EOG54MW8B.nex_DOMAIN_EOG570RZR.nex_DOMAIN_EOG5H44KT.nex_DOMAIN_EOG5H9W25.nex_DOMAIN_EOG5KH18X.nex_DOMAIN_PB009171.nex_DOMAIN_PF02301_13.nex / Model: Q.YEAST+F+R3 / df: 26 / LogL: -8999.447
Partition DOMAIN_EOG5GF1X9.nex_DOMAIN_EOG5W9GJS.nex_DOMAIN_EOG5ZGMV1.nex / Model: RTREV+F+G4 / df: 26 / LogL: -4678.193
Partition DOMAIN_EOG55DV4M.nex_DOMAIN_EOG55HQC8.nex_DOMAIN_EOG59CNQH.nex_DOMAIN_EOG5HX3G9.nex / Model: Q.YEAST+F+G4 / df: 26 / LogL: -7134.355
Partition DOMAIN_EOG502V73.nex_DOMAIN_EOG59ZW4H.nex_DOMAIN_EOG5WH71Z.nex_DOMAIN_EOG5Z08N2.nex_DOMAIN_EOG5Z34WB.nex / Model: LG+I+R2 / df: 7 / LogL: -4159.413
Partition DOMAIN_EOG51NS2P.nex_DOMAIN_EOG56T1G8.nex_DOMAIN_EOG57M0F5.nex_DOMAIN_PB003402.nex / Model: RTREV+F+I+G4 / df: 26 / LogL: -7203.564
Partition DOMAIN_EOG5CFXQ8.nex_DOMAIN_EOG5G4F6M.nex_DOMAIN_EOG5Z613P.nex_DOMAIN_PF06350_7.nex / Model: LG+F+I+G4 / df: 26 / LogL: -4825.524
Partition DOMAIN_EOG57H451.nex_DOMAIN_EOG5BVQ8G.nex_DOMAIN_EOG5NS1T8.nex_DOMAIN_EOG5SXKTQ.nex_DOMAIN_EOG5V41QC.nex_DOMAIN_PF00690_21.nex_DOMAIN_PF09725_4.nex_DOMAIN_PF13959_1.nex / Model: Q.YEAST+F+G4 / df: 26 / LogL: -8532.318
Partition DOMAIN_EOG53FFDB.nex_DOMAIN_EOG5XD26V.nex_DOMAIN_EOG5ZW3S1.nex / Model: RTREV+F+R3 / df: 26 / LogL: -4283.777
Partition DOMAIN_EOG5BNZT1.nex_DOMAIN_EOG5DZ09S.nex_DOMAIN_EOG5HT77W.nex_DOMAIN_EOG5PZGPZ.nex_DOMAIN_EOG5Z613N.nex_DOMAIN_PB004656.nex_DOMAIN_PB015130.nex / Model: Q.YEAST+F+G4 / df: 26 / LogL: -7968.828
Partition DOMAIN_EOG58KPT5.nex_DOMAIN_EOG5FQZ6W.nex_DOMAIN_PB002302.nex_DOMAIN_PB011139.nex_DOMAIN_PF06469_6.nex_DOMAIN_PF13838_1.nex / Model: Q.INSECT+G4 / df: 7 / LogL: -3480.831
Partition DOMAIN_EOG5H44KQ.nex_DOMAIN_EOG5NS1T4.nex_DOMAIN_PF01652_13.nex_DOMAIN_PF06212_7.nex / Model: LG+G4 / df: 7 / LogL: -5270.326
Partition DOMAIN_EOG579CQ2.nex_DOMAIN_EOG57SQWM.nex_DOMAIN_EOG5T1G2P.nex_DOMAIN_PF07780_7.nex_DOMAIN_PF08159_7.nex / Model: Q.YEAST+F+I+R2 / df: 26 / LogL: -3248.622
Partition DOMAIN_EOG508KQM.nex_DOMAIN_EOG551C5S.nex_DOMAIN_EOG5G1JZ9.nex_DOMAIN_EOG5PZGNH.nex_DOMAIN_EOG5XD265.nex_DOMAIN_PF14533_1.nex_DOMAIN_PF14702_1.nex / Model: LG+F+G4 / df: 26 / LogL: -8954.948
Partition DOMAIN_EOG5S7H52.nex_DOMAIN_EOG5VT4C5.nex_DOMAIN_EOG5XPNZC.nex_DOMAIN_PF03367_8.nex_DOMAIN_PF04699_9.nex_DOMAIN_PF06777_6.nex_DOMAIN_PF09744_4.nex / Model: Q.INSECT+I+G4 / df: 7 / LogL: -9158.882
Partition DOMAIN_CL0357.nex_DOMAIN_EOG576HGB.nex_DOMAIN_EOG5W0VV5.nex_DOMAIN_PB001367.nex_DOMAIN_PB019714.nex_DOMAIN_PF10189_4.nex / Model: Q.INSECT+F+I+G4 / df: 26 / LogL: -5559.370
Partition DOMAIN_EOG57H457.nex_DOMAIN_EOG5H9W1J.nex_DOMAIN_PF00289_17.nex_DOMAIN_PF05670_8.nex / Model: LG+F+G4 / df: 26 / LogL: -4597.402
Partition DOMAIN_EOG58PK18.nex_DOMAIN_PF10187_4.nex_DOMAIN_PF14943_1.nex / Model: Q.YEAST+F+I+R2 / df: 26 / LogL: -3133.831
Partition DOMAIN_PF00995_18.nex / Model: LG+F+R2 / df: 26 / LogL: -2972.311
Partition DOMAIN_PB001890.nex_DOMAIN_PB008193.nex_DOMAIN_PB011334.nex_DOMAIN_PB017096.nex / Model: LG+I / df: 5 / LogL: -3270.657
Partition DOMAIN_EOG5J6Q6W.nex_DOMAIN_EOG5M0CH2.nex_DOMAIN_EOG5NK9BD.nex_DOMAIN_PF14778_1.nex / Model: Q.YEAST+G4 / df: 7 / LogL: -3443.078
Partition DOMAIN_EOG53TX9C.nex_DOMAIN_EOG5HQC0M.nex_DOMAIN_EOG5VX0M2.nex / Model: Q.INSECT+F+G4 / df: 26 / LogL: -9402.006
Partition DOMAIN_EOG5HQC0C.nex_DOMAIN_EOG5KD526.nex_DOMAIN_PB003683.nex / Model: LG+F+I+G4 / df: 26 / LogL: -4463.205
Partition DOMAIN_EOG500005.nex_DOMAIN_EOG50000R.nex_DOMAIN_EOG50K6FM.nex_DOMAIN_EOG515DWK.nex_DOMAIN_EOG53R22M.nex_DOMAIN_EOG5CNP74.nex_DOMAIN_EOG5DBRW1.nex_DOMAIN_PB006063.nex_DOMAIN_PB016317.nex_DOMAIN_PF01608_12.nex_DOMAIN_PF06468_8.nex_DOMAIN_PF08612_6.nex / Model: Q.YEAST+F+G4 / df: 26 / LogL: -9720.645
Partition DOMAIN_CL0267.nex_DOMAIN_EOG56DJJW.nex_DOMAIN_EOG5P5HRS.nex_DOMAIN_PB011408.nex_DOMAIN_PF01084_15.nex_DOMAIN_PF02887_11.nex / Model: LG+F+G4 / df: 26 / LogL: -4271.803
Partition DOMAIN_CL0179.nex_DOMAIN_PF10513_4.nex / Model: LG+I+G4 / df: 7 / LogL: -4297.994
Partition DOMAIN_CL0207.nex_DOMAIN_PF05603_7.nex / Model: LG+F+G4 / df: 26 / LogL: -4259.258
Partition DOMAIN_CL0130.nex_DOMAIN_EOG583BM8.nex / Model: JTTDCMUT+F+R2 / df: 26 / LogL: -3475.141
Partition DOMAIN_EOG5H9W2M.nex_DOMAIN_EOG5HHMH7.nex_DOMAIN_PF07542_6.nex / Model: WAG+F+G4 / df: 26 / LogL: -3763.351
Partition DOMAIN_EOG55DV50.nex_DOMAIN_EOG5DFN3G.nex_DOMAIN_PB019459.nex / Model: LG+G4 / df: 7 / LogL: -3836.388
Partition DOMAIN_CL0039.nex_DOMAIN_CL0459.nex_DOMAIN_EOG5QV9VG.nex_DOMAIN_PF09174_5.nex / Model: LG+F+I+R2 / df: 26 / LogL: -27738.186
Partition DOMAIN_PB010178.nex_DOMAIN_PF07933_9.nex_DOMAIN_PF10540_4.nex / Model: Q.INSECT+I / df: 7 / LogL: -2438.736
Partition DOMAIN_EOG5BZKJ9.nex_DOMAIN_EOG5C8693.nex / Model: BLOSUM62+F+G4 / df: 26 / LogL: -2956.377
Partition DOMAIN_CL0151.nex_DOMAIN_PB018691.nex_DOMAIN_PF00696_23.nex / Model: LG+F+G4 / df: 26 / LogL: -4487.973
Partition DOMAIN_EOG58GTJ4.nex_DOMAIN_EOG5JSXMR.nex_DOMAIN_PF02585_12.nex / Model: WAG+F+I+G4 / df: 26 / LogL: -3738.248
Partition DOMAIN_EOG576HFT.nex_DOMAIN_EOG58PK1K.nex_DOMAIN_EOG5HHMHT.nex_DOMAIN_PB019623.nex / Model: WAG+F+G4 / df: 26 / LogL: -2682.865
Partition DOMAIN_EOG576HGC.nex_DOMAIN_EOG5TB2SN.nex_DOMAIN_PB015882.nex / Model: Q.PFAM+I / df: 7 / LogL: -1721.310
Partition DOMAIN_EOG58KPS9.nex_DOMAIN_EOG5DV42P.nex / Model: DCMUT+F+I+R2 / df: 26 / LogL: -2162.586
Partition DOMAIN_CL0190.nex_DOMAIN_EOG5GF1WP.nex_DOMAIN_PB018852.nex_DOMAIN_PF08338_6.nex / Model: Q.YEAST+G4 / df: 7 / LogL: -3562.836
Partition DOMAIN_EOG515DV8.nex_DOMAIN_EOG5QZ62Q.nex / Model: FLU+F+R2 / df: 26 / LogL: -2750.424
Partition DOMAIN_EOG5DV42G.nex_DOMAIN_PB008240.nex / Model: RTREV+F+R2 / df: 26 / LogL: -2429.663
Partition DOMAIN_CL0260.nex_DOMAIN_CL0329.nex_DOMAIN_PF02582_9.nex / Model: LG+F+G4 / df: 26 / LogL: -13846.360
Partition DOMAIN_EOG58KPSP.nex_DOMAIN_EOG5FXPQ3.nex_DOMAIN_PF01172_13.nex_DOMAIN_PF01805_15.nex / Model: Q.INSECT+G4 / df: 7 / LogL: -2838.399
Partition DOMAIN_EOG51JWTT.nex_DOMAIN_EOG5NZS90.nex / Model: Q.YEAST+F+I+G4 / df: 26 / LogL: -2401.619
Partition DOMAIN_CL0147.nex / Model: Q.INSECT+F+I / df: 26 / LogL: -1966.823
Partition DOMAIN_EOG5547F7.nex_DOMAIN_EOG5VT4CH.nex / Model: VT+F / df: 26 / LogL: -1532.143
Partition DOMAIN_EOG5NZS85.nex_DOMAIN_EOG5PG4G6.nex / Model: Q.INSECT+F+G4 / df: 26 / LogL: -2434.528
Partition DOMAIN_EOG59P8DX.nex_DOMAIN_EOG5TDZ17.nex / Model: Q.INSECT+F+I+G4 / df: 26 / LogL: -2753.458
Partition DOMAIN_EOG5FFBGP.nex_DOMAIN_EOG5H189W.nex_DOMAIN_EOG5J3TZP.nex_DOMAIN_PF02777_13.nex / Model: LG+G4 / df: 7 / LogL: -2205.039
Partition DOMAIN_EOG57SQVX.nex_DOMAIN_EOG5MCVF6.nex / Model: Q.INSECT+F+G4 / df: 26 / LogL: -3304.399
Partition DOMAIN_EOG52BVRH.nex_DOMAIN_EOG59W0WR.nex_DOMAIN_PF02142_17.nex / Model: LG+I+R2 / df: 7 / LogL: -1723.764
Partition DOMAIN_PF00248_16.nex / Model: Q.INSECT+G4 / df: 7 / LogL: -2213.849
Partition DOMAIN_EOG58CZ9C.nex_DOMAIN_EOG5HT785.nex_DOMAIN_EOG5RJDGB.nex / Model: LG+G4 / df: 7 / LogL: -2991.867
Partition DOMAIN_EOG55DV4S.nex / Model: RTREV+F / df: 22 / LogL: -1926.578
Partition DOMAIN_PB016447.nex_DOMAIN_PF01275_14.nex / Model: MTZOA+F+R3 / df: 26 / LogL: -2440.569
Partition DOMAIN_EOG57WM3S.nex / Model: Q.INSECT+F+G4 / df: 26 / LogL: -2736.560
Partition DOMAIN_EOG5G79F7.nex_DOMAIN_EOG5TDZ22.nex_DOMAIN_PB003395.nex_DOMAIN_PB013539.nex / Model: Q.YEAST+G4 / df: 7 / LogL: -2527.562
Partition DOMAIN_EOG5B8GW5.nex_DOMAIN_PF01778_12.nex / Model: Q.PFAM+F+G4 / df: 26 / LogL: -1894.383
Partition DOMAIN_CL0431.nex_DOMAIN_EOG534TPB.nex_DOMAIN_EOG573N7M.nex_DOMAIN_PF09360_5.nex / Model: Q.INSECT+I / df: 7 / LogL: -1366.536
Partition DOMAIN_EOG5H18B5.nex_DOMAIN_PB007605.nex / Model: Q.INSECT+F+I / df: 26 / LogL: -1629.588
Partition DOMAIN_PF01283_14.nex_DOMAIN_PF01485_16.nex / Model: DAYHOFF+F+G4 / df: 26 / LogL: -1725.622
Partition DOMAIN_EOG5F7M1P.nex_DOMAIN_EOG5MGQP9.nex_DOMAIN_PB013561.nex_DOMAIN_PF15306_1.nex / Model: Q.YEAST+G4 / df: 7 / LogL: -2141.442
Partition DOMAIN_EOG5PG4HC.nex_DOMAIN_EOG5RV17Z.nex_DOMAIN_PF08243_6.nex / Model: Q.YEAST+F+G4 / df: 26 / LogL: -1921.367
Partition DOMAIN_CL0157.nex_DOMAIN_PB000774.nex_DOMAIN_PF14727_1.nex / Model: VT+G4 / df: 7 / LogL: -2012.722
Partition DOMAIN_EOG5T4B9Q.nex_DOMAIN_PB009442.nex / Model: LG+G4 / df: 7 / LogL: -2009.732
Partition DOMAIN_EOG573N6J.nex_DOMAIN_EOG5QBZNX.nex_DOMAIN_EOG5STQMD.nex_DOMAIN_PB016592.nex / Model: RTREV+F+G4 / df: 26 / LogL: -2051.609
Partition DOMAIN_PB009845.nex_DOMAIN_PB009879.nex_DOMAIN_PF00572_13.nex_DOMAIN_PF01247_13.nex / Model: LG+F+G4 / df: 24 / LogL: -1905.726
Partition DOMAIN_PB002146.nex_DOMAIN_PB002814.nex_DOMAIN_PB003452.nex_DOMAIN_PF06292_12.nex / Model: LG / df: 7 / LogL: -1339.467
Partition DOMAIN_EOG5K3JD6.nex_DOMAIN_EOG5KSN1C.nex_DOMAIN_PB003609.nex_DOMAIN_PF00086_13.nex / Model: LG+G4 / df: 7 / LogL: -2650.158
Partition DOMAIN_PB005610.nex_DOMAIN_PF01576_14.nex / Model: Q.INSECT+I / df: 3 / LogL: -984.912
Partition DOMAIN_PB013706.nex / Model: MTINV+F / df: 24 / LogL: -627.411
Partition DOMAIN_PB000968.nex_DOMAIN_PB008836.nex / Model: LG+G4 / df: 7 / LogL: -2325.406
Partition DOMAIN_PB012098.nex_DOMAIN_PF07657_8.nex / Model: WAG+F / df: 22 / LogL: -709.239
Partition DOMAIN_PB003590.nex_DOMAIN_PF00110_14.nex / Model: DCMUT+F+I / df: 22 / LogL: -1324.244
Partition DOMAIN_EOG5Z8WBT.nex / Model: Q.BIRD+F / df: 22 / LogL: -782.197
Partition DOMAIN_CL0506.nex_DOMAIN_EOG5C2FRP.nex / Model: BLOSUM62 / df: 3 / LogL: -333.742
Partition DOMAIN_EOG51VHJV.nex_DOMAIN_EOG5RJDGG.nex_DOMAIN_EOG5RR4ZF.nex_DOMAIN_PF01530_13.nex / Model: FLU+F+G4 / df: 22 / LogL: -1404.098
Partition DOMAIN_PB001867.nex / Model: Q.PLANT+F / df: 22 / LogL: -649.154
Partition DOMAIN_EOG534TMX.nex / Model: Q.INSECT+F+G4 / df: 24 / LogL: -2224.826
Partition DOMAIN_PF03493_13.nex / Model: PMB / df: 3 / LogL: -258.012
Partition DOMAIN_PB002252.nex / Model: Q.INSECT / df: 3 / LogL: -195.007
Partition DOMAIN_EOG5CVDNW.nex_DOMAIN_PF12783_2.nex / Model: Q.INSECT / df: 5 / LogL: -479.878
Partition DOMAIN_PB002126.nex / Model: PMB / df: 3 / LogL: -159.977
Partition DOMAIN_EOG52FQZK.nex / Model: Q.INSECT / df: 3 / LogL: 0.000
Partition DOMAIN_PF12114_3.nex / Model: FLU / df: 3 / LogL: -117.339
Partition DOMAIN_CL0412.nex / Model: MTZOA+F+G4 / df: 26 / LogL: -1557.233
Partition DOMAIN_EOG56Q57V.nex_DOMAIN_PF10228_4.nex / Model: LG+G4 / df: 5 / LogL: -2196.381
Partition DOMAIN_CL0018.nex / Model: Q.INSECT+F+G4 / df: 26 / LogL: -1559.313
Partition DOMAIN_EOG5QNKBN.nex_DOMAIN_EOG5XSJ5Q.nex / Model: Q.INSECT+F+G4 / df: 26 / LogL: -1296.646
Partition DOMAIN_PF08079_7.nex / Model: Q.INSECT+F+R2 / df: 26 / LogL: -680.481
Partition DOMAIN_PB010459.nex_DOMAIN_PB015030.nex_DOMAIN_PF00244_15.nex_DOMAIN_PF08513_6.nex / Model: Q.INSECT+F+G4 / df: 26 / LogL: -1957.663
Partition DOMAIN_EOG5J9KGB.nex / Model: WAG+F+G4 / df: 24 / LogL: -828.486
Partition DOMAIN_PF04153_13.nex_DOMAIN_PF05071_11.nex / Model: Q.YEAST+F+G4 / df: 26 / LogL: -1592.537
Partition DOMAIN_EOG5CJT08.nex_DOMAIN_PB017110.nex / Model: PMB+F+G4 / df: 24 / LogL: -704.059
Partition DOMAIN_EOG53BK4M.nex_DOMAIN_PF00778_12.nex / Model: Q.INSECT+G4 / df: 7 / LogL: -936.748
Partition DOMAIN_EOG5N5TBZ.nex / Model: LG+F+G4 / df: 26 / LogL: -253.726
Partition DOMAIN_PF10046_4.nex / Model: RTREV+F+G4 / df: 26 / LogL: -878.559
Partition DOMAIN_EOG5VQ852.nex_DOMAIN_PB006404.nex / Model: Q.INSECT+G4 / df: 7 / LogL: -1436.644
Partition DOMAIN_EOG5RBP0V.nex / Model: Q.INSECT+F+I+G4 / df: 26 / LogL: -927.036
Partition DOMAIN_EOG53TXB9.nex_DOMAIN_EOG59ZW49.nex_DOMAIN_PF01392_17.nex_DOMAIN_PF04561_9.nex_DOMAIN_PF12901_2.nex_DOMAIN_PF14645_1.nex / Model: LG+F+G4 / df: 26 / LogL: -3881.362
Partition DOMAIN_EOG5GHX3Z.nex / Model: RTREV+F+I+G4 / df: 26 / LogL: -1380.242
Partition DOMAIN_EOG5W9GKR.nex_DOMAIN_PB005492.nex / Model: Q.INSECT+F+G4 / df: 26 / LogL: -787.559
Partition DOMAIN_EOG55DV6B.nex_DOMAIN_EOG5612JW.nex / Model: Q.INSECT+F+G4 / df: 26 / LogL: -817.889
Partition DOMAIN_EOG5CC2GJ.nex_DOMAIN_EOG5MSBCZ.nex_DOMAIN_EOG5PG4FW.nex / Model: Q.YEAST+F+G4 / df: 26 / LogL: -2669.940
Partition DOMAIN_EOG5DV425.nex_DOMAIN_PB014570.nex / Model: JTTDCMUT+F+G4 / df: 26 / LogL: -1728.124
Partition DOMAIN_EOG5866V6.nex_DOMAIN_EOG5W9GK5.nex_DOMAIN_PF14728_1.nex / Model: Q.INSECT+G4 / df: 7 / LogL: -1540.062
Partition DOMAIN_EOG52V6XH.nex_DOMAIN_EOG5DBRW9.nex_DOMAIN_PF09724_4.nex / Model: Q.YEAST+F+G4 / df: 26 / LogL: -4575.684
Partition DOMAIN_EOG5S4MX6.nex / Model: Q.INSECT+G4 / df: 7 / LogL: -1664.436
Optimal log-likelihood: -516479.660
Wrote distance file to... 

Do NNI search on 1 best initial trees
Optimizing NNI: done in 0.119239 secs using 1879% CPU
Finish initializing candidate tree set (1)
Current best tree score: -516479.660 / CPU time: 0.150
Number of iterations: 1
--------------------------------------------------------------------
|               OPTIMIZING CANDIDATE TREE SET                      |
--------------------------------------------------------------------
Optimizing NNI: done in 0.116609 secs using 2935% CPU
Optimizing NNI: done in 0.116542 secs using 2941% CPU
Optimizing NNI: done in 0.242481 secs using 2976% CPU
Optimizing NNI: done in 0.239237 secs using 2854% CPU
Optimizing NNI: done in 0.366652 secs using 1427% CPU
Optimizing NNI: done in 0.429824 secs using 940.4% CPU
Optimizing NNI: done in 0.589944 secs using 1283% CPU
Optimizing NNI: done in 88.5075 secs using 8.506% CPU
Optimizing NNI: done in 0.372066 secs using 1878% CPU
Iteration 10 / LogL: -516496.555 / Time: 5727h:25m:27s
Optimizing NNI: done in 0.284447 secs using 1831% CPU
Optimizing NNI: done in 0.259232 secs using 1931% CPU
Optimizing NNI: done in 0.177764 secs using 1863% CPU
Optimizing NNI: done in 0.181014 secs using 1861% CPU
Optimizing NNI: done in 0.386982 secs using 1806% CPU
Optimizing NNI: done in 0.229103 secs using 2295% CPU
Optimizing NNI: done in 0.193531 secs using 2647% CPU
Optimizing NNI: done in 0.127234 secs using 2644% CPU
Optimizing NNI: done in 0.127795 secs using 2636% CPU
Optimizing NNI: done in 0.124994 secs using 2695% CPU
Iteration 20 / LogL: -516661.151 / Time: 5727h:25m:29s
Optimizing NNI: done in 0.159441 secs using 2981% CPU
Optimizing NNI: done in 0.104026 secs using 2967% CPU
Optimizing NNI: done in 0.159776 secs using 2976% CPU
Optimizing NNI: done in 0.103718 secs using 2965% CPU
Optimizing NNI: done in 0.103084 secs using 2999% CPU
Optimizing NNI: done in 0.104389 secs using 2954% CPU
Optimizing NNI: done in 0.257488 secs using 2730% CPU
Optimizing NNI: done in 0.107918 secs using 2962% CPU
Optimizing NNI: done in 0.217362 secs using 2950% CPU
Optimizing NNI: done in 0.159163 secs using 2905% CPU
Iteration 30 / LogL: -516510.993 / Time: 5727h:25m:31s (0h:3m:56s left)
Optimizing NNI: done in 0.216817 secs using 2950% CPU
Optimizing NNI: done in 0.103665 secs using 2978% CPU
Optimizing NNI: done in 0.156764 secs using 2967% CPU
Optimizing NNI: done in 0.158553 secs using 3008% CPU
Optimizing NNI: done in 0.102941 secs using 3023% CPU
Optimizing NNI: done in 0.214299 secs using 3009% CPU
Optimizing NNI: done in 0.214525 secs using 2999% CPU
Optimizing NNI: done in 0.15876 secs using 3000% CPU
Optimizing NNI: done in 0.102997 secs using 3005% CPU
Optimizing NNI: done in 0.103626 secs using 2972% CPU
Iteration 40 / LogL: -516661.151 / Time: 5727h:25m:33s (0h:2m:33s left)
Optimizing NNI: done in 0.103586 secs using 2996% CPU
Optimizing NNI: done in 0.21547 secs using 2979% CPU
Optimizing NNI: done in 0.157107 secs using 2964% CPU
Optimizing NNI: done in 0.159409 secs using 3000% CPU
Optimizing NNI: done in 0.157871 secs using 3010% CPU
Optimizing NNI: done in 0.215261 secs using 2988% CPU
Optimizing NNI: done in 0.103351 secs using 2968% CPU
Optimizing NNI: done in 0.103343 secs using 3002% CPU
Optimizing NNI: done in 0.101964 secs using 3042% CPU
Optimizing NNI: done in 0.103079 secs using 3021% CPU
Iteration 50 / LogL: -516620.759 / Time: 5727h:25m:34s (0h:1m:43s left)
Log-likelihood cutoff on original alignment: -516479.660
UFBoot trees printed to insect5_Q_search.ufboot
Optimizing NNI: done in 0.214211 secs using 2947% CPU
Optimizing NNI: done in 0.213327 secs using 2954% CPU
Optimizing NNI: done in 0.101278 secs using 2944% CPU
Optimizing NNI: done in 0.102967 secs using 3002% CPU
Optimizing NNI: done in 0.213322 secs using 3023% CPU
Optimizing NNI: done in 0.103096 secs using 3009% CPU
Optimizing NNI: done in 0.102937 secs using 3019% CPU
Optimizing NNI: done in 0.15892 secs using 2999% CPU
Optimizing NNI: done in 0.103572 secs using 2977% CPU
Optimizing NNI: done in 0.103656 secs using 2995% CPU
Iteration 60 / LogL: -516661.151 / Time: 5727h:25m:36s (0h:1m:9s left)
Optimizing NNI: done in 0.213438 secs using 2961% CPU
Optimizing NNI: done in 0.158248 secs using 2933% CPU
Optimizing NNI: done in 0.158309 secs using 2922% CPU
Optimizing NNI: done in 0.157349 secs using 2960% CPU
Optimizing NNI: done in 0.101266 secs using 3058% CPU
Optimizing NNI: done in 0.101038 secs using 2943% CPU
Optimizing NNI: done in 0.214395 secs using 2996% CPU
Optimizing NNI: done in 0.214828 secs using 2986% CPU
Optimizing NNI: done in 0.157323 secs using 3029% CPU
Optimizing NNI: done in 0.15773 secs using 2950% CPU
Iteration 70 / LogL: -516510.993 / Time: 5727h:25m:38s (0h:0m:45s left)
Optimizing NNI: done in 0.103235 secs using 3003% CPU
Optimizing NNI: done in 0.157416 secs using 2951% CPU
Optimizing NNI: done in 0.213353 secs using 2963% CPU
Optimizing NNI: done in 0.157674 secs using 3025% CPU
Optimizing NNI: done in 0.102893 secs using 3006% CPU
Optimizing NNI: done in 0.213933 secs using 2996% CPU
Optimizing NNI: done in 0.214997 secs using 2995% CPU
Optimizing NNI: done in 0.157635 secs using 3023% CPU
Optimizing NNI: done in 0.157325 secs using 2955% CPU
Optimizing NNI: done in 0.156698 secs using 2967% CPU
Iteration 80 / LogL: -516510.993 / Time: 5727h:25m:40s (0h:0m:26s left)
Optimizing NNI: done in 0.102719 secs using 3009% CPU
Optimizing NNI: done in 0.10384 secs using 2996% CPU
Optimizing NNI: done in 0.103544 secs using 2989% CPU
Optimizing NNI: done in 0.102554 secs using 2905% CPU
Optimizing NNI: done in 0.103904 secs using 2983% CPU
Optimizing NNI: done in 0.103037 secs using 3004% CPU
Optimizing NNI: done in 0.159812 secs using 2983% CPU
Optimizing NNI: done in 0.10347 secs using 2987% CPU
Optimizing NNI: done in 0.1602 secs using 2974% CPU
Optimizing NNI: done in 0.217137 secs using 2959% CPU
Iteration 90 / LogL: -516496.555 / Time: 5727h:25m:41s (0h:0m:12s left)
Optimizing NNI: done in 0.218797 secs using 2990% CPU
Optimizing NNI: done in 0.104921 secs using 2955% CPU
Optimizing NNI: done in 0.104103 secs using 2958% CPU
Optimizing NNI: done in 0.10337 secs using 2979% CPU
Optimizing NNI: done in 0.217739 secs using 3020% CPU
Optimizing NNI: done in 0.217969 secs using 2945% CPU
Optimizing NNI: done in 0.218126 secs using 2946% CPU
Optimizing NNI: done in 0.103591 secs using 2985% CPU
Optimizing NNI: done in 0.15985 secs using 2975% CPU
Optimizing NNI: done in 0.103289 secs using 3001% CPU
Iteration 100 / LogL: -516620.759 / Time: 5727h:25m:43s (0h:0m:0s left)
Log-likelihood cutoff on original alignment: -516479.660
NOTE: Bootstrap correlation coefficient of split occurrence frequencies: 1.000
UFBoot trees printed to insect5_Q_search.ufboot
Optimizing NNI: done in 0.167683 secs using 2979% CPU
TREE SEARCH COMPLETED AFTER 101 ITERATIONS / Time: 5727h:25m:43s

--------------------------------------------------------------------
|                    FINALIZING TREE SEARCH                        |
--------------------------------------------------------------------
Performs final model parameters optimization
Estimate model parameters (epsilon = 0.010)
Partition DOMAIN_EOG50GB6F.nex_DOMAIN_EOG54F4SN.nex_DOMAIN_EOG580GC5.nex_DOMAIN_PF04727_8.nex / Model: Q.INSECT+F+R2 / df: 26 / LogL: -5153.687
Partition DOMAIN_CL0052.nex_DOMAIN_CL0175.nex / Model: LG+F+I+R2 / df: 26 / LogL: -5850.483
Partition DOMAIN_CL0043.nex_DOMAIN_EOG58CZB3.nex_DOMAIN_EOG5KH1B9.nex_DOMAIN_EOG5X3FGB.nex_DOMAIN_PB009319.nex_DOMAIN_PB011290.nex / Model: Q.YEAST+F+R2 / df: 26 / LogL: -6764.035
Partition DOMAIN_CL0220.nex_DOMAIN_PB013336.nex_DOMAIN_PF10436_4.nex / Model: Q.YEAST+F+I+R2 / df: 26 / LogL: -7956.218
Partition DOMAIN_EOG51JWTF.nex_DOMAIN_EOG5TQJQW.nex_DOMAIN_PB013460.nex / Model: JTTDCMUT+F+R2 / df: 26 / LogL: -8653.770
Partition DOMAIN_EOG5BRV2N.nex_DOMAIN_EOG5WH71W.nex_DOMAIN_PF08941_5.nex_DOMAIN_PF10265_4.nex_DOMAIN_PF14545_1.nex_DOMAIN_PF14551_1.nex / Model: Q.YEAST+F+R2 / df: 26 / LogL: -10483.414
Partition DOMAIN_CL0118.nex_DOMAIN_EOG5GXD3S.nex_DOMAIN_EOG5ZGMV9.nex_DOMAIN_PF10233_4.nex / Model: LG+F+G4 / df: 26 / LogL: -5060.070
Partition DOMAIN_EOG57H45S.nex_DOMAIN_EOG59P8DC.nex_DOMAIN_EOG5QNKBC.nex_DOMAIN_EOG5RBP1S.nex / Model: Q.INSECT+F+I+R2 / df: 26 / LogL: -5512.262
Partition DOMAIN_EOG51C5BG.nex_DOMAIN_EOG52FQZ9.nex_DOMAIN_EOG54XGZH.nex_DOMAIN_PB001110.nex_DOMAIN_PF09454_5.nex_DOMAIN_PF09735_4.nex_DOMAIN_PF10406_4.nex_DOMAIN_PF11414_3.nex / Model: Q.INSECT+F+I+R2 / df: 26 / LogL: -14312.973
Partition DOMAIN_EOG531ZCZ.nex_DOMAIN_EOG5BNZSS.nex_DOMAIN_PF00253_16.nex_DOMAIN_PF00622_23.nex_DOMAIN_PF04950_7.nex / Model: Q.YEAST+F+G4 / df: 26 / LogL: -7146.383
Partition DOMAIN_EOG5Z8WC1.nex_DOMAIN_PB002467.nex_DOMAIN_PB003133.nex_DOMAIN_PF11938_3.nex / Model: LG+F+G4 / df: 26 / LogL: -5701.125
Partition DOMAIN_CL0050.nex_DOMAIN_EOG54MW8B.nex_DOMAIN_EOG570RZR.nex_DOMAIN_EOG5H44KT.nex_DOMAIN_EOG5H9W25.nex_DOMAIN_EOG5KH18X.nex_DOMAIN_PB009171.nex_DOMAIN_PF02301_13.nex / Model: Q.YEAST+F+R3 / df: 26 / LogL: -8999.447
Partition DOMAIN_EOG5KPRSD.nex_DOMAIN_EOG5PK0QJ.nex_DOMAIN_EOG5QJQ33.nex_DOMAIN_EOG5QRFKC.nex / Model: WAG+F+I+G4 / df: 26 / LogL: -6389.216
Partition DOMAIN_CL0246.nex_DOMAIN_EOG5F7M0T.nex_DOMAIN_PF00334_14.nex_DOMAIN_PF10146_4.nex / Model: LG+F+I+R2 / df: 26 / LogL: -15545.649
Partition DOMAIN_CL0022.nex / Model: Q.YEAST+F+I+R2 / df: 26 / LogL: -15482.265
Partition DOMAIN_EOG5612K9.nex_DOMAIN_EOG5M37R2.nex_DOMAIN_EOG5RN8RD.nex_DOMAIN_PF01196_14.nex / Model: Q.YEAST+F+I / df: 26 / LogL: -3981.984
Partition DOMAIN_EOG57H451.nex_DOMAIN_EOG5BVQ8G.nex_DOMAIN_EOG5NS1T8.nex_DOMAIN_EOG5SXKTQ.nex_DOMAIN_EOG5V41QC.nex_DOMAIN_PF00690_21.nex_DOMAIN_PF09725_4.nex_DOMAIN_PF13959_1.nex / Model: Q.YEAST+F+G4 / df: 26 / LogL: -8532.318
Partition DOMAIN_CL0010.nex_DOMAIN_PB018715.nex_DOMAIN_PF06544_7.nex_DOMAIN_PF10349_4.nex / Model: Q.INSECT+F+G4 / df: 26 / LogL: -7660.440
Partition DOMAIN_EOG51NS2P.nex_DOMAIN_EOG56T1G8.nex_DOMAIN_EOG57M0F5.nex_DOMAIN_PB003402.nex / Model: RTREV+F+I+G4 / df: 26 / LogL: -7203.564
Partition DOMAIN_CL0208.nex_DOMAIN_EOG5CNP6Z.nex_DOMAIN_PB015947.nex_DOMAIN_PF00833_13.nex_DOMAIN_PF01655_13.nex_DOMAIN_PF01849_13.nex_DOMAIN_PF01873_12.nex_DOMAIN_PF03371_10.nex_DOMAIN_PF04055_16.nex / Model: LG+F+G4 / df: 26 / LogL: -15368.439
Partition DOMAIN_EOG55DV4M.nex_DOMAIN_EOG55HQC8.nex_DOMAIN_EOG59CNQH.nex_DOMAIN_EOG5HX3G9.nex / Model: Q.YEAST+F+G4 / df: 26 / LogL: -7134.354
Partition DOMAIN_CL0066.nex_DOMAIN_EOG5FXPPM.nex / Model: LG+F+G4 / df: 26 / LogL: -9357.424
Partition DOMAIN_EOG5CFXQ8.nex_DOMAIN_EOG5G4F6M.nex_DOMAIN_EOG5Z613P.nex_DOMAIN_PF06350_7.nex / Model: LG+F+I+G4 / df: 26 / LogL: -4825.524
Partition DOMAIN_EOG53FFDB.nex_DOMAIN_EOG5XD26V.nex_DOMAIN_EOG5ZW3S1.nex / Model: RTREV+F+R3 / df: 26 / LogL: -4283.777
Partition DOMAIN_EOG5GF1X9.nex_DOMAIN_EOG5W9GJS.nex_DOMAIN_EOG5ZGMV1.nex / Model: RTREV+F+G4 / df: 26 / LogL: -4678.193
Partition DOMAIN_EOG502V73.nex_DOMAIN_EOG59ZW4H.nex_DOMAIN_EOG5WH71Z.nex_DOMAIN_EOG5Z08N2.nex_DOMAIN_EOG5Z34WB.nex / Model: LG+I+R2 / df: 7 / LogL: -4159.413
Partition DOMAIN_EOG5S7H52.nex_DOMAIN_EOG5VT4C5.nex_DOMAIN_EOG5XPNZC.nex_DOMAIN_PF03367_8.nex_DOMAIN_PF04699_9.nex_DOMAIN_PF06777_6.nex_DOMAIN_PF09744_4.nex / Model: Q.INSECT+I+G4 / df: 7 / LogL: -9158.882
Partition DOMAIN_EOG5BNZT1.nex_DOMAIN_EOG5DZ09S.nex_DOMAIN_EOG5HT77W.nex_DOMAIN_EOG5PZGPZ.nex_DOMAIN_EOG5Z613N.nex_DOMAIN_PB004656.nex_DOMAIN_PB015130.nex / Model: Q.YEAST+F+G4 / df: 26 / LogL: -7968.828
Partition DOMAIN_EOG508KQM.nex_DOMAIN_EOG551C5S.nex_DOMAIN_EOG5G1JZ9.nex_DOMAIN_EOG5PZGNH.nex_DOMAIN_EOG5XD265.nex_DOMAIN_PF14533_1.nex_DOMAIN_PF14702_1.nex / Model: LG+F+G4 / df: 26 / LogL: -8954.948
Partition DOMAIN_CL0357.nex_DOMAIN_EOG576HGB.nex_DOMAIN_EOG5W0VV5.nex_DOMAIN_PB001367.nex_DOMAIN_PB019714.nex_DOMAIN_PF10189_4.nex / Model: Q.INSECT+F+I+G4 / df: 26 / LogL: -5559.370
Partition DOMAIN_EOG579CQ2.nex_DOMAIN_EOG57SQWM.nex_DOMAIN_EOG5T1G2P.nex_DOMAIN_PF07780_7.nex_DOMAIN_PF08159_7.nex / Model: Q.YEAST+F+I+R2 / df: 26 / LogL: -3248.622
Partition DOMAIN_EOG51C5BV.nex_DOMAIN_EOG5RR4ZS.nex_DOMAIN_PB007801.nex_DOMAIN_PF02099_12.nex_DOMAIN_PF08737_5.nex / Model: Q.YEAST+F+I+G4 / df: 26 / LogL: -6970.123
Partition DOMAIN_EOG500005.nex_DOMAIN_EOG50000R.nex_DOMAIN_EOG50K6FM.nex_DOMAIN_EOG515DWK.nex_DOMAIN_EOG53R22M.nex_DOMAIN_EOG5CNP74.nex_DOMAIN_EOG5DBRW1.nex_DOMAIN_PB006063.nex_DOMAIN_PB016317.nex_DOMAIN_PF01608_12.nex_DOMAIN_PF06468_8.nex_DOMAIN_PF08612_6.nex / Model: Q.YEAST+F+G4 / df: 26 / LogL: -9720.645
Partition DOMAIN_EOG53TX9C.nex_DOMAIN_EOG5HQC0M.nex_DOMAIN_EOG5VX0M2.nex / Model: Q.INSECT+F+G4 / df: 26 / LogL: -9402.006
Partition DOMAIN_EOG5HQC0C.nex_DOMAIN_EOG5KD526.nex_DOMAIN_PB003683.nex / Model: LG+F+I+G4 / df: 26 / LogL: -4463.205
Partition DOMAIN_EOG5J6Q6W.nex_DOMAIN_EOG5M0CH2.nex_DOMAIN_EOG5NK9BD.nex_DOMAIN_PF14778_1.nex / Model: Q.YEAST+G4 / df: 7 / LogL: -3443.078
Partition DOMAIN_EOG52V6XH.nex_DOMAIN_EOG5DBRW9.nex_DOMAIN_PF09724_4.nex / Model: Q.YEAST+F+G4 / df: 26 / LogL: -4575.684
Partition DOMAIN_EOG53TXB9.nex_DOMAIN_EOG59ZW49.nex_DOMAIN_PF01392_17.nex_DOMAIN_PF04561_9.nex_DOMAIN_PF12901_2.nex_DOMAIN_PF14645_1.nex / Model: LG+F+G4 / df: 26 / LogL: -3881.362
Partition DOMAIN_EOG55DV50.nex_DOMAIN_EOG5DFN3G.nex_DOMAIN_PB019459.nex / Model: LG+G4 / df: 7 / LogL: -3836.388
Partition DOMAIN_EOG58PK18.nex_DOMAIN_PF10187_4.nex_DOMAIN_PF14943_1.nex / Model: Q.YEAST+F+I+R2 / df: 26 / LogL: -3133.831
Partition DOMAIN_PB001890.nex_DOMAIN_PB008193.nex_DOMAIN_PB011334.nex_DOMAIN_PB017096.nex / Model: LG+I / df: 5 / LogL: -3270.657
Partition DOMAIN_CL0130.nex_DOMAIN_EOG583BM8.nex / Model: JTTDCMUT+F+R2 / df: 26 / LogL: -3475.140
Partition DOMAIN_PF00995_18.nex / Model: LG+F+R2 / df: 26 / LogL: -2972.311
Partition DOMAIN_CL0207.nex_DOMAIN_PF05603_7.nex / Model: LG+F+G4 / df: 26 / LogL: -4259.258
Partition DOMAIN_EOG58KPT5.nex_DOMAIN_EOG5FQZ6W.nex_DOMAIN_PB002302.nex_DOMAIN_PB011139.nex_DOMAIN_PF06469_6.nex_DOMAIN_PF13838_1.nex / Model: Q.INSECT+G4 / df: 7 / LogL: -3480.831
Partition DOMAIN_EOG58GTJ4.nex_DOMAIN_EOG5JSXMR.nex_DOMAIN_PF02585_12.nex / Model: WAG+F+I+G4 / df: 26 / LogL: -3738.248
Partition DOMAIN_CL0061.nex_DOMAIN_EOG5DR7TM.nex_DOMAIN_EOG5Z8WBS.nex_DOMAIN_PF00081_17.nex / Model: LG+I+G4 / df: 7 / LogL: -10144.450
Partition DOMAIN_EOG5H9W2M.nex_DOMAIN_EOG5HHMH7.nex_DOMAIN_PF07542_6.nex / Model: WAG+F+G4 / df: 26 / LogL: -3763.351
Partition DOMAIN_CL0179.nex_DOMAIN_PF10513_4.nex / Model: LG+I+G4 / df: 7 / LogL: -4297.994
Partition DOMAIN_EOG57SQVX.nex_DOMAIN_EOG5MCVF6.nex / Model: Q.INSECT+F+G4 / df: 26 / LogL: -3304.399
Partition DOMAIN_EOG5CC2GJ.nex_DOMAIN_EOG5MSBCZ.nex_DOMAIN_EOG5PG4FW.nex / Model: Q.YEAST+F+G4 / df: 26 / LogL: -2669.940
Partition DOMAIN_EOG5BZKJ9.nex_DOMAIN_EOG5C8693.nex / Model: BLOSUM62+F+G4 / df: 26 / LogL: -2956.377
Partition DOMAIN_EOG576HFT.nex_DOMAIN_EOG58PK1K.nex_DOMAIN_EOG5HHMHT.nex_DOMAIN_PB019623.nex / Model: WAG+F+G4 / df: 26 / LogL: -2682.865
Partition DOMAIN_CL0151.nex_DOMAIN_PB018691.nex_DOMAIN_PF00696_23.nex / Model: LG+F+G4 / df: 26 / LogL: -4487.973
Partition DOMAIN_CL0260.nex_DOMAIN_CL0329.nex_DOMAIN_PF02582_9.nex / Model: LG+F+G4 / df: 26 / LogL: -13846.360
Partition DOMAIN_EOG576HGC.nex_DOMAIN_EOG5TB2SN.nex_DOMAIN_PB015882.nex / Model: Q.PFAM+I / df: 7 / LogL: -1721.310
Partition DOMAIN_PB010178.nex_DOMAIN_PF07933_9.nex_DOMAIN_PF10540_4.nex / Model: Q.INSECT+I / df: 7 / LogL: -2438.736
Partition DOMAIN_EOG58KPS9.nex_DOMAIN_EOG5DV42P.nex / Model: DCMUT+F+I+R2 / df: 26 / LogL: -2162.586
Partition DOMAIN_EOG57H457.nex_DOMAIN_EOG5H9W1J.nex_DOMAIN_PF00289_17.nex_DOMAIN_PF05670_8.nex / Model: LG+F+G4 / df: 26 / LogL: -4597.402
Partition DOMAIN_EOG5H44KQ.nex_DOMAIN_EOG5NS1T4.nex_DOMAIN_PF01652_13.nex_DOMAIN_PF06212_7.nex / Model: LG+G4 / df: 7 / LogL: -5270.326
Partition DOMAIN_EOG5DV42G.nex_DOMAIN_PB008240.nex / Model: RTREV+F+R2 / df: 26 / LogL: -2429.663
Partition DOMAIN_EOG57WM3S.nex / Model: Q.INSECT+F+G4 / df: 26 / LogL: -2736.559
Partition DOMAIN_CL0147.nex / Model: Q.INSECT+F+I / df: 26 / LogL: -1966.823
Partition DOMAIN_CL0190.nex_DOMAIN_EOG5GF1WP.nex_DOMAIN_PB018852.nex_DOMAIN_PF08338_6.nex / Model: Q.YEAST+G4 / df: 7 / LogL: -3562.836
Partition DOMAIN_EOG58KPSP.nex_DOMAIN_EOG5FXPQ3.nex_DOMAIN_PF01172_13.nex_DOMAIN_PF01805_15.nex / Model: Q.INSECT+G4 / df: 7 / LogL: -2838.399
Partition DOMAIN_EOG51JWTT.nex_DOMAIN_EOG5NZS90.nex / Model: Q.YEAST+F+I+G4 / df: 26 / LogL: -2401.619
Partition DOMAIN_EOG52BVRH.nex_DOMAIN_EOG59W0WR.nex_DOMAIN_PF02142_17.nex / Model: LG+I+R2 / df: 7 / LogL: -1723.764
Partition DOMAIN_EOG5FFBGP.nex_DOMAIN_EOG5H189W.nex_DOMAIN_EOG5J3TZP.nex_DOMAIN_PF02777_13.nex / Model: LG+G4 / df: 7 / LogL: -2205.039
Partition DOMAIN_PB016447.nex_DOMAIN_PF01275_14.nex / Model: MTZOA+F+R3 / df: 26 / LogL: -2440.569
Partition DOMAIN_EOG56Q57V.nex_DOMAIN_PF10228_4.nex / Model: LG+G4 / df: 5 / LogL: -2196.381
Partition DOMAIN_EOG5NZS85.nex_DOMAIN_EOG5PG4G6.nex / Model: Q.INSECT+F+G4 / df: 26 / LogL: -2434.528
Partition DOMAIN_EOG515DV8.nex_DOMAIN_EOG5QZ62Q.nex / Model: FLU+F+R2 / df: 26 / LogL: -2750.422
Partition DOMAIN_PF00248_16.nex / Model: Q.INSECT+G4 / df: 7 / LogL: -2213.849
Partition DOMAIN_EOG59P8DX.nex_DOMAIN_EOG5TDZ17.nex / Model: Q.INSECT+F+I+G4 / df: 26 / LogL: -2753.458
Partition DOMAIN_EOG58CZ9C.nex_DOMAIN_EOG5HT785.nex_DOMAIN_EOG5RJDGB.nex / Model: LG+G4 / df: 7 / LogL: -2991.867
Partition DOMAIN_EOG5G79F7.nex_DOMAIN_EOG5TDZ22.nex_DOMAIN_PB003395.nex_DOMAIN_PB013539.nex / Model: Q.YEAST+G4 / df: 7 / LogL: -2527.562
Partition DOMAIN_EOG55DV4S.nex / Model: RTREV+F / df: 22 / LogL: -1926.578
Partition DOMAIN_EOG5F7M1P.nex_DOMAIN_EOG5MGQP9.nex_DOMAIN_PB013561.nex_DOMAIN_PF15306_1.nex / Model: Q.YEAST+G4 / df: 7 / LogL: -2141.442
Partition DOMAIN_EOG5K3JD6.nex_DOMAIN_EOG5KSN1C.nex_DOMAIN_PB003609.nex_DOMAIN_PF00086_13.nex / Model: LG+G4 / df: 7 / LogL: -2650.158
Partition DOMAIN_EOG5T4B9Q.nex_DOMAIN_PB009442.nex / Model: LG+G4 / df: 7 / LogL: -2009.732
Partition DOMAIN_EOG573N6J.nex_DOMAIN_EOG5QBZNX.nex_DOMAIN_EOG5STQMD.nex_DOMAIN_PB016592.nex / Model: RTREV+F+G4 / df: 26 / LogL: -2051.609
Partition DOMAIN_EOG5H18B5.nex_DOMAIN_PB007605.nex / Model: Q.INSECT+F+I / df: 26 / LogL: -1629.588
Partition DOMAIN_CL0431.nex_DOMAIN_EOG534TPB.nex_DOMAIN_EOG573N7M.nex_DOMAIN_PF09360_5.nex / Model: Q.INSECT+I / df: 7 / LogL: -1366.536
Partition DOMAIN_EOG5PG4HC.nex_DOMAIN_EOG5RV17Z.nex_DOMAIN_PF08243_6.nex / Model: Q.YEAST+F+G4 / df: 26 / LogL: -1921.367
Partition DOMAIN_PB000968.nex_DOMAIN_PB008836.nex / Model: LG+G4 / df: 7 / LogL: -2325.406
Partition DOMAIN_CL0157.nex_DOMAIN_PB000774.nex_DOMAIN_PF14727_1.nex / Model: VT+G4 / df: 7 / LogL: -2012.722
Partition DOMAIN_EOG5S4MX6.nex / Model: Q.INSECT+G4 / df: 7 / LogL: -1664.436
Partition DOMAIN_PB005610.nex_DOMAIN_PF01576_14.nex / Model: Q.INSECT+I / df: 3 / LogL: -984.912
Partition DOMAIN_EOG5B8GW5.nex_DOMAIN_PF01778_12.nex / Model: Q.PFAM+F+G4 / df: 26 / LogL: -1894.383
Partition DOMAIN_EOG5Z8WBT.nex / Model: Q.BIRD+F / df: 22 / LogL: -782.197
Partition DOMAIN_PB013706.nex / Model: MTINV+F / df: 24 / LogL: -627.411
Partition DOMAIN_EOG5CVDNW.nex_DOMAIN_PF12783_2.nex / Model: Q.INSECT / df: 5 / LogL: -479.877
Partition DOMAIN_EOG5VQ852.nex_DOMAIN_PB006404.nex / Model: Q.INSECT+G4 / df: 7 / LogL: -1436.644
Partition DOMAIN_PB012098.nex_DOMAIN_PF07657_8.nex / Model: WAG+F / df: 22 / LogL: -709.239
Partition DOMAIN_PB003590.nex_DOMAIN_PF00110_14.nex / Model: DCMUT+F+I / df: 22 / LogL: -1324.244
Partition DOMAIN_PF03493_13.nex / Model: PMB / df: 3 / LogL: -258.012
Partition DOMAIN_CL0506.nex_DOMAIN_EOG5C2FRP.nex / Model: BLOSUM62 / df: 3 / LogL: -333.742
Partition DOMAIN_PB002126.nex / Model: PMB / df: 3 / LogL: -159.977
Partition DOMAIN_EOG5QNKBN.nex_DOMAIN_EOG5XSJ5Q.nex / Model: Q.INSECT+F+G4 / df: 26 / LogL: -1296.646
Partition DOMAIN_PB002146.nex_DOMAIN_PB002814.nex_DOMAIN_PB003452.nex_DOMAIN_PF06292_12.nex / Model: LG / df: 7 / LogL: -1339.460
Partition DOMAIN_PB001867.nex / Model: Q.PLANT+F / df: 22 / LogL: -649.154
Partition DOMAIN_EOG534TMX.nex / Model: Q.INSECT+F+G4 / df: 24 / LogL: -2224.826
Partition DOMAIN_EOG51VHJV.nex_DOMAIN_EOG5RJDGG.nex_DOMAIN_EOG5RR4ZF.nex_DOMAIN_PF01530_13.nex / Model: FLU+F+G4 / df: 22 / LogL: -1404.098
Partition DOMAIN_EOG52FQZK.nex / Model: Q.INSECT / df: 3 / LogL: 0.000
Partition DOMAIN_PB002252.nex / Model: Q.INSECT / df: 3 / LogL: -195.007
Partition DOMAIN_PF12114_3.nex / Model: FLU / df: 3 / LogL: -117.339
Partition DOMAIN_PF08079_7.nex / Model: Q.INSECT+F+R2 / df: 26 / LogL: -680.480
Partition DOMAIN_CL0412.nex / Model: MTZOA+F+G4 / df: 26 / LogL: -1557.233
Partition DOMAIN_EOG5J9KGB.nex / Model: WAG+F+G4 / df: 24 / LogL: -828.486
Partition DOMAIN_CL0018.nex / Model: Q.INSECT+F+G4 / df: 26 / LogL: -1559.313
Partition DOMAIN_CL0267.nex_DOMAIN_EOG56DJJW.nex_DOMAIN_EOG5P5HRS.nex_DOMAIN_PB011408.nex_DOMAIN_PF01084_15.nex_DOMAIN_PF02887_11.nex / Model: LG+F+G4 / df: 26 / LogL: -4271.803
Partition DOMAIN_PB009845.nex_DOMAIN_PB009879.nex_DOMAIN_PF00572_13.nex_DOMAIN_PF01247_13.nex / Model: LG+F+G4 / df: 24 / LogL: -1905.726
Partition DOMAIN_PF01283_14.nex_DOMAIN_PF01485_16.nex / Model: DAYHOFF+F+G4 / df: 26 / LogL: -1725.622
Partition DOMAIN_EOG5CJT08.nex_DOMAIN_PB017110.nex / Model: PMB+F+G4 / df: 24 / LogL: -704.059
Partition DOMAIN_PF04153_13.nex_DOMAIN_PF05071_11.nex / Model: Q.YEAST+F+G4 / df: 26 / LogL: -1592.537
Partition DOMAIN_EOG5RBP0V.nex / Model: Q.INSECT+F+I+G4 / df: 26 / LogL: -927.036
Partition DOMAIN_EOG5N5TBZ.nex / Model: LG+F+G4 / df: 26 / LogL: -253.726
Partition DOMAIN_EOG53BK4M.nex_DOMAIN_PF00778_12.nex / Model: Q.INSECT+G4 / df: 7 / LogL: -936.748
Partition DOMAIN_EOG55DV6B.nex_DOMAIN_EOG5612JW.nex / Model: Q.INSECT+F+G4 / df: 26 / LogL: -817.888
Partition DOMAIN_PF10046_4.nex / Model: RTREV+F+G4 / df: 26 / LogL: -878.559
Partition DOMAIN_EOG5W9GKR.nex_DOMAIN_PB005492.nex / Model: Q.INSECT+F+G4 / df: 26 / LogL: -787.559
Partition DOMAIN_EOG5866V6.nex_DOMAIN_EOG5W9GK5.nex_DOMAIN_PF14728_1.nex / Model: Q.INSECT+G4 / df: 7 / LogL: -1540.062
Partition DOMAIN_PB010459.nex_DOMAIN_PB015030.nex_DOMAIN_PF00244_15.nex_DOMAIN_PF08513_6.nex / Model: Q.INSECT+F+G4 / df: 26 / LogL: -1957.663
Partition DOMAIN_EOG5GHX3Z.nex / Model: RTREV+F+I+G4 / df: 26 / LogL: -1380.242
Partition DOMAIN_CL0039.nex_DOMAIN_CL0459.nex_DOMAIN_EOG5QV9VG.nex_DOMAIN_PF09174_5.nex / Model: LG+F+I+R2 / df: 26 / LogL: -27738.186
Partition DOMAIN_EOG5547F7.nex_DOMAIN_EOG5VT4CH.nex / Model: VT+F / df: 26 / LogL: -1532.087
Partition DOMAIN_EOG5DV425.nex_DOMAIN_PB014570.nex / Model: JTTDCMUT+F+G4 / df: 26 / LogL: -1728.114
Partition DOMAIN_EOG53R22W.nex_DOMAIN_PF02383_13.nex_DOMAIN_PF03351_12.nex / Model: LG+F+G4 / df: 26 / LogL: -7032.443
Optimal log-likelihood: -516479.556
Partition information was printed to insect5_Q_search.best_model.nex
BEST SCORE FOUND : -516479.556
Creating bootstrap support values...
Split supports printed to NEXUS file insect5_Q_search.splits.nex
Total tree length: 3.268

Total number of iterations: 101
CPU time used for tree search: 487.809 sec (0h:8m:7s)
Wall-clock time used for tree search: 107.540 sec (0h:1m:47s)
Total CPU time used: 498.447 sec (0h:8m:18s)
Total wall-clock time used: 20618743.592 sec (5727h:25m:43s)
UFBoot trees printed to insect5_Q_search.ufboot

Computing bootstrap consensus tree...
Reading input file insect5_Q_search.splits.nex...
5 taxa and 7 splits.
Consensus tree written to insect5_Q_search.contree
Reading input trees file insect5_Q_search.contree
Log-likelihood of consensus tree: -516479.538
Identifying sites to remove: done in 0.00402275 secs using 409.6% CPU
Identifying sites to remove: done in 0.00546432 secs
Identifying sites to remove: done in 0.00561359 secs using 291.4% CPU
Identifying sites to remove: done in 0.00887392 secs
Identifying sites to remove: done in 0.000701208 secs
Identifying sites to remove: done in 0.00149612 secs using 627.5% CPU
Identifying sites to remove: done in 0.0014092 secs using 1579% CPU
Identifying sites to remove: done in 0.000745133 secs using 96.76% CPU
Identifying sites to remove: done in 0.000713389 secs using 33.5% CPU
Identifying sites to remove: done in 0.000689775 secs using 2142% CPU
Identifying sites to remove: done in 0.000771608 secs using 2433% CPU
Identifying sites to remove: done in 0.000805337 secs using 1696% CPU
Identifying sites to remove: done in 0.00131159 secs using 1737% CPU
Identifying sites to remove: done in 0.00131064 secs using 1466% CPU
Identifying sites to remove: done in 0.00121241 secs using 1507% CPU
Identifying sites to remove: done in 0.000559937 secs using 257% CPU
Identifying sites to remove: done in 0.000551492 secs using 191.3% CPU
Identifying sites to remove: done in 0.000492338 secs using 1577% CPU
Identifying sites to remove: done in 0.000465807 secs using 2635% CPU
Identifying sites to remove: done in 0.000443444 secs using 96.97% CPU
Identifying sites to remove: done in 0.000543393 secs using 2451% CPU
Identifying sites to remove: done in 0.000152528 secs
Identifying sites to remove: done in 0.000229064 secs
Identifying sites to remove: done in 0.000204891 secs
Identifying sites to remove: done in 0.000249837 secs
Identifying sites to remove: done in 0.000159293 secs
Identifying sites to remove: done in 0.000196435 secs
Identifying sites to remove: done in 0.000163767 secs
Identifying sites to remove: done in 0.000166908 secs
Identifying sites to remove: done in 0.000111662 secs
Identifying sites to remove: done in 0.000138827 secs
Identifying sites to remove: done in 0.000179682 secs
Identifying sites to remove: done in 0.000162944 secs
Identifying sites to remove: done in 0.000208393 secs
Identifying sites to remove: done in 0.000161797 secs
Identifying sites to remove: done in 0.000108715 secs
Identifying sites to remove: done in 0.000176366 secs
Identifying sites to remove: done in 0.000133608 secs
Identifying sites to remove: done in 0.00015777 secs
Identifying sites to remove: done in 0.000140138 secs
Identifying sites to remove: done in 0.000121798 secs
Identifying sites to remove: done in 0.000134435 secs
Identifying sites to remove: done in 0.000966657 secs using 516.3% CPU
Identifying sites to remove: done in 0.000996418 secs using 489.4% CPU
Identifying sites to remove: done in 0.0011113 secs using 484.7% CPU
Identifying sites to remove: done in 0.00151304 secs using 385.1% CPU
Identifying sites to remove: done in 0.00111158 secs using 446.9% CPU
Identifying sites to remove: done in 0.00103377 secs using 2825% CPU
Identifying sites to remove: done in 0.000967257 secs using 103.5% CPU
Identifying sites to remove: done in 0.00121302 secs using 1547% CPU
Identifying sites to remove: done in 0.000755332 secs using 6884% CPU
Identifying sites to remove: done in 0.001003 secs using 454.9% CPU
Identifying sites to remove: done in 0.000867985 secs using 747.8% CPU
Identifying sites to remove: done in 0.000837523 secs using 1027% CPU
Identifying sites to remove: done in 0.00087167 secs using 1288% CPU
Identifying sites to remove: done in 0.00127758 secs using 1165% CPU
Identifying sites to remove: done in 0.000775747 secs using 1722% CPU
Identifying sites to remove: done in 0.0015257 secs using 1229% CPU
Identifying sites to remove: done in 0.000985097 secs using 2827% CPU
Identifying sites to remove: done in 0.00122952 secs using 469.5% CPU
Identifying sites to remove: done in 0.000906263 secs using 1573% CPU
Identifying sites to remove: done in 0.00126419 secs using 4068% CPU
Identifying sites to remove: done in 0.00121858 secs using 4161% CPU
Identifying sites to remove: done in 0.00145073 secs using 507.7% CPU
Identifying sites to remove: done in 0.00152582 secs using 504.1% CPU
Identifying sites to remove: done in 0.00170151 secs using 469.8% CPU
Identifying sites to remove: done in 0.00199637 secs using 420.2% CPU
Identifying sites to remove: done in 0.00176305 secs using 975.5% CPU
Identifying sites to remove: done in 0.00153772 secs using 1053% CPU
Identifying sites to remove: done in 0.002023 secs using 199.8% CPU
Identifying sites to remove: done in 0.00177015 secs using 5095% CPU
Identifying sites to remove: done in 0.00176897 secs using 2091% CPU
Identifying sites to remove: done in 0.00155965 secs using 372.3% CPU
Identifying sites to remove: done in 0.00130947 secs using 919.2% CPU
Identifying sites to remove: done in 0.00140113 secs using 763.9% CPU
Identifying sites to remove: done in 0.00155235 secs using 1616% CPU
Identifying sites to remove: done in 0.00144497 secs using 1420% CPU
Identifying sites to remove: done in 0.00161216 secs using 210.2% CPU
Identifying sites to remove: done in 0.00192053 secs using 585.4% CPU
Identifying sites to remove: done in 0.00124418 secs using 2418% CPU
Identifying sites to remove: done in 0.00135846 secs using 1502% CPU
Identifying sites to remove: done in 0.0011512 secs using 307.7% CPU
Identifying sites to remove: done in 0.00141398 secs using 562.6% CPU
Identifying sites to remove: done in 0.00115762 secs using 2114% CPU
Identifying sites to remove: done in 0.0004167 secs using 384.4% CPU
Identifying sites to remove: done in 0.00046074 secs using 384.6% CPU
Identifying sites to remove: done in 0.000486687 secs using 371.7% CPU
Identifying sites to remove: done in 0.000525445 secs using 364.6% CPU
Identifying sites to remove: done in 0.000451028 secs using 3037% CPU
Identifying sites to remove: done in 0.000511386 secs using 150.8% CPU
Identifying sites to remove: done in 0.00128214 secs using 1503% CPU
Identifying sites to remove: done in 0.000474066 secs using 1187% CPU
Identifying sites to remove: done in 0.00047753 secs using 1022% CPU
Identifying sites to remove: done in 0.000624537 secs using 1111% CPU
Identifying sites to remove: done in 0.000523064 secs using 729.2% CPU
Identifying sites to remove: done in 0.000465136 secs using 530% CPU
Identifying sites to remove: done in 0.00048672 secs using 605.9% CPU
Identifying sites to remove: done in 0.000483681 secs using 547.3% CPU
Identifying sites to remove: done in 0.000524037 secs using 240.4% CPU
Identifying sites to remove: done in 0.000481453 secs using 97% CPU
Identifying sites to remove: done in 0.000521876 secs using 352.2% CPU
Identifying sites to remove: done in 0.000440113 secs using 136.3% CPU
Identifying sites to remove: done in 0.000414025 secs using 1312% CPU
Identifying sites to remove: done in 0.000481874 secs using 758.5% CPU
Identifying sites to remove: done in 0.000571437 secs using 729.6% CPU
Identifying sites to remove: done in 0.000454288 secs using 386.1% CPU
Identifying sites to remove: done in 0.000543095 secs using 357.9% CPU
Identifying sites to remove: done in 0.000580292 secs using 362.6% CPU
Identifying sites to remove: done in 0.000726555 secs using 312.7% CPU
Identifying sites to remove: done in 0.000502158 secs using 830.2% CPU
Identifying sites to remove: done in 0.000796851 secs using 8589% CPU
Identifying sites to remove: done in 0.000574972 secs using 1.164e+04% CPU
Identifying sites to remove: done in 0.000666518 secs using 410.2% CPU
Identifying sites to remove: done in 0.000464201 secs using 430% CPU
Identifying sites to remove: done in 0.000611488 secs using 414.2% CPU
Identifying sites to remove: done in 0.000476643 secs using 909.7% CPU
Identifying sites to remove: done in 0.000416193 secs using 1247% CPU
Identifying sites to remove: done in 0.000512715 secs using 741.9% CPU
Identifying sites to remove: done in 0.000563163 secs using 599.8% CPU
Identifying sites to remove: done in 0.000618082 secs using 255.1% CPU
Identifying sites to remove: done in 0.000482053 secs using 205.8% CPU
Identifying sites to remove: done in 0.000504933 secs using 136.8% CPU
Identifying sites to remove: done in 0.00041179 secs using 99.32% CPU
Identifying sites to remove: done in 0.000412662 secs using 1000% CPU
Identifying sites to remove: done in 0.000506964 secs using 532.2% CPU
Identifying sites to remove: done in 0.00041711 secs using 99.25% CPU
Identifying sites to remove: done in 0.000342943 secs using 405.9% CPU
Identifying sites to remove: done in 0.000366736 secs using 390.7% CPU
Identifying sites to remove: done in 0.000381019 secs using 411.3% CPU
Identifying sites to remove: done in 0.000455502 secs using 359.6% CPU
Identifying sites to remove: done in 0.000383422 secs using 265.2% CPU
Identifying sites to remove: done in 0.000351314 secs using 365.5% CPU
Identifying sites to remove: done in 0.000341337 secs using 549.9% CPU
Identifying sites to remove: done in 0.000357978 secs using 2666% CPU
Identifying sites to remove: done in 0.000355337 secs using 2300% CPU
Identifying sites to remove: done in 0.000355586 secs using 2221% CPU
Identifying sites to remove: done in 0.000376511 secs using 1441% CPU
Identifying sites to remove: done in 0.000360563 secs using 470.1% CPU
Identifying sites to remove: done in 0.00046733 secs using 789.2% CPU
Identifying sites to remove: done in 0.00036205 secs using 433.1% CPU
Identifying sites to remove: done in 0.000357211 secs using 199.9% CPU
Identifying sites to remove: done in 0.00033078 secs using 97.04% CPU
Identifying sites to remove: done in 0.00030354 secs using 292.2% CPU
Identifying sites to remove: done in 0.000334568 secs using 563.7% CPU
Identifying sites to remove: done in 0.000335708 secs using 560.6% CPU
Identifying sites to remove: done in 0.000328049 secs using 632.5% CPU
Identifying sites to remove: done in 0.000323664 secs using 179.5% CPU
Identifying sites to remove: done in 0.000469081 secs using 371.8% CPU
Identifying sites to remove: done in 0.000538796 secs using 376% CPU
Identifying sites to remove: done in 0.000544436 secs using 385.7% CPU
Identifying sites to remove: done in 0.000654876 secs using 338.2% CPU
Identifying sites to remove: done in 0.000604168 secs using 218.3% CPU
Identifying sites to remove: done in 0.000431638 secs using 366% CPU
Identifying sites to remove: done in 0.00126856 secs using 6252% CPU
Identifying sites to remove: done in 0.000592954 secs using 658.6% CPU
Identifying sites to remove: done in 0.000539567 secs using 696.5% CPU
Identifying sites to remove: done in 0.000658311 secs using 637.7% CPU
Identifying sites to remove: done in 0.00061724 secs using 615.3% CPU
Identifying sites to remove: done in 0.000609007 secs using 475.9% CPU
Identifying sites to remove: done in 0.0007082 secs using 506.1% CPU
Identifying sites to remove: done in 0.000458494 secs using 192.6% CPU
Identifying sites to remove: done in 0.000651926 secs using 371.8% CPU
Identifying sites to remove: done in 0.00057143 secs using 97.65% CPU
Identifying sites to remove: done in 0.000465263 secs using 1.962e+04% CPU
Identifying sites to remove: done in 0.000549182 secs using 1.638e+04% CPU
Identifying sites to remove: done in 0.000597019 secs using 228.6% CPU
Identifying sites to remove: done in 0.000636898 secs using 274.8% CPU
Identifying sites to remove: done in 0.000618722 secs using 272.7% CPU
Identifying sites to remove: done in 0.000545386 secs using 377.7% CPU
Identifying sites to remove: done in 0.000580251 secs using 388.3% CPU
Identifying sites to remove: done in 0.000599429 secs using 380% CPU
Identifying sites to remove: done in 0.000652783 secs using 381% CPU
Identifying sites to remove: done in 0.000638358 secs using 5335% CPU
Identifying sites to remove: done in 0.000565451 secs using 285.3% CPU
Identifying sites to remove: done in 0.000500478 secs using 154.7% CPU
Identifying sites to remove: done in 0.000531603 secs using 1296% CPU
Identifying sites to remove: done in 0.00063023 secs using 1474% CPU
Identifying sites to remove: done in 0.000636924 secs using 1247% CPU
Identifying sites to remove: done in 0.000631116 secs using 1008% CPU
Identifying sites to remove: done in 0.000622053 secs using 736.4% CPU
Identifying sites to remove: done in 0.000598576 secs using 539.9% CPU
Identifying sites to remove: done in 0.000446416 secs using 143.6% CPU
Identifying sites to remove: done in 0.000611205 secs using 99.48% CPU
Identifying sites to remove: done in 0.000474699 secs using 198.9% CPU
Identifying sites to remove: done in 0.000588283 secs using 408.8% CPU
Identifying sites to remove: done in 0.000517208 secs using 653.1% CPU
Identifying sites to remove: done in 0.000558715 secs using 398.4% CPU
Identifying sites to remove: done in 0.000555906 secs using 529.6% CPU
Identifying sites to remove: done in 0.000596639 secs using 173.6% CPU
Identifying sites to remove: done in 0.000378311 secs using 1470% CPU
Identifying sites to remove: done in 0.000396546 secs using 1412% CPU
Identifying sites to remove: done in 0.000394281 secs using 1419% CPU
Identifying sites to remove: done in 0.000389282 secs using 1425% CPU
Identifying sites to remove: done in 0.000381917 secs using 277% CPU
Identifying sites to remove: done in 0.000335917 secs using 409.3% CPU
Identifying sites to remove: done in 0.000317417 secs using 145.5% CPU
Identifying sites to remove: done in 0.000336725 secs using 2607% CPU
Identifying sites to remove: done in 0.000329189 secs using 2065% CPU
Identifying sites to remove: done in 0.000396464 secs using 2224% CPU
Identifying sites to remove: done in 0.000377342 secs using 1429% CPU
Identifying sites to remove: done in 0.000383154 secs using 951.8% CPU
Identifying sites to remove: done in 0.000379175 secs using 391.9% CPU
Identifying sites to remove: done in 0.000284448 secs using 259.1% CPU
Identifying sites to remove: done in 0.000354785 secs using 116.7% CPU
Identifying sites to remove: done in 0.000329696 secs using 99.18% CPU
Identifying sites to remove: done in 0.000281904 secs using 98.97% CPU
Identifying sites to remove: done in 0.000320524 secs using 96.72% CPU
Identifying sites to remove: done in 0.000337422 secs using 300.8% CPU
Identifying sites to remove: done in 0.000341766 secs using 193.4% CPU
Identifying sites to remove: done in 0.000348076 secs using 390.7% CPU
Identifying sites to remove: done in 0.000252161 secs using 371.2% CPU
Identifying sites to remove: done in 0.000256915 secs using 602.5% CPU
Identifying sites to remove: done in 0.000291664 secs using 547.5% CPU
Identifying sites to remove: done in 0.000313651 secs using 349.8% CPU
Identifying sites to remove: done in 0.00026131 secs using 270.2% CPU
Identifying sites to remove: done in 0.000226211 secs using 372.2% CPU
Identifying sites to remove: done in 0.000224486 secs using 118% CPU
Identifying sites to remove: done in 0.000241842 secs using 2776% CPU
Identifying sites to remove: done in 0.00029885 secs using 2392% CPU
Identifying sites to remove: done in 0.000266735 secs using 1585% CPU
Identifying sites to remove: done in 0.000256371 secs using 1053% CPU
Identifying sites to remove: done in 0.000253096 secs using 482% CPU
Identifying sites to remove: done in 0.000298031 secs using 1944% CPU
Identifying sites to remove: done in 0.000224072 secs using 252.2% CPU
Identifying sites to remove: done in 0.000314776 secs using 103.6% CPU
Identifying sites to remove: done in 0.000210591 secs using 179.5% CPU
Identifying sites to remove: done in 0.000289336 secs using 1078% CPU
Identifying sites to remove: done in 0.00023371 secs using 693.6% CPU
Identifying sites to remove: done in 0.000248555 secs using 1247% CPU
Identifying sites to remove: done in 0.00023973 secs using 161.8% CPU
Identifying sites to remove: done in 0.000238851 secs using 97.13% CPU
Identifying sites to remove: done in 0.000158656 secs using 377.5% CPU
Identifying sites to remove: done in 0.000159696 secs using 379.5% CPU
Identifying sites to remove: done in 0.000161279 secs using 381.3% CPU
Identifying sites to remove: done in 0.000177182 secs using 360.1% CPU
Identifying sites to remove: done in 0.000143189 secs using 257% CPU
Identifying sites to remove: done in 0.000127085 secs using 154.2% CPU
Identifying sites to remove: done in 0.000136331 secs using 4608% CPU
Identifying sites to remove: done in 0.000133555 secs using 9842% CPU
Identifying sites to remove: done in 0.000129245 secs using 7746% CPU
Identifying sites to remove: done in 0.000143073 secs using 5002% CPU
Identifying sites to remove: done in 0.000141408 secs using 4873% CPU
Identifying sites to remove: done in 0.000156477 secs using 2476% CPU
Identifying sites to remove: done in 0.000165075 secs using 438.6% CPU
Identifying sites to remove: done in 0.000128295 secs using 283.7% CPU
Identifying sites to remove: done in 0.000159513 secs using 136.7% CPU
Identifying sites to remove: done in 0.000132438 secs using 2220% CPU
Identifying sites to remove: done in 0.000121407 secs using 103% CPU
Identifying sites to remove: done in 0.000138342 secs using 146% CPU
Identifying sites to remove: done in 0.000158794 secs using 181.4% CPU
Identifying sites to remove: done in 0.000132028 secs using 387.8% CPU
Identifying sites to remove: done in 0.000133522 secs using 194.7% CPU
Identifying sites to remove: done in 0.000256449 secs using 375.9% CPU
Identifying sites to remove: done in 0.000261061 secs using 379.2% CPU
Identifying sites to remove: done in 0.000300642 secs using 1957% CPU
Identifying sites to remove: done in 0.000326853 secs using 1332% CPU
Identifying sites to remove: done in 0.000299998 secs using 226.3% CPU
Identifying sites to remove: done in 0.000227232 secs using 356.5% CPU
Identifying sites to remove: done in 0.00024458 secs using 133.7% CPU
Identifying sites to remove: done in 0.000236303 secs using 3853% CPU
Identifying sites to remove: done in 0.000244338 secs using 4812% CPU
Identifying sites to remove: done in 0.00028133 secs using 2439% CPU
Identifying sites to remove: done in 0.000305839 secs using 2180% CPU
Identifying sites to remove: done in 0.000282113 secs using 1404% CPU
Identifying sites to remove: done in 0.000259943 secs using 326.6% CPU
Identifying sites to remove: done in 0.000225544 secs using 264.7% CPU
Identifying sites to remove: done in 0.000281841 secs using 424% CPU
Identifying sites to remove: done in 0.000280365 secs using 1516% CPU
Identifying sites to remove: done in 0.000218932 secs using 3.955e+04% CPU
Identifying sites to remove: done in 0.000279471 secs using 425.1% CPU
Identifying sites to remove: done in 0.000254728 secs using 396.9% CPU
Identifying sites to remove: done in 0.000248801 secs using 494.8% CPU
Identifying sites to remove: done in 0.000284187 secs using 108% CPU
Identifying sites to remove: done in 0.000162072 secs using 1122% CPU
Identifying sites to remove: done in 0.000180371 secs using 1058% CPU
Identifying sites to remove: done in 0.000178728 secs using 377.7% CPU
Identifying sites to remove: done in 0.000197947 secs using 980.6% CPU
Identifying sites to remove: done in 0.000171158 secs using 227.3% CPU
Identifying sites to remove: done in 0.000127442 secs using 364.9% CPU
Identifying sites to remove: done in 0.000153564 secs using 141.3% CPU
Identifying sites to remove: done in 0.000166398 secs using 5.539e+04% CPU
Identifying sites to remove: done in 0.000185285 secs using 5.19e+04% CPU
Identifying sites to remove: done in 0.000184119 secs using 4.804e+04% CPU
Identifying sites to remove: done in 0.000187919 secs using 4.702e+04% CPU
Identifying sites to remove: done in 0.000176728 secs using 4.799e+04% CPU
Identifying sites to remove: done in 0.000162441 secs using 418.6% CPU
Identifying sites to remove: done in 0.000149205 secs using 259.4% CPU
Identifying sites to remove: done in 0.000181336 secs using 119.7% CPU
Identifying sites to remove: done in 0.000156827 secs using 609.6% CPU
Identifying sites to remove: done in 0.000129376 secs using 170.8% CPU
Identifying sites to remove: done in 0.000145648 secs using 1543% CPU
Identifying sites to remove: done in 0.000162829 secs using 870.2% CPU
Identifying sites to remove: done in 0.000170995 secs using 935.1% CPU
Identifying sites to remove: done in 0.000160296 secs using 118.5% CPU
Identifying sites to remove: done in 0.000253662 secs using 375.7% CPU
Identifying sites to remove: done in 0.00027125 secs using 362.4% CPU
Identifying sites to remove: done in 0.000271529 secs using 371.2% CPU
Identifying sites to remove: done in 0.000312224 secs using 351.4% CPU
Identifying sites to remove: done in 0.000297848 secs using 239.7% CPU
Identifying sites to remove: done in 0.000251096 secs using 347.7% CPU
Identifying sites to remove: done in 0.000234611 secs using 120.2% CPU
Identifying sites to remove: done in 0.000246618 secs using 3.664e+04% CPU
Identifying sites to remove: done in 0.000299569 secs using 3.16e+04% CPU
Identifying sites to remove: done in 0.000322327 secs using 2.95e+04% CPU
Identifying sites to remove: done in 0.000336077 secs using 2.595e+04% CPU
Identifying sites to remove: done in 0.000298906 secs using 431.9% CPU
Identifying sites to remove: done in 0.000296079 secs using 272.2% CPU
Identifying sites to remove: done in 0.000276342 secs using 99.15% CPU
Identifying sites to remove: done in 0.00033908 secs using 99.09% CPU
Identifying sites to remove: done in 0.000289213 secs using 607.5% CPU
Identifying sites to remove: done in 0.000239458 secs using 135.7% CPU
Identifying sites to remove: done in 0.000246584 secs using 1020% CPU
Identifying sites to remove: done in 0.00033816 secs using 1304% CPU
Identifying sites to remove: done in 0.000255819 secs using 261.9% CPU
Identifying sites to remove: done in 0.000282552 secs using 99.1% CPU
Identifying sites to remove: done in 0.000211038 secs using 1291% CPU
Identifying sites to remove: done in 0.000211839 secs using 1311% CPU
Identifying sites to remove: done in 0.000207979 secs using 385.6% CPU
Identifying sites to remove: done in 0.000258636 secs using 336.4% CPU
Identifying sites to remove: done in 0.000240568 secs using 241.9% CPU
Identifying sites to remove: done in 0.000178114 secs using 376.7% CPU
Identifying sites to remove: done in 0.000180595 secs using 128.5% CPU
Identifying sites to remove: done in 0.000184938 secs using 3761% CPU
Identifying sites to remove: done in 0.000222813 secs using 3309% CPU
Identifying sites to remove: done in 0.000227708 secs using 2258% CPU
Identifying sites to remove: done in 0.00023615 secs using 2327% CPU
Identifying sites to remove: done in 0.000224467 secs using 1310% CPU
Identifying sites to remove: done in 0.000240479 secs using 297.7% CPU
Identifying sites to remove: done in 0.000181995 secs using 98.35% CPU
Identifying sites to remove: done in 0.000254478 secs using 99.03% CPU
Identifying sites to remove: done in 0.000227112 secs using 1502% CPU
Identifying sites to remove: done in 0.000168871 secs using 138% CPU
Identifying sites to remove: done in 0.000206012 secs using 3063% CPU
Identifying sites to remove: done in 0.000189267 secs using 2131% CPU
Identifying sites to remove: done in 0.000189707 secs using 267.8% CPU
Identifying sites to remove: done in 0.000237111 secs using 3.523e+04% CPU
Identifying sites to remove: done in 0.000280064 secs using 1941% CPU
Identifying sites to remove: done in 0.000281606 secs using 647.4% CPU
Identifying sites to remove: done in 0.000284128 secs using 642.3% CPU
Identifying sites to remove: done in 0.000310164 secs using 368.8% CPU
Identifying sites to remove: done in 0.000274055 secs using 227% CPU
Identifying sites to remove: done in 0.000256371 secs using 358.9% CPU
Identifying sites to remove: done in 0.000247478 secs using 138.6% CPU
Identifying sites to remove: done in 0.000248872 secs using 4218% CPU
Identifying sites to remove: done in 0.000260051 secs using 4146% CPU
Identifying sites to remove: done in 0.000275936 secs using 2806% CPU
Identifying sites to remove: done in 0.000282642 secs using 2855% CPU
Identifying sites to remove: done in 0.000302412 secs using 1458% CPU
Identifying sites to remove: done in 0.000307713 secs using 262.6% CPU
Identifying sites to remove: done in 0.000243343 secs using 98.63% CPU
Identifying sites to remove: done in 0.000314012 secs using 2.831e+04% CPU
Identifying sites to remove: done in 0.0002634 secs using 145% CPU
Identifying sites to remove: done in 0.000224836 secs using 99.18% CPU
Identifying sites to remove: done in 0.000285558 secs using 872% CPU
Identifying sites to remove: done in 0.000262894 secs using 626.5% CPU
Identifying sites to remove: done in 0.000273768 secs using 254.2% CPU
Identifying sites to remove: done in 0.000260446 secs using 99.06% CPU
Identifying sites to remove: done in 0.000780877 secs using 1.243e+04% CPU
Identifying sites to remove: done in 0.000849787 secs using 1.146e+04% CPU
Identifying sites to remove: done in 0.000850569 secs using 1.202e+04% CPU
Identifying sites to remove: done in 0.000912644 secs using 1.056e+04% CPU
Identifying sites to remove: done in 0.000905525 secs using 204.1% CPU
Identifying sites to remove: done in 0.000746626 secs using 318.4% CPU
Identifying sites to remove: done in 0.00080153 secs using 130.5% CPU
Identifying sites to remove: done in 0.000831634 secs using 1938% CPU
Identifying sites to remove: done in 0.000868559 secs using 1207% CPU
Identifying sites to remove: done in 0.000912286 secs using 1789% CPU
Identifying sites to remove: done in 0.000933208 secs using 1454% CPU
Identifying sites to remove: done in 0.000857614 secs using 852.5% CPU
Identifying sites to remove: done in 0.00090877 secs using 1.041e+04% CPU
Identifying sites to remove: done in 0.000767522 secs using 234.3% CPU
Identifying sites to remove: done in 0.000932917 secs using 140.1% CPU
Identifying sites to remove: done in 0.000877697 secs using 409.6% CPU
Identifying sites to remove: done in 0.000700407 secs using 160.2% CPU
Identifying sites to remove: done in 0.000950415 secs using 1.141e+04% CPU
Identifying sites to remove: done in 0.00087354 secs using 1.204e+04% CPU
Identifying sites to remove: done in 0.000855349 secs using 1.192e+04% CPU
Identifying sites to remove: done in 0.000869315 secs using 206.3% CPU
Identifying sites to remove: done in 0.000453416 secs using 397.6% CPU
Identifying sites to remove: done in 0.00044851 secs using 397.3% CPU
Identifying sites to remove: done in 0.000466853 secs using 394.6% CPU
Identifying sites to remove: done in 0.000587281 secs using 354.2% CPU
Identifying sites to remove: done in 0.000561733 secs using 254.7% CPU
Identifying sites to remove: done in 0.000433933 secs using 372.6% CPU
Identifying sites to remove: done in 0.000411451 secs using 111.6% CPU
Identifying sites to remove: done in 0.000451673 secs using 1.42e+04% CPU
Identifying sites to remove: done in 0.000536151 secs using 1.236e+04% CPU
Identifying sites to remove: done in 0.000575859 secs using 1.089e+04% CPU
Identifying sites to remove: done in 0.000524007 secs using 1.113e+04% CPU
Identifying sites to remove: done in 0.000605252 secs using 1.003e+04% CPU
Identifying sites to remove: done in 0.000503108 secs using 328% CPU
Identifying sites to remove: done in 0.000410203 secs using 266% CPU
Identifying sites to remove: done in 0.000552267 secs using 124.8% CPU
Identifying sites to remove: done in 0.00051422 secs using 99.37% CPU
Identifying sites to remove: done in 0.00038591 secs using 1411% CPU
Identifying sites to remove: done in 0.000452206 secs using 1517% CPU
Identifying sites to remove: done in 0.000432007 secs using 927.3% CPU
Identifying sites to remove: done in 0.000452429 secs using 207.8% CPU
Identifying sites to remove: done in 0.000543483 secs using 1.801e+04% CPU
Identifying sites to remove: done in 0.000809189 secs using 443.2% CPU
Identifying sites to remove: done in 0.000838634 secs using 460.5% CPU
Identifying sites to remove: done in 0.000992883 secs using 377.2% CPU
Identifying sites to remove: done in 0.00118172 secs using 321.9% CPU
Identifying sites to remove: done in 0.000987731 secs using 223% CPU
Identifying sites to remove: done in 0.000997074 secs using 306.6% CPU
Identifying sites to remove: done in 0.000874292 secs using 127.6% CPU
Identifying sites to remove: done in 0.000811759 secs using 409.1% CPU
Identifying sites to remove: done in 0.00101449 secs using 397.7% CPU
Identifying sites to remove: done in 0.00101292 secs using 362% CPU
Identifying sites to remove: done in 0.000837706 secs using 394.6% CPU
Identifying sites to remove: done in 0.000820927 secs using 848.4% CPU
Identifying sites to remove: done in 0.000967264 secs using 720% CPU
Identifying sites to remove: done in 0.000991743 secs using 507.1% CPU
Identifying sites to remove: done in 0.000879657 secs using 283.5% CPU
Identifying sites to remove: done in 0.000748593 secs using 1083% CPU
Identifying sites to remove: done in 0.00100973 secs using 952.8% CPU
Identifying sites to remove: done in 0.000763413 secs using 588.7% CPU
Identifying sites to remove: done in 0.000830274 secs using 549.5% CPU
Identifying sites to remove: done in 0.000796422 secs using 97.81% CPU
Identifying sites to remove: done in 0.00096333 secs using 520.8% CPU
Identifying sites to remove: done in 0.00075078 secs using 396.7% CPU
Identifying sites to remove: done in 0.000759806 secs using 396% CPU
Identifying sites to remove: done in 0.000883874 secs using 377.2% CPU
Identifying sites to remove: done in 0.000886388 secs using 362.3% CPU
Identifying sites to remove: done in 0.000834662 secs using 6151% CPU
Identifying sites to remove: done in 0.000777695 secs using 225.7% CPU
Identifying sites to remove: done in 0.000955712 secs using 137.9% CPU
Identifying sites to remove: done in 0.00071254 secs using 1412% CPU
Identifying sites to remove: done in 0.000747699 secs using 1597% CPU
Identifying sites to remove: done in 0.000791267 secs using 1101% CPU
Identifying sites to remove: done in 0.000954922 secs using 890% CPU
Identifying sites to remove: done in 0.000840824 secs using 686.6% CPU
Identifying sites to remove: done in 0.000886023 secs using 292.8% CPU
Identifying sites to remove: done in 0.00092914 secs using 1.092e+04% CPU
Identifying sites to remove: done in 0.000881467 secs using 189.2% CPU
Identifying sites to remove: done in 0.000754979 secs using 349.3% CPU
Identifying sites to remove: done in 0.000702828 secs using 165.2% CPU
Identifying sites to remove: done in 0.000724871 secs using 1125% CPU
Identifying sites to remove: done in 0.000743184 secs using 289% CPU
Identifying sites to remove: done in 0.000766188 secs using 686.1% CPU
Identifying sites to remove: done in 0.000806779 secs using 243.7% CPU
Identifying sites to remove: done in 0.000266641 secs using 394.9% CPU
Identifying sites to remove: done in 0.000274803 secs using 424.7% CPU
Identifying sites to remove: done in 0.000292718 secs using 369% CPU
Identifying sites to remove: done in 0.000336234 secs using 337.9% CPU
Identifying sites to remove: done in 0.000310987 secs using 275.3% CPU
Identifying sites to remove: done in 0.00025069 secs using 386.5% CPU
Identifying sites to remove: done in 0.000234392 secs using 120.3% CPU
Identifying sites to remove: done in 0.000245351 secs using 2651% CPU
Identifying sites to remove: done in 0.000303134 secs using 2626% CPU
Identifying sites to remove: done in 0.000256233 secs using 2078% CPU
Identifying sites to remove: done in 0.000282403 secs using 1435% CPU
Identifying sites to remove: done in 0.000334423 secs using 885.4% CPU
Identifying sites to remove: done in 0.000344861 secs using 466.9% CPU
Identifying sites to remove: done in 0.00022864 secs using 175.4% CPU
Identifying sites to remove: done in 0.000283021 secs using 441% CPU
Identifying sites to remove: done in 0.000281859 secs using 581.5% CPU
Identifying sites to remove: done in 0.000284374 secs using 1217% CPU
Identifying sites to remove: done in 0.000220422 secs using 1420% CPU
Identifying sites to remove: done in 0.000247534 secs using 3.038e+04% CPU
Identifying sites to remove: done in 0.00026479 secs using 2.722e+04% CPU
Identifying sites to remove: done in 0.000286747 secs using 99.04% CPU
Identifying sites to remove: done in 0.000383299 secs using 1784% CPU
Identifying sites to remove: done in 0.000401113 secs using 919.4% CPU
Identifying sites to remove: done in 0.000427302 secs using 620.4% CPU
Identifying sites to remove: done in 0.000428464 secs using 379.7% CPU
Identifying sites to remove: done in 0.000396758 secs using 2.542e+04% CPU
Identifying sites to remove: done in 0.00041385 secs using 239.9% CPU
Identifying sites to remove: done in 0.000354957 secs using 177.5% CPU
Identifying sites to remove: done in 0.000360347 secs using 1435% CPU
Identifying sites to remove: done in 0.000360217 secs using 1253% CPU
Identifying sites to remove: done in 0.000371482 secs using 824.5% CPU
Identifying sites to remove: done in 0.000423975 secs using 960.2% CPU
Identifying sites to remove: done in 0.000448234 secs using 495.9% CPU
Identifying sites to remove: done in 0.000460174 secs using 285.1% CPU
Identifying sites to remove: done in 0.000361104 secs using 294.1% CPU
Identifying sites to remove: done in 0.000399571 secs using 181.2% CPU
Identifying sites to remove: done in 0.000305198 secs using 203.8% CPU
Identifying sites to remove: done in 0.000382625 secs using 548.1% CPU
Identifying sites to remove: done in 0.000358377 secs using 1957% CPU
Identifying sites to remove: done in 0.000386883 secs using 278.6% CPU
Identifying sites to remove: done in 0.000391379 secs using 1038% CPU
Identifying sites to remove: done in 0.000398349 secs using 2.324e+04% CPU
Identifying sites to remove: done in 0.000136375 secs using 313.8% CPU
Identifying sites to remove: done in 0.000156246 secs using 375.7% CPU
Identifying sites to remove: done in 0.000144713 secs using 392.5% CPU
Identifying sites to remove: done in 0.000157297 secs using 399.9% CPU
Identifying sites to remove: done in 0.000133954 secs using 93.32% CPU
Identifying sites to remove: done in 0.000100613 secs using 431.4% CPU
Identifying sites to remove: done in 0.000126492 secs using 1625% CPU
Identifying sites to remove: done in 0.00010572 secs using 2830% CPU
Identifying sites to remove: done in 0.000118997 secs using 1664% CPU
Identifying sites to remove: done in 0.000128854 secs using 2096% CPU
Identifying sites to remove: done in 0.000105847 secs using 1292% CPU
Identifying sites to remove: done in 0.000145204 secs using 530.3% CPU
Identifying sites to remove: done in 0.000156868 secs using 235.2% CPU
Identifying sites to remove: done in 0.000107568 secs using 529.9% CPU
Identifying sites to remove: done in 9.26517e-05 secs using 207.2% CPU
Identifying sites to remove: done in 0.0001228 secs using 96.09% CPU
Identifying sites to remove: done in 0.000101306 secs using 790.7% CPU
Identifying sites to remove: done in 0.000101496 secs using 190.2% CPU
Identifying sites to remove: done in 0.000122003 secs using 1288% CPU
Identifying sites to remove: done in 0.000124168 secs using 190.1% CPU
Identifying sites to remove: done in 0.000129472 secs using 95% CPU
Identifying sites to remove: done in 0.000124402 secs using 332% CPU
Identifying sites to remove: done in 0.000142466 secs using 4431% CPU
Identifying sites to remove: done in 0.00014193 secs using 374.1% CPU
Identifying sites to remove: done in 0.000142626 secs using 3661% CPU
Identifying sites to remove: done in 0.000140995 secs using 231.2% CPU
Identifying sites to remove: done in 0.000104275 secs using 388.4% CPU
Identifying sites to remove: done in 0.000113603 secs using 184.9% CPU
Identifying sites to remove: done in 0.000106096 secs using 7755% CPU
Identifying sites to remove: done in 0.000108618 secs using 677.6% CPU
Identifying sites to remove: done in 0.000117332 secs using 2590% CPU
Identifying sites to remove: done in 0.000143327 secs using 7205% CPU
Identifying sites to remove: done in 0.000152912 secs using 3784% CPU
Identifying sites to remove: done in 0.000163607 secs using 376.5% CPU
Identifying sites to remove: done in 0.000123583 secs using 173.2% CPU
Identifying sites to remove: done in 0.000135813 secs using 450.6% CPU
Identifying sites to remove: done in 0.000118189 secs using 411.2% CPU
Identifying sites to remove: done in 0.000124678 secs using 330.5% CPU
Identifying sites to remove: done in 0.000114482 secs using 223.6% CPU
Identifying sites to remove: done in 0.000107538 secs using 481.7% CPU
Identifying sites to remove: done in 0.000107333 secs using 194.7% CPU
Identifying sites to remove: done in 0.000141356 secs using 98.33% CPU
Identifying sites to remove: done in 5.01201e-05 secs using 187.5% CPU
Identifying sites to remove: done in 5.03398e-05 secs using 3772% CPU
Identifying sites to remove: done in 4.34481e-05 secs using 4437% CPU
Identifying sites to remove: done in 5.71348e-05 secs using 3560% CPU
Identifying sites to remove: done in 4.20511e-05 secs using 223.5% CPU
Identifying sites to remove: done in 4.06131e-05 secs using 91.1% CPU
Identifying sites to remove: done in 2.83271e-05 secs using 1.127e+04% CPU
Identifying sites to remove: done in 4.19207e-05 secs using 4213% CPU
Identifying sites to remove: done in 4.08702e-05 secs using 252% CPU
Identifying sites to remove: done in 4.2282e-05 secs using 92.24% CPU
Identifying sites to remove: done in 0.000521373 secs using 377.7% CPU
Identifying sites to remove: done in 0.000528708 secs using 973.5% CPU
Identifying sites to remove: done in 0.00061807 secs using 406.9% CPU
Identifying sites to remove: done in 0.000673983 secs using 384% CPU
Identifying sites to remove: done in 0.000643097 secs using 1.511e+04% CPU
Identifying sites to remove: done in 0.000610959 secs using 1.581e+04% CPU
Identifying sites to remove: done in 0.000495151 secs using 99.57% CPU
Identifying sites to remove: done in 0.000627559 secs using 1073% CPU
Identifying sites to remove: done in 0.000631116 secs using 1420% CPU
Identifying sites to remove: done in 0.000641022 secs using 741% CPU
Identifying sites to remove: done in 0.000683524 secs using 1136% CPU
Identifying sites to remove: done in 0.000679512 secs using 931% CPU
Identifying sites to remove: done in 0.000545073 secs using 653.7% CPU
Identifying sites to remove: done in 0.000501961 secs using 116.7% CPU
Identifying sites to remove: done in 0.00063647 secs using 99.61% CPU
Identifying sites to remove: done in 0.000644878 secs using 244.7% CPU
Identifying sites to remove: done in 0.000509098 secs using 611.1% CPU
Identifying sites to remove: done in 0.000598427 secs using 809.1% CPU
Identifying sites to remove: done in 0.000536941 secs using 149% CPU
Identifying sites to remove: done in 0.000505071 secs using 99.39% CPU
Identifying sites to remove: done in 0.000631947 secs using 99.53% CPU
Identifying sites to remove: done in 0.000314776 secs using 363.4% CPU
Identifying sites to remove: done in 0.000341132 secs using 393.4% CPU
Identifying sites to remove: done in 0.000380471 secs using 406.9% CPU
Identifying sites to remove: done in 0.000371877 secs using 374% CPU
Identifying sites to remove: done in 0.000350393 secs using 248% CPU
Identifying sites to remove: done in 0.000312373 secs using 372% CPU
Identifying sites to remove: done in 0.000295609 secs using 153.9% CPU
Identifying sites to remove: done in 0.000330515 secs using 1.478e+04% CPU
Identifying sites to remove: done in 0.000321727 secs using 1.427e+04% CPU
Identifying sites to remove: done in 0.000340592 secs using 1.258e+04% CPU
Identifying sites to remove: done in 0.00035046 secs using 1.266e+04% CPU
Identifying sites to remove: done in 0.000382211 secs using 1.172e+04% CPU
Identifying sites to remove: done in 0.00045165 secs using 1.058e+04% CPU
Identifying sites to remove: done in 0.000315614 secs using 323.5% CPU
Identifying sites to remove: done in 0.00030392 secs using 202% CPU
Identifying sites to remove: done in 0.000306144 secs using 596.8% CPU
Identifying sites to remove: done in 0.000233233 secs using 186.5% CPU
Identifying sites to remove: done in 0.00029153 secs using 1533% CPU
Identifying sites to remove: done in 0.000327576 secs using 843.5% CPU
Identifying sites to remove: done in 0.000310335 secs using 278.4% CPU
Identifying sites to remove: done in 0.000319023 secs using 99.05% CPU
Identifying sites to remove: done in 0.000584271 secs using 617.4% CPU
Identifying sites to remove: done in 0.000606317 secs using 606% CPU
Identifying sites to remove: done in 0.000656568 secs using 585.2% CPU
Identifying sites to remove: done in 0.000672624 secs using 371.5% CPU
Identifying sites to remove: done in 0.00062605 secs using 231.1% CPU
Identifying sites to remove: done in 0.000624001 secs using 328.5% CPU
Identifying sites to remove: done in 0.000588223 secs using 1.793e+04% CPU
Identifying sites to remove: done in 0.000577576 secs using 919.7% CPU
Identifying sites to remove: done in 0.000584248 secs using 854.9% CPU
Identifying sites to remove: done in 0.000602428 secs using 712.3% CPU
Identifying sites to remove: done in 0.000642281 secs using 629.9% CPU
Identifying sites to remove: done in 0.000673532 secs using 555.3% CPU
Identifying sites to remove: done in 0.000705 secs using 709.9% CPU
Identifying sites to remove: done in 0.000438865 secs using 314.2% CPU
Identifying sites to remove: done in 0.000606425 secs using 154.8% CPU
Identifying sites to remove: done in 0.000586912 secs using 568.9% CPU
Identifying sites to remove: done in 0.000438109 secs using 179.9% CPU
Identifying sites to remove: done in 0.000588145 secs using 487.8% CPU
Identifying sites to remove: done in 0.000535022 secs using 360.4% CPU
Identifying sites to remove: done in 0.000622258 secs using 244.3% CPU
Identifying sites to remove: done in 0.000620432 secs using 99.45% CPU
Identifying sites to remove: done in 0.000347875 secs using 391.2% CPU
Identifying sites to remove: done in 0.000391252 secs using 371.9% CPU
Identifying sites to remove: done in 0.000410765 secs using 380.3% CPU
Identifying sites to remove: done in 0.000447866 secs using 347.2% CPU
Identifying sites to remove: done in 0.000387974 secs using 238.2% CPU
Identifying sites to remove: done in 0.000358541 secs using 323% CPU
Identifying sites to remove: done in 0.000341773 secs using 127.6% CPU
Identifying sites to remove: done in 0.000355076 secs using 2746% CPU
Identifying sites to remove: done in 0.000332389 secs using 2046% CPU
Identifying sites to remove: done in 0.000342384 secs using 2493% CPU
Identifying sites to remove: done in 0.000364978 secs using 537.6% CPU
Identifying sites to remove: done in 0.000404704 secs using 1324% CPU
Identifying sites to remove: done in 0.000444569 secs using 854.8% CPU
Identifying sites to remove: done in 0.000353012 secs using 312.5% CPU
Identifying sites to remove: done in 0.000354365 secs using 194.7% CPU
Identifying sites to remove: done in 0.000333123 secs using 1729% CPU
Identifying sites to remove: done in 0.000276413 secs using 1564% CPU
Identifying sites to remove: done in 0.000339363 secs using 2.617e+04% CPU
Identifying sites to remove: done in 0.000319455 secs using 258.9% CPU
Identifying sites to remove: done in 0.00032017 secs using 127.1% CPU
Identifying sites to remove: done in 0.000357728 secs using 97.56% CPU
Identifying sites to remove: done in 0.000205442 secs using 625.5% CPU
Identifying sites to remove: done in 0.000205304 secs using 636.6% CPU
Identifying sites to remove: done in 0.000211768 secs using 1115% CPU
Identifying sites to remove: done in 0.000243403 secs using 348.8% CPU
Identifying sites to remove: done in 0.000191197 secs using 250.5% CPU
Identifying sites to remove: done in 0.000179507 secs using 130.4% CPU
Identifying sites to remove: done in 0.000183661 secs using 863.5% CPU
Identifying sites to remove: done in 0.000181884 secs using 3698% CPU
Identifying sites to remove: done in 0.000185277 secs using 2889% CPU
Identifying sites to remove: done in 0.000185728 secs using 686.5% CPU
Identifying sites to remove: done in 0.000244338 secs using 1740% CPU
Identifying sites to remove: done in 0.000202548 secs using 469.5% CPU
Identifying sites to remove: done in 0.000248972 secs using 1182% CPU
Identifying sites to remove: done in 0.000222746 secs using 391% CPU
Identifying sites to remove: done in 0.000191264 secs using 178.3% CPU
Identifying sites to remove: done in 0.000186216 secs using 2063% CPU
Identifying sites to remove: done in 0.000162154 secs using 266.4% CPU
Identifying sites to remove: done in 0.000182383 secs using 248.4% CPU
Identifying sites to remove: done in 0.000172053 secs using 1375% CPU
Identifying sites to remove: done in 0.000186075 secs using 186.5% CPU
Identifying sites to remove: done in 0.000179145 secs using 96.57% CPU
Identifying sites to remove: done in 0.00082197 secs using 801.7% CPU
Identifying sites to remove: done in 0.000840154 secs using 394.1% CPU
Identifying sites to remove: done in 0.000840236 secs using 394.1% CPU
Identifying sites to remove: done in 0.000937808 secs using 482.4% CPU
Identifying sites to remove: done in 0.000864852 secs using 218.2% CPU
Identifying sites to remove: done in 0.000805032 secs using 312.3% CPU
Identifying sites to remove: done in 0.000801262 secs using 1.329e+04% CPU
Identifying sites to remove: done in 0.000876423 secs using 759.7% CPU
Identifying sites to remove: done in 0.000849843 secs using 714.2% CPU
Identifying sites to remove: done in 0.000853509 secs using 761.1% CPU
Identifying sites to remove: done in 0.000836678 secs using 644% CPU
Identifying sites to remove: done in 0.000893168 secs using 565% CPU
Identifying sites to remove: done in 0.000975076 secs using 614.9% CPU
Identifying sites to remove: done in 0.000707775 secs using 282.4% CPU
Identifying sites to remove: done in 0.000845388 secs using 162.6% CPU
Identifying sites to remove: done in 0.000907905 secs using 1.185e+04% CPU
Identifying sites to remove: done in 0.000737276 secs using 259.3% CPU
Identifying sites to remove: done in 0.000812344 secs using 459% CPU
Identifying sites to remove: done in 0.00086496 secs using 481.8% CPU
Identifying sites to remove: done in 0.000813365 secs using 185.8% CPU
Identifying sites to remove: done in 0.000873279 secs using 99.62% CPU
Identifying sites to remove: done in 0.000425678 secs using 2707% CPU
Identifying sites to remove: done in 0.000433952 secs using 2673% CPU
Identifying sites to remove: done in 0.000475276 secs using 2444% CPU
Identifying sites to remove: done in 0.00056747 secs using 2062% CPU
Identifying sites to remove: done in 0.000512175 secs using 244.3% CPU
Identifying sites to remove: done in 0.000430554 secs using 350% CPU
Identifying sites to remove: done in 0.000387065 secs using 112.1% CPU
Identifying sites to remove: done in 0.000391707 secs using 1983% CPU
Identifying sites to remove: done in 0.000408106 secs using 1475% CPU
Identifying sites to remove: done in 0.000437882 secs using 980.4% CPU
Identifying sites to remove: done in 0.000503357 secs using 2109% CPU
Identifying sites to remove: done in 0.000542048 secs using 1892% CPU
Identifying sites to remove: done in 0.000504389 secs using 548.4% CPU
Identifying sites to remove: done in 0.000377316 secs using 210.7% CPU
Identifying sites to remove: done in 0.000465803 secs using 435.8% CPU
Identifying sites to remove: done in 0.000492636 secs using 2.03e+04% CPU
Identifying sites to remove: done in 0.000382893 secs using 327.5% CPU
Identifying sites to remove: done in 0.000357464 secs using 177.9% CPU
Identifying sites to remove: done in 0.000377014 secs using 406.6% CPU
Identifying sites to remove: done in 0.000406217 secs using 150.9% CPU
Identifying sites to remove: done in 0.000497334 secs using 475.7% CPU
Identifying sites to remove: done in 0.000426587 secs using 840.6% CPU
Identifying sites to remove: done in 0.000452813 secs using 802.8% CPU
Identifying sites to remove: done in 0.000532869 secs using 1469% CPU
Identifying sites to remove: done in 0.000554703 secs using 351.7% CPU
Identifying sites to remove: done in 0.00050693 secs using 260.8% CPU
Identifying sites to remove: done in 0.000492401 secs using 151.1% CPU
Identifying sites to remove: done in 0.00040428 secs using 2.383e+04% CPU
Identifying sites to remove: done in 0.000500172 secs using 1168% CPU
Identifying sites to remove: done in 0.000424571 secs using 872.6% CPU
Identifying sites to remove: done in 0.000514701 secs using 1128% CPU
Identifying sites to remove: done in 0.000522237 secs using 542.3% CPU
Identifying sites to remove: done in 0.000541415 secs using 959.5% CPU
Identifying sites to remove: done in 0.000531439 secs using 683.4% CPU
Identifying sites to remove: done in 0.000466783 secs using 250.2% CPU
Identifying sites to remove: done in 0.00049752 secs using 120.2% CPU
Identifying sites to remove: done in 0.000498917 secs using 1343% CPU
Identifying sites to remove: done in 0.000421569 secs using 2.486e+04% CPU
Identifying sites to remove: done in 0.000504181 secs using 2.007e+04% CPU
Identifying sites to remove: done in 0.000437696 secs using 252.5% CPU
Identifying sites to remove: done in 0.00041141 secs using 300.4% CPU
Identifying sites to remove: done in 0.000523288 secs using 410.7% CPU
Identifying sites to remove: done in 0.000220384 secs using 386.1% CPU
Identifying sites to remove: done in 0.000203896 secs using 401.2% CPU
Identifying sites to remove: done in 0.000220362 secs using 373.9% CPU
Identifying sites to remove: done in 0.00026137 secs using 350.5% CPU
Identifying sites to remove: done in 0.000239398 secs using 249% CPU
Identifying sites to remove: done in 0.000185128 secs using 373.3% CPU
Identifying sites to remove: done in 0.000187773 secs using 161.9% CPU
Identifying sites to remove: done in 0.000180889 secs using 2822% CPU
Identifying sites to remove: done in 0.000196934 secs using 1652% CPU
Identifying sites to remove: done in 0.000200734 secs using 638.7% CPU
Identifying sites to remove: done in 0.000239387 secs using 1867% CPU
Identifying sites to remove: done in 0.000252243 secs using 994.7% CPU
Identifying sites to remove: done in 0.000262823 secs using 447.4% CPU
Identifying sites to remove: done in 0.000154205 secs using 203% CPU
Identifying sites to remove: done in 0.00024087 secs using 234.6% CPU
Identifying sites to remove: done in 0.000144564 secs using 768.5% CPU
Identifying sites to remove: done in 0.000245694 secs using 855.5% CPU
Identifying sites to remove: done in 0.000197206 secs using 206.9% CPU
Identifying sites to remove: done in 0.000182755 secs using 774.8% CPU
Identifying sites to remove: done in 0.000204869 secs using 186% CPU
Identifying sites to remove: done in 0.000226866 secs using 98.74% CPU
Identifying sites to remove: done in 0.00041797 secs using 561.3% CPU
Identifying sites to remove: done in 0.00042193 secs using 561.2% CPU
Identifying sites to remove: done in 0.000435039 secs using 552.6% CPU
Identifying sites to remove: done in 0.000539105 secs using 1.829e+04% CPU
Identifying sites to remove: done in 0.000500977 secs using 244.3% CPU
Identifying sites to remove: done in 0.000403315 secs using 383.3% CPU
Identifying sites to remove: done in 0.000394419 secs using 104.7% CPU
Identifying sites to remove: done in 0.000515044 secs using 1910% CPU
Identifying sites to remove: done in 0.000416104 secs using 2130% CPU
Identifying sites to remove: done in 0.000407312 secs using 1778% CPU
Identifying sites to remove: done in 0.000417352 secs using 521.6% CPU
Identifying sites to remove: done in 0.00052052 secs using 1131% CPU
Identifying sites to remove: done in 0.000519928 secs using 813% CPU
Identifying sites to remove: done in 0.000375167 secs using 279.1% CPU
Identifying sites to remove: done in 0.000496574 secs using 137.1% CPU
Identifying sites to remove: done in 0.000348814 secs using 309.9% CPU
Identifying sites to remove: done in 0.000515211 secs using 1.989e+04% CPU
Identifying sites to remove: done in 0.000374429 secs using 342.4% CPU
Identifying sites to remove: done in 0.00041645 secs using 384.9% CPU
Identifying sites to remove: done in 0.000409819 secs using 470.2% CPU
Identifying sites to remove: done in 0.00051824 secs using 534.5% CPU
Identifying sites to remove: done in 0.00013265 secs using 1746% CPU
Identifying sites to remove: done in 0.00013575 secs using 1727% CPU
Identifying sites to remove: done in 0.000134755 secs using 4398% CPU
Identifying sites to remove: done in 0.000124179 secs using 2506% CPU
Identifying sites to remove: done in 0.000156626 secs using 159% CPU
Identifying sites to remove: done in 0.000118729 secs using 2960% CPU
Identifying sites to remove: done in 0.000117201 secs using 273% CPU
Identifying sites to remove: done in 0.000116587 secs using 354.2% CPU
Identifying sites to remove: done in 0.00011972 secs using 188.8% CPU
Identifying sites to remove: done in 0.000112116 secs using 95.44% CPU
Identifying sites to remove: done in 0.000159666 secs using 378.9% CPU
Identifying sites to remove: done in 0.000161584 secs using 384.9% CPU
Identifying sites to remove: done in 0.000161674 secs using 384.7% CPU
Identifying sites to remove: done in 0.000187591 secs using 347.6% CPU
Identifying sites to remove: done in 0.000139866 secs using 95.81% CPU
Identifying sites to remove: done in 0.000130892 secs using 386.6% CPU
Identifying sites to remove: done in 0.000146549 secs using 184.9% CPU
Identifying sites to remove: done in 0.000143573 secs using 4633% CPU
Identifying sites to remove: done in 0.0001355 secs using 3863% CPU
Identifying sites to remove: done in 0.000166077 secs using 2389% CPU
Identifying sites to remove: done in 0.000164121 secs using 1527% CPU
Identifying sites to remove: done in 0.000193216 secs using 548.6% CPU
Identifying sites to remove: done in 0.000183925 secs using 343.1% CPU
Identifying sites to remove: done in 0.000130311 secs using 340% CPU
Identifying sites to remove: done in 0.000137027 secs using 191.9% CPU
Identifying sites to remove: done in 0.000137743 secs using 98.73% CPU
Identifying sites to remove: done in 0.000137236 secs using 1838% CPU
Identifying sites to remove: done in 0.000131093 secs using 200.6% CPU
Identifying sites to remove: done in 0.000130743 secs using 1306% CPU
Identifying sites to remove: done in 0.000139661 secs using 189% CPU
Identifying sites to remove: done in 0.000136193 secs using 98.39% CPU
Identifying sites to remove: done in 9.99868e-06 secs using 190% CPU
Identifying sites to remove: done in 7.4394e-06 secs using 107.5% CPU
Identifying sites to remove: done in 9.76771e-06 secs using 51.19% CPU
Identifying sites to remove: done in 1.40034e-05 secs using 735.5% CPU
Identifying sites to remove: done in 8.24034e-06 secs using 48.54% CPU
Identifying sites to remove: done in 1.30944e-05 secs using 160.4% CPU
Identifying sites to remove: done in 5.95674e-06 secs using 67.15% CPU
Identifying sites to remove: done in 5.8189e-06 secs using 51.56% CPU
Identifying sites to remove: done in 7.30157e-06 secs using 54.78% CPU
Identifying sites to remove: done in 0.000326466 secs using 494.4% CPU
Identifying sites to remove: done in 0.000330735 secs using 490.1% CPU
Identifying sites to remove: done in 0.000357345 secs using 374.1% CPU
Identifying sites to remove: done in 0.00037403 secs using 462.3% CPU
Identifying sites to remove: done in 0.000342734 secs using 228.5% CPU
Identifying sites to remove: done in 0.000293002 secs using 371.7% CPU
Identifying sites to remove: done in 0.000303626 secs using 138.3% CPU
Identifying sites to remove: done in 0.000339735 secs using 3025% CPU
Identifying sites to remove: done in 0.000303697 secs using 2892% CPU
Identifying sites to remove: done in 0.000316292 secs using 1666% CPU
Identifying sites to remove: done in 0.000317186 secs using 1082% CPU
Identifying sites to remove: done in 0.000367247 secs using 1485% CPU
Identifying sites to remove: done in 0.000359457 secs using 518.3% CPU
Identifying sites to remove: done in 0.000262082 secs using 302.2% CPU
Identifying sites to remove: done in 0.000337236 secs using 162.2% CPU
Identifying sites to remove: done in 0.000229124 secs using 1841% CPU
Identifying sites to remove: done in 0.000323124 secs using 1768% CPU
Identifying sites to remove: done in 0.000282317 secs using 3.327e+04% CPU
Identifying sites to remove: done in 0.000311334 secs using 232.5% CPU
Identifying sites to remove: done in 0.000314161 secs using 176% CPU
Identifying sites to remove: done in 0.000345234 secs using 406.7% CPU
Identifying sites to remove: done in 0.000420097 secs using 544.9% CPU
Identifying sites to remove: done in 0.00041642 secs using 472.1% CPU
Identifying sites to remove: done in 0.000425473 secs using 539.9% CPU
Identifying sites to remove: done in 0.000508502 secs using 344.9% CPU
Identifying sites to remove: done in 0.000413097 secs using 258.5% CPU
Identifying sites to remove: done in 0.000379138 secs using 342.6% CPU
Identifying sites to remove: done in 0.000395127 secs using 121.7% CPU
Identifying sites to remove: done in 0.000387989 secs using 1791% CPU
Identifying sites to remove: done in 0.000407875 secs using 1731% CPU
Identifying sites to remove: done in 0.00043498 secs using 2628% CPU
Identifying sites to remove: done in 0.000428539 secs using 1178% CPU
Identifying sites to remove: done in 0.000437282 secs using 1056% CPU
Identifying sites to remove: done in 0.000412427 secs using 405.2% CPU
Identifying sites to remove: done in 0.000383902 secs using 284.4% CPU
Identifying sites to remove: done in 0.000426777 secs using 155.4% CPU
Identifying sites to remove: done in 0.000478443 secs using 2.023e+04% CPU
Identifying sites to remove: done in 0.000411358 secs using 283.2% CPU
Identifying sites to remove: done in 0.000363894 secs using 163.2% CPU
Identifying sites to remove: done in 0.000398893 secs using 420.2% CPU
Identifying sites to remove: done in 0.000399597 secs using 198.4% CPU
Identifying sites to remove: done in 0.000420414 secs using 550.9% CPU
Identifying sites to remove: done in 0.000128962 secs using 389.3% CPU
Identifying sites to remove: done in 0.000128318 secs using 360% CPU
Identifying sites to remove: done in 0.00021255 secs using 314.7% CPU
Identifying sites to remove: done in 0.000203539 secs using 308.5% CPU
Identifying sites to remove: done in 0.000202239 secs using 230.9% CPU
Identifying sites to remove: done in 0.000119045 secs using 1088% CPU
Identifying sites to remove: done in 0.000209115 secs using 1191% CPU
Identifying sites to remove: done in 0.000133678 secs using 420.4% CPU
Identifying sites to remove: done in 0.000200935 secs using 1023% CPU
Identifying sites to remove: done in 0.000199616 secs using 507% CPU
Identifying sites to remove: done in 0.000184298 secs using 855.1% CPU
Identifying sites to remove: done in 0.000198621 secs using 995.9% CPU
Identifying sites to remove: done in 0.000207562 secs using 821% CPU
Identifying sites to remove: done in 0.000183005 secs using 886.3% CPU
Identifying sites to remove: done in 0.000137422 secs using 2438% CPU
Identifying sites to remove: done in 0.000119653 secs using 1398% CPU
Identifying sites to remove: done in 0.0001515 secs using 1928% CPU
Identifying sites to remove: done in 0.000192977 secs using 235.3% CPU
Identifying sites to remove: done in 0.000114117 secs using 365.4% CPU
Identifying sites to remove: done in 0.000115681 secs using 380.4% CPU
Identifying sites to remove: done in 0.000116318 secs using 378.3% CPU
Identifying sites to remove: done in 0.000114501 secs using 384.3% CPU
Identifying sites to remove: done in 9.3855e-05 secs using 93.76% CPU
Identifying sites to remove: done in 8.79839e-05 secs using 364.8% CPU
Identifying sites to remove: done in 9.56059e-05 secs using 4214% CPU
Identifying sites to remove: done in 9.2715e-05 secs using 8791% CPU
Identifying sites to remove: done in 9.2335e-05 secs using 6762% CPU
Identifying sites to remove: done in 0.000104874 secs using 2258% CPU
Identifying sites to remove: done in 0.000104744 secs using 434.4% CPU
Identifying sites to remove: done in 0.000146423 secs using 3134% CPU
Identifying sites to remove: done in 9.21302e-05 secs using 172.6% CPU
Identifying sites to remove: done in 9.09045e-05 secs using 96.8% CPU
Identifying sites to remove: done in 7.97138e-05 secs using 96.6% CPU
Identifying sites to remove: done in 8.74139e-05 secs using 2974% CPU
Identifying sites to remove: done in 8.71755e-05 secs using 730.7% CPU
Identifying sites to remove: done in 8.26158e-05 secs using 198.5% CPU
Identifying sites to remove: done in 8.77269e-05 secs using 1319% CPU
Identifying sites to remove: done in 8.95225e-05 secs using 191% CPU
Identifying sites to remove: done in 9.69842e-05 secs using 96.92% CPU
Identifying sites to remove: done in 0.000336412 secs using 381.1% CPU
Identifying sites to remove: done in 0.000337873 secs using 383.3% CPU
Identifying sites to remove: done in 0.000352874 secs using 382% CPU
Identifying sites to remove: done in 0.000354748 secs using 1395% CPU
Identifying sites to remove: done in 0.000335872 secs using 224.8% CPU
Identifying sites to remove: done in 0.000318915 secs using 326.7% CPU
Identifying sites to remove: done in 0.000324681 secs using 142.6% CPU
Identifying sites to remove: done in 0.000317141 secs using 1630% CPU
Identifying sites to remove: done in 0.000332393 secs using 1290% CPU
Identifying sites to remove: done in 0.000326578 secs using 997.6% CPU
Identifying sites to remove: done in 0.000359751 secs using 1779% CPU
Identifying sites to remove: done in 0.000342496 secs using 787.5% CPU
Identifying sites to remove: done in 0.000355508 secs using 415.5% CPU
Identifying sites to remove: done in 0.000253752 secs using 339.7% CPU
Identifying sites to remove: done in 0.000342388 secs using 172.3% CPU
Identifying sites to remove: done in 0.000248581 secs using 1383% CPU
Identifying sites to remove: done in 0.00028963 secs using 285.5% CPU
Identifying sites to remove: done in 0.000355575 secs using 1444% CPU
Identifying sites to remove: done in 0.000319753 secs using 1172% CPU
Identifying sites to remove: done in 0.00034105 secs using 192.1% CPU
Identifying sites to remove: done in 0.000341732 secs using 2.667e+04% CPU
Identifying sites to remove: done in 0.000405051 secs using 1146% CPU
Identifying sites to remove: done in 0.000424284 secs using 1108% CPU
Identifying sites to remove: done in 0.000453837 secs using 710.4% CPU
Identifying sites to remove: done in 0.000503525 secs using 352.1% CPU
Identifying sites to remove: done in 0.00051799 secs using 1.912e+04% CPU
Identifying sites to remove: done in 0.000383563 secs using 302.7% CPU
Identifying sites to remove: done in 0.000412706 secs using 136.9% CPU
Identifying sites to remove: done in 0.000511136 secs using 1581% CPU
Identifying sites to remove: done in 0.000376202 secs using 1835% CPU
Identifying sites to remove: done in 0.000380028 secs using 1206% CPU
Identifying sites to remove: done in 0.000441834 secs using 1338% CPU
Identifying sites to remove: done in 0.000455789 secs using 789.8% CPU
Identifying sites to remove: done in 0.000453521 secs using 405.7% CPU
Identifying sites to remove: done in 0.000409722 secs using 457.6% CPU
Identifying sites to remove: done in 0.000358928 secs using 196.1% CPU
Identifying sites to remove: done in 0.000307515 secs using 201.9% CPU
Identifying sites to remove: done in 0.00048073 secs using 514.8% CPU
Identifying sites to remove: done in 0.000357669 secs using 2.771e+04% CPU
Identifying sites to remove: done in 0.000424426 secs using 220.3% CPU
Identifying sites to remove: done in 0.00043286 secs using 178.8% CPU
Identifying sites to remove: done in 0.00053158 secs using 99.51% CPU
Identifying sites to remove: done in 0.000524435 secs using 700% CPU
Identifying sites to remove: done in 0.000531595 secs using 694.9% CPU
Identifying sites to remove: done in 0.000670653 secs using 606.4% CPU
Identifying sites to remove: done in 0.000690576 secs using 347.7% CPU
Identifying sites to remove: done in 0.000628985 secs using 259% CPU
Identifying sites to remove: done in 0.000581928 secs using 172.4% CPU
Identifying sites to remove: done in 0.000479609 secs using 99.46% CPU
Identifying sites to remove: done in 0.00061043 secs using 688.4% CPU
Identifying sites to remove: done in 0.000524361 secs using 896.5% CPU
Identifying sites to remove: done in 0.000610791 secs using 776.4% CPU
Identifying sites to remove: done in 0.000645302 secs using 587.2% CPU
Identifying sites to remove: done in 0.000698026 secs using 477.9% CPU
Identifying sites to remove: done in 0.000712179 secs using 632.3% CPU
Identifying sites to remove: done in 0.000561539 secs using 99.55% CPU
Identifying sites to remove: done in 0.000647962 secs using 99.39% CPU
Identifying sites to remove: done in 0.000491392 secs using 2.152e+04% CPU
Identifying sites to remove: done in 0.000656161 secs using 1.654e+04% CPU
Identifying sites to remove: done in 0.000568286 secs using 354.2% CPU
Identifying sites to remove: done in 0.000527792 secs using 451.7% CPU
Identifying sites to remove: done in 0.000498351 secs using 130.8% CPU
Identifying sites to remove: done in 0.000676803 secs using 1390% CPU
Identifying sites to remove: done in 0.000299279 secs using 389.9% CPU
Identifying sites to remove: done in 0.000347346 secs using 410.8% CPU
Identifying sites to remove: done in 0.000390314 secs using 397.4% CPU
Identifying sites to remove: done in 0.000394702 secs using 368.4% CPU
Identifying sites to remove: done in 0.000361964 secs using 224.6% CPU
Identifying sites to remove: done in 0.000274699 secs using 390.2% CPU
Identifying sites to remove: done in 0.000309754 secs using 164.3% CPU
Identifying sites to remove: done in 0.000274066 secs using 2119% CPU
Identifying sites to remove: done in 0.000281531 secs using 1603% CPU
Identifying sites to remove: done in 0.000332434 secs using 2202% CPU
Identifying sites to remove: done in 0.000335868 secs using 1003% CPU
Identifying sites to remove: done in 0.000348348 secs using 600.5% CPU
Identifying sites to remove: done in 0.000358164 secs using 443.1% CPU
Identifying sites to remove: done in 0.000299022 secs using 416.4% CPU
Identifying sites to remove: done in 0.0001995 secs using 190% CPU
Identifying sites to remove: done in 0.000306707 secs using 493.6% CPU
Identifying sites to remove: done in 0.000187691 secs using 1754% CPU
Identifying sites to remove: done in 0.000266656 secs using 2.895e+04% CPU
Identifying sites to remove: done in 0.00031798 secs using 254.7% CPU
Identifying sites to remove: done in 0.000332326 secs using 192.9% CPU
Identifying sites to remove: done in 0.00033281 secs using 99.16% CPU
Identifying sites to remove: done in 0.000184655 secs using 5.717e+04% CPU
Identifying sites to remove: done in 0.00018489 secs using 5.526e+04% CPU
Identifying sites to remove: done in 0.000186693 secs using 5.866e+04% CPU
Identifying sites to remove: done in 0.000231992 secs using 4.344e+04% CPU
Identifying sites to remove: done in 0.000155952 secs using 96.18% CPU
Identifying sites to remove: done in 0.000142291 secs using 339.4% CPU
Identifying sites to remove: done in 0.000154655 secs using 2080% CPU
Identifying sites to remove: done in 0.000152677 secs using 2036% CPU
Identifying sites to remove: done in 0.000154305 secs using 523% CPU
Identifying sites to remove: done in 0.00016145 secs using 1246% CPU
Identifying sites to remove: done in 0.000159055 secs using 909.1% CPU
Identifying sites to remove: done in 0.000162557 secs using 1251% CPU
Identifying sites to remove: done in 0.000156935 secs using 98.13% CPU
Identifying sites to remove: done in 0.000145111 secs using 97.86% CPU
Identifying sites to remove: done in 0.000102572 secs using 97.49% CPU
Identifying sites to remove: done in 0.000145439 secs using 98.32% CPU
Identifying sites to remove: done in 9.44696e-05 secs using 1675% CPU
Identifying sites to remove: done in 0.00014241 secs using 1239% CPU
Identifying sites to remove: done in 0.000149645 secs using 1201% CPU
Identifying sites to remove: done in 0.000160221 secs using 147.9% CPU
Identifying sites to remove: done in 0.000148278 secs using 97.79% CPU
Identifying sites to remove: done in 0.000409089 secs using 380.8% CPU
Identifying sites to remove: done in 0.0004148 secs using 720.8% CPU
Identifying sites to remove: done in 0.000493016 secs using 649.7% CPU
Identifying sites to remove: done in 0.000517737 secs using 627.5% CPU
Identifying sites to remove: done in 0.000499442 secs using 1.826e+04% CPU
Identifying sites to remove: done in 0.000478171 secs using 292.8% CPU
Identifying sites to remove: done in 0.000385083 secs using 128.3% CPU
Identifying sites to remove: done in 0.000484452 secs using 1893% CPU
Identifying sites to remove: done in 0.000405934 secs using 524.5% CPU
Identifying sites to remove: done in 0.000494741 secs using 1696% CPU
Identifying sites to remove: done in 0.000518799 secs using 1373% CPU
Identifying sites to remove: done in 0.000513587 secs using 1105% CPU
Identifying sites to remove: done in 0.000511784 secs using 824.6% CPU
Identifying sites to remove: done in 0.000373207 secs using 258.8% CPU
Identifying sites to remove: done in 0.000495978 secs using 111.1% CPU
Identifying sites to remove: done in 0.000510853 secs using 2.017e+04% CPU
Identifying sites to remove: done in 0.000365261 secs using 236.8% CPU
Identifying sites to remove: done in 0.000452269 secs using 485.3% CPU
Identifying sites to remove: done in 0.000412319 secs using 411.6% CPU
Identifying sites to remove: done in 0.000403672 secs using 453.1% CPU
Identifying sites to remove: done in 0.000513971 secs using 501.8% CPU
Identifying sites to remove: done in 0.000169769 secs using 1397% CPU
Identifying sites to remove: done in 0.00016249 secs using 145.2% CPU
Identifying sites to remove: done in 0.000152804 secs using 935.2% CPU
Identifying sites to remove: done in 0.000150282 secs using 750.6% CPU
Identifying sites to remove: done in 0.000149503 secs using 327.1% CPU
Identifying sites to remove: done in 0.00015917 secs using 542.2% CPU
Identifying sites to remove: done in 0.000136483 secs using 692.4% CPU
Identifying sites to remove: done in 0.000143964 secs using 169.5% CPU
Identifying sites to remove: done in 0.000277355 secs using 638.2% CPU
Identifying sites to remove: done in 0.000281285 secs using 368% CPU
Identifying sites to remove: done in 0.000306614 secs using 629.1% CPU
Identifying sites to remove: done in 0.000317287 secs using 367.2% CPU
Identifying sites to remove: done in 0.000286892 secs using 246.8% CPU
Identifying sites to remove: done in 0.000250924 secs using 389.8% CPU
Identifying sites to remove: done in 0.000304673 secs using 119.8% CPU
Identifying sites to remove: done in 0.000256103 secs using 3853% CPU
Identifying sites to remove: done in 0.000247091 secs using 2356% CPU
Identifying sites to remove: done in 0.000272989 secs using 2901% CPU
Identifying sites to remove: done in 0.000298314 secs using 1321% CPU
Identifying sites to remove: done in 0.000283089 secs using 683.9% CPU
Identifying sites to remove: done in 0.000293411 secs using 504.4% CPU
Identifying sites to remove: done in 0.000261657 secs using 438.4% CPU
Identifying sites to remove: done in 0.000257678 secs using 161.1% CPU
Identifying sites to remove: done in 0.000293639 secs using 1849% CPU
Identifying sites to remove: done in 0.000272065 secs using 1573% CPU
Identifying sites to remove: done in 0.000228982 secs using 223.2% CPU
Identifying sites to remove: done in 0.000275631 secs using 3.247e+04% CPU
Identifying sites to remove: done in 0.000287458 secs using 2.977e+04% CPU
Identifying sites to remove: done in 0.000279915 secs using 98.6% CPU
Identifying sites to remove: done in 8.75555e-05 secs using 6333% CPU
Identifying sites to remove: done in 8.80733e-05 secs using 2716% CPU
Identifying sites to remove: done in 8.72947e-05 secs using 1542% CPU
Identifying sites to remove: done in 0.000117142 secs using 312.4% CPU
Identifying sites to remove: done in 0.000104472 secs using 303.4% CPU
Identifying sites to remove: done in 7.29933e-05 secs using 449.4% CPU
Identifying sites to remove: done in 7.45542e-05 secs using 140.8% CPU
Identifying sites to remove: done in 7.49528e-05 secs using 1.995e+04% CPU
Identifying sites to remove: done in 8.35918e-05 secs using 4987% CPU
Identifying sites to remove: done in 8.99658e-05 secs using 8688% CPU
Identifying sites to remove: done in 0.000110794 secs using 1.039e+04% CPU
Identifying sites to remove: done in 0.000120614 secs using 3490% CPU
Identifying sites to remove: done in 0.00012235 secs using 341.6% CPU
Identifying sites to remove: done in 9.74387e-05 secs using 464.9% CPU
Identifying sites to remove: done in 0.000112109 secs using 7.056e+04% CPU
Identifying sites to remove: done in 7.87526e-05 secs using 675.5% CPU
Identifying sites to remove: done in 7.93114e-05 secs using 495.5% CPU
Identifying sites to remove: done in 8.00602e-05 secs using 624.5% CPU
Identifying sites to remove: done in 7.2211e-05 secs using 649.5% CPU
Identifying sites to remove: done in 7.36713e-05 secs using 190% CPU
Identifying sites to remove: done in 9.85265e-05 secs using 96.42% CPU
Identifying sites to remove: done in 0.000248749 secs using 353% CPU
Identifying sites to remove: done in 0.000290632 secs using 368.2% CPU
Identifying sites to remove: done in 0.000293925 secs using 1680% CPU
Identifying sites to remove: done in 0.000320204 secs using 357% CPU
Identifying sites to remove: done in 0.0002927 secs using 231% CPU
Identifying sites to remove: done in 0.000235636 secs using 352.7% CPU
Identifying sites to remove: done in 0.000285123 secs using 118.9% CPU
Identifying sites to remove: done in 0.000229519 secs using 5038% CPU
Identifying sites to remove: done in 0.000228424 secs using 3910% CPU
Identifying sites to remove: done in 0.000277039 secs using 2348% CPU
Identifying sites to remove: done in 0.000305347 secs using 4675% CPU
Identifying sites to remove: done in 0.000303619 secs using 1308% CPU
Identifying sites to remove: done in 0.000306446 secs using 357.6% CPU
Identifying sites to remove: done in 0.000276316 secs using 433.9% CPU
Identifying sites to remove: done in 0.000226658 secs using 199.4% CPU
Identifying sites to remove: done in 0.000232115 secs using 323.1% CPU
Identifying sites to remove: done in 0.000315648 secs using 299.7% CPU
Identifying sites to remove: done in 0.000215571 secs using 197.2% CPU
Identifying sites to remove: done in 0.000278905 secs using 383.6% CPU
Identifying sites to remove: done in 0.000287171 secs using 194% CPU
Identifying sites to remove: done in 0.000293359 secs using 99.2% CPU
Identifying sites to remove: done in 0.000160046 secs using 485.5% CPU
Identifying sites to remove: done in 0.000197902 secs using 446.2% CPU
Identifying sites to remove: done in 0.000202488 secs using 506.2% CPU
Identifying sites to remove: done in 0.000195615 secs using 377.3% CPU
Identifying sites to remove: done in 0.000148233 secs using 2784% CPU
Identifying sites to remove: done in 0.000162084 secs using 2116% CPU
Identifying sites to remove: done in 0.000187401 secs using 1075% CPU
Identifying sites to remove: done in 0.000189438 secs using 1491% CPU
Identifying sites to remove: done in 0.000173904 secs using 571% CPU
Identifying sites to remove: done in 0.000193994 secs using 1057% CPU
Identifying sites to remove: done in 0.000222184 secs using 562.1% CPU
Identifying sites to remove: done in 0.000172071 secs using 98.22% CPU
Identifying sites to remove: done in 0.00011782 secs using 2553% CPU
Identifying sites to remove: done in 0.000171348 secs using 1588% CPU
Identifying sites to remove: done in 0.000100009 secs using 2046% CPU
Identifying sites to remove: done in 0.000144698 secs using 1995% CPU
Identifying sites to remove: done in 0.000178076 secs using 112.9% CPU
Identifying sites to remove: done in 0.00017808 secs using 98.27% CPU
Identifying sites to remove: done in 0.000174098 secs using 2141% CPU
Identifying sites to remove: done in 0.000175111 secs using 2141% CPU
Identifying sites to remove: done in 0.000178434 secs using 387.3% CPU
Identifying sites to remove: done in 0.000176031 secs using 378.3% CPU
Identifying sites to remove: done in 0.000170421 secs using 255.8% CPU
Identifying sites to remove: done in 0.000152033 secs using 396% CPU
Identifying sites to remove: done in 0.000169612 secs using 5.359e+04% CPU
Identifying sites to remove: done in 0.000149965 secs using 903.5% CPU
Identifying sites to remove: done in 0.000153229 secs using 1019% CPU
Identifying sites to remove: done in 0.000165015 secs using 1076% CPU
Identifying sites to remove: done in 0.000194106 secs using 690.3% CPU
Identifying sites to remove: done in 0.000163332 secs using 729.2% CPU
Identifying sites to remove: done in 0.000181191 secs using 543.1% CPU
Identifying sites to remove: done in 0.000148878 secs using 352% CPU
Identifying sites to remove: done in 0.000162322 secs using 187.9% CPU
Identifying sites to remove: done in 0.00016823 secs using 1436% CPU
Identifying sites to remove: done in 0.00015248 secs using 1055% CPU
Identifying sites to remove: done in 0.000169542 secs using 283.7% CPU
Identifying sites to remove: done in 0.000150636 secs using 1099% CPU
Identifying sites to remove: done in 0.000162367 secs using 189.1% CPU
Identifying sites to remove: done in 0.000158958 secs using 98.14% CPU
Identifying sites to remove: done in 0.000196882 secs using 3877% CPU
Identifying sites to remove: done in 0.000199489 secs using 1595% CPU
Identifying sites to remove: done in 0.000225618 secs using 1453% CPU
Identifying sites to remove: done in 0.000224706 secs using 371.2% CPU
Identifying sites to remove: done in 0.000239588 secs using 248.3% CPU
Identifying sites to remove: done in 0.000183642 secs using 411.7% CPU
Identifying sites to remove: done in 0.000193585 secs using 4.799e+04% CPU
Identifying sites to remove: done in 0.000241738 secs using 890.6% CPU
Identifying sites to remove: done in 0.000179164 secs using 963.4% CPU
Identifying sites to remove: done in 0.000186365 secs using 809.7% CPU
Identifying sites to remove: done in 0.000201914 secs using 643.3% CPU
Identifying sites to remove: done in 0.000249658 secs using 880.4% CPU
Identifying sites to remove: done in 0.000254586 secs using 355.9% CPU
Identifying sites to remove: done in 0.000191774 secs using 306.6% CPU
Identifying sites to remove: done in 0.000233151 secs using 179.7% CPU
Identifying sites to remove: done in 0.000173543 secs using 1526% CPU
Identifying sites to remove: done in 0.000214141 secs using 927.4% CPU
Identifying sites to remove: done in 0.000171386 secs using 236.3% CPU
Identifying sites to remove: done in 0.000181917 secs using 1148% CPU
Identifying sites to remove: done in 0.000179503 secs using 162.7% CPU
Identifying sites to remove: done in 0.000237949 secs using 98.76% CPU
Identifying sites to remove: done in 0.000167433 secs using 1297% CPU
Identifying sites to remove: done in 0.000181567 secs using 657.1% CPU
Identifying sites to remove: done in 0.000181753 secs using 656.4% CPU
Identifying sites to remove: done in 0.000180714 secs using 384.6% CPU
Identifying sites to remove: done in 0.00016509 secs using 96.92% CPU
Identifying sites to remove: done in 0.000147101 secs using 373.2% CPU
Identifying sites to remove: done in 0.000159979 secs using 112.5% CPU
Identifying sites to remove: done in 0.000146132 secs using 4189% CPU
Identifying sites to remove: done in 0.00016024 secs using 3067% CPU
Identifying sites to remove: done in 0.00016997 secs using 2144% CPU
Identifying sites to remove: done in 0.000156194 secs using 453.3% CPU
Identifying sites to remove: done in 0.000180557 secs using 1359% CPU
Identifying sites to remove: done in 0.000177938 secs using 1210% CPU
Identifying sites to remove: done in 0.00015229 secs using 445.9% CPU
Identifying sites to remove: done in 0.00014291 secs using 114.8% CPU
Identifying sites to remove: done in 0.000177763 secs using 1895% CPU
Identifying sites to remove: done in 0.000141799 secs using 775% CPU
Identifying sites to remove: done in 0.000128392 secs using 2127% CPU
Identifying sites to remove: done in 0.000155408 secs using 1345% CPU
Identifying sites to remove: done in 0.000159103 secs using 194.2% CPU
Identifying sites to remove: done in 0.000156268 secs using 97.91% CPU
Identifying sites to remove: done in 0.000220705 secs using 364.7% CPU
Identifying sites to remove: done in 0.000264253 secs using 351.2% CPU
Identifying sites to remove: done in 0.00026729 secs using 369.3% CPU
Identifying sites to remove: done in 0.000281427 secs using 361% CPU
Identifying sites to remove: done in 0.000253372 secs using 228.5% CPU
Identifying sites to remove: done in 0.000203334 secs using 369.8% CPU
Identifying sites to remove: done in 0.000251964 secs using 128.6% CPU
Identifying sites to remove: done in 0.000201587 secs using 2842% CPU
Identifying sites to remove: done in 0.000246715 secs using 1829% CPU
Identifying sites to remove: done in 0.000254564 secs using 2952% CPU
Identifying sites to remove: done in 0.000273529 secs using 1613% CPU
Identifying sites to remove: done in 0.00023653 secs using 500.1% CPU
Identifying sites to remove: done in 0.000265419 secs using 1072% CPU
Identifying sites to remove: done in 0.00024879 secs using 422% CPU
Identifying sites to remove: done in 0.000200007 secs using 191% CPU
Identifying sites to remove: done in 0.000188094 secs using 812.9% CPU
Identifying sites to remove: done in 0.000283025 secs using 1563% CPU
Identifying sites to remove: done in 0.000208471 secs using 2837% CPU
Identifying sites to remove: done in 0.000244964 secs using 1451% CPU
Identifying sites to remove: done in 0.000243142 secs using 205.6% CPU
Identifying sites to remove: done in 0.000276342 secs using 3.224e+04% CPU
Identifying sites to remove: done in 0.000472918 secs using 724.2% CPU
Identifying sites to remove: done in 0.000473194 secs using 556.9% CPU
Identifying sites to remove: done in 0.000506621 secs using 1070% CPU
Identifying sites to remove: done in 0.000597864 secs using 340.9% CPU
Identifying sites to remove: done in 0.000597905 secs using 247.7% CPU
Identifying sites to remove: done in 0.000462305 secs using 170% CPU
Identifying sites to remove: done in 0.000455573 secs using 99.44% CPU
Identifying sites to remove: done in 0.000602286 secs using 1.714e+04% CPU
Identifying sites to remove: done in 0.000497386 secs using 759.4% CPU
Identifying sites to remove: done in 0.000483267 secs using 718.4% CPU
Identifying sites to remove: done in 0.000612993 secs using 587.6% CPU
Identifying sites to remove: done in 0.000635397 secs using 499.1% CPU
Identifying sites to remove: done in 0.000553425 secs using 357.8% CPU
Identifying sites to remove: done in 0.000458632 secs using 259.2% CPU
Identifying sites to remove: done in 0.000621524 secs using 137.7% CPU
Identifying sites to remove: done in 0.000567175 secs using 678.3% CPU
Identifying sites to remove: done in 0.000469171 secs using 1448% CPU
Identifying sites to remove: done in 0.000456035 secs using 993.3% CPU
Identifying sites to remove: done in 0.000510663 secs using 1.958e+04% CPU
Identifying sites to remove: done in 0.000497583 secs using 1.931e+04% CPU
Identifying sites to remove: done in 0.000600446 secs using 99.43% CPU
Identifying sites to remove: done in 0.000286706 secs using 401.5% CPU
Identifying sites to remove: done in 0.000319511 secs using 373.7% CPU
Identifying sites to remove: done in 0.000389073 secs using 374% CPU
Identifying sites to remove: done in 0.000380374 secs using 351.8% CPU
Identifying sites to remove: done in 0.000367928 secs using 254.7% CPU
Identifying sites to remove: done in 0.000372708 secs using 341.6% CPU
Identifying sites to remove: done in 0.000285722 secs using 146.3% CPU
Identifying sites to remove: done in 0.000326816 secs using 1.249e+04% CPU
Identifying sites to remove: done in 0.000370871 secs using 1.072e+04% CPU
Identifying sites to remove: done in 0.000368856 secs using 1.041e+04% CPU
Identifying sites to remove: done in 0.00038984 secs using 528.2% CPU
Identifying sites to remove: done in 0.000387263 secs using 494.5% CPU
Identifying sites to remove: done in 0.000371266 secs using 447.7% CPU
Identifying sites to remove: done in 0.000321832 secs using 298.9% CPU
Identifying sites to remove: done in 0.000345945 secs using 177.5% CPU
Identifying sites to remove: done in 0.00033389 secs using 1120% CPU
Identifying sites to remove: done in 0.000283245 secs using 871% CPU
Identifying sites to remove: done in 0.000318278 secs using 1500% CPU
Identifying sites to remove: done in 0.000293992 secs using 905.1% CPU
Identifying sites to remove: done in 0.000293285 secs using 202.9% CPU
Identifying sites to remove: done in 0.000342704 secs using 98.92% CPU
Identifying sites to remove: done in 0.00034425 secs using 1313% CPU
Identifying sites to remove: done in 0.000365671 secs using 1261% CPU
Identifying sites to remove: done in 0.000363428 secs using 828.8% CPU
Identifying sites to remove: done in 0.000376374 secs using 380.7% CPU
Identifying sites to remove: done in 0.000354219 secs using 244.2% CPU
Identifying sites to remove: done in 0.00032204 secs using 359.9% CPU
Identifying sites to remove: done in 0.000324611 secs using 140.8% CPU
Identifying sites to remove: done in 0.00032584 secs using 2881% CPU
Identifying sites to remove: done in 0.000334144 secs using 3889% CPU
Identifying sites to remove: done in 0.000351395 secs using 4727% CPU
Identifying sites to remove: done in 0.000342514 secs using 1738% CPU
Identifying sites to remove: done in 0.000369851 secs using 667.6% CPU
Identifying sites to remove: done in 0.000379913 secs using 548.5% CPU
Identifying sites to remove: done in 0.00032657 secs using 274.7% CPU
Identifying sites to remove: done in 0.000351593 secs using 190.8% CPU
Identifying sites to remove: done in 0.000347599 secs using 950.8% CPU
Identifying sites to remove: done in 0.000332907 secs using 649.4% CPU
Identifying sites to remove: done in 0.000301775 secs using 209.8% CPU
Identifying sites to remove: done in 0.000334866 secs using 731.3% CPU
Identifying sites to remove: done in 0.000335913 secs using 182.5% CPU
Identifying sites to remove: done in 0.000348505 secs using 99.28% CPU
Identifying sites to remove: done in 0.000300668 secs using 1274% CPU
Identifying sites to remove: done in 0.000301294 secs using 830.1% CPU
Identifying sites to remove: done in 0.000336435 secs using 1170% CPU
Identifying sites to remove: done in 0.000329748 secs using 379.7% CPU
Identifying sites to remove: done in 0.00028412 secs using 98.2% CPU
Identifying sites to remove: done in 0.000279002 secs using 312.5% CPU
Identifying sites to remove: done in 0.000278566 secs using 4225% CPU
Identifying sites to remove: done in 0.000290103 secs using 4723% CPU
Identifying sites to remove: done in 0.000318632 secs using 1547% CPU
Identifying sites to remove: done in 0.000327237 secs using 3354% CPU
Identifying sites to remove: done in 0.000324734 secs using 2466% CPU
Identifying sites to remove: done in 0.000315197 secs using 548.2% CPU
Identifying sites to remove: done in 0.000340339 secs using 280.3% CPU
Identifying sites to remove: done in 0.000183273 secs using 206.2% CPU
Identifying sites to remove: done in 0.000281252 secs using 410% CPU
Identifying sites to remove: done in 0.000286255 secs using 280.5% CPU
Identifying sites to remove: done in 0.000258308 secs using 185.1% CPU
Identifying sites to remove: done in 0.000169113 secs using 547% CPU
Identifying sites to remove: done in 0.000280652 secs using 488.1% CPU
Identifying sites to remove: done in 0.000280924 secs using 530.4% CPU
Identifying sites to remove: done in 0.000275955 secs using 129.4% CPU
Identifying sites to remove: done in 0.000211023 secs using 826.9% CPU
Identifying sites to remove: done in 0.000215065 secs using 4079% CPU
Identifying sites to remove: done in 0.000215419 secs using 2468% CPU
Identifying sites to remove: done in 0.000250716 secs using 351% CPU
Identifying sites to remove: done in 0.000247203 secs using 3.923e+04% CPU
Identifying sites to remove: done in 0.000195555 secs using 258.8% CPU
Identifying sites to remove: done in 0.000198338 secs using 140.2% CPU
Identifying sites to remove: done in 0.000180613 secs using 1235% CPU
Identifying sites to remove: done in 0.000194617 secs using 922.8% CPU
Identifying sites to remove: done in 0.000231422 secs using 1263% CPU
Identifying sites to remove: done in 0.000252493 secs using 1389% CPU
Identifying sites to remove: done in 0.000249252 secs using 745.8% CPU
Identifying sites to remove: done in 0.000195909 secs using 482.4% CPU
Identifying sites to remove: done in 0.000229854 secs using 438.1% CPU
Identifying sites to remove: done in 0.000197709 secs using 213.4% CPU
Identifying sites to remove: done in 0.000228915 secs using 860.6% CPU
Identifying sites to remove: done in 0.000167046 secs using 803.4% CPU
Identifying sites to remove: done in 0.000184078 secs using 1216% CPU
Identifying sites to remove: done in 0.000188239 secs using 132.3% CPU
Identifying sites to remove: done in 0.000191305 secs using 1377% CPU
Identifying sites to remove: done in 0.000229467 secs using 114.6% CPU
Identifying sites to remove: done in 0.000173904 secs using 949.4% CPU
Identifying sites to remove: done in 0.00017567 secs using 658.1% CPU
Identifying sites to remove: done in 0.000187837 secs using 371.6% CPU
Identifying sites to remove: done in 0.000176962 secs using 669.1% CPU
Identifying sites to remove: done in 0.000159398 secs using 96.61% CPU
Identifying sites to remove: done in 0.000164289 secs using 3541% CPU
Identifying sites to remove: done in 0.000154547 secs using 3820% CPU
Identifying sites to remove: done in 0.00015711 secs using 1888% CPU
Identifying sites to remove: done in 0.000173897 secs using 2876% CPU
Identifying sites to remove: done in 0.000170823 secs using 2351% CPU
Identifying sites to remove: done in 0.000173487 secs using 1184% CPU
Identifying sites to remove: done in 0.000213347 secs using 511.4% CPU
Identifying sites to remove: done in 0.000156846 secs using 281.2% CPU
Identifying sites to remove: done in 0.000156518 secs using 158.4% CPU
Identifying sites to remove: done in 0.000110582 secs using 1574% CPU
Identifying sites to remove: done in 0.000145987 secs using 530.2% CPU
Identifying sites to remove: done in 0.00015242 secs using 192.2% CPU
Identifying sites to remove: done in 9.37954e-05 secs using 2394% CPU
Identifying sites to remove: done in 0.000166696 secs using 2509% CPU
Identifying sites to remove: done in 0.00016281 secs using 1902% CPU
Identifying sites to remove: done in 0.000167727 secs using 214.6% CPU
Identifying sites to remove: done in 0.000206701 secs using 379.3% CPU
Identifying sites to remove: done in 0.000209708 secs using 382% CPU
Identifying sites to remove: done in 0.000224184 secs using 1758% CPU
Identifying sites to remove: done in 0.000224575 secs using 943.6% CPU
Identifying sites to remove: done in 0.000202965 secs using 98.54% CPU
Identifying sites to remove: done in 0.000198275 secs using 4.445e+04% CPU
Identifying sites to remove: done in 0.000211928 secs using 4.171e+04% CPU
Identifying sites to remove: done in 0.000200208 secs using 905.6% CPU
Identifying sites to remove: done in 0.000198219 secs using 769.9% CPU
Identifying sites to remove: done in 0.000200946 secs using 855% CPU
Identifying sites to remove: done in 0.000191338 secs using 724.4% CPU
Identifying sites to remove: done in 0.000216767 secs using 562.8% CPU
Identifying sites to remove: done in 0.000236329 secs using 250.5% CPU
Identifying sites to remove: done in 0.000198886 secs using 426.4% CPU
Identifying sites to remove: done in 0.000194088 secs using 176.7% CPU
Identifying sites to remove: done in 0.000200387 secs using 696.2% CPU
Identifying sites to remove: done in 0.000176057 secs using 127.8% CPU
Identifying sites to remove: done in 0.000190165 secs using 1744% CPU
Identifying sites to remove: done in 0.000194836 secs using 1010% CPU
Identifying sites to remove: done in 0.000199955 secs using 265.6% CPU
Identifying sites to remove: done in 0.000200827 secs using 98.59% CPU
Identifying sites to remove: done in 0.000247058 secs using 3618% CPU
Identifying sites to remove: done in 0.000292104 secs using 3.278e+04% CPU
Identifying sites to remove: done in 0.000293668 secs using 3.261e+04% CPU
Identifying sites to remove: done in 0.000311621 secs using 3.074e+04% CPU
Identifying sites to remove: done in 0.000283752 secs using 224.1% CPU
Identifying sites to remove: done in 0.00023498 secs using 349.4% CPU
Identifying sites to remove: done in 0.000262737 secs using 145.4% CPU
Identifying sites to remove: done in 0.000225484 secs using 1854% CPU
Identifying sites to remove: done in 0.000280425 secs using 1919% CPU
Identifying sites to remove: done in 0.000291552 secs using 1264% CPU
Identifying sites to remove: done in 0.000286222 secs using 972.3% CPU
Identifying sites to remove: done in 0.000288073 secs using 884.8% CPU
Identifying sites to remove: done in 0.000242747 secs using 535.9% CPU
Identifying sites to remove: done in 0.000277855 secs using 429% CPU
Identifying sites to remove: done in 0.00021816 secs using 202.6% CPU
Identifying sites to remove: done in 0.000270579 secs using 966.1% CPU
Identifying sites to remove: done in 0.000213396 secs using 748.4% CPU
Identifying sites to remove: done in 0.00022142 secs using 1342% CPU
Identifying sites to remove: done in 0.000267807 secs using 1196% CPU
Identifying sites to remove: done in 0.000265501 secs using 198.5% CPU
Identifying sites to remove: done in 0.000284195 secs using 98.88% CPU
Identifying sites to remove: done in 0.000182845 secs using 1926% CPU
Identifying sites to remove: done in 0.000185382 secs using 1934% CPU
Identifying sites to remove: done in 0.000184983 secs using 951.4% CPU
Identifying sites to remove: done in 0.000223674 secs using 339.3% CPU
Identifying sites to remove: done in 0.000169594 secs using 267.7% CPU
Identifying sites to remove: done in 0.00016807 secs using 336.2% CPU
Identifying sites to remove: done in 0.000161823 secs using 117.4% CPU
Identifying sites to remove: done in 0.000170369 secs using 6836% CPU
Identifying sites to remove: done in 0.000164066 secs using 2302% CPU
Identifying sites to remove: done in 0.000170488 secs using 5304% CPU
Identifying sites to remove: done in 0.000167236 secs using 3862% CPU
Identifying sites to remove: done in 0.000176195 secs using 1952% CPU
Identifying sites to remove: done in 0.000180345 secs using 414.8% CPU
Identifying sites to remove: done in 0.000156913 secs using 390.7% CPU
Identifying sites to remove: done in 0.000169333 secs using 189.6% CPU
Identifying sites to remove: done in 0.000167359 secs using 1907% CPU
Identifying sites to remove: done in 0.000152942 secs using 122.9% CPU
Identifying sites to remove: done in 0.000155427 secs using 5.426e+04% CPU
Identifying sites to remove: done in 0.000170086 secs using 4.851e+04% CPU
Identifying sites to remove: done in 0.000195 secs using 4.032e+04% CPU
Identifying sites to remove: done in 0.000162967 secs using 96.95% CPU
Identifying sites to remove: done in 0.000217382 secs using 1231% CPU
Identifying sites to remove: done in 0.000218969 secs using 2050% CPU
Identifying sites to remove: done in 0.0002352 secs using 2724% CPU
Identifying sites to remove: done in 0.000279956 secs using 330.1% CPU
Identifying sites to remove: done in 0.000203606 secs using 241.6% CPU
Identifying sites to remove: done in 0.000203542 secs using 119.9% CPU
Identifying sites to remove: done in 0.000192154 secs using 97.32% CPU
Identifying sites to remove: done in 0.000197094 secs using 2086% CPU
Identifying sites to remove: done in 0.000206217 secs using 3407% CPU
Identifying sites to remove: done in 0.000251591 secs using 5092% CPU
Identifying sites to remove: done in 0.000248548 secs using 4034% CPU
Identifying sites to remove: done in 0.000221044 secs using 1769% CPU
Identifying sites to remove: done in 0.000222031 secs using 486.4% CPU
Identifying sites to remove: done in 0.000192434 secs using 193.3% CPU
Identifying sites to remove: done in 0.000251152 secs using 401% CPU
Identifying sites to remove: done in 0.000269234 secs using 3.316e+04% CPU
Identifying sites to remove: done in 0.000194985 secs using 166.2% CPU
Identifying sites to remove: done in 0.000197962 secs using 569.8% CPU
Identifying sites to remove: done in 0.000195552 secs using 464.8% CPU
Identifying sites to remove: done in 0.000195354 secs using 262.6% CPU
Identifying sites to remove: done in 0.000199392 secs using 98.3% CPU
Identifying sites to remove: done in 0.000233736 secs using 3336% CPU
Identifying sites to remove: done in 0.000235479 secs using 816.6% CPU
Identifying sites to remove: done in 0.000235751 secs using 808.5% CPU
Identifying sites to remove: done in 0.000291254 secs using 337.5% CPU
Identifying sites to remove: done in 0.000268973 secs using 239.4% CPU
Identifying sites to remove: done in 0.000222012 secs using 3667% CPU
Identifying sites to remove: done in 0.000233132 secs using 4.078e+04% CPU
Identifying sites to remove: done in 0.000211388 secs using 701.6% CPU
Identifying sites to remove: done in 0.000216734 secs using 839.3% CPU
Identifying sites to remove: done in 0.000273932 secs using 875% CPU
Identifying sites to remove: done in 0.000277061 secs using 994% CPU
Identifying sites to remove: done in 0.00027648 secs using 885.8% CPU
Identifying sites to remove: done in 0.000224605 secs using 439.4% CPU
Identifying sites to remove: done in 0.000217125 secs using 211.4% CPU
Identifying sites to remove: done in 0.000265837 secs using 423.6% CPU
Identifying sites to remove: done in 0.000264492 secs using 721.4% CPU
Identifying sites to remove: done in 0.00019389 secs using 740.1% CPU
Identifying sites to remove: done in 0.000231478 secs using 1838% CPU
Identifying sites to remove: done in 0.000217263 secs using 1102% CPU
Identifying sites to remove: done in 0.000219714 secs using 203% CPU
Identifying sites to remove: done in 0.000266872 secs using 97.42% CPU
Identifying sites to remove: done in 0.00022142 secs using 352.7% CPU
Identifying sites to remove: done in 0.000226356 secs using 1368% CPU
Identifying sites to remove: done in 0.000225458 secs using 1351% CPU
Identifying sites to remove: done in 0.000278883 secs using 329.2% CPU
Identifying sites to remove: done in 0.000262264 secs using 1.638e+04% CPU
Identifying sites to remove: done in 0.000187114 secs using 282.2% CPU
Identifying sites to remove: done in 0.000200108 secs using 138.9% CPU
Identifying sites to remove: done in 0.000181694 secs using 677.5% CPU
Identifying sites to remove: done in 0.000183247 secs using 1030% CPU
Identifying sites to remove: done in 0.000205029 secs using 1235% CPU
Identifying sites to remove: done in 0.000244342 secs using 1563% CPU
Identifying sites to remove: done in 0.000240099 secs using 531.4% CPU
Identifying sites to remove: done in 0.000243224 secs using 1355% CPU
Identifying sites to remove: done in 0.00018632 secs using 775% CPU
Identifying sites to remove: done in 0.000254575 secs using 849.7% CPU
Identifying sites to remove: done in 0.000234723 secs using 1354% CPU
Identifying sites to remove: done in 0.000189085 secs using 1194% CPU
Identifying sites to remove: done in 0.000198726 secs using 206.3% CPU
Identifying sites to remove: done in 0.000193369 secs using 1290% CPU
Identifying sites to remove: done in 0.000199784 secs using 193.7% CPU
Identifying sites to remove: done in 0.000237841 secs using 98.81% CPU
Identifying sites to remove: done in 0.000216007 secs using 381.9% CPU
Identifying sites to remove: done in 0.000222918 secs using 1498% CPU
Identifying sites to remove: done in 0.000218898 secs using 1147% CPU
Identifying sites to remove: done in 0.000270795 secs using 336.8% CPU
Identifying sites to remove: done in 0.000197031 secs using 97.45% CPU
Identifying sites to remove: done in 0.000192877 secs using 317.8% CPU
Identifying sites to remove: done in 0.000201017 secs using 5336% CPU
Identifying sites to remove: done in 0.000194069 secs using 5363% CPU
Identifying sites to remove: done in 0.00020783 secs using 3668% CPU
Identifying sites to remove: done in 0.000203062 secs using 1484% CPU
Identifying sites to remove: done in 0.000206076 secs using 2290% CPU
Identifying sites to remove: done in 0.000231355 secs using 597.8% CPU
Identifying sites to remove: done in 0.000230059 secs using 213% CPU
Identifying sites to remove: done in 0.000195328 secs using 467.4% CPU
Identifying sites to remove: done in 0.000178639 secs using 206.6% CPU
Identifying sites to remove: done in 0.000242863 secs using 3.18e+04% CPU
Identifying sites to remove: done in 0.000186082 secs using 262.8% CPU
Identifying sites to remove: done in 0.00018125 secs using 196.4% CPU
Identifying sites to remove: done in 0.000190977 secs using 347.2% CPU
Identifying sites to remove: done in 0.000192273 secs using 196.1% CPU
Identifying sites to remove: done in 0.000193682 secs using 98.62% CPU
Identifying sites to remove: done in 0.000144411 secs using 374.6% CPU
Identifying sites to remove: done in 0.000144679 secs using 5754% CPU
Identifying sites to remove: done in 0.000173271 secs using 330.7% CPU
Identifying sites to remove: done in 0.000173826 secs using 359% CPU
Identifying sites to remove: done in 0.000140361 secs using 260% CPU
Identifying sites to remove: done in 0.000136882 secs using 336.1% CPU
Identifying sites to remove: done in 0.000140812 secs using 156.2% CPU
Identifying sites to remove: done in 0.000139046 secs using 9603% CPU
Identifying sites to remove: done in 0.000135716 secs using 588.7% CPU
Identifying sites to remove: done in 0.000146683 secs using 4835% CPU
Identifying sites to remove: done in 0.000152428 secs using 6732% CPU
Identifying sites to remove: done in 0.000146355 secs using 2834% CPU
Identifying sites to remove: done in 0.000160258 secs using 246.5% CPU
Identifying sites to remove: done in 0.000143569 secs using 460.4% CPU
Identifying sites to remove: done in 0.000137977 secs using 200% CPU
Identifying sites to remove: done in 0.000137646 secs using 98.08% CPU
Identifying sites to remove: done in 0.000144005 secs using 5.653e+04% CPU
Identifying sites to remove: done in 0.000150781 secs using 414.5% CPU
Identifying sites to remove: done in 0.000133172 secs using 383% CPU
Identifying sites to remove: done in 0.000133336 secs using 266.2% CPU
Identifying sites to remove: done in 0.000139236 secs using 97.68% CPU
Identifying sites to remove: done in 0.000473827 secs using 1369% CPU
Identifying sites to remove: done in 0.000550658 secs using 681.2% CPU
Identifying sites to remove: done in 0.000552453 secs using 934.2% CPU
Identifying sites to remove: done in 0.000580665 secs using 369.6% CPU
Identifying sites to remove: done in 0.00059849 secs using 233.3% CPU
Identifying sites to remove: done in 0.000443231 secs using 387.2% CPU
Identifying sites to remove: done in 0.000558138 secs using 128.8% CPU
Identifying sites to remove: done in 0.000605781 secs using 1.752e+04% CPU
Identifying sites to remove: done in 0.000460353 secs using 674.7% CPU
Identifying sites to remove: done in 0.000510857 secs using 539.1% CPU
Identifying sites to remove: done in 0.000580456 secs using 600.4% CPU
Identifying sites to remove: done in 0.000621457 secs using 513.5% CPU
Identifying sites to remove: done in 0.000623554 secs using 518.8% CPU
Identifying sites to remove: done in 0.000448357 secs using 297.8% CPU
Identifying sites to remove: done in 0.000570279 secs using 177.6% CPU
Identifying sites to remove: done in 0.000555083 secs using 543.3% CPU
Identifying sites to remove: done in 0.000413749 secs using 192.4% CPU
Identifying sites to remove: done in 0.000416916 secs using 99.54% CPU
Identifying sites to remove: done in 0.000600658 secs using 1.672e+04% CPU
Identifying sites to remove: done in 0.000610054 secs using 1.582e+04% CPU
Identifying sites to remove: done in 0.000616454 secs using 289.4% CPU
Identifying sites to remove: done in 0.000614889 secs using 382% CPU
Identifying sites to remove: done in 0.000629582 secs using 400.9% CPU
Identifying sites to remove: done in 0.000684459 secs using 388.5% CPU
Identifying sites to remove: done in 0.000755429 secs using 347.5% CPU
Identifying sites to remove: done in 0.00070988 secs using 4943% CPU
Identifying sites to remove: done in 0.000630818 secs using 310.4% CPU
Identifying sites to remove: done in 0.00061547 secs using 306.3% CPU
Identifying sites to remove: done in 0.00064813 secs using 1756% CPU
Identifying sites to remove: done in 0.000627693 secs using 1612% CPU
Identifying sites to remove: done in 0.000668447 secs using 1301% CPU
Identifying sites to remove: done in 0.000651043 secs using 1074% CPU
Identifying sites to remove: done in 0.000677079 secs using 747.5% CPU
Identifying sites to remove: done in 0.000703737 secs using 437.9% CPU
Identifying sites to remove: done in 0.000532657 secs using 303.6% CPU
Identifying sites to remove: done in 0.000655059 secs using 170.4% CPU
Identifying sites to remove: done in 0.000647273 secs using 293.7% CPU
Identifying sites to remove: done in 0.000528663 secs using 436.4% CPU
Identifying sites to remove: done in 0.000601456 secs using 753.2% CPU
Identifying sites to remove: done in 0.000622187 secs using 860.8% CPU
Identifying sites to remove: done in 0.000619579 secs using 521.8% CPU
Identifying sites to remove: done in 0.000676643 secs using 562% CPU
Identifying sites to remove: done in 0.000242271 secs using 407.4% CPU
Identifying sites to remove: done in 0.000282653 secs using 402.6% CPU
Identifying sites to remove: done in 0.000327133 secs using 379.1% CPU
Identifying sites to remove: done in 0.000318181 secs using 362.4% CPU
Identifying sites to remove: done in 0.000255566 secs using 260.2% CPU
Identifying sites to remove: done in 0.000303794 secs using 337.7% CPU
Identifying sites to remove: done in 0.000215039 secs using 107.4% CPU
Identifying sites to remove: done in 0.000267301 secs using 1.357e+04% CPU
Identifying sites to remove: done in 0.000323124 secs using 1.167e+04% CPU
Identifying sites to remove: done in 0.000331379 secs using 1.036e+04% CPU
Identifying sites to remove: done in 0.000330608 secs using 1.038e+04% CPU
Identifying sites to remove: done in 0.000369221 secs using 8999% CPU
Identifying sites to remove: done in 0.000252645 secs using 473.8% CPU
Identifying sites to remove: done in 0.000214182 secs using 348.3% CPU
Identifying sites to remove: done in 0.000276353 secs using 175.5% CPU
Identifying sites to remove: done in 0.000277065 secs using 98.89% CPU
Identifying sites to remove: done in 0.000179425 secs using 1213% CPU
Identifying sites to remove: done in 0.000217881 secs using 2289% CPU
Identifying sites to remove: done in 0.000224072 secs using 1608% CPU
Identifying sites to remove: done in 0.000314619 secs using 182.1% CPU
Identifying sites to remove: done in 0.000221964 secs using 98.66% CPU
Identifying sites to remove: done in 0.000242405 secs using 863% CPU
Identifying sites to remove: done in 0.000246946 secs using 1800% CPU
Identifying sites to remove: done in 0.000242677 secs using 867.8% CPU
Identifying sites to remove: done in 0.000255179 secs using 380.5% CPU
Identifying sites to remove: done in 0.000282835 secs using 241.8% CPU
Identifying sites to remove: done in 0.000233743 secs using 357.7% CPU
Identifying sites to remove: done in 0.000221856 secs using 158.2% CPU
Identifying sites to remove: done in 0.000219114 secs using 4698% CPU
Identifying sites to remove: done in 0.000228971 secs using 1605% CPU
Identifying sites to remove: done in 0.000271481 secs using 3081% CPU
Identifying sites to remove: done in 0.000273686 secs using 2249% CPU
Identifying sites to remove: done in 0.000244439 secs using 691.8% CPU
Identifying sites to remove: done in 0.000315081 secs using 418% CPU
Identifying sites to remove: done in 0.000175711 secs using 204.3% CPU
Identifying sites to remove: done in 0.000269685 secs using 402% CPU
Identifying sites to remove: done in 0.00022817 secs using 98.61% CPU
Identifying sites to remove: done in 0.000169691 secs using 2330% CPU
Identifying sites to remove: done in 0.000207063 secs using 3218% CPU
Identifying sites to remove: done in 0.000233773 secs using 3.64e+04% CPU
Identifying sites to remove: done in 0.000239898 secs using 3.446e+04% CPU
Identifying sites to remove: done in 0.000276882 secs using 97.15% CPU
Identifying sites to remove: done in 0.000301946 secs using 697.5% CPU
Identifying sites to remove: done in 0.000302646 secs using 702.5% CPU
Identifying sites to remove: done in 0.000321571 secs using 1933% CPU
Identifying sites to remove: done in 0.000328485 secs using 372% CPU
Identifying sites to remove: done in 0.000321805 secs using 255.7% CPU
Identifying sites to remove: done in 0.000300299 secs using 3.312e+04% CPU
Identifying sites to remove: done in 0.000297137 secs using 131.6% CPU
Identifying sites to remove: done in 0.00032505 secs using 1420% CPU
Identifying sites to remove: done in 0.000289276 secs using 1487% CPU
Identifying sites to remove: done in 0.000295058 secs using 1006% CPU
Identifying sites to remove: done in 0.000330459 secs using 1118% CPU
Identifying sites to remove: done in 0.000323929 secs using 726.4% CPU
Identifying sites to remove: done in 0.000315331 secs using 526.1% CPU
Identifying sites to remove: done in 0.000287835 secs using 292.5% CPU
Identifying sites to remove: done in 0.00031703 secs using 158.3% CPU
Identifying sites to remove: done in 0.000305858 secs using 589.5% CPU
Identifying sites to remove: done in 0.000294957 secs using 1075% CPU
Identifying sites to remove: done in 0.000282656 secs using 1204% CPU
Identifying sites to remove: done in 0.000296958 secs using 1190% CPU
Identifying sites to remove: done in 0.000294413 secs using 138.9% CPU
Identifying sites to remove: done in 0.000316948 secs using 842.7% CPU
Identifying sites to remove: done in 7.15852e-05 secs using 364.6% CPU
Identifying sites to remove: done in 6.85304e-05 secs using 188.2% CPU
Identifying sites to remove: done in 6.94357e-05 secs using 185.8% CPU
Identifying sites to remove: done in 7.01919e-05 secs using 371.8% CPU
Identifying sites to remove: done in 6.56247e-05 secs using 89.91% CPU
Identifying sites to remove: done in 7.22259e-05 secs using 1.019e+04% CPU
Identifying sites to remove: done in 6.65411e-05 secs using 505% CPU
Identifying sites to remove: done in 7.11158e-05 secs using 5550% CPU
Identifying sites to remove: done in 6.18882e-05 secs using 155.1% CPU
Identifying sites to remove: done in 5.83641e-05 secs using 190.2% CPU
Identifying sites to remove: done in 6.14412e-05 secs using 351.6% CPU
Identifying sites to remove: done in 5.96531e-05 secs using 2937% CPU
Identifying sites to remove: done in 6.35497e-05 secs using 2773% CPU
Identifying sites to remove: done in 7.34739e-05 secs using 9.097e+04% CPU
Identifying sites to remove: done in 8.51415e-05 secs using 7.822e+04% CPU
Identifying sites to remove: done in 4.66928e-05 secs using 92.09% CPU
Identifying sites to remove: done in 7.24457e-05 secs using 466.6% CPU
Identifying sites to remove: done in 5.72875e-05 secs using 211.2% CPU
Identifying sites to remove: done in 6.64033e-05 secs using 1145% CPU
Identifying sites to remove: done in 6.71074e-05 secs using 278.7% CPU
Identifying sites to remove: done in 6.65151e-05 secs using 1143% CPU
Identifying sites to remove: done in 6.49951e-05 secs using 1122% CPU
Identifying sites to remove: done in 6.15753e-05 secs using 186.8% CPU
Identifying sites to remove: done in 6.48238e-05 secs using 5543% CPU
Identifying sites to remove: done in 6.45667e-05 secs using 3088% CPU
Identifying sites to remove: done in 6.65896e-05 secs using 4199% CPU
Identifying sites to remove: done in 6.44065e-05 secs using 1848% CPU
Identifying sites to remove: done in 7.61151e-05 secs using 521.6% CPU
Identifying sites to remove: done in 8.70675e-05 secs using 606.4% CPU
Identifying sites to remove: done in 4.54113e-05 secs using 449.2% CPU
Identifying sites to remove: done in 6.02603e-05 secs using 2091% CPU
Identifying sites to remove: done in 6.84373e-05 secs using 1879% CPU
Identifying sites to remove: done in 6.48834e-05 secs using 279% CPU
Identifying sites to remove: done in 6.20559e-05 secs using 93.46% CPU
Identifying sites to remove: done in 6.19181e-05 secs using 1093% CPU
Identifying sites to remove: done in 6.46934e-05 secs using 810% CPU
Identifying sites to remove: done in 4.10378e-05 secs using 238.8% CPU
Identifying sites to remove: done in 0.000166681 secs using 364.2% CPU
Identifying sites to remove: done in 0.000168338 secs using 1836% CPU
Identifying sites to remove: done in 0.000168964 secs using 1138% CPU
Identifying sites to remove: done in 0.000169836 secs using 383.3% CPU
Identifying sites to remove: done in 0.000152357 secs using 256.6% CPU
Identifying sites to remove: done in 0.000147298 secs using 346.9% CPU
Identifying sites to remove: done in 0.000151519 secs using 152.5% CPU
Identifying sites to remove: done in 0.000148635 secs using 3542% CPU
Identifying sites to remove: done in 0.000153854 secs using 3436% CPU
Identifying sites to remove: done in 0.000167299 secs using 2282% CPU
Identifying sites to remove: done in 0.00017681 secs using 1543% CPU
Identifying sites to remove: done in 0.000171803 secs using 636.2% CPU
Identifying sites to remove: done in 0.000158448 secs using 395.7% CPU
Identifying sites to remove: done in 0.000154369 secs using 420.4% CPU
Identifying sites to remove: done in 0.000152692 secs using 193.9% CPU
Identifying sites to remove: done in 0.000159934 secs using 1512% CPU
Identifying sites to remove: done in 0.000140809 secs using 707.3% CPU
Identifying sites to remove: done in 0.000128008 secs using 3212% CPU
Identifying sites to remove: done in 0.000144597 secs using 1322% CPU
Identifying sites to remove: done in 0.000146404 secs using 206.3% CPU
Identifying sites to remove: done in 0.000164591 secs using 4.767e+04% CPU
Identifying sites to remove: done in 0.000172969 secs using 1253% CPU
Identifying sites to remove: done in 0.000173006 secs using 1269% CPU
Identifying sites to remove: done in 0.000176243 secs using 1262% CPU
Identifying sites to remove: done in 0.000200532 secs using 354.6% CPU
Identifying sites to remove: done in 0.000170846 secs using 260.5% CPU
Identifying sites to remove: done in 0.000155818 secs using 347.2% CPU
Identifying sites to remove: done in 0.000151265 secs using 156% CPU
Identifying sites to remove: done in 0.000164095 secs using 4953% CPU
Identifying sites to remove: done in 0.000165764 secs using 6323% CPU
Identifying sites to remove: done in 0.000155915 secs using 2191% CPU
Identifying sites to remove: done in 0.000154193 secs using 2198% CPU
Identifying sites to remove: done in 0.000183709 secs using 649.9% CPU
Identifying sites to remove: done in 0.000187889 secs using 458.2% CPU
Identifying sites to remove: done in 0.000160705 secs using 352.2% CPU
Identifying sites to remove: done in 0.000163551 secs using 195% CPU
Identifying sites to remove: done in 0.000156913 secs using 98.14% CPU
Identifying sites to remove: done in 0.000149895 secs using 719.8% CPU
Identifying sites to remove: done in 0.000167303 secs using 1296% CPU
Identifying sites to remove: done in 0.000153378 secs using 2522% CPU
Identifying sites to remove: done in 0.000152726 secs using 196.4% CPU
Identifying sites to remove: done in 0.000176888 secs using 4.568e+04% CPU
Identifying sites to remove: done in 0.000179593 secs using 2266% CPU
Identifying sites to remove: done in 0.000182059 secs using 3220% CPU
Identifying sites to remove: done in 0.000180017 secs using 1337% CPU
Identifying sites to remove: done in 0.000207692 secs using 354.9% CPU
Identifying sites to remove: done in 0.000167862 secs using 96.51% CPU
Identifying sites to remove: done in 0.000165373 secs using 327.7% CPU
Identifying sites to remove: done in 0.000165511 secs using 156.5% CPU
Identifying sites to remove: done in 0.000166871 secs using 6564% CPU
Identifying sites to remove: done in 0.000165608 secs using 5124% CPU
Identifying sites to remove: done in 0.000178654 secs using 2021% CPU
Identifying sites to remove: done in 0.000164196 secs using 3658% CPU
Identifying sites to remove: done in 0.000214376 secs using 564.9% CPU
Identifying sites to remove: done in 0.000179399 secs using 405.8% CPU
Identifying sites to remove: done in 0.000170499 secs using 468% CPU
Identifying sites to remove: done in 0.000158649 secs using 203.6% CPU
Identifying sites to remove: done in 0.00017992 secs using 2066% CPU
Identifying sites to remove: done in 0.000160754 secs using 170.4% CPU
Identifying sites to remove: done in 0.000137478 secs using 4177% CPU
Identifying sites to remove: done in 0.000163261 secs using 1324% CPU
Identifying sites to remove: done in 0.000173058 secs using 249% CPU
Identifying sites to remove: done in 0.000165142 secs using 97.49% CPU
Identifying sites to remove: done in 0.000191737 secs using 2259% CPU
Identifying sites to remove: done in 0.000190604 secs using 1328% CPU
Identifying sites to remove: done in 0.000207111 secs using 371.3% CPU
Identifying sites to remove: done in 0.000193018 secs using 2271% CPU
Identifying sites to remove: done in 0.000187937 secs using 250.1% CPU
Identifying sites to remove: done in 0.000184003 secs using 348.9% CPU
Identifying sites to remove: done in 0.000174616 secs using 142% CPU
Identifying sites to remove: done in 0.000177771 secs using 2132% CPU
Identifying sites to remove: done in 0.000180289 secs using 2116% CPU
Identifying sites to remove: done in 0.000198871 secs using 4648% CPU
Identifying sites to remove: done in 0.000224948 secs using 4159% CPU
Identifying sites to remove: done in 0.000214107 secs using 639.9% CPU
Identifying sites to remove: done in 0.000198357 secs using 397.3% CPU
Identifying sites to remove: done in 0.000168402 secs using 337.9% CPU
Identifying sites to remove: done in 0.000199374 secs using 181.6% CPU
Identifying sites to remove: done in 0.000193059 secs using 2058% CPU
Identifying sites to remove: done in 0.000177152 secs using 684.7% CPU
Identifying sites to remove: done in 0.000160541 secs using 5.4e+04% CPU
Identifying sites to remove: done in 0.000186425 secs using 4.339e+04% CPU
Identifying sites to remove: done in 0.000190731 secs using 4.451e+04% CPU
Identifying sites to remove: done in 0.00017792 secs using 98.36% CPU
Identifying sites to remove: done in 0.000180099 secs using 2032% CPU
Identifying sites to remove: done in 0.000183672 secs using 783.5% CPU
Identifying sites to remove: done in 0.000182018 secs using 3336% CPU
Identifying sites to remove: done in 0.000205334 secs using 359.9% CPU
Identifying sites to remove: done in 0.000177696 secs using 251.6% CPU
Identifying sites to remove: done in 0.000161652 secs using 341.5% CPU
Identifying sites to remove: done in 0.000166487 secs using 135.1% CPU
Identifying sites to remove: done in 0.000170309 secs using 8109% CPU
Identifying sites to remove: done in 0.000166349 secs using 2564% CPU
Identifying sites to remove: done in 0.000164133 secs using 6479% CPU
Identifying sites to remove: done in 0.000195306 secs using 3895% CPU
Identifying sites to remove: done in 0.000201143 secs using 620.5% CPU
Identifying sites to remove: done in 0.000202015 secs using 417.8% CPU
Identifying sites to remove: done in 0.000171028 secs using 457.2% CPU
Identifying sites to remove: done in 0.000175241 secs using 194.6% CPU
Identifying sites to remove: done in 0.000184391 secs using 4.679e+04% CPU
Identifying sites to remove: done in 0.000158533 secs using 310.3% CPU
Identifying sites to remove: done in 0.000194322 secs using 575.8% CPU
Identifying sites to remove: done in 0.000176582 secs using 491% CPU
Identifying sites to remove: done in 0.00016401 secs using 235.4% CPU
Identifying sites to remove: done in 0.000173103 secs using 98.21% CPU
Identifying sites to remove: done in 0.000344999 secs using 2503% CPU
Identifying sites to remove: done in 0.000344746 secs using 1745% CPU
Identifying sites to remove: done in 0.000343975 secs using 1157% CPU
Identifying sites to remove: done in 0.000385705 secs using 364.5% CPU
Identifying sites to remove: done in 0.000353791 secs using 242.2% CPU
Identifying sites to remove: done in 0.000327162 secs using 351.8% CPU
Identifying sites to remove: done in 0.000321731 secs using 139.6% CPU
Identifying sites to remove: done in 0.000336315 secs using 743.3% CPU
Identifying sites to remove: done in 0.000346605 secs using 698.8% CPU
Identifying sites to remove: done in 0.000372045 secs using 703.1% CPU
Identifying sites to remove: done in 0.000380859 secs using 642.8% CPU
Identifying sites to remove: done in 0.000368208 secs using 630.4% CPU
Identifying sites to remove: done in 0.00036503 secs using 587.1% CPU
Identifying sites to remove: done in 0.00030081 secs using 298.2% CPU
Identifying sites to remove: done in 0.000351101 secs using 161.8% CPU
Identifying sites to remove: done in 0.00033997 secs using 1184% CPU
Identifying sites to remove: done in 0.000312287 secs using 705.8% CPU
Identifying sites to remove: done in 0.000259954 secs using 1997% CPU
Identifying sites to remove: done in 0.000334572 secs using 199.4% CPU
Identifying sites to remove: done in 0.000338484 secs using 200% CPU
Identifying sites to remove: done in 0.000353441 secs using 99.03% CPU
Identifying sites to remove: done in 0.000128854 secs using 3838% CPU
Identifying sites to remove: done in 0.000126451 secs using 330.6% CPU
Identifying sites to remove: done in 0.000127394 secs using 357.2% CPU
Identifying sites to remove: done in 0.000181358 secs using 300.5% CPU
Identifying sites to remove: done in 0.000125222 secs using 95.83% CPU
Identifying sites to remove: done in 9.51327e-05 secs using 392.1% CPU
Identifying sites to remove: done in 0.000114743 secs using 1.406e+04% CPU
Identifying sites to remove: done in 0.000105295 secs using 9028% CPU
Identifying sites to remove: done in 9.97707e-05 secs using 2560% CPU
Identifying sites to remove: done in 0.000135515 secs using 4547% CPU
Identifying sites to remove: done in 0.000124373 secs using 508.2% CPU
Identifying sites to remove: done in 0.00014196 secs using 9302% CPU
Identifying sites to remove: done in 0.000115559 secs using 96.92% CPU
Identifying sites to remove: done in 0.000120655 secs using 425.2% CPU
Identifying sites to remove: done in 0.000113085 secs using 6.861e+04% CPU
Identifying sites to remove: done in 0.00011928 secs using 260.7% CPU
Identifying sites to remove: done in 9.47602e-05 secs using 365.1% CPU
Identifying sites to remove: done in 0.000115931 secs using 443.4% CPU
Identifying sites to remove: done in 0.000102844 secs using 489.1% CPU
Identifying sites to remove: done in 0.000103466 secs using 193.3% CPU
Identifying sites to remove: done in 0.000122711 secs using 97.79% CPU
Identifying sites to remove: done in 0.000158269 secs using 3159% CPU
Identifying sites to remove: done in 0.000174109 secs using 384.2% CPU
Identifying sites to remove: done in 0.000175394 secs using 1309% CPU
Identifying sites to remove: done in 0.00017425 secs using 383.9% CPU
Identifying sites to remove: done in 0.000165418 secs using 97.93% CPU
Identifying sites to remove: done in 0.00013959 secs using 6534% CPU
Identifying sites to remove: done in 0.000165284 secs using 6759% CPU
Identifying sites to remove: done in 0.000141408 secs using 3459% CPU
Identifying sites to remove: done in 0.000163067 secs using 5755% CPU
Identifying sites to remove: done in 0.000172287 secs using 503.2% CPU
Identifying sites to remove: done in 0.00019531 secs using 2620% CPU
Identifying sites to remove: done in 0.000207648 secs using 1379% CPU
Identifying sites to remove: done in 0.000160888 secs using 228.7% CPU
Identifying sites to remove: done in 0.000160281 secs using 133.5% CPU
Identifying sites to remove: done in 0.000132877 secs using 468.1% CPU
Identifying sites to remove: done in 0.000166662 secs using 1736% CPU
Identifying sites to remove: done in 0.000141706 secs using 213.8% CPU
Identifying sites to remove: done in 0.000129189 secs using 3227% CPU
Identifying sites to remove: done in 0.000167649 secs using 985.4% CPU
Identifying sites to remove: done in 0.000165548 secs using 1778% CPU
Identifying sites to remove: done in 0.000174321 secs using 155.5% CPU
Identifying sites to remove: done in 0.000302147 secs using 1264% CPU
Identifying sites to remove: done in 0.000302088 secs using 391.6% CPU
Identifying sites to remove: done in 0.000301708 secs using 384.5% CPU
Identifying sites to remove: done in 0.000328735 secs using 371.1% CPU
Identifying sites to remove: done in 0.000307653 secs using 235% CPU
Identifying sites to remove: done in 0.000279985 secs using 349.7% CPU
Identifying sites to remove: done in 0.000284698 secs using 140.9% CPU
Identifying sites to remove: done in 0.000288639 secs using 1463% CPU
Identifying sites to remove: done in 0.000291336 secs using 2228% CPU
Identifying sites to remove: done in 0.000298992 secs using 3662% CPU
Identifying sites to remove: done in 0.000310186 secs using 2840% CPU
Identifying sites to remove: done in 0.000311598 secs using 1299% CPU
Identifying sites to remove: done in 0.000328127 secs using 531.8% CPU
Identifying sites to remove: done in 0.000280339 secs using 194.8% CPU
Identifying sites to remove: done in 0.000298988 secs using 191.6% CPU
Identifying sites to remove: done in 0.000296306 secs using 1423% CPU
Identifying sites to remove: done in 0.000273164 secs using 3.363e+04% CPU
Identifying sites to remove: done in 0.000300422 secs using 261.6% CPU
Identifying sites to remove: done in 0.00028998 secs using 303.5% CPU
Identifying sites to remove: done in 0.000293937 secs using 196.6% CPU
Identifying sites to remove: done in 0.000299931 secs using 99.02% CPU
Identifying sites to remove: done in 0.000282541 secs using 494.1% CPU
Identifying sites to remove: done in 0.000286911 secs using 571.6% CPU
Identifying sites to remove: done in 0.000283439 secs using 454.4% CPU
Identifying sites to remove: done in 0.000297837 secs using 380.7% CPU
Identifying sites to remove: done in 0.000270646 secs using 97.91% CPU
Identifying sites to remove: done in 0.000252839 secs using 774.8% CPU
Identifying sites to remove: done in 0.00027046 secs using 560.9% CPU
Identifying sites to remove: done in 0.00026121 secs using 2650% CPU
Identifying sites to remove: done in 0.000262231 secs using 2142% CPU
Identifying sites to remove: done in 0.000262208 secs using 1151% CPU
Identifying sites to remove: done in 0.000298604 secs using 1503% CPU
Identifying sites to remove: done in 0.000311006 secs using 616.1% CPU
Identifying sites to remove: done in 0.000287812 secs using 385.7% CPU
Identifying sites to remove: done in 0.000260707 secs using 448% CPU
Identifying sites to remove: done in 0.000204038 secs using 225% CPU
Identifying sites to remove: done in 0.000257701 secs using 98.56% CPU
Identifying sites to remove: done in 0.000234641 secs using 641.8% CPU
Identifying sites to remove: done in 0.000218898 secs using 2293% CPU
Identifying sites to remove: done in 0.000260357 secs using 1223% CPU
Identifying sites to remove: done in 0.000266895 secs using 204.6% CPU
Identifying sites to remove: done in 0.000262611 secs using 98.63% CPU
Identifying sites to remove: done in 0.000298847 secs using 642.5% CPU
Identifying sites to remove: done in 0.000301056 secs using 655.4% CPU
Identifying sites to remove: done in 0.000303574 secs using 900.3% CPU
Identifying sites to remove: done in 0.000329554 secs using 368.7% CPU
Identifying sites to remove: done in 0.000303309 secs using 249.3% CPU
Identifying sites to remove: done in 0.000296429 secs using 344.1% CPU
Identifying sites to remove: done in 0.000285231 secs using 132.2% CPU
Identifying sites to remove: done in 0.000290629 secs using 1891% CPU
Identifying sites to remove: done in 0.000295479 secs using 4315% CPU
Identifying sites to remove: done in 0.000292607 secs using 3118% CPU
Identifying sites to remove: done in 0.000298277 secs using 5489% CPU
Identifying sites to remove: done in 0.000350725 secs using 2.53e+04% CPU
Identifying sites to remove: done in 0.000353422 secs using 2.388e+04% CPU
Identifying sites to remove: done in 0.000272911 secs using 195.3% CPU
Identifying sites to remove: done in 0.00029834 secs using 285.9% CPU
Identifying sites to remove: done in 0.000303067 secs using 893.9% CPU
Identifying sites to remove: done in 0.000257939 secs using 112% CPU
Identifying sites to remove: done in 0.000288747 secs using 1349% CPU
Identifying sites to remove: done in 0.00029828 secs using 826.1% CPU
Identifying sites to remove: done in 0.000286177 secs using 283.4% CPU
Identifying sites to remove: done in 0.000297923 secs using 99.02% CPU
Identifying sites to remove: done in 0.00024255 secs using 1873% CPU
Identifying sites to remove: done in 0.00027724 secs using 777.7% CPU
Identifying sites to remove: done in 0.000279162 secs using 795.2% CPU
Identifying sites to remove: done in 0.000311244 secs using 351.8% CPU
Identifying sites to remove: done in 0.00028256 secs using 231.8% CPU
Identifying sites to remove: done in 0.000207622 secs using 408.4% CPU
Identifying sites to remove: done in 0.000266038 secs using 127.4% CPU
Identifying sites to remove: done in 0.00021185 secs using 1904% CPU
Identifying sites to remove: done in 0.000292078 secs using 5198% CPU
Identifying sites to remove: done in 0.000260528 secs using 2620% CPU
Identifying sites to remove: done in 0.000284161 secs using 3446% CPU
Identifying sites to remove: done in 0.000284426 secs using 4454% CPU
Identifying sites to remove: done in 0.00022829 secs using 315.4% CPU
Identifying sites to remove: done in 0.00020811 secs using 181.2% CPU
Identifying sites to remove: done in 0.000278663 secs using 434.6% CPU
Identifying sites to remove: done in 0.000254329 secs using 277.2% CPU
Identifying sites to remove: done in 0.000195161 secs using 398.6% CPU
Identifying sites to remove: done in 0.000214648 secs using 850.7% CPU
Identifying sites to remove: done in 0.000252776 secs using 503.6% CPU
Identifying sites to remove: done in 0.000255033 secs using 205.9% CPU
Identifying sites to remove: done in 0.000274274 secs using 99.17% CPU
Identifying sites to remove: done in 8.76151e-05 secs using 761.3% CPU
Identifying sites to remove: done in 0.000105388 secs using 878.7% CPU
Identifying sites to remove: done in 0.000106134 secs using 521% CPU
Identifying sites to remove: done in 0.000136577 secs using 306.1% CPU
Identifying sites to remove: done in 7.63386e-05 secs using 1648% CPU
Identifying sites to remove: done in 7.30865e-05 secs using 1474% CPU
Identifying sites to remove: done in 0.000103746 secs using 2817% CPU
Identifying sites to remove: done in 0.000126034 secs using 1623% CPU
Identifying sites to remove: done in 0.000110406 secs using 1074% CPU
Identifying sites to remove: done in 0.000125706 secs using 1671% CPU
Identifying sites to remove: done in 0.000139754 secs using 520.2% CPU
Identifying sites to remove: done in 9.23388e-05 secs using 97.47% CPU
Identifying sites to remove: done in 7.29784e-05 secs using 592% CPU
Identifying sites to remove: done in 0.000101358 secs using 2370% CPU
Identifying sites to remove: done in 9.42834e-05 secs using 1266% CPU
Identifying sites to remove: done in 9.67793e-05 secs using 1022% CPU
Identifying sites to remove: done in 9.64776e-05 secs using 614.7% CPU
Identifying sites to remove: done in 9.03346e-05 secs using 199.3% CPU
Identifying sites to remove: done in 0.000188325 secs using 885.7% CPU
Identifying sites to remove: done in 0.00018847 secs using 885% CPU
Identifying sites to remove: done in 0.000189371 secs using 2048% CPU
Identifying sites to remove: done in 0.000203997 secs using 372.1% CPU
Identifying sites to remove: done in 0.000181623 secs using 98.01% CPU
Identifying sites to remove: done in 0.000170283 secs using 341.2% CPU
Identifying sites to remove: done in 0.000179462 secs using 3383% CPU
Identifying sites to remove: done in 0.000175238 secs using 6568% CPU
Identifying sites to remove: done in 0.000188135 secs using 4113% CPU
Identifying sites to remove: done in 0.000190888 secs using 5185% CPU
Identifying sites to remove: done in 0.000201233 secs using 2822% CPU
Identifying sites to remove: done in 0.000188775 secs using 1266% CPU
Identifying sites to remove: done in 0.000221323 secs using 323.1% CPU
Identifying sites to remove: done in 0.000178114 secs using 420.5% CPU
Identifying sites to remove: done in 0.000168271 secs using 165.8% CPU
Identifying sites to remove: done in 0.000183295 secs using 1632% CPU
Identifying sites to remove: done in 0.000165585 secs using 137.1% CPU
Identifying sites to remove: done in 0.000182778 secs using 4.38e+04% CPU
Identifying sites to remove: done in 0.000188824 secs using 278.6% CPU
Identifying sites to remove: done in 0.000195965 secs using 247.5% CPU
Identifying sites to remove: done in 0.000174787 secs using 97.83% CPU
Identifying sites to remove: done in 0.000387661 secs using 970.2% CPU
Identifying sites to remove: done in 0.000390518 secs using 2137% CPU
Identifying sites to remove: done in 0.000390675 secs using 1553% CPU
Identifying sites to remove: done in 0.000482582 secs using 339.6% CPU
Identifying sites to remove: done in 0.000476182 secs using 243.4% CPU
Identifying sites to remove: done in 0.000364672 secs using 151.1% CPU
Identifying sites to remove: done in 0.000365611 secs using 99.29% CPU
Identifying sites to remove: done in 0.000477642 secs using 644.8% CPU
Identifying sites to remove: done in 0.000384144 secs using 774.4% CPU
Identifying sites to remove: done in 0.000391439 secs using 664.2% CPU
Identifying sites to remove: done in 0.000488866 secs using 630.6% CPU
Identifying sites to remove: done in 0.000507325 secs using 552.3% CPU
Identifying sites to remove: done in 0.000417449 secs using 361.5% CPU
Identifying sites to remove: done in 0.000349067 secs using 315.4% CPU
Identifying sites to remove: done in 0.000465758 secs using 160.2% CPU
Identifying sites to remove: done in 0.000477798 secs using 668.3% CPU
Identifying sites to remove: done in 0.000364888 secs using 711.5% CPU
Identifying sites to remove: done in 0.000366814 secs using 1869% CPU
Identifying sites to remove: done in 0.000397917 secs using 1009% CPU
Identifying sites to remove: done in 0.000385497 secs using 243.6% CPU
Identifying sites to remove: done in 0.00050528 secs using 1.85e+04% CPU
Identifying sites to remove: done in 4.91254e-05 secs using 91.6% CPU
Identifying sites to remove: done in 5.05187e-05 secs using 180.1% CPU
Identifying sites to remove: done in 5.62184e-05 secs using 336.2% CPU
Identifying sites to remove: done in 5.08428e-05 secs using 271.4% CPU
Identifying sites to remove: done in 4.56125e-05 secs using 87.7% CPU
Identifying sites to remove: done in 3.65227e-05 secs using 87.62% CPU
Identifying sites to remove: done in 4.60632e-05 secs using 9847% CPU
Identifying sites to remove: done in 4.47445e-05 secs using 7856% CPU
Identifying sites to remove: done in 4.296e-05 secs using 5894% CPU
Identifying sites to remove: done in 3.85046e-05 secs using 5869% CPU
Identifying sites to remove: done in 7.58953e-05 secs using 1718% CPU
Identifying sites to remove: done in 0.000100464 secs using 450.9% CPU
Identifying sites to remove: done in 3.92124e-05 secs using 339.2% CPU
Identifying sites to remove: done in 3.85344e-05 secs using 93.42% CPU
Identifying sites to remove: done in 3.69884e-05 secs using 878.7% CPU
Identifying sites to remove: done in 3.07299e-05 secs using 198.5% CPU
Identifying sites to remove: done in 3.5245e-05 secs using 90.79% CPU
Identifying sites to remove: done in 3.74839e-05 secs using 4258% CPU
Identifying sites to remove: done in 3.88846e-05 secs using 5712% CPU
Identifying sites to remove: done in 4.49568e-05 secs using 1072% CPU
Identifying sites to remove: done in 3.24585e-05 secs using 218.7% CPU
Identifying sites to remove: done in 0.000185531 secs using 375.1% CPU
Identifying sites to remove: done in 0.000190701 secs using 383.3% CPU
Identifying sites to remove: done in 0.000186279 secs using 382.8% CPU
Identifying sites to remove: done in 0.000202838 secs using 371.7% CPU
Identifying sites to remove: done in 0.000185672 secs using 258.5% CPU
Identifying sites to remove: done in 0.000168424 secs using 355.1% CPU
Identifying sites to remove: done in 0.000170283 secs using 139.2% CPU
Identifying sites to remove: done in 0.000183199 secs using 4327% CPU
Identifying sites to remove: done in 0.000201192 secs using 3049% CPU
Identifying sites to remove: done in 0.000191797 secs using 2247% CPU
Identifying sites to remove: done in 0.000180397 secs using 1481% CPU
Identifying sites to remove: done in 0.000202648 secs using 1245% CPU
Identifying sites to remove: done in 0.000228293 secs using 400.8% CPU
Identifying sites to remove: done in 0.000172641 secs using 331.9% CPU
Identifying sites to remove: done in 0.000178844 secs using 193.5% CPU
Identifying sites to remove: done in 0.000191383 secs using 4.417e+04% CPU
Identifying sites to remove: done in 0.000166859 secs using 98.29% CPU
Identifying sites to remove: done in 0.000173617 secs using 583.5% CPU
Identifying sites to remove: done in 0.000186149 secs using 427.6% CPU
Identifying sites to remove: done in 0.000187408 secs using 285.5% CPU
Identifying sites to remove: done in 0.000182379 secs using 98.7% CPU
Identifying sites to remove: done in 0.000158265 secs using 3974% CPU
Identifying sites to remove: done in 0.000160504 secs using 2230% CPU
Identifying sites to remove: done in 0.00015999 secs using 820.1% CPU
Identifying sites to remove: done in 0.000181023 secs using 358% CPU
Identifying sites to remove: done in 0.00015334 secs using 260.2% CPU
Identifying sites to remove: done in 0.000143893 secs using 375.3% CPU
Identifying sites to remove: done in 0.000152167 secs using 158.4% CPU
Identifying sites to remove: done in 0.000143379 secs using 2758% CPU
Identifying sites to remove: done in 0.000158593 secs using 9035% CPU
Identifying sites to remove: done in 0.000147074 secs using 7377% CPU
Identifying sites to remove: done in 0.000193566 secs using 3904% CPU
Identifying sites to remove: done in 0.000154756 secs using 451.7% CPU
Identifying sites to remove: done in 0.000188239 secs using 2024% CPU
Identifying sites to remove: done in 0.000159062 secs using 4940% CPU
Identifying sites to remove: done in 0.000167981 secs using 4.788e+04% CPU
Identifying sites to remove: done in 0.000159353 secs using 340.8% CPU
Identifying sites to remove: done in 0.000134502 secs using 171% CPU
Identifying sites to remove: done in 0.000155039 secs using 908.2% CPU
Identifying sites to remove: done in 0.000150774 secs using 644.7% CPU
Identifying sites to remove: done in 0.000144884 secs using 298.9% CPU
Identifying sites to remove: done in 0.000148684 secs using 96.18% CPU
Identifying sites to remove: done in 0.000131637 secs using 3872% CPU
Identifying sites to remove: done in 0.000131484 secs using 308% CPU
Identifying sites to remove: done in 0.000159517 secs using 342.9% CPU
Identifying sites to remove: done in 0.000163194 secs using 346.8% CPU
Identifying sites to remove: done in 0.0001355 secs using 259% CPU
Identifying sites to remove: done in 0.00013303 secs using 353.3% CPU
Identifying sites to remove: done in 0.000117127 secs using 152% CPU
Identifying sites to remove: done in 0.000117779 secs using 2304% CPU
Identifying sites to remove: done in 0.000136249 secs using 8610% CPU
Identifying sites to remove: done in 0.000150673 secs using 5906% CPU
Identifying sites to remove: done in 0.000149712 secs using 4018% CPU
Identifying sites to remove: done in 0.000156537 secs using 445.9% CPU
Identifying sites to remove: done in 0.000137541 secs using 277.7% CPU
Identifying sites to remove: done in 0.000102788 secs using 375.5% CPU
Identifying sites to remove: done in 0.000137608 secs using 168.6% CPU
Identifying sites to remove: done in 0.000140674 secs using 2352% CPU
Identifying sites to remove: done in 0.000127964 secs using 152.4% CPU
Identifying sites to remove: done in 0.000113595 secs using 2034% CPU
Identifying sites to remove: done in 0.000123892 secs using 6.098e+04% CPU
Identifying sites to remove: done in 0.000121195 secs using 6.179e+04% CPU
Identifying sites to remove: done in 0.000131626 secs using 96.49% CPU
Identifying sites to remove: done in 9.01632e-05 secs using 347.1% CPU
Identifying sites to remove: done in 9.07741e-05 secs using 379% CPU
Identifying sites to remove: done in 9.08077e-05 secs using 344.7% CPU
Identifying sites to remove: done in 9.09232e-05 secs using 4849% CPU
Identifying sites to remove: done in 8.52868e-05 secs using 92.63% CPU
Identifying sites to remove: done in 8.14758e-05 secs using 429.6% CPU
Identifying sites to remove: done in 8.94666e-05 secs using 7950% CPU
Identifying sites to remove: done in 8.4471e-05 secs using 8573% CPU
Identifying sites to remove: done in 8.3413e-05 secs using 4553% CPU
Identifying sites to remove: done in 9.3054e-05 secs using 2238% CPU
Identifying sites to remove: done in 8.57487e-05 secs using 6455% CPU
Identifying sites to remove: done in 0.000101723 secs using 417.8% CPU
Identifying sites to remove: done in 7.92369e-05 secs using 94.65% CPU
Identifying sites to remove: done in 8.08872e-05 secs using 459.9% CPU
Identifying sites to remove: done in 7.73072e-05 secs using 194% CPU
Identifying sites to remove: done in 7.96244e-05 secs using 2885% CPU
Identifying sites to remove: done in 7.7635e-05 secs using 112.1% CPU
Identifying sites to remove: done in 8.24034e-05 secs using 1783% CPU
Identifying sites to remove: done in 7.78958e-05 secs using 824.2% CPU
Identifying sites to remove: done in 9.0342e-05 secs using 2723% CPU
Identifying sites to remove: done in 8.65459e-05 secs using 120.2% CPU
Identifying sites to remove: done in 0.000155225 secs using 1579% CPU
Identifying sites to remove: done in 0.000159837 secs using 379.1% CPU
Identifying sites to remove: done in 0.000155371 secs using 361.7% CPU
Identifying sites to remove: done in 0.000157185 secs using 1597% CPU
Identifying sites to remove: done in 0.000142686 secs using 96.72% CPU
Identifying sites to remove: done in 0.000144757 secs using 356.5% CPU
Identifying sites to remove: done in 0.000152919 secs using 150.4% CPU
Identifying sites to remove: done in 0.000157736 secs using 5.051e+04% CPU
Identifying sites to remove: done in 0.000153415 secs using 4.918e+04% CPU
Identifying sites to remove: done in 0.000162553 secs using 5.017e+04% CPU
Identifying sites to remove: done in 0.000161704 secs using 4.8e+04% CPU
Identifying sites to remove: done in 0.000147652 secs using 386% CPU
Identifying sites to remove: done in 0.00019512 secs using 405.4% CPU
Identifying sites to remove: done in 0.000151664 secs using 439.8% CPU
Identifying sites to remove: done in 0.000114176 secs using 227.7% CPU
Identifying sites to remove: done in 0.00015543 secs using 663.3% CPU
Identifying sites to remove: done in 0.00014038 secs using 116.8% CPU
Identifying sites to remove: done in 0.000141565 secs using 1625% CPU
Identifying sites to remove: done in 0.000108644 secs using 316.6% CPU
Identifying sites to remove: done in 0.000155408 secs using 800.5% CPU
Identifying sites to remove: done in 0.000142157 secs using 97.78% CPU
Identifying sites to remove: done in 0.000514552 secs using 1710% CPU
Identifying sites to remove: done in 0.000580706 secs using 379.4% CPU
Identifying sites to remove: done in 0.00058385 secs using 1091% CPU
Identifying sites to remove: done in 0.000637386 secs using 628.7% CPU
Identifying sites to remove: done in 0.000635631 secs using 1.513e+04% CPU
Identifying sites to remove: done in 0.000490163 secs using 285.6% CPU
Identifying sites to remove: done in 0.000572633 secs using 305.3% CPU
Identifying sites to remove: done in 0.000623856 secs using 1101% CPU
Identifying sites to remove: done in 0.000530865 secs using 1490% CPU
Identifying sites to remove: done in 0.000616688 secs using 859.8% CPU
Identifying sites to remove: done in 0.000680298 secs using 1035% CPU
Identifying sites to remove: done in 0.000672311 secs using 748.6% CPU
Identifying sites to remove: done in 0.000576355 secs using 324.5% CPU
Identifying sites to remove: done in 0.000457998 secs using 295.4% CPU
Identifying sites to remove: done in 0.00062171 secs using 157.3% CPU
Identifying sites to remove: done in 0.000608958 secs using 99.19% CPU
Identifying sites to remove: done in 0.000492398 secs using 632% CPU
Identifying sites to remove: done in 0.000478603 secs using 788.3% CPU
Identifying sites to remove: done in 0.000630245 secs using 691.2% CPU
Identifying sites to remove: done in 0.000599667 secs using 434.2% CPU
Identifying sites to remove: done in 0.000696093 secs using 1.445e+04% CPU
Identifying sites to remove: done in 0.000175592 secs using 424.3% CPU
Identifying sites to remove: done in 0.00022959 secs using 390.7% CPU
Identifying sites to remove: done in 0.000218548 secs using 397.6% CPU
Identifying sites to remove: done in 0.000299133 secs using 302.2% CPU
Identifying sites to remove: done in 0.0001937 secs using 96.54% CPU
Identifying sites to remove: done in 0.000157528 secs using 97.76% CPU
Identifying sites to remove: done in 0.000162359 secs using 2319% CPU
Identifying sites to remove: done in 0.000167895 secs using 1495% CPU
Identifying sites to remove: done in 0.000187829 secs using 2453% CPU
Identifying sites to remove: done in 0.000184719 secs using 532.2% CPU
Identifying sites to remove: done in 0.000228181 secs using 877.4% CPU
Identifying sites to remove: done in 0.000269923 secs using 1375% CPU
Identifying sites to remove: done in 0.00015825 secs using 458.8% CPU
Identifying sites to remove: done in 0.000149161 secs using 202.5% CPU
Identifying sites to remove: done in 0.000301681 secs using 341.4% CPU
Identifying sites to remove: done in 0.000159863 secs using 1857% CPU
Identifying sites to remove: done in 0.000157595 secs using 724% CPU
Identifying sites to remove: done in 0.000153225 secs using 2636% CPU
Identifying sites to remove: done in 0.00015337 secs using 1335% CPU
Identifying sites to remove: done in 0.000167817 secs using 197.8% CPU
Identifying sites to remove: done in 0.000165198 secs using 98.06% CPU
Identifying sites to remove: done in 0.000161968 secs using 1762% CPU
Identifying sites to remove: done in 0.000164077 secs using 1756% CPU
Identifying sites to remove: done in 0.000159644 secs using 1077% CPU
Identifying sites to remove: done in 0.000251688 secs using 286.5% CPU
Identifying sites to remove: done in 0.000143066 secs using 95.76% CPU
Identifying sites to remove: done in 0.000138503 secs using 5175% CPU
Identifying sites to remove: done in 0.000140559 secs using 4536% CPU
Identifying sites to remove: done in 0.00014621 secs using 5571% CPU
Identifying sites to remove: done in 0.000169486 secs using 1784% CPU
Identifying sites to remove: done in 0.000169702 secs using 1782% CPU
Identifying sites to remove: done in 0.000164047 secs using 525.5% CPU
Identifying sites to remove: done in 0.000251152 secs using 1117% CPU
Identifying sites to remove: done in 0.000151068 secs using 453.4% CPU
Identifying sites to remove: done in 0.000138991 secs using 205% CPU
Identifying sites to remove: done in 0.000147525 secs using 174.9% CPU
Identifying sites to remove: done in 0.000255529 secs using 1406% CPU
Identifying sites to remove: done in 0.000135079 secs using 2790% CPU
Identifying sites to remove: done in 0.000118058 secs using 3771% CPU
Identifying sites to remove: done in 0.00013594 secs using 1372% CPU
Identifying sites to remove: done in 0.000139348 secs using 197.3% CPU
Identifying sites to remove: done in 0.000141062 secs using 97.83% CPU
Identifying sites to remove: done in 0.000103615 secs using 625.4% CPU
Identifying sites to remove: done in 0.000103988 secs using 623.2% CPU
Identifying sites to remove: done in 0.00010388 secs using 623.8% CPU
Identifying sites to remove: done in 0.00020067 secs using 514.8% CPU
Identifying sites to remove: done in 9.18284e-05 secs using 186.2% CPU
Identifying sites to remove: done in 8.83937e-05 secs using 2672% CPU
Identifying sites to remove: done in 9.2078e-05 secs using 3689% CPU
Identifying sites to remove: done in 9.1251e-05 secs using 2474% CPU
Identifying sites to remove: done in 9.75393e-05 secs using 1535% CPU
Identifying sites to remove: done in 8.82894e-05 secs using 2125% CPU
Identifying sites to remove: done in 0.000123855 secs using 623.3% CPU
Identifying sites to remove: done in 0.000148643 secs using 217.3% CPU
Identifying sites to remove: done in 9.08189e-05 secs using 460.3% CPU
Identifying sites to remove: done in 7.68676e-05 secs using 212.1% CPU
Identifying sites to remove: done in 8.79951e-05 secs using 409.1% CPU
Identifying sites to remove: done in 8.0239e-05 secs using 235.5% CPU
Identifying sites to remove: done in 0.000162575 secs using 2193% CPU
Identifying sites to remove: done in 6.56955e-05 secs using 3924% CPU
Identifying sites to remove: done in 9.37842e-05 secs using 1276% CPU
Identifying sites to remove: done in 8.76598e-05 secs using 272.6% CPU
Identifying sites to remove: done in 9.05655e-05 secs using 96.06% CPU
Identifying sites to remove: done in 0.000100408 secs using 97.6% CPU
Identifying sites to remove: done in 9.17278e-05 secs using 5678% CPU
Identifying sites to remove: done in 9.85339e-05 secs using 480% CPU
Identifying sites to remove: done in 0.000101302 secs using 2377% CPU
Identifying sites to remove: done in 0.000106979 secs using 3468% CPU
Identifying sites to remove: done in 0.000171576 secs using 4008% CPU
Identifying sites to remove: done in 9.17315e-05 secs using 318.3% CPU
Identifying sites to remove: done in 9.41791e-05 secs using 135.9% CPU
Identifying sites to remove: done in 0.000377946 secs using 2.303e+04% CPU
Identifying sites to remove: done in 0.000378318 secs using 2.3e+04% CPU
Identifying sites to remove: done in 0.00043628 secs using 1.973e+04% CPU
Identifying sites to remove: done in 0.000480074 secs using 1.843e+04% CPU
Identifying sites to remove: done in 0.000358712 secs using 228.9% CPU
Identifying sites to remove: done in 0.000303939 secs using 150.4% CPU
Identifying sites to remove: done in 0.000335142 secs using 99.06% CPU
Identifying sites to remove: done in 0.000309616 secs using 3047% CPU
Identifying sites to remove: done in 0.000350945 secs using 2007% CPU
Identifying sites to remove: done in 0.000348814 secs using 1516% CPU
Identifying sites to remove: done in 0.000441968 secs using 2047% CPU
Identifying sites to remove: done in 0.000451975 secs using 867.7% CPU
Identifying sites to remove: done in 0.000370599 secs using 462.8% CPU
Identifying sites to remove: done in 0.000309445 secs using 324.8% CPU
Identifying sites to remove: done in 0.000406146 secs using 150.4% CPU
Identifying sites to remove: done in 0.000450563 secs using 2.211e+04% CPU
Identifying sites to remove: done in 0.000316802 secs using 365.2% CPU
Identifying sites to remove: done in 0.000349533 secs using 449.7% CPU
Identifying sites to remove: done in 0.0003528 secs using 363.1% CPU
Identifying sites to remove: done in 0.000350446 secs using 198% CPU
Identifying sites to remove: done in 0.000370715 secs using 772.3% CPU
Identifying sites to remove: done in 0.000166494 secs using 1443% CPU
Identifying sites to remove: done in 0.000163227 secs using 357.8% CPU
Identifying sites to remove: done in 0.000182725 secs using 850.5% CPU
Identifying sites to remove: done in 0.000190176 secs using 1337% CPU
Identifying sites to remove: done in 0.000170827 secs using 247% CPU
Identifying sites to remove: done in 0.000130791 secs using 117.7% CPU
Identifying sites to remove: done in 0.000151537 secs using 97.67% CPU
Identifying sites to remove: done in 0.00016119 secs using 4695% CPU
Identifying sites to remove: done in 0.000159726 secs using 3725% CPU
Identifying sites to remove: done in 0.000166848 secs using 1660% CPU
Identifying sites to remove: done in 0.000136189 secs using 653.5% CPU
Identifying sites to remove: done in 0.000191882 secs using 618.1% CPU
Identifying sites to remove: done in 0.000175968 secs using 2515% CPU
Identifying sites to remove: done in 0.000153814 secs using 482.4% CPU
Identifying sites to remove: done in 0.000148442 secs using 200.1% CPU
Identifying sites to remove: done in 0.000156038 secs using 98.05% CPU
Identifying sites to remove: done in 0.000142001 secs using 2584% CPU
Identifying sites to remove: done in 0.000163313 secs using 2916% CPU
Identifying sites to remove: done in 0.000153504 secs using 1375% CPU
Identifying sites to remove: done in 0.000161599 secs using 213.5% CPU
Identifying sites to remove: done in 0.000157751 secs using 97.62% CPU
Identifying sites to remove: done in 7.58655e-05 secs using 92.27% CPU
Identifying sites to remove: done in 6.4455e-05 secs using 4132% CPU
Identifying sites to remove: done in 7.22483e-05 secs using 2087% CPU
Identifying sites to remove: done in 7.18422e-05 secs using 1276% CPU
Identifying sites to remove: done in 7.00094e-05 secs using 425.7% CPU
Identifying sites to remove: done in 7.29151e-05 secs using 2152% CPU
Identifying sites to remove: done in 5.94705e-05 secs using 321.2% CPU
Identifying sites to remove: done in 6.5092e-05 secs using 138.3% CPU
Identifying sites to remove: done in 0.000248007 secs using 1252% CPU
Identifying sites to remove: done in 0.000273261 secs using 1570% CPU
Identifying sites to remove: done in 0.000290744 secs using 1500% CPU
Identifying sites to remove: done in 0.000275049 secs using 234.9% CPU
Identifying sites to remove: done in 0.000280883 secs using 883.6% CPU
Identifying sites to remove: done in 0.000262864 secs using 3153% CPU
Identifying sites to remove: done in 0.00027708 secs using 2485% CPU
Identifying sites to remove: done in 0.000290897 secs using 1885% CPU
Identifying sites to remove: done in 0.00028326 secs using 1148% CPU
Identifying sites to remove: done in 0.000293031 secs using 589% CPU
Identifying sites to remove: done in 0.000260808 secs using 579.7% CPU
Identifying sites to remove: done in 0.000161596 secs using 97.77% CPU
Identifying sites to remove: done in 0.000257142 secs using 303.7% CPU
Identifying sites to remove: done in 0.000238515 secs using 184.9% CPU
Identifying sites to remove: done in 0.000241458 secs using 1519% CPU
Identifying sites to remove: done in 0.000280466 secs using 506.3% CPU
Identifying sites to remove: done in 0.000154886 secs using 2529% CPU
Identifying sites to remove: done in 0.000279173 secs using 883.7% CPU
Identifying sites to remove: done in 0.000298399 secs using 2.7e+04% CPU
Identifying sites to remove: done in 3.10466e-05 secs using 86.97% CPU
Identifying sites to remove: done in 2.23741e-05 secs using 89.39% CPU
Identifying sites to remove: done in 2.59317e-05 secs using 2.279e+04% CPU
Identifying sites to remove: done in 3.09348e-05 secs using 6653% CPU
Identifying sites to remove: done in 2.62856e-05 secs using 357.6% CPU
Identifying sites to remove: done in 2.95974e-05 secs using 6795% CPU
Identifying sites to remove: done in 2.48887e-05 secs using 8466% CPU
Identifying sites to remove: done in 2.22065e-05 secs using 184.6% CPU
Identifying sites to remove: done in 0.000124946 secs using 2604% CPU
Identifying sites to remove: done in 0.000139859 secs using 730% CPU
Identifying sites to remove: done in 0.0001393 secs using 376.9% CPU
Identifying sites to remove: done in 0.000168879 secs using 1985% CPU
Identifying sites to remove: done in 0.000129364 secs using 220.3% CPU
Identifying sites to remove: done in 0.000116277 secs using 135% CPU
Identifying sites to remove: done in 0.000120867 secs using 5365% CPU
Identifying sites to remove: done in 0.00012745 secs using 1827% CPU
Identifying sites to remove: done in 0.000127934 secs using 4012% CPU
Identifying sites to remove: done in 0.000147864 secs using 4114% CPU
Identifying sites to remove: done in 0.000144083 secs using 655.2% CPU
Identifying sites to remove: done in 0.000139315 secs using 1257% CPU
Identifying sites to remove: done in 0.00012774 secs using 162.8% CPU
Identifying sites to remove: done in 0.000123244 secs using 98.18% CPU
Identifying sites to remove: done in 0.000124674 secs using 1419% CPU
Identifying sites to remove: done in 0.000129487 secs using 3165% CPU
Identifying sites to remove: done in 0.00014269 secs using 2629% CPU
Identifying sites to remove: done in 0.000131015 secs using 1378% CPU
Identifying sites to remove: done in 0.000130054 secs using 3730% CPU
Identifying sites to remove: done in 0.000143293 secs using 2790% CPU
Identifying sites to remove: done in 0.000127815 secs using 179.9% CPU
Identifying sites to remove: done in 3.3129e-05 secs using 2810% CPU
Identifying sites to remove: done in 3.44552e-05 secs using 5358% CPU
Identifying sites to remove: done in 4.40143e-05 secs using 224.9% CPU
Identifying sites to remove: done in 3.37809e-05 secs using 82.89% CPU
Identifying sites to remove: done in 3.2194e-05 secs using 3122% CPU
Identifying sites to remove: done in 3.10019e-05 secs using 180.6% CPU
Identifying sites to remove: done in 2.65464e-05 secs using 4061% CPU
Identifying sites to remove: done in 3.19369e-05 secs using 166% CPU
Identifying sites to remove: done in 2.59615e-05 secs using 92.44% CPU
Identifying sites to remove: done in 3.01674e-05 secs using 92.82% CPU
Identifying sites to remove: done in 2.90759e-05 secs using 89.42% CPU
Identifying sites to remove: done in 0.000119686 secs using 587.4% CPU
Identifying sites to remove: done in 0.000122078 secs using 2973% CPU
Identifying sites to remove: done in 0.000122227 secs using 2716% CPU
Identifying sites to remove: done in 0.000120606 secs using 788.5% CPU
Identifying sites to remove: done in 0.000149295 secs using 696.6% CPU
Identifying sites to remove: done in 0.000142865 secs using 392.7% CPU
Identifying sites to remove: done in 0.000104804 secs using 97.32% CPU
Identifying sites to remove: done in 0.000107128 secs using 98.01% CPU
Identifying sites to remove: done in 8.92058e-05 secs using 2668% CPU
Identifying sites to remove: done in 9.17278e-05 secs using 2633% CPU
Identifying sites to remove: done in 9.94205e-05 secs using 5677% CPU
Identifying sites to remove: done in 0.000110123 secs using 3129% CPU
Identifying sites to remove: done in 9.39146e-05 secs using 205.5% CPU
Identifying sites to remove: done in 8.47131e-05 secs using 96.8% CPU
Identifying sites to remove: done in 7.49044e-05 secs using 4846% CPU
Identifying sites to remove: done in 9.5889e-05 secs using 2679% CPU
Identifying sites to remove: done in 8.96156e-05 secs using 142.8% CPU
Identifying sites to remove: done in 8.44933e-05 secs using 97.05% CPU
Identifying sites to remove: done in 0.000121653 secs using 343.6% CPU
Identifying sites to remove: done in 0.000148457 secs using 492.4% CPU
Identifying sites to remove: done in 0.000165358 secs using 506.8% CPU
Identifying sites to remove: done in 0.000166588 secs using 670.5% CPU
Identifying sites to remove: done in 9.60566e-05 secs using 3878% CPU
Identifying sites to remove: done in 0.000119675 secs using 2266% CPU
Identifying sites to remove: done in 0.00012121 secs using 597.3% CPU
Identifying sites to remove: done in 0.000158411 secs using 1807% CPU
Identifying sites to remove: done in 0.000164371 secs using 1376% CPU
Identifying sites to remove: done in 0.000173777 secs using 926.5% CPU
Identifying sites to remove: done in 0.000202648 secs using 2133% CPU
Identifying sites to remove: done in 0.000131994 secs using 98.49% CPU
Identifying sites to remove: done in 0.000101481 secs using 565.6% CPU
Identifying sites to remove: done in 0.000166044 secs using 1112% CPU
Identifying sites to remove: done in 0.000119172 secs using 1790% CPU
Identifying sites to remove: done in 0.000117663 secs using 254.1% CPU
Identifying sites to remove: done in 0.000165291 secs using 1142% CPU
Identifying sites to remove: done in 0.000154976 secs using 97.43% CPU
Identifying sites to remove: done in 0.000178281 secs using 2873% CPU
Identifying sites to remove: done in 0.000181276 secs using 1610% CPU
Identifying sites to remove: done in 0.000190884 secs using 899.5% CPU
Identifying sites to remove: done in 0.000189759 secs using 383.6% CPU
Identifying sites to remove: done in 0.000183787 secs using 233.4% CPU
Identifying sites to remove: done in 0.000145029 secs using 390.3% CPU
Identifying sites to remove: done in 0.000174336 secs using 107.3% CPU
Identifying sites to remove: done in 0.000172451 secs using 6066% CPU
Identifying sites to remove: done in 0.000163946 secs using 3317% CPU
Identifying sites to remove: done in 0.000161238 secs using 3362% CPU
Identifying sites to remove: done in 0.000204016 secs using 1490% CPU
Identifying sites to remove: done in 0.000214387 secs using 3756% CPU
Identifying sites to remove: done in 0.000211466 secs using 524% CPU
Identifying sites to remove: done in 0.000168577 secs using 440.2% CPU
Identifying sites to remove: done in 0.000171605 secs using 4.778e+04% CPU
Identifying sites to remove: done in 0.00018112 secs using 97.17% CPU
Identifying sites to remove: done in 0.00015584 secs using 379.9% CPU
Identifying sites to remove: done in 0.000182714 secs using 149.4% CPU
Identifying sites to remove: done in 0.000178996 secs using 557.6% CPU
Identifying sites to remove: done in 0.000191338 secs using 190.2% CPU
Identifying sites to remove: done in 0.000182524 secs using 98.07% CPU
Identifying sites to remove: done in 0.000145603 secs using 5170% CPU
Identifying sites to remove: done in 0.000160169 secs using 3629% CPU
Identifying sites to remove: done in 0.000160161 secs using 365.9% CPU
Identifying sites to remove: done in 0.000189755 secs using 339.4% CPU
Identifying sites to remove: done in 0.000158243 secs using 241.4% CPU
Identifying sites to remove: done in 0.000121344 secs using 150% CPU
Identifying sites to remove: done in 0.000144795 secs using 1.057e+04% CPU
Identifying sites to remove: done in 0.000140924 secs using 4733% CPU
Identifying sites to remove: done in 0.000162929 secs using 6139% CPU
Identifying sites to remove: done in 0.000164695 secs using 8001% CPU
Identifying sites to remove: done in 0.000161849 secs using 663.6% CPU
Identifying sites to remove: done in 0.000159793 secs using 2288% CPU
Identifying sites to remove: done in 0.000175588 secs using 416.9% CPU
Identifying sites to remove: done in 0.000145253 secs using 371.1% CPU
Identifying sites to remove: done in 0.000141103 secs using 120.5% CPU
Identifying sites to remove: done in 0.000171132 secs using 2110% CPU
Identifying sites to remove: done in 0.000145491 secs using 5.389e+04% CPU
Identifying sites to remove: done in 0.000164971 secs using 4.725e+04% CPU
Identifying sites to remove: done in 0.000154652 secs using 299.4% CPU
Identifying sites to remove: done in 0.000146121 secs using 234.7% CPU
Identifying sites to remove: done in 0.000155915 secs using 96.21% CPU
Identifying sites to remove: done in 8.38228e-05 secs using 161.1% CPU
Identifying sites to remove: done in 8.66316e-05 secs using 187% CPU
Identifying sites to remove: done in 8.57115e-05 secs using 4412% CPU
Identifying sites to remove: done in 8.69259e-05 secs using 2330% CPU
Identifying sites to remove: done in 8.27126e-05 secs using 171.7% CPU
Identifying sites to remove: done in 7.12834e-05 secs using 93.99% CPU
Identifying sites to remove: done in 6.91786e-05 secs using 5424% CPU
Identifying sites to remove: done in 8.28616e-05 secs using 2270% CPU
Identifying sites to remove: done in 8.34912e-05 secs using 154.5% CPU
Identifying sites to remove: done in 7.89613e-05 secs using 93.72% CPU
Identifying sites to remove: done in 5.35026e-05 secs using 6392% CPU
Identifying sites to remove: done in 5.64009e-05 secs using 6087% CPU
Identifying sites to remove: done in 7.84211e-05 secs using 281.8% CPU
Identifying sites to remove: done in 8.15317e-05 secs using 3615% CPU
Identifying sites to remove: done in 8.0213e-05 secs using 219.4% CPU
Identifying sites to remove: done in 5.85616e-05 secs using 430.3% CPU
Identifying sites to remove: done in 5.59948e-05 secs using 1.207e+04% CPU
Identifying sites to remove: done in 5.35958e-05 secs using 5478% CPU
Identifying sites to remove: done in 7.30902e-05 secs using 5454% CPU
Identifying sites to remove: done in 8.1256e-05 secs using 257.2% CPU
Identifying sites to remove: done in 6.7763e-05 secs using 95.92% CPU
Identifying sites to remove: done in 6.51143e-05 secs using 5096% CPU
Identifying sites to remove: done in 8.13566e-05 secs using 7977% CPU
Identifying sites to remove: done in 5.56521e-05 secs using 143.8% CPU
Identifying sites to remove: done in 5.18039e-05 secs using 1156% CPU
Identifying sites to remove: done in 5.80736e-05 secs using 737% CPU
Identifying sites to remove: done in 7.85701e-05 secs using 1578% CPU
Identifying sites to remove: done in 8.22432e-05 secs using 186% CPU
Identifying sites to remove: done in 0.000173461 secs using 1225% CPU
Identifying sites to remove: done in 0.000191268 secs using 1129% CPU
Identifying sites to remove: done in 0.000208214 secs using 1076% CPU
Identifying sites to remove: done in 0.000138499 secs using 314.8% CPU
Identifying sites to remove: done in 0.000165906 secs using 96.44% CPU
Identifying sites to remove: done in 0.00013924 secs using 343.3% CPU
Identifying sites to remove: done in 0.000149723 secs using 153.6% CPU
Identifying sites to remove: done in 0.000161007 secs using 2344% CPU
Identifying sites to remove: done in 0.000156619 secs using 2099% CPU
Identifying sites to remove: done in 0.000144914 secs using 1086% CPU
Identifying sites to remove: done in 0.000177383 secs using 1099% CPU
Identifying sites to remove: done in 0.000183091 secs using 1459% CPU
Identifying sites to remove: done in 0.00018834 secs using 527.8% CPU
Identifying sites to remove: done in 0.000165984 secs using 460.9% CPU
Identifying sites to remove: done in 0.000160176 secs using 200.4% CPU
Identifying sites to remove: done in 0.00017339 secs using 1132% CPU
Identifying sites to remove: done in 0.000161417 secs using 686.4% CPU
Identifying sites to remove: done in 0.000163976 secs using 2494% CPU
Identifying sites to remove: done in 0.000158075 secs using 1509% CPU
Identifying sites to remove: done in 0.000162702 secs using 253.2% CPU
Identifying sites to remove: done in 0.000164744 secs using 98.33% CPU
Identifying sites to remove: done in 0.000176664 secs using 5.005e+04% CPU
Identifying sites to remove: done in 0.000192005 secs using 4.613e+04% CPU
Identifying sites to remove: done in 0.000196092 secs using 4.518e+04% CPU
Identifying sites to remove: done in 0.000195425 secs using 4.346e+04% CPU
Identifying sites to remove: done in 0.000177521 secs using 252.9% CPU
Identifying sites to remove: done in 0.000144288 secs using 171.2% CPU
Identifying sites to remove: done in 0.000162713 secs using 97.1% CPU
Identifying sites to remove: done in 0.000155017 secs using 2711% CPU
Identifying sites to remove: done in 0.00018074 secs using 2161% CPU
Identifying sites to remove: done in 0.000178061 secs using 1780% CPU
Identifying sites to remove: done in 0.000164412 secs using 1465% CPU
Identifying sites to remove: done in 0.000193924 secs using 896.2% CPU
Identifying sites to remove: done in 0.000192113 secs using 507% CPU
Identifying sites to remove: done in 0.000161458 secs using 345.6% CPU
Identifying sites to remove: done in 0.000170175 secs using 188.6% CPU
Identifying sites to remove: done in 0.000174813 secs using 96.67% CPU
Identifying sites to remove: done in 0.000155609 secs using 691.5% CPU
Identifying sites to remove: done in 0.000162497 secs using 725.6% CPU
Identifying sites to remove: done in 0.00016411 secs using 1421% CPU
Identifying sites to remove: done in 0.000161052 secs using 195% CPU
Identifying sites to remove: done in 0.000173509 secs using 96.82% CPU
Identifying sites to remove: done in 0.000182524 secs using 355% CPU
Identifying sites to remove: done in 0.00019585 secs using 366.6% CPU
Identifying sites to remove: done in 0.000198495 secs using 374.8% CPU
Identifying sites to remove: done in 0.000239331 secs using 334.3% CPU
Identifying sites to remove: done in 0.000235409 secs using 264.6% CPU
Identifying sites to remove: done in 0.000167254 secs using 196.1% CPU
Identifying sites to remove: done in 0.000173476 secs using 98.57% CPU
Identifying sites to remove: done in 0.000207622 secs using 2839% CPU
Identifying sites to remove: done in 0.000176445 secs using 1118% CPU
Identifying sites to remove: done in 0.000206873 secs using 1576% CPU
Identifying sites to remove: done in 0.000193477 secs using 508.6% CPU
Identifying sites to remove: done in 0.000250857 secs using 1781% CPU
Identifying sites to remove: done in 0.000255287 secs using 2210% CPU
Identifying sites to remove: done in 0.000224523 secs using 298.9% CPU
Identifying sites to remove: done in 0.000227995 secs using 196.1% CPU
Identifying sites to remove: done in 0.000246167 secs using 1515% CPU
Identifying sites to remove: done in 0.000181377 secs using 806.6% CPU
Identifying sites to remove: done in 0.000202734 secs using 1350% CPU
Identifying sites to remove: done in 0.000174358 secs using 1645% CPU
Identifying sites to remove: done in 0.000173055 secs using 168.7% CPU
Identifying sites to remove: done in 0.000232529 secs using 97.19% CPU
Identifying sites to remove: done in 0.000143979 secs using 1593% CPU
Identifying sites to remove: done in 0.00016294 secs using 1448% CPU
Identifying sites to remove: done in 0.000163764 secs using 1441% CPU
Identifying sites to remove: done in 0.000182312 secs using 953.9% CPU
Identifying sites to remove: done in 0.000160404 secs using 230.7% CPU
Identifying sites to remove: done in 0.000120427 secs using 147% CPU
Identifying sites to remove: done in 0.000133604 secs using 6338% CPU
Identifying sites to remove: done in 0.000128552 secs using 3187% CPU
Identifying sites to remove: done in 0.000143785 secs using 1777% CPU
Identifying sites to remove: done in 0.00014111 secs using 681.7% CPU
Identifying sites to remove: done in 0.000170469 secs using 4520% CPU
Identifying sites to remove: done in 0.000169724 secs using 3562% CPU
Identifying sites to remove: done in 0.000141643 secs using 461.7% CPU
Identifying sites to remove: done in 0.000149235 secs using 378.6% CPU
Identifying sites to remove: done in 0.000126995 secs using 116.5% CPU
Identifying sites to remove: done in 0.000159319 secs using 2030% CPU
Identifying sites to remove: done in 0.000118736 secs using 716.7% CPU
Identifying sites to remove: done in 0.000133242 secs using 2036% CPU
Identifying sites to remove: done in 0.000129111 secs using 1231% CPU
Identifying sites to remove: done in 0.000130259 secs using 158.1% CPU
Identifying sites to remove: done in 0.000158992 secs using 96.86% CPU
Identifying sites to remove: done in 3.62657e-05 secs using 85.48% CPU
Identifying sites to remove: done in 3.67984e-05 secs using 168.5% CPU
Identifying sites to remove: done in 3.59006e-05 secs using 501.4% CPU
Identifying sites to remove: done in 3.29837e-05 secs using 178.9% CPU
Identifying sites to remove: done in 3.36058e-05 secs using 89.27% CPU
Identifying sites to remove: done in 2.88561e-05 secs using 90.1% CPU
Identifying sites to remove: done in 3.15718e-05 secs using 643% CPU
Identifying sites to remove: done in 3.9421e-05 secs using 1124% CPU
Identifying sites to remove: done in 3.50885e-05 secs using 196.6% CPU
Identifying sites to remove: done in 2.98992e-05 secs using 90.3% CPU
Identifying sites to remove: done in 0.000125118 secs using 1145% CPU
Identifying sites to remove: done in 0.00012536 secs using 375.7% CPU
Identifying sites to remove: done in 0.000128023 secs using 1140% CPU
Identifying sites to remove: done in 0.000162497 secs using 746.5% CPU
Identifying sites to remove: done in 0.000138577 secs using 231.6% CPU
Identifying sites to remove: done in 0.000104755 secs using 167.1% CPU
Identifying sites to remove: done in 0.000117283 secs using 98.05% CPU
Identifying sites to remove: done in 0.000111632 secs using 2686% CPU
Identifying sites to remove: done in 0.000127483 secs using 1597% CPU
Identifying sites to remove: done in 0.000151653 secs using 2904% CPU
Identifying sites to remove: done in 0.000154134 secs using 3704% CPU
Identifying sites to remove: done in 0.000126574 secs using 606.8% CPU
Identifying sites to remove: done in 0.00015061 secs using 1372% CPU
Identifying sites to remove: done in 0.000135411 secs using 392.1% CPU
Identifying sites to remove: done in 0.000124592 secs using 154.9% CPU
Identifying sites to remove: done in 0.000140361 secs using 1511% CPU
Identifying sites to remove: done in 0.00011497 secs using 717.6% CPU
Identifying sites to remove: done in 0.000141282 secs using 2280% CPU
Identifying sites to remove: done in 0.000121221 secs using 1299% CPU
Identifying sites to remove: done in 0.000121415 secs using 219.9% CPU
Identifying sites to remove: done in 0.000138141 secs using 98.45% CPU
Identifying sites to remove: done in 5.2236e-05 secs using 8762% CPU
Identifying sites to remove: done in 5.1897e-05 secs using 8819% CPU
Identifying sites to remove: done in 5.23366e-05 secs using 3657% CPU
Identifying sites to remove: done in 5.29476e-05 secs using 366.4% CPU
Identifying sites to remove: done in 5.05559e-05 secs using 92.97% CPU
Identifying sites to remove: done in 4.04418e-05 secs using 91.49% CPU
Identifying sites to remove: done in 4.75571e-05 secs using 1.392e+04% CPU
Identifying sites to remove: done in 4.78774e-05 secs using 8025% CPU
Identifying sites to remove: done in 5.14202e-05 secs using 1.247e+04% CPU
Identifying sites to remove: done in 5.29736e-05 secs using 1.557e+04% CPU
Identifying sites to remove: done in 7.27177e-05 secs using 449.7% CPU
Identifying sites to remove: done in 8.69222e-05 secs using 2348% CPU
Identifying sites to remove: done in 5.03622e-05 secs using 581.8% CPU
Identifying sites to remove: done in 5.21168e-05 secs using 253.3% CPU
Identifying sites to remove: done in 4.83133e-05 secs using 186.3% CPU
Identifying sites to remove: done in 5.08055e-05 secs using 476.3% CPU
Identifying sites to remove: done in 4.32953e-05 secs using 196.3% CPU
Identifying sites to remove: done in 4.65885e-05 secs using 1365% CPU
Identifying sites to remove: done in 4.61414e-05 secs using 843.1% CPU
Identifying sites to remove: done in 5.63972e-05 secs using 242.9% CPU
Identifying sites to remove: done in 5.11222e-05 secs using 93.89% CPU
Identifying sites to remove: done in 7.07805e-05 secs using 2576% CPU
Identifying sites to remove: done in 7.0136e-05 secs using 377.8% CPU
Identifying sites to remove: done in 6.97598e-05 secs using 285.3% CPU
Identifying sites to remove: done in 7.07023e-05 secs using 2578% CPU
Identifying sites to remove: done in 6.43879e-05 secs using 301.3% CPU
Identifying sites to remove: done in 5.74403e-05 secs using 198.5% CPU
Identifying sites to remove: done in 6.219e-05 secs using 94.87% CPU
Identifying sites to remove: done in 6.46189e-05 secs using 3722% CPU
Identifying sites to remove: done in 6.77817e-05 secs using 7309% CPU
Identifying sites to remove: done in 6.32964e-05 secs using 1896% CPU
Identifying sites to remove: done in 6.74389e-05 secs using 5569% CPU
Identifying sites to remove: done in 9.70699e-05 secs using 488.3% CPU
Identifying sites to remove: done in 0.000100382 secs using 432.3% CPU
Identifying sites to remove: done in 6.54422e-05 secs using 527.2% CPU
Identifying sites to remove: done in 6.39074e-05 secs using 190.9% CPU
Identifying sites to remove: done in 6.4224e-05 secs using 2385% CPU
Identifying sites to remove: done in 6.02864e-05 secs using 194.1% CPU
Identifying sites to remove: done in 6.18286e-05 secs using 2243% CPU
Identifying sites to remove: done in 6.84597e-05 secs using 1459% CPU
Identifying sites to remove: done in 5.94817e-05 secs using 299.3% CPU
Identifying sites to remove: done in 6.86161e-05 secs using 93.27% CPU
Identifying sites to remove: done in 2.67513e-05 secs using 85.98% CPU
Identifying sites to remove: done in 1.72779e-05 secs using 86.82% CPU
Identifying sites to remove: done in 2.34656e-05 secs using 1.24e+04% CPU
Identifying sites to remove: done in 2.1562e-05 secs using 343.2% CPU
Identifying sites to remove: done in 2.17445e-05 secs using 8218% CPU
Identifying sites to remove: done in 2.12751e-05 secs using 3981% CPU
Identifying sites to remove: done in 1.74008e-05 secs using 86.2% CPU
Identifying sites to remove: done in 2.17035e-05 secs using 87.54% CPU

Analysis results written to: 
  IQ-TREE report:                insect5_Q_search.iqtree
  Maximum-likelihood tree:       insect5_Q_search.treefile
  Partition trees:               insect5_Q_search.parttrees

Ultrafast bootstrap approximation results written to:
  Split support values:          insect5_Q_search.splits.nex
  Consensus tree:                insect5_Q_search.contree
  UFBoot trees:                  insect5_Q_search.ufboot
  Screen log file:               insect5_Q_search.log

Date and Time: Fri Jun 13 02:51:28 2025
