IQ-TREE multicore version 2.4.0 for Linux x86 64-bit built Mar 19 2025
Developed by Bui Quang Minh, Nguyen Lam Tung, Olga Chernomor, Heiko Schmidt,
Dominik Schrempf, Michael Woodhams, Ly Trong Nhan, Thomas Wong

Host:    dayhoff.uds.anu.edu.au (AVX2, FMA3, 1007 GB RAM)
Command: ../../../iqtree2 -s 20_concated.nex -Q avian20_Q_mf.best_model.nex -t avian20_Q_mf.treefile -T 50 -pre avian20_Q_search
Seed:    37138 (Using SPRNG - Scalable Parallel Random Number Generator)
Time:    Tue May  6 13:32:59 2025
Kernel:  AVX+FMA - 50 threads (52 CPU cores detected)

Reading partition model file avian20_Q_mf.best_model.nex ...
Reading alignment file 20_concated.nex ... Nexus format detected
Skipping unknown block (sets)...
WARNING: 32586 sites contain only gaps or ambiguous characters.
Alignment has 20 sequences with 268838 columns, 69113 distinct patterns
32014 parsimony-informative, 32796 singleton sites, 204028 constant sites
        Gap/Ambiguity  Composition  p-value
Analyzing sequences: done in 0.0123426 secs using 4486% CPU
   1  ANAPLA   33.17%    passed     79.92%
   2  APTHAA   33.08%    failed      0.38%
   3  CALSQU   28.06%    passed     67.73%
   4  CAMPRO   34.44%    passed     89.21%
   5  CENUNI   33.74%    passed     98.41%
   6  CORBRA   36.11%    failed      0.01%
   7  CRYCIN   34.35%    passed      9.47%
   8  FALPER   32.01%    passed      8.58%
   9  HALALB   28.73%    passed     98.24%
  10  JUNHYE   36.20%    failed      0.00%
  11  LOXCUR   31.75%    passed     24.37%
  12  NANAUR   29.66%    passed     99.57%
  13  NOTORN   36.15%    passed     21.18%
  14  NYCSEM   32.48%    passed     76.21%
  15  PATFAS   31.50%    passed     69.42%
  16  PROATE   39.01%    passed     36.09%
  17  SAXMAU   32.39%    passed      5.01%
  18  TRILEU   39.50%    failed      0.05%
  19  URILOM   28.82%    passed     99.03%
  20  ZOSLAT   37.54%    failed      0.00%
****  TOTAL    33.43%  5 sequences failed composition chi2 test (p-value<5%; df=19)

Loading 164 partitions...
Identifying sites to remove: done in 0.000242256 secs using 99.48% CPU
Identifying sites to remove: done in 0.000248574 secs using 99.77% CPU
Identifying sites to remove: done in 0.000484072 secs using 99.57% CPU
Identifying sites to remove: done in 0.000114329 secs using 98.84% CPU
Identifying sites to remove: done in 8.40798e-05 secs using 98.72% CPU
Identifying sites to remove: done in 0.000278987 secs using 100% CPU
Identifying sites to remove: done in 0.000248536 secs using 99.38% CPU
Identifying sites to remove: done in 0.000234753 secs using 99.68% CPU
Identifying sites to remove: done in 3.34382e-05 secs using 98.69% CPU
Identifying sites to remove: done in 2.83644e-05 secs using 95.19% CPU
Identifying sites to remove: done in 0.000118531 secs using 98.71% CPU
Identifying sites to remove: done in 0.000335634 secs using 99.51% CPU
Identifying sites to remove: done in 0.000793874 secs using 99.76% CPU
Identifying sites to remove: done in 0.000606783 secs using 7181% CPU
Identifying sites to remove: done in 0.000133529 secs using 99.6% CPU
Identifying sites to remove: done in 0.000166483 secs using 99.11% CPU
Identifying sites to remove: done in 0.000670969 secs using 99.86% CPU
Identifying sites to remove: done in 0.000326663 secs using 99.49% CPU
Identifying sites to remove: done in 0.00022316 secs using 99.48% CPU
Identifying sites to remove: done in 0.000265136 secs using 99.19% CPU
Identifying sites to remove: done in 6.96257e-05 secs using 97.67% CPU
Identifying sites to remove: done in 0.000147223 secs using 98.49% CPU
Identifying sites to remove: done in 0.000172757 secs using 99.56% CPU
Identifying sites to remove: done in 0.000105642 secs using 1.28e+04% CPU
Identifying sites to remove: done in 0.00119431 secs using 99.89% CPU
Identifying sites to remove: done in 7.55787e-05 secs using 97.91% CPU
Identifying sites to remove: done in 0.000173375 secs using 99.21% CPU
Identifying sites to remove: done in 7.66069e-05 secs using 99.21% CPU
Identifying sites to remove: done in 5.90086e-05 secs using 96.6% CPU
Identifying sites to remove: done in 9.68426e-05 secs using 98.1% CPU
Identifying sites to remove: done in 0.000813968 secs using 2.514e+04% CPU
Identifying sites to remove: done in 0.000140212 secs using 99.14% CPU
Identifying sites to remove: done in 0.000494234 secs using 1.829e+04% CPU
Identifying sites to remove: done in 6.71148e-05 secs using 98.34% CPU
Identifying sites to remove: done in 0.000338636 secs using 99.52% CPU
Identifying sites to remove: done in 0.000169322 secs using 99.22% CPU
Identifying sites to remove: done in 0.000117615 secs using 98.63% CPU
Identifying sites to remove: done in 0.000117153 secs using 99.02% CPU
Identifying sites to remove: done in 0.000158839 secs using 99.47% CPU
Identifying sites to remove: done in 0.000311054 secs using 99.34% CPU
Identifying sites to remove: done in 0.000541881 secs using 99.65% CPU
Identifying sites to remove: done in 0.000248522 secs using 99.79% CPU
Identifying sites to remove: done in 9.30429e-05 secs using 97.8% CPU
Identifying sites to remove: done in 0.000153624 secs using 98.94% CPU
Identifying sites to remove: done in 0.000268742 secs using 99.35% CPU
Identifying sites to remove: done in 0.000437327 secs using 99.7% CPU
Identifying sites to remove: done in 7.89016e-05 secs using 98.86% CPU
Identifying sites to remove: done in 0.000457078 secs using 99.76% CPU
Identifying sites to remove: done in 0.000361249 secs using 99.65% CPU
Identifying sites to remove: done in 0.000702761 secs using 99.75% CPU
Identifying sites to remove: done in 0.000133201 secs using 98.35% CPU
Identifying sites to remove: done in 0.000656798 secs using 99.88% CPU
Identifying sites to remove: done in 0.000618137 secs using 2.715e+04% CPU
Identifying sites to remove: done in 0.000189245 secs using 99.34% CPU
Identifying sites to remove: done in 0.000138983 secs using 98.57% CPU
Identifying sites to remove: done in 4.23864e-05 secs using 96.73% CPU
Identifying sites to remove: done in 0.000190742 secs using 99.61% CPU
Identifying sites to remove: done in 8.65534e-05 secs using 98.21% CPU
Subset	Type	Seqs	Sites	Infor	Invar	Model	Name
1	AA	20	4340	133	4040	Q.BIRD+F+R4{0.832137,1.59342e-14,0.141005,2.6798,0.0254178,17.148,0.00143975,129.377}	GALGAL_R00005.nex_GALGAL_R00289.nex_GALGAL_R06154.nex_GALGAL_R07282.nex_GALGAL_R09443.nex_GALGAL_R14612.nex_GALGAL_R15053.nex
2	AA	20	3754	72	3560	Q.PLANT+F+I{0.627898}+R3{0.232111,3.36124e-15,0.122784,4.55443,0.0172067,25.6172}	GALGAL_R00026.nex_GALGAL_R00466.nex_GALGAL_R02082.nex_GALGAL_R05584.nex_GALGAL_R06074.nex_GALGAL_R06367.nex_GALGAL_R10699.nex_GALGAL_R16092.nex
3	AA	15	495	99	252	Q.BIRD+F+R2{0.634447,0.261434,0.365553,2.28184}	GALGAL_R00037.nex
4	AA	16	535	34	414	Q.MAMMAL+F+G4{0.39577}	GALGAL_R00072.nex
5	AA	20	2498	88	2262	Q.BIRD+F+I{0.742302}+G4{1.05114}	GALGAL_R00091.nex_GALGAL_R08625.nex_GALGAL_R11194.nex_GALGAL_R12404.nex
6	AA	19	1648	180	1254	Q.BIRD+F+R3{0.782619,0.167006,0.174936,3.03409,0.0424447,7.9757}	GALGAL_R00163.nex
7	AA	18	278	62	158	Q.BIRD+F+G4{0.504876}	GALGAL_R00185.nex
8	AA	17	155	71	59	HIVB+G4{0.838809}	GALGAL_R00264.nex
9	AA	19	1112	66	993	Q.BIRD+F+R3{0.630091,1.9539e-15,0.310001,0.90341,0.0599074,12.0176}	GALGAL_R00352.nex
10	AA	6	1026	8	876	JTTDCMUT+I{0.386027}	GALGAL_R00357.nex_GALGAL_R07631.nex
11	AA	20	2332	227	1784	Q.BIRD+F+I{0.490916}+R2{0.391379,0.991112,0.117705,5.2003}	GALGAL_R00408.nex_GALGAL_R10715.nex_GALGAL_R12208.nex_GALGAL_R16803.nex
12	AA	20	5550	796	3940	Q.BIRD+F+I{0.327662}+R3{0.397507,0.463638,0.253344,2.56328,0.0214874,7.73977}	GALGAL_R00427.nex_GALGAL_R00996.nex_GALGAL_R09188.nex_GALGAL_R14639.nex
13	AA	20	1397	154	1108	Q.BIRD+F+I{0.641376}+G4{1.12324}	GALGAL_R00430.nex_GALGAL_R05655.nex
14	AA	20	2335	31	2253	Q.BIRD+F+I{0.666832}+R3{0.238457,4.94523e-15,0.087773,6.51357,0.00693721,61.7373}	GALGAL_R00433.nex_GALGAL_R01564.nex_GALGAL_R05923.nex_GALGAL_R10470.nex_GALGAL_R12938.nex_GALGAL_R15220.nex
15	AA	20	5440	95	5177	Q.BIRD+F+R3{0.810793,3.25374e-15,0.156264,2.14651,0.0329426,20.1738}	GALGAL_R00462.nex_GALGAL_R01092.nex_GALGAL_R04722.nex_GALGAL_R06254.nex_GALGAL_R09562.nex_GALGAL_R11003.nex_GALGAL_R14688.nex_GALGAL_R15308.nex
16	AA	20	5017	406	4077	Q.BIRD+F+I{0.568641}+R2{0.366027,1.53312,0.0653317,6.71704}	GALGAL_R00479.nex_GALGAL_R05701.nex_GALGAL_R05938.nex_GALGAL_R06486.nex_GALGAL_R08274.nex_GALGAL_R13145.nex_GALGAL_R15942.nex_GALGAL_R16248.nex
17	AA	18	1173	39	1071	Q.BIRD+F+R3{0.477495,1.15734e-15,0.465111,0.829381,0.0573939,10.7023}	GALGAL_R00546.nex_GALGAL_R07291.nex_GALGAL_R16109.nex
18	AA	20	3085	4	3064	MTZOA+F+I{0.967658}	GALGAL_R00577.nex_GALGAL_R01052.nex_GALGAL_R03676.nex_GALGAL_R04386.nex_GALGAL_R07784.nex_GALGAL_R08220.nex_GALGAL_R08726.nex_GALGAL_R11634.nex_GALGAL_R12013.nex_GALGAL_R12486.nex_GALGAL_R12491.nex_GALGAL_R13520.nex
19	AA	20	4352	170	3950	Q.BIRD+F+R4{0.786327,3.62465e-15,0.178525,2.18854,0.0341919,15.4138,0.000955673,86.0785}	GALGAL_R00635.nex_GALGAL_R00913.nex_GALGAL_R04096.nex_GALGAL_R04117.nex_GALGAL_R05435.nex_GALGAL_R08509.nex_GALGAL_R09081.nex_GALGAL_R13636.nex
20	AA	20	2139	296	1544	Q.BIRD+F+I{0.395937}+R3{0.375607,0.387865,0.167459,2.62033,0.0609964,6.81217}	GALGAL_R00747.nex_GALGAL_R09427.nex_GALGAL_R09873.nex
21	AA	20	2730	92	2501	Q.BIRD+F+I{0.742158}+G4{1.12291}	GALGAL_R00856.nex_GALGAL_R01816.nex_GALGAL_R03697.nex_GALGAL_R04168.nex_GALGAL_R11094.nex_GALGAL_R11375.nex_GALGAL_R12960.nex_GALGAL_R17176.nex
22	AA	20	3436	134	3096	Q.BIRD+F+R3{0.726563,1.94889e-15,0.230811,2.04253,0.0426258,12.4}	GALGAL_R00923.nex_GALGAL_R04006.nex_GALGAL_R06496.nex_GALGAL_R07529.nex_GALGAL_R08641.nex_GALGAL_R09189.nex_GALGAL_R12195.nex_GALGAL_R17280.nex
23	AA	20	3085	115	2766	Q.BIRD+F+R2{0.876828,0.222165,0.123172,6.53721}	GALGAL_R00988.nex_GALGAL_R11252.nex_GALGAL_R14097.nex_GALGAL_R16245.nex
24	AA	3	214	0	214	LG+F	GALGAL_R01120.nex
WARNING: No variant sites in partition GALGAL_R01120.nex
25	AA	20	753	65	614	Q.BIRD+F+I{0.597269}+R2{0.334655,1.22985,0.0680765,8.64359}	GALGAL_R01162.nex_GALGAL_R06682.nex
26	AA	3	106	0	93	HIVB+F	GALGAL_R01443.nex
WARNING: No parsimony-informative sites in partition GALGAL_R01443.nex
27	AA	20	2662	210	2170	Q.BIRD+F+I{0.651109}+R2{0.318473,2.07164,0.0304187,11.1851}	GALGAL_R01537.nex_GALGAL_R15774.nex_GALGAL_R16278.nex
28	AA	20	1301	213	839	Q.BIRD+F+G4{0.441675}	GALGAL_R01545.nex_GALGAL_R09011.nex_GALGAL_R13281.nex
29	AA	20	2483	160	2088	Q.BIRD+F+I{0.66901}+R2{0.295861,2.21671,0.0351286,9.79723}	GALGAL_R01600.nex_GALGAL_R08888.nex
30	AA	20	2301	245	1897	Q.BIRD+F+I{0.56392}+G4{0.464494}	GALGAL_R01686.nex_GALGAL_R02526.nex_GALGAL_R05947.nex
31	AA	20	1745	457	887	Q.BIRD+I{0.163421}+G4{1.01279}	GALGAL_R01801.nex_GALGAL_R03570.nex_GALGAL_R12035.nex
32	AA	20	2924	165	2543	Q.BIRD+F+I{0.560935}+R3{0.368592,0.730972,0.0623593,8.90534,0.00811367,21.5979}	GALGAL_R01867.nex_GALGAL_R06313.nex
33	AA	20	3633	551	2539	Q.BIRD+F+I{0.523834}+R3{0.334749,1.0546,0.136605,4.28428,0.00481202,12.8263}	GALGAL_R01957.nex_GALGAL_R01971.nex_GALGAL_R05304.nex_GALGAL_R08259.nex_GALGAL_R08543.nex
34	AA	20	3712	630	2515	Q.BIRD+F+R3{0.651127,0.134598,0.287142,2.02113,0.0617312,5.37828}	GALGAL_R01979.nex_GALGAL_R12071.nex_GALGAL_R14451.nex
35	AA	14	494	106	282	Q.PLANT+G4{0.479493}	GALGAL_R02071.nex
36	AA	20	3527	219	3055	Q.BIRD+F+R4{0.844547,0.118279,0.116053,3.50022,0.0337655,9.56037,0.0056346,30.3636}	GALGAL_R02139.nex_GALGAL_R09342.nex_GALGAL_R13330.nex_GALGAL_R16711.nex
37	AA	20	2306	240	1829	Q.BIRD+F+I{0.700827}+R2{0.266686,2.56207,0.0324867,9.74959}	GALGAL_R02252.nex_GALGAL_R14337.nex
38	AA	20	992	194	557	Q.BIRD+I{0.350161}+R2{0.508627,0.938348,0.141212,3.70175}	GALGAL_R02267.nex_GALGAL_R06747.nex
39	AA	20	3677	375	2946	Q.BIRD+F+I{0.525311}+R3{0.298481,0.690128,0.160931,3.91878,0.0152773,10.6929}	GALGAL_R02293.nex_GALGAL_R02314.nex_GALGAL_R15400.nex_GALGAL_R16822.nex
40	AA	20	2508	195	2057	Q.BIRD+F+I{0.611464}+R2{0.311947,1.54973,0.0765887,6.74467}	GALGAL_R02374.nex_GALGAL_R03541.nex_GALGAL_R07348.nex_GALGAL_R16165.nex_GALGAL_R16394.nex
41	AA	19	1095	83	904	Q.PLANT+F+I{0.63664}+R2{0.307251,1.55477,0.056109,9.30859}	GALGAL_R02481.nex_GALGAL_R10312.nex
42	AA	20	656	80	508	Q.PLANT+I{0.507805}+R3{0.0859216,0.231236,0.384676,1.94374,0.0215971,10.7617}	GALGAL_R02558.nex_GALGAL_R14184.nex
43	AA	20	2108	17	2047	Q.MAMMAL+F+I{0.895328}	GALGAL_R02670.nex_GALGAL_R06394.nex_GALGAL_R09465.nex_GALGAL_R12113.nex_GALGAL_R13266.nex
44	AA	10	2672	151	2209	Q.BIRD+F+G4{0.616891}	GALGAL_R02696.nex_GALGAL_R07212.nex_GALGAL_R17339.nex
45	AA	19	1833	84	1608	Q.BIRD+F+I{0.653817}+R3{0.263983,0.631529,0.063536,3.55937,0.0186645,32.5291}	GALGAL_R02933.nex
46	AA	20	585	145	337	Q.BIRD+F+I{0.376982}+R2{0.456647,0.77248,0.166371,3.8904}	GALGAL_R03026.nex_GALGAL_R09577.nex
47	AA	20	1304	165	958	Q.BIRD+F+R2{0.799407,0.231693,0.200593,4.06187}	GALGAL_R03147.nex_GALGAL_R13483.nex
48	AA	20	2400	210	1903	Q.BIRD+F+I{0.475195}+R3{0.362383,0.641321,0.14594,3.8071,0.0164816,12.862}	GALGAL_R03159.nex_GALGAL_R04439.nex_GALGAL_R11280.nex
49	AA	20	1972	326	1359	Q.BIRD+F+R3{0.654626,0.11216,0.244397,1.75893,0.100977,4.91895}	GALGAL_R03226.nex_GALGAL_R05168.nex_GALGAL_R11521.nex_GALGAL_R14465.nex
50	AA	20	1825	200	1407	Q.BIRD+F+I{0.528226}+R3{0.299808,0.77354,0.152361,3.52844,0.0196053,11.7566}	GALGAL_R03233.nex_GALGAL_R09535.nex_GALGAL_R11156.nex_GALGAL_R12541.nex_GALGAL_R14377.nex_GALGAL_R16970.nex
51	AA	13	434	95	269	Q.BIRD+G4{1.25866}	GALGAL_R03335.nex
52	AA	11	638	48	537	Q.INSECT+F+I{0.632091}	GALGAL_R03361.nex
53	AA	16	2596	325	1860	Q.BIRD+F+I{0.415805}+R2{0.435472,0.784669,0.148724,4.42633}	GALGAL_R03569.nex
54	AA	20	2514	211	2046	Q.BIRD+I{0.391913}+R3{0.472043,0.474544,0.127963,4.46126,0.00808194,25.3801}	GALGAL_R03572.nex_GALGAL_R06395.nex
55	AA	20	1901	466	1019	Q.BIRD+F+I{0.200854}+R3{0.457857,0.374794,0.302152,2.05089,0.0391365,5.33306}	GALGAL_R03598.nex_GALGAL_R09392.nex_GALGAL_R13456.nex_GALGAL_R16421.nex
56	AA	20	1676	283	1149	Q.BIRD+F+I{0.359748}+R2{0.525987,1.03079,0.114265,4.00663}	GALGAL_R03688.nex_GALGAL_R10034.nex_GALGAL_R12112.nex_GALGAL_R16416.nex
57	AA	20	2250	43	2105	Q.BIRD+F+R3{0.625978,2.21724e-15,0.338616,1.19427,0.0354064,16.8219}	GALGAL_R03698.nex_GALGAL_R03717.nex_GALGAL_R06316.nex_GALGAL_R06724.nex
58	AA	20	2981	384	2259	Q.BIRD+F+R3{0.672038,0.101636,0.244055,1.91212,0.0839068,5.54226}	GALGAL_R03735.nex_GALGAL_R04721.nex_GALGAL_R16454.nex_GALGAL_R16658.nex
59	AA	20	1848	248	1368	Q.PLANT+F+I{0.438826}+R3{0.376088,0.55232,0.16019,2.96649,0.0248957,12.7363}	GALGAL_R03839.nex
60	AA	18	1060	20	962	Q.MAMMAL+F+I{0.775246}	GALGAL_R03889.nex
61	AA	20	2855	420	1893	Q.BIRD+R3{0.615677,0.155766,0.347056,1.9543,0.0372672,6.06025}	GALGAL_R03931.nex_GALGAL_R05736.nex_GALGAL_R08562.nex_GALGAL_R17192.nex
62	AA	20	865	112	646	Q.BIRD+F+R2{0.819253,0.24724,0.180747,4.41196}	GALGAL_R03946.nex_GALGAL_R13605.nex
63	AA	20	1271	79	1133	Q.INSECT+F+I{0.584972}+R3{0.242491,2.61372e-15,0.160399,4.30592,0.0121387,25.4836}	GALGAL_R04270.nex
64	AA	20	2532	359	1812	Q.BIRD+F+I{0.212712}+G4{0.824201}	GALGAL_R04323.nex_GALGAL_R08852.nex_GALGAL_R16380.nex_GALGAL_R17486.nex
65	AA	20	1560	334	952	Q.BIRD+I{0.267919}+R3{0.456542,0.388452,0.231576,2.32297,0.0439628,6.47618}	GALGAL_R04354.nex_GALGAL_R06580.nex_GALGAL_R10094.nex_GALGAL_R11407.nex
66	AA	13	663	253	200	Q.BIRD+F+G4{2.14568}	GALGAL_R04370.nex
67	AA	20	1156	157	850	Q.BIRD+I{0.456879}+R2{0.439833,0.921298,0.103288,5.75851}	GALGAL_R04371.nex_GALGAL_R13970.nex
68	AA	20	1812	393	1043	Q.BIRD+F+R3{0.612229,0.21796,0.284791,1.5825,0.10298,4.03843}	GALGAL_R04407.nex_GALGAL_R07662.nex_GALGAL_R10695.nex_GALGAL_R16223.nex_GALGAL_R16855.nex
69	AA	20	2065	231	1679	Q.BIRD+F+I{0.563823}+R3{0.261552,0.449438,0.146665,4.04486,0.0279602,10.3436}	GALGAL_R04532.nex_GALGAL_R09620.nex_GALGAL_R13255.nex_GALGAL_R15190.nex
70	AA	20	1142	151	800	Q.BIRD+F+I{0.392066}+R2{0.51941,1.0813,0.0885236,4.95193}	GALGAL_R04762.nex
71	AA	20	1309	242	749	Q.BIRD+G4{0.625375}	GALGAL_R04805.nex_GALGAL_R09967.nex
72	AA	16	851	188	513	Q.BIRD+F+I{0.269509}+G4{1.64812}	GALGAL_R05314.nex
73	AA	3	317	0	270	Q.BIRD+F	GALGAL_R05422.nex
WARNING: No parsimony-informative sites in partition GALGAL_R05422.nex
74	AA	19	384	120	193	Q.BIRD+G4{1.73662}	GALGAL_R05426.nex
75	AA	20	2245	122	1853	Q.BIRD+F+I{0.321101}+R3{0.432939,0.343961,0.211676,2.64937,0.0342843,8.46683}	GALGAL_R05479.nex_GALGAL_R06171.nex_GALGAL_R07547.nex_GALGAL_R12927.nex
76	AA	20	1991	412	1267	Q.BIRD+F+I{0.137291}+G4{1.25307}	GALGAL_R05521.nex_GALGAL_R10897.nex_GALGAL_R15249.nex
77	AA	20	1934	613	961	Q.BIRD+F+I{0.183481}+G4{1.80438}	GALGAL_R05533.nex_GALGAL_R06734.nex_GALGAL_R08505.nex_GALGAL_R11292.nex
78	AA	19	407	134	180	Q.BIRD+F+R3{0.371815,0.140253,0.54909,1.20021,0.0790951,3.6517}	GALGAL_R05534.nex
79	AA	20	584	48	476	Q.BIRD+F+I{0.588404}+R3{0.271206,0.644998,0.0922908,3.67205,0.0480993,10.1078}	GALGAL_R05827.nex_GALGAL_R07667.nex
80	AA	20	2937	529	1842	Q.BIRD+I{0.184446}+R4{0.411432,0.440007,0.184481,1.77548,0.19424,1.83696,0.0254011,5.29947}	GALGAL_R06017.nex_GALGAL_R06060.nex_GALGAL_R12090.nex_GALGAL_R12096.nex_GALGAL_R15824.nex
81	AA	20	2935	389	2061	Q.BIRD+F+R3{0.609167,0.0856843,0.338066,1.89945,0.052767,5.7927}	GALGAL_R06230.nex_GALGAL_R15247.nex_GALGAL_R15384.nex_GALGAL_R17014.nex
82	AA	20	2246	532	1285	Q.BIRD+F+I{0.276261}+R3{0.426212,0.517827,0.272841,2.26967,0.0246861,6.48282}	GALGAL_R06330.nex_GALGAL_R06656.nex_GALGAL_R06832.nex_GALGAL_R11350.nex_GALGAL_R13393.nex_GALGAL_R15163.nex_GALGAL_R17325.nex
83	AA	20	1053	268	632	Q.BIRD+G4{0.546751}	GALGAL_R06362.nex_GALGAL_R13522.nex_GALGAL_R17207.nex
84	AA	20	4156	314	3338	Q.BIRD+F+I{0.550866}+R2{0.340737,1.17611,0.108398,5.52833}	GALGAL_R06386.nex_GALGAL_R08215.nex_GALGAL_R12254.nex_GALGAL_R12970.nex
85	AA	14	286	59	147	Q.BIRD+F+G4{0.578552}	GALGAL_R06393.nex
86	AA	20	408	117	183	Q.BIRD+F+G4{0.923015}	GALGAL_R06472.nex_GALGAL_R07351.nex
87	AA	20	1002	129	753	Q.BIRD+F+R3{0.75508,0.0875104,0.2081,2.83524,0.0368199,9.34031}	GALGAL_R06498.nex_GALGAL_R17265.nex
88	AA	20	282	25	250	HIVB+F+I{0.819287}	GALGAL_R06760.nex
89	AA	20	4030	313	3365	Q.BIRD+F+I{0.482377}+G4{0.918289}	GALGAL_R06786.nex_GALGAL_R07333.nex
90	AA	11	4888	621	3611	Q.BIRD+F+I{0.133412}+G4{2.02924}	GALGAL_R06886.nex
91	AA	20	2068	282	1527	Q.BIRD+F+R3{0.529859,0.0744442,0.394674,1.43962,0.0754677,5.19926}	GALGAL_R07119.nex_GALGAL_R13612.nex_GALGAL_R14502.nex
92	AA	3	472	0	472	JTTDCMUT	GALGAL_R07338.nex
WARNING: No variant sites in partition GALGAL_R07338.nex
93	AA	20	1744	295	1192	Q.BIRD+F+I{0.416043}+R2{0.429948,0.84136,0.154008,4.14432}	GALGAL_R07474.nex_GALGAL_R08313.nex
94	AA	20	199	23	164	Q.PLANT+I{0.75228}+R2{0.190007,1.6265,0.0577136,11.9721}	GALGAL_R07551.nex
95	AA	18	408	128	225	JTT+R4{0.413575,0.0686199,0.399138,0.840843,0.172189,2.74855,0.0150987,10.7783}	GALGAL_R07744.nex
96	AA	20	684	76	564	Q.PLANT+I{0.758209}	GALGAL_R07830.nex_GALGAL_R15102.nex
97	AA	20	1613	303	1028	Q.BIRD+F+I{0.270318}+R3{0.383718,0.346495,0.276331,1.85629,0.0696334,5.08511}	GALGAL_R07847.nex_GALGAL_R09319.nex
98	AA	14	224	7	194	Q.INSECT+F+G4{0.0200319}	GALGAL_R07933.nex
99	AA	3	331	0	327	HIVB+F	GALGAL_R08017.nex
WARNING: No parsimony-informative sites in partition GALGAL_R08017.nex
100	AA	3	642	0	642	Q.PFAM+F	GALGAL_R08054.nex
WARNING: No variant sites in partition GALGAL_R08054.nex
101	AA	20	1135	179	780	Q.MAMMAL+F+I{0.380788}+R2{0.520552,1.09027,0.0986607,4.38331}	GALGAL_R08210.nex
102	AA	20	1029	39	965	Q.BIRD+F+I{0.876844}	GALGAL_R08214.nex_GALGAL_R09485.nex_GALGAL_R14575.nex
103	AA	20	1574	153	1179	Q.BIRD+I{0.519832}+R2{0.394117,1.16254,0.0860513,6.29652}	GALGAL_R08312.nex_GALGAL_R12517.nex
104	AA	20	3375	308	2632	Q.BIRD+F+I{0.232467}+R3{0.47554,0.421335,0.250133,1.8494,0.04186,8.05168}	GALGAL_R08486.nex_GALGAL_R17367.nex
105	AA	20	941	299	429	Q.BIRD+I{0.203145}+G4{2.04614}	GALGAL_R08772.nex_GALGAL_R10473.nex_GALGAL_R10540.nex_GALGAL_R14357.nex
106	AA	20	1463	21	1408	Q.BIRD+F+R3{0.861212,4.22846e-15,0.126366,3.16244,0.0124222,48.3308}	GALGAL_R09007.nex_GALGAL_R16818.nex
107	AA	20	552	114	350	Q.BIRD+F+I{0.32138}+R2{0.538723,0.775264,0.139897,4.16269}	GALGAL_R09027.nex
108	AA	20	1378	257	864	Q.BIRD+R3{0.632694,0.153259,0.302768,1.78806,0.0645382,5.60392}	GALGAL_R09095.nex_GALGAL_R12769.nex_GALGAL_R14561.nex
109	AA	19	2202	966	786	Q.BIRD+F+I{0.150489}+R3{0.39062,0.350844,0.335148,1.39484,0.123743,3.19595}	GALGAL_R09106.nex_GALGAL_R16286.nex
110	AA	20	1355	200	975	Q.BIRD+I{0.502907}+R3{0.300112,0.83151,0.170888,3.03617,0.0260922,8.87654}	GALGAL_R09109.nex_GALGAL_R11967.nex
111	AA	20	893	36	796	Q.BIRD+F+I{0.710605}+G4{1.47106}	GALGAL_R09123.nex_GALGAL_R14374.nex
112	AA	18	383	101	215	Q.BIRD+F+R3{0.482864,0.176842,0.433754,1.23787,0.0833828,4.52947}	GALGAL_R09313.nex
113	AA	20	1728	291	1110	Q.BIRD+R3{0.689663,0.231213,0.269626,2.14315,0.0407109,6.45265}	GALGAL_R09351.nex_GALGAL_R13994.nex_GALGAL_R16105.nex_GALGAL_R16261.nex
114	AA	19	1299	317	691	Q.BIRD+R3{0.559484,0.180281,0.397499,1.7428,0.0430171,4.79748}	GALGAL_R09396.nex
115	AA	20	516	58	388	Q.BIRD+F+I{0.525515}+R2{0.469548,1.94992,0.00493691,17.0993}	GALGAL_R09505.nex
116	AA	20	1215	282	708	Q.BIRD+F+I{0.270896}+R3{0.472086,0.474009,0.237605,2.66552,0.0194133,7.36021}	GALGAL_R09698.nex_GALGAL_R16720.nex
117	AA	20	586	177	357	Q.BIRD+F+G4{0.458848}	GALGAL_R09923.nex
118	AA	20	1201	25	1120	Q.MAMMAL+F+I{0.579621}+R3{0.221153,2.75347e-15,0.194026,4.10149,0.00519954,39.2734}	GALGAL_R10039.nex_GALGAL_R10703.nex
119	AA	3	246	0	229	MTVER+F	GALGAL_R10043.nex
WARNING: No parsimony-informative sites in partition GALGAL_R10043.nex
120	AA	19	1013	158	696	Q.BIRD+F+R3{0.466138,0.0849705,0.464432,1.37306,0.0694296,4.64787}	GALGAL_R10354.nex_GALGAL_R13864.nex
121	AA	20	1261	172	843	Q.BIRD+F+G4{0.535576}	GALGAL_R10367.nex_GALGAL_R11358.nex
122	AA	20	385	93	205	Q.BIRD+G4{0.634447}	GALGAL_R10535.nex_GALGAL_R13131.nex
123	AA	20	1066	164	723	Q.BIRD+F+I{0.0862624}+R3{0.610135,0.250053,0.289529,2.49625,0.0140738,8.8603}	GALGAL_R10579.nex
124	AA	20	571	132	317	Q.BIRD+F+G4{0.710658}	GALGAL_R10724.nex
125	AA	20	1159	159	807	Q.BIRD+F+R3{0.704212,0.224356,0.24878,2.14836,0.0470081,6.54224}	GALGAL_R10726.nex_GALGAL_R14268.nex
126	AA	20	244	26	191	Q.BIRD+F+I{0.601364}+R2{0.386091,2.01571,0.0125447,17.6768}	GALGAL_R10794.nex
127	AA	19	606	38	529	Q.BIRD+F+I{0.50781}+G4{0.322678}	GALGAL_R11127.nex
128	AA	20	878	100	684	Q.BIRD+F+I{0.626351}+R2{0.297205,1.2654,0.0764436,8.16179}	GALGAL_R11154.nex
129	AA	20	3743	225	3251	Q.BIRD+F+R3{0.741095,3.51259e-15,0.217805,2.22576,0.0410999,12.5358}	GALGAL_R11298.nex_GALGAL_R14953.nex
130	AA	3	561	0	497	Q.BIRD+F	GALGAL_R11658.nex
WARNING: No parsimony-informative sites in partition GALGAL_R11658.nex
131	AA	3	253	0	172	Q.MAMMAL	GALGAL_R11746.nex
WARNING: No parsimony-informative sites in partition GALGAL_R11746.nex
132	AA	4	821	27	714	Q.BIRD+F+G4{0.445952}	GALGAL_R11853.nex
133	AA	14	836	276	359	Q.BIRD+F+I{0.0942101}+G4{4.5671}	GALGAL_R11860.nex
134	AA	16	1847	217	1236	Q.BIRD+F+G4{0.516368}	GALGAL_R12085.nex
135	AA	20	1117	55	992	Q.BIRD+F+R3{0.741594,2.39102e-15,0.20035,1.88833,0.0580554,10.7083}	GALGAL_R12105.nex_GALGAL_R15203.nex
136	AA	19	718	127	465	Q.BIRD+G4{0.487864}	GALGAL_R12240.nex
137	AA	18	248	27	198	Q.PLANT+F+I{0.622426}+R2{0.278163,0.84894,0.0994104,7.68386}	GALGAL_R12323.nex
138	AA	9	385	84	227	Q.BIRD+G4{0.956244}	GALGAL_R12365.nex
139	AA	20	7910	424	6722	Q.BIRD+F+I{0.27405}+R3{0.445398,0.38178,0.25298,2.14921,0.027572,10.3819}	GALGAL_R12547.nex_GALGAL_R12594.nex
140	AA	19	833	59	712	Q.BIRD+F+R2{0.890562,0.33558,0.109438,6.40676}	GALGAL_R12788.nex_GALGAL_R16308.nex
141	AA	20	2703	328	2120	Q.BIRD+F+I{0.640989}+R2{0.278316,1.51609,0.0806957,7.16331}	GALGAL_R12918.nex_GALGAL_R14339.nex_GALGAL_R14367.nex_GALGAL_R15778.nex
142	AA	20	1818	152	1513	Q.BIRD+F+I{0.546563}+R3{0.295181,0.549093,0.147324,4.50789,0.010932,15.898}	GALGAL_R13106.nex_GALGAL_R13597.nex_GALGAL_R16770.nex
143	AA	20	3818	938	2185	Q.BIRD+F+I{0.15379}+G4{1.39978}	GALGAL_R13175.nex_GALGAL_R14550.nex_GALGAL_R15128.nex_GALGAL_R16003.nex
144	AA	17	1285	305	773	Q.BIRD+F+I{0.400492}+G4{1.3794}	GALGAL_R13201.nex
145	AA	17	196	53	108	Q.BIRD+I{0.249254}+R2{0.549845,0.708215,0.200901,3.03927}	GALGAL_R13503.nex_GALGAL_R17573.nex
146	AA	20	1505	146	1190	Q.BIRD+F+G4{0.177353}	GALGAL_R13583.nex
147	AA	20	1389	262	939	Q.BIRD+I{0.368128}+R2{0.426612,0.532143,0.20526,3.76587}	GALGAL_R13983.nex
148	AA	19	1313	188	957	Q.BIRD+F+I{0.511143}+R2{0.39567,1.22455,0.0931866,5.53171}	GALGAL_R14100.nex
149	AA	19	1119	130	816	Q.BIRD+F+G4{0.366656}	GALGAL_R14156.nex_GALGAL_R16892.nex
150	AA	20	134	24	73	Q.BIRD+F+G4{1.39366}	GALGAL_R14236.nex
151	AA	20	2624	539	1510	Q.BIRD+F+R3{0.597306,0.209634,0.347106,1.60756,0.0555881,5.69888}	GALGAL_R14333.nex_GALGAL_R16856.nex
152	AA	20	1249	420	580	Q.BIRD+F+I{0.0864059}+G4{1.75754}	GALGAL_R14501.nex
153	AA	16	2146	507	1258	Q.BIRD+F+R3{0.420028,0.0572735,0.439565,1.07743,0.140407,3.57777}	GALGAL_R14552.nex
154	AA	14	383	73	246	WAG+F+I{0.309686}+G4{1.5386}	GALGAL_R15467.nex
155	AA	19	2104	186	1672	Q.BIRD+F+I{0.575081}+R2{0.326573,1.27985,0.0983455,5.91828}	GALGAL_R15728.nex
156	AA	20	1596	54	1444	Q.BIRD+F+I{0.694122}+G4{0.395248}	GALGAL_R15987.nex
157	AA	20	2608	616	1476	Q.BIRD+F+I{0.279792}+G4{1.02095}	GALGAL_R16124.nex
158	AA	20	1023	415	337	Q.BIRD+R3{0.341881,0.213391,0.592736,1.22688,0.0653824,3.0563}	GALGAL_R16282.nex
159	AA	13	2150	440	1286	Q.BIRD+F+I{0.329349}+R3{0.394586,0.567059,0.253998,2.37103,0.0220675,7.88534}	GALGAL_R16296.nex
160	AA	5	570	27	392	Q.BIRD+G4{1.87022}	GALGAL_R16546.nex
161	AA	18	388	56	271	Q.BIRD+F+I{0.409826}+R2{0.469736,0.728842,0.120437,5.4604}	GALGAL_R16585.nex
162	AA	6	95	6	77	Q.PLANT	GALGAL_R16867.nex
163	AA	5	726	0	677	Q.PLANT+F	GALGAL_R17137.nex_GALGAL_R17361.nex
WARNING: No parsimony-informative sites in partition GALGAL_R17137.nex_GALGAL_R17361.nex
164	AA	5	221	4	196	Q.BIRD+F+G4{0.558543}	GALGAL_R17643.nex
Degree of missing data: 0.053
Info: multi-threading strategy over partitions
WARNING: States(s) H, K, W rarely appear in partition GALGAL_R01443.nex and may cause numerical problems
WARNING: States(s) W rarely appear in partition GALGAL_R05422.nex and may cause numerical problems
WARNING: States(s) C rarely appear in partition GALGAL_R07933.nex and may cause numerical problems
WARNING: States(s) C, W, Y rarely appear in partition GALGAL_R10794.nex and may cause numerical problems
WARNING: States(s) W, Y rarely appear in partition GALGAL_R14236.nex and may cause numerical problems
NOTE: State(s) C not present in partition GALGAL_R16867.nex and thus removed from Markov process to prevent numerical problems
NOTE: 1 states (see above) are not present and thus removed from Markov process to prevent numerical problems
Reading input tree file avian20_Q_mf.treefile ...
WARNING: Normalizing category proportions so that sum of them equals to 1
WARNING: Normalizing category proportions so that sum of them equals to 1
WARNING: Normalizing category proportions so that sum of them equals to 1
WARNING: Normalizing category proportions so that sum of them equals to 1
WARNING: Normalizing category proportions so that sum of them equals to 1
WARNING: Normalizing category proportions so that sum of them equals to 1
WARNING: Normalizing category proportions so that sum of them equals to 1
WARNING: Normalizing category proportions so that sum of them equals to 1
WARNING: Normalizing category proportions so that sum of them equals to 1
WARNING: Normalizing category proportions so that sum of them equals to 1
WARNING: Normalizing category proportions so that sum of them equals to 1
WARNING: Normalizing category proportions so that sum of them equals to 1
WARNING: Normalizing category proportions so that sum of them equals to 1
WARNING: Normalizing category proportions so that sum of them equals to 1
WARNING: Normalizing category proportions so that sum of them equals to 1
WARNING: Normalizing category proportions so that sum of them equals to 1
WARNING: Normalizing category proportions so that sum of them equals to 1
WARNING: Normalizing category proportions so that sum of them equals to 1
WARNING: Normalizing category proportions so that sum of them equals to 1
WARNING: Normalizing category proportions so that sum of them equals to 1
WARNING: Normalizing category proportions so that sum of them equals to 1
WARNING: Normalizing category proportions so that sum of them equals to 1
WARNING: Normalizing category proportions so that sum of them equals to 1
WARNING: Normalizing category proportions so that sum of them equals to 1
WARNING: Normalizing category proportions so that sum of them equals to 1
WARNING: Normalizing category proportions so that sum of them equals to 1
WARNING: Normalizing category proportions so that sum of them equals to 1
WARNING: Normalizing category proportions so that sum of them equals to 1
WARNING: Normalizing category proportions so that sum of them equals to 1
WARNING: Normalizing category proportions so that sum of them equals to 1
WARNING: Normalizing category proportions so that sum of them equals to 1
WARNING: Normalizing category proportions so that sum of them equals to 1
WARNING: Normalizing category proportions so that sum of them equals to 1
WARNING: Normalizing category proportions so that sum of them equals to 1
WARNING: Normalizing category proportions so that sum of them equals to 1
WARNING: Normalizing category proportions so that sum of them equals to 1
WARNING: Normalizing category proportions so that sum of them equals to 1
WARNING: Normalizing category proportions so that sum of them equals to 1
WARNING: Normalizing category proportions so that sum of them equals to 1
WARNING: Normalizing category proportions so that sum of them equals to 1
WARNING: Normalizing category proportions so that sum of them equals to 1
WARNING: Normalizing category proportions so that sum of them equals to 1
WARNING: Normalizing category proportions so that sum of them equals to 1
WARNING: Normalizing category proportions so that sum of them equals to 1
WARNING: Normalizing category proportions so that sum of them equals to 1
WARNING: Normalizing category proportions so that sum of them equals to 1
WARNING: Normalizing category proportions so that sum of them equals to 1
WARNING: Normalizing category proportions so that sum of them equals to 1
WARNING: Normalizing category proportions so that sum of them equals to 1
WARNING: Normalizing category proportions so that sum of them equals to 1
WARNING: Normalizing category proportions so that sum of them equals to 1
WARNING: Normalizing category proportions so that sum of them equals to 1
WARNING: Normalizing category proportions so that sum of them equals to 1
WARNING: Normalizing category proportions so that sum of them equals to 1
WARNING: Normalizing category proportions so that sum of them equals to 1
WARNING: Normalizing category proportions so that sum of them equals to 1
WARNING: Normalizing category proportions so that sum of them equals to 1
WARNING: Normalizing category proportions so that sum of them equals to 1
WARNING: Normalizing category proportions so that sum of them equals to 1
WARNING: Normalizing category proportions so that sum of them equals to 1
WARNING: Normalizing category proportions so that sum of them equals to 1

NOTE: 849 MB RAM (0 GB) is required!
Estimate model parameters (epsilon = 0.100)
Partition GALGAL_R03569.nex / Model: Q.BIRD+F+I+R2 / df: 48 / LogL: -15521.590
Partition GALGAL_R15728.nex / Model: Q.BIRD+F+I+R2 / df: 54 / LogL: -10411.706
Partition GALGAL_R02374.nex_GALGAL_R03541.nex_GALGAL_R07348.nex_GALGAL_R16165.nex_GALGAL_R16394.nex / Model: Q.BIRD+F+I+R2 / df: 56 / LogL: -12164.758
Partition GALGAL_R00408.nex_GALGAL_R10715.nex_GALGAL_R12208.nex_GALGAL_R16803.nex / Model: Q.BIRD+F+I+R2 / df: 56 / LogL: -12385.904
Partition GALGAL_R03688.nex_GALGAL_R10034.nex_GALGAL_R12112.nex_GALGAL_R16416.nex / Model: Q.BIRD+F+I+R2 / df: 56 / LogL: -11389.991
Partition GALGAL_R07474.nex_GALGAL_R08313.nex / Model: Q.BIRD+F+I+R2 / df: 56 / LogL: -12106.834
Partition GALGAL_R01537.nex_GALGAL_R15774.nex_GALGAL_R16278.nex / Model: Q.BIRD+F+I+R2 / df: 56 / LogL: -13146.042
Partition GALGAL_R12918.nex_GALGAL_R14339.nex_GALGAL_R14367.nex_GALGAL_R15778.nex / Model: Q.BIRD+F+I+R2 / df: 56 / LogL: -15250.414
Partition GALGAL_R04532.nex_GALGAL_R09620.nex_GALGAL_R13255.nex_GALGAL_R15190.nex / Model: Q.BIRD+F+I+R3 / df: 56 / LogL: -10647.775
Partition GALGAL_R00988.nex_GALGAL_R11252.nex_GALGAL_R14097.nex_GALGAL_R16245.nex / Model: Q.BIRD+F+R2 / df: 56 / LogL: -10948.863
Partition GALGAL_R03159.nex_GALGAL_R04439.nex_GALGAL_R11280.nex / Model: Q.BIRD+F+I+R3 / df: 56 / LogL: -12273.609
Partition GALGAL_R16282.nex / Model: Q.BIRD+R3 / df: 37 / LogL: -12963.433
Partition GALGAL_R06386.nex_GALGAL_R08215.nex_GALGAL_R12254.nex_GALGAL_R12970.nex / Model: Q.BIRD+F+I+R2 / df: 56 / LogL: -18777.318
Partition GALGAL_R03572.nex_GALGAL_R06395.nex / Model: Q.BIRD+I+R3 / df: 37 / LogL: -11433.084
Partition GALGAL_R09351.nex_GALGAL_R13994.nex_GALGAL_R16105.nex_GALGAL_R16261.nex / Model: Q.BIRD+R3 / df: 37 / LogL: -12557.004
Partition GALGAL_R00479.nex_GALGAL_R05701.nex_GALGAL_R05938.nex_GALGAL_R06486.nex_GALGAL_R08274.nex_GALGAL_R13145.nex_GALGAL_R15942.nex_GALGAL_R16248.nex / Model: Q.BIRD+F+I+R2 / df: 56 / LogL: -23256.458
Partition GALGAL_R14552.nex / Model: Q.BIRD+F+R3 / df: 48 / LogL: -17217.941
Partition GALGAL_R07119.nex_GALGAL_R13612.nex_GALGAL_R14502.nex / Model: Q.BIRD+F+R3 / df: 56 / LogL: -11034.164
Partition GALGAL_R03226.nex_GALGAL_R05168.nex_GALGAL_R11521.nex_GALGAL_R14465.nex / Model: Q.BIRD+F+R3 / df: 56 / LogL: -13481.421
Partition GALGAL_R13983.nex / Model: Q.BIRD+I+R2 / df: 37 / LogL: -9867.005
Partition GALGAL_R13106.nex_GALGAL_R13597.nex_GALGAL_R16770.nex / Model: Q.BIRD+F+I+R3 / df: 56 / LogL: -7818.311
Partition GALGAL_R04354.nex_GALGAL_R06580.nex_GALGAL_R10094.nex_GALGAL_R11407.nex / Model: Q.BIRD+I+R3 / df: 37 / LogL: -12773.408
Partition GALGAL_R04407.nex_GALGAL_R07662.nex_GALGAL_R10695.nex_GALGAL_R16223.nex_GALGAL_R16855.nex / Model: Q.BIRD+F+R3 / df: 56 / LogL: -14607.463
Partition GALGAL_R06330.nex_GALGAL_R06656.nex_GALGAL_R06832.nex_GALGAL_R11350.nex_GALGAL_R13393.nex_GALGAL_R15163.nex_GALGAL_R17325.nex / Model: Q.BIRD+F+I+R3 / df: 56 / LogL: -19226.367
Partition GALGAL_R06886.nex / Model: Q.BIRD+F+I+G4 / df: 38 / LogL: -22514.685
Partition GALGAL_R08312.nex_GALGAL_R12517.nex / Model: Q.BIRD+I+R2 / df: 37 / LogL: -9046.180
Partition GALGAL_R07847.nex_GALGAL_R09319.nex / Model: Q.BIRD+F+I+R3 / df: 56 / LogL: -12375.373
Partition GALGAL_R03839.nex / Model: Q.PLANT+F+I+R3 / df: 56 / LogL: -10782.372
Partition GALGAL_R02139.nex_GALGAL_R09342.nex_GALGAL_R13330.nex_GALGAL_R16711.nex / Model: Q.BIRD+F+R4 / df: 56 / LogL: -15303.508
Partition GALGAL_R01867.nex_GALGAL_R06313.nex / Model: Q.BIRD+F+I+R3 / df: 56 / LogL: -12763.339
Partition GALGAL_R00635.nex_GALGAL_R00913.nex_GALGAL_R04096.nex_GALGAL_R04117.nex_GALGAL_R05435.nex_GALGAL_R08509.nex_GALGAL_R09081.nex_GALGAL_R13636.nex / Model: Q.BIRD+F+R4 / df: 56 / LogL: -17161.624
Partition GALGAL_R16296.nex / Model: Q.BIRD+F+I+R3 / df: 42 / LogL: -16707.186
Partition GALGAL_R14333.nex_GALGAL_R16856.nex / Model: Q.BIRD+F+R3 / df: 56 / LogL: -21043.134
Partition GALGAL_R09396.nex / Model: Q.BIRD+R3 / df: 35 / LogL: -11160.230
Partition GALGAL_R14501.nex / Model: Q.BIRD+F+I+G4 / df: 56 / LogL: -13317.780
Partition GALGAL_R03931.nex_GALGAL_R05736.nex_GALGAL_R08562.nex_GALGAL_R17192.nex / Model: Q.BIRD+R3 / df: 37 / LogL: -19443.571
Partition GALGAL_R14100.nex / Model: Q.BIRD+F+I+R2 / df: 54 / LogL: -7859.453
Partition GALGAL_R00747.nex_GALGAL_R09427.nex_GALGAL_R09873.nex / Model: Q.BIRD+F+I+R3 / df: 56 / LogL: -13391.489
Partition GALGAL_R03735.nex_GALGAL_R04721.nex_GALGAL_R16454.nex_GALGAL_R16658.nex / Model: Q.BIRD+F+R3 / df: 56 / LogL: -16395.170
Partition GALGAL_R11298.nex_GALGAL_R14953.nex / Model: Q.BIRD+F+R3 / df: 56 / LogL: -16461.795
Partition GALGAL_R02252.nex_GALGAL_R14337.nex / Model: Q.BIRD+F+I+R2 / df: 56 / LogL: -12501.824
Partition GALGAL_R03598.nex_GALGAL_R09392.nex_GALGAL_R13456.nex_GALGAL_R16421.nex / Model: Q.BIRD+F+I+R3 / df: 56 / LogL: -17659.790
Partition GALGAL_R01979.nex_GALGAL_R12071.nex_GALGAL_R14451.nex / Model: Q.BIRD+F+R3 / df: 56 / LogL: -25741.204
Partition GALGAL_R13583.nex / Model: Q.BIRD+F+G4 / df: 56 / LogL: -7623.887
Partition GALGAL_R09095.nex_GALGAL_R12769.nex_GALGAL_R14561.nex / Model: Q.BIRD+R3 / df: 37 / LogL: -10811.856
Partition GALGAL_R09109.nex_GALGAL_R11967.nex / Model: Q.BIRD+I+R3 / df: 37 / LogL: -8808.442
Partition GALGAL_R06230.nex_GALGAL_R15247.nex_GALGAL_R15384.nex_GALGAL_R17014.nex / Model: Q.BIRD+F+R3 / df: 56 / LogL: -17329.564
Partition GALGAL_R08772.nex_GALGAL_R10473.nex_GALGAL_R10540.nex_GALGAL_R14357.nex / Model: Q.BIRD+I+G4 / df: 37 / LogL: -9664.697
Partition GALGAL_R00923.nex_GALGAL_R04006.nex_GALGAL_R06496.nex_GALGAL_R07529.nex_GALGAL_R08641.nex_GALGAL_R09189.nex_GALGAL_R12195.nex_GALGAL_R17280.nex / Model: Q.BIRD+F+R3 / df: 56 / LogL: -11653.678
Partition GALGAL_R04805.nex_GALGAL_R09967.nex / Model: Q.BIRD+G4 / df: 37 / LogL: -10578.620
Partition GALGAL_R09698.nex_GALGAL_R16720.nex / Model: Q.BIRD+F+I+R3 / df: 56 / LogL: -10409.811
Partition GALGAL_R01957.nex_GALGAL_R01971.nex_GALGAL_R05304.nex_GALGAL_R08259.nex_GALGAL_R08543.nex / Model: Q.BIRD+F+I+R3 / df: 56 / LogL: -24579.105
Partition GALGAL_R01801.nex_GALGAL_R03570.nex_GALGAL_R12035.nex / Model: Q.BIRD+I+G4 / df: 37 / LogL: -16748.110
Partition GALGAL_R08210.nex / Model: Q.MAMMAL+F+I+R2 / df: 56 / LogL: -6606.873
Partition GALGAL_R05521.nex_GALGAL_R10897.nex_GALGAL_R15249.nex / Model: Q.BIRD+F+I+G4 / df: 56 / LogL: -14402.737
Partition GALGAL_R00462.nex_GALGAL_R01092.nex_GALGAL_R04722.nex_GALGAL_R06254.nex_GALGAL_R09562.nex_GALGAL_R11003.nex_GALGAL_R14688.nex_GALGAL_R15308.nex / Model: Q.BIRD+F+R3 / df: 56 / LogL: -14242.376
Partition GALGAL_R01600.nex_GALGAL_R08888.nex / Model: Q.BIRD+F+I+R2 / df: 56 / LogL: -11441.193
Partition GALGAL_R03147.nex_GALGAL_R13483.nex / Model: Q.BIRD+F+R2 / df: 56 / LogL: -8037.508
Partition GALGAL_R02267.nex_GALGAL_R06747.nex / Model: Q.BIRD+I+R2 / df: 37 / LogL: -7711.333
Partition GALGAL_R04762.nex / Model: Q.BIRD+F+I+R2 / df: 56 / LogL: -6865.717
Partition GALGAL_R02670.nex_GALGAL_R06394.nex_GALGAL_R09465.nex_GALGAL_R12113.nex_GALGAL_R13266.nex / Model: Q.MAMMAL+F+I / df: 56 / LogL: -6530.977
Partition GALGAL_R01686.nex_GALGAL_R02526.nex_GALGAL_R05947.nex / Model: Q.BIRD+F+I+G4 / df: 56 / LogL: -11678.901
Partition GALGAL_R04323.nex_GALGAL_R08852.nex_GALGAL_R16380.nex_GALGAL_R17486.nex / Model: Q.BIRD+F+I+G4 / df: 56 / LogL: -15371.834
Partition GALGAL_R04371.nex_GALGAL_R13970.nex / Model: Q.BIRD+I+R2 / df: 37 / LogL: -6969.178
Partition GALGAL_R08486.nex_GALGAL_R17367.nex / Model: Q.BIRD+F+I+R3 / df: 56 / LogL: -14526.886
Partition GALGAL_R00577.nex_GALGAL_R01052.nex_GALGAL_R03676.nex_GALGAL_R04386.nex_GALGAL_R07784.nex_GALGAL_R08220.nex_GALGAL_R08726.nex_GALGAL_R11634.nex_GALGAL_R12013.nex_GALGAL_R12486.nex_GALGAL_R12491.nex_GALGAL_R13520.nex / Model: MTZOA+F+I / df: 56 / LogL: -9054.570
Partition GALGAL_R02293.nex_GALGAL_R02314.nex_GALGAL_R15400.nex_GALGAL_R16822.nex / Model: Q.BIRD+F+I+R3 / df: 56 / LogL: -17694.843
Partition GALGAL_R03233.nex_GALGAL_R09535.nex_GALGAL_R11156.nex_GALGAL_R12541.nex_GALGAL_R14377.nex_GALGAL_R16970.nex / Model: Q.BIRD+F+I+R3 / df: 56 / LogL: -10345.423
Partition GALGAL_R16124.nex / Model: Q.BIRD+F+I+G4 / df: 56 / LogL: -22989.776
Partition GALGAL_R02481.nex_GALGAL_R10312.nex / Model: Q.PLANT+F+I+R2 / df: 54 / LogL: -4724.203
Partition GALGAL_R13201.nex / Model: Q.BIRD+F+I+G4 / df: 50 / LogL: -10242.118
Partition GALGAL_R13175.nex_GALGAL_R14550.nex_GALGAL_R15128.nex_GALGAL_R16003.nex / Model: Q.BIRD+F+I+G4 / df: 56 / LogL: -30872.842
Partition GALGAL_R00430.nex_GALGAL_R05655.nex / Model: Q.BIRD+F+I+G4 / df: 56 / LogL: -7559.834
Partition GALGAL_R10726.nex_GALGAL_R14268.nex / Model: Q.BIRD+F+R3 / df: 56 / LogL: -7268.530
Partition GALGAL_R01545.nex_GALGAL_R09011.nex_GALGAL_R13281.nex / Model: Q.BIRD+F+G4 / df: 56 / LogL: -9065.162
Partition GALGAL_R00163.nex / Model: Q.BIRD+F+R3 / df: 54 / LogL: -9437.767
Partition GALGAL_R06786.nex_GALGAL_R07333.nex / Model: Q.BIRD+F+I+G4 / df: 56 / LogL: -17603.441
Partition GALGAL_R05479.nex_GALGAL_R06171.nex_GALGAL_R07547.nex_GALGAL_R12927.nex / Model: Q.BIRD+F+I+R3 / df: 56 / LogL: -9657.559
Partition GALGAL_R03946.nex_GALGAL_R13605.nex / Model: Q.BIRD+F+R2 / df: 56 / LogL: -5086.342
Partition GALGAL_R07830.nex_GALGAL_R15102.nex / Model: Q.PLANT+I / df: 37 / LogL: -3343.045
Partition GALGAL_R10579.nex / Model: Q.BIRD+F+I+R3 / df: 56 / LogL: -7114.755
Partition GALGAL_R03889.nex / Model: Q.MAMMAL+F+I / df: 52 / LogL: -2752.379
Partition GALGAL_R00026.nex_GALGAL_R00466.nex_GALGAL_R02082.nex_GALGAL_R05584.nex_GALGAL_R06074.nex_GALGAL_R06367.nex_GALGAL_R10699.nex_GALGAL_R16092.nex / Model: Q.PLANT+F+I+R3 / df: 56 / LogL: -11687.563
Partition GALGAL_R10367.nex_GALGAL_R11358.nex / Model: Q.BIRD+F+G4 / df: 56 / LogL: -7941.929
Partition GALGAL_R02933.nex / Model: Q.BIRD+F+I+R3 / df: 54 / LogL: -6254.757
Partition GALGAL_R03026.nex_GALGAL_R09577.nex / Model: Q.BIRD+F+I+R2 / df: 56 / LogL: -5125.801
Partition GALGAL_R06498.nex_GALGAL_R17265.nex / Model: Q.BIRD+F+R3 / df: 56 / LogL: -6060.674
Partition GALGAL_R11154.nex / Model: Q.BIRD+F+I+R2 / df: 56 / LogL: -5109.080
Partition GALGAL_R12788.nex_GALGAL_R16308.nex / Model: Q.BIRD+F+R2 / df: 54 / LogL: -3309.903
Partition GALGAL_R09027.nex / Model: Q.BIRD+F+I+R2 / df: 56 / LogL: -3904.855
Partition GALGAL_R09505.nex / Model: Q.BIRD+F+I+R2 / df: 56 / LogL: -2714.451
Partition GALGAL_R10039.nex_GALGAL_R10703.nex / Model: Q.MAMMAL+F+I+R3 / df: 56 / LogL: -4049.359
Partition GALGAL_R01162.nex_GALGAL_R06682.nex / Model: Q.BIRD+F+I+R2 / df: 56 / LogL: -3569.414
Partition GALGAL_R08214.nex_GALGAL_R09485.nex_GALGAL_R14575.nex / Model: Q.BIRD+F+I / df: 56 / LogL: -3467.752
Partition GALGAL_R03361.nex / Model: Q.INSECT+F+I / df: 38 / LogL: -2270.182
Partition GALGAL_R04370.nex / Model: Q.BIRD+F+G4 / df: 42 / LogL: -7665.886
Partition GALGAL_R05533.nex_GALGAL_R06734.nex_GALGAL_R08505.nex_GALGAL_R11292.nex / Model: Q.BIRD+F+I+G4 / df: 56 / LogL: -19726.344
Partition GALGAL_R00357.nex_GALGAL_R07631.nex / Model: JTTDCMUT+I / df: 9 / LogL: -3315.901
Partition GALGAL_R00037.nex / Model: Q.BIRD+F+R2 / df: 46 / LogL: -4067.783
Partition GALGAL_R12240.nex / Model: Q.BIRD+G4 / df: 35 / LogL: -4998.438
Partition GALGAL_R13503.nex_GALGAL_R17573.nex / Model: Q.BIRD+I+R2 / df: 31 / LogL: -1786.610
Partition GALGAL_R10724.nex / Model: Q.BIRD+F+G4 / df: 56 / LogL: -4760.766
Partition GALGAL_R02558.nex_GALGAL_R14184.nex / Model: Q.PLANT+I+R3 / df: 37 / LogL: -3465.796
Partition GALGAL_R17137.nex_GALGAL_R17361.nex / Model: Q.PLANT+F / df: 26 / LogL: -1979.902
Partition GALGAL_R11746.nex / Model: Q.MAMMAL / df: 3 / LogL: -993.508
Partition GALGAL_R11853.nex / Model: Q.BIRD+F+G4 / df: 24 / LogL: -2706.399
Partition GALGAL_R11658.nex / Model: Q.BIRD+F / df: 22 / LogL: -1355.684
Partition GALGAL_R16546.nex / Model: Q.BIRD+G4 / df: 7 / LogL: -2319.984
Partition GALGAL_R16867.nex / Model: Q.PLANT / df: 9 / LogL: -392.132
Partition GALGAL_R07551.nex / Model: Q.PLANT+I+R2 / df: 37 / LogL: -1189.160
Partition GALGAL_R10043.nex / Model: MTVER+F / df: 22 / LogL: -532.481
Partition GALGAL_R05422.nex / Model: Q.BIRD+F / df: 22 / LogL: -1118.386
Partition GALGAL_R01443.nex / Model: HIVB+F / df: 22 / LogL: -331.221
Partition GALGAL_R01120.nex / Model: LG+F / df: 22 / LogL: -459.529
Partition GALGAL_R08017.nex / Model: HIVB+F / df: 22 / LogL: -631.826
Partition GALGAL_R07338.nex / Model: JTTDCMUT / df: 3 / LogL: -1312.766
Partition GALGAL_R08054.nex / Model: Q.PFAM+F / df: 22 / LogL: -1148.471
Partition GALGAL_R17643.nex / Model: Q.BIRD+F+G4 / df: 26 / LogL: -529.168
Partition GALGAL_R06760.nex / Model: HIVB+F+I / df: 56 / LogL: -995.736
Partition GALGAL_R00072.nex / Model: Q.MAMMAL+F+G4 / df: 48 / LogL: -2249.127
Partition GALGAL_R05314.nex / Model: Q.BIRD+F+I+G4 / df: 48 / LogL: -6170.944
Partition GALGAL_R12323.nex / Model: Q.PLANT+F+I+R2 / df: 52 / LogL: -1172.326
Partition GALGAL_R07933.nex / Model: Q.INSECT+F+G4 / df: 44 / LogL: -880.691
Partition GALGAL_R11860.nex / Model: Q.BIRD+F+I+G4 / df: 44 / LogL: -8213.085
Partition GALGAL_R05534.nex / Model: Q.BIRD+F+R3 / df: 54 / LogL: -4432.259
Partition GALGAL_R10794.nex / Model: Q.BIRD+F+I+R2 / df: 56 / LogL: -1165.941
Partition GALGAL_R16585.nex / Model: Q.BIRD+F+I+R2 / df: 52 / LogL: -2363.558
Partition GALGAL_R03698.nex_GALGAL_R03717.nex_GALGAL_R06316.nex_GALGAL_R06724.nex / Model: Q.BIRD+F+R3 / df: 56 / LogL: -8036.790
Partition GALGAL_R09007.nex_GALGAL_R16818.nex / Model: Q.BIRD+F+R3 / df: 56 / LogL: -4877.044
Partition GALGAL_R04270.nex / Model: Q.INSECT+F+I+R3 / df: 56 / LogL: -5049.136
Partition GALGAL_R12365.nex / Model: Q.BIRD+G4 / df: 15 / LogL: -2589.379
Partition GALGAL_R00091.nex_GALGAL_R08625.nex_GALGAL_R11194.nex_GALGAL_R12404.nex / Model: Q.BIRD+F+I+G4 / df: 56 / LogL: -9805.755
Partition GALGAL_R14236.nex / Model: Q.BIRD+F+G4 / df: 56 / LogL: -966.371
Partition GALGAL_R09923.nex / Model: Q.BIRD+F+G4 / df: 56 / LogL: -4471.873
Partition GALGAL_R05827.nex_GALGAL_R07667.nex / Model: Q.BIRD+F+I+R3 / df: 56 / LogL: -2756.028
Partition GALGAL_R06362.nex_GALGAL_R13522.nex_GALGAL_R17207.nex / Model: Q.BIRD+G4 / df: 37 / LogL: -9889.399
Partition GALGAL_R15987.nex / Model: Q.BIRD+F+I+G4 / df: 56 / LogL: -5185.210
Partition GALGAL_R00433.nex_GALGAL_R01564.nex_GALGAL_R05923.nex_GALGAL_R10470.nex_GALGAL_R12938.nex_GALGAL_R15220.nex / Model: Q.BIRD+F+I+R3 / df: 56 / LogL: -7263.870
Partition GALGAL_R00856.nex_GALGAL_R01816.nex_GALGAL_R03697.nex_GALGAL_R04168.nex_GALGAL_R11094.nex_GALGAL_R11375.nex_GALGAL_R12960.nex_GALGAL_R17176.nex / Model: Q.BIRD+F+I+G4 / df: 56 / LogL: -10182.671
Partition GALGAL_R11127.nex / Model: Q.BIRD+F+I+G4 / df: 54 / LogL: -2556.177
Partition GALGAL_R00352.nex / Model: Q.BIRD+F+R3 / df: 54 / LogL: -4580.609
Partition GALGAL_R12105.nex_GALGAL_R15203.nex / Model: Q.BIRD+F+R3 / df: 56 / LogL: -4711.399
Partition GALGAL_R00185.nex / Model: Q.BIRD+F+G4 / df: 52 / LogL: -2246.160
Partition GALGAL_R06393.nex / Model: Q.BIRD+F+G4 / df: 44 / LogL: -2186.731
Partition GALGAL_R00005.nex_GALGAL_R00289.nex_GALGAL_R06154.nex_GALGAL_R07282.nex_GALGAL_R09443.nex_GALGAL_R14612.nex_GALGAL_R15053.nex / Model: Q.BIRD+F+R4 / df: 56 / LogL: -13390.010
Partition GALGAL_R00264.nex / Model: HIVB+G4 / df: 31 / LogL: -2137.065
Partition GALGAL_R03335.nex / Model: Q.BIRD+G4 / df: 23 / LogL: -2873.830
Partition GALGAL_R09123.nex_GALGAL_R14374.nex / Model: Q.BIRD+F+I+G4 / df: 56 / LogL: -3383.989
Partition GALGAL_R02071.nex / Model: Q.PLANT+G4 / df: 25 / LogL: -4043.592
Partition GALGAL_R15467.nex / Model: WAG+F+I+G4 / df: 44 / LogL: -2749.148
Partition GALGAL_R02696.nex_GALGAL_R07212.nex_GALGAL_R17339.nex / Model: Q.BIRD+F+G4 / df: 36 / LogL: -8830.376
Partition GALGAL_R06472.nex_GALGAL_R07351.nex / Model: Q.BIRD+F+G4 / df: 56 / LogL: -4107.893
Partition GALGAL_R09313.nex / Model: Q.BIRD+F+R3 / df: 52 / LogL: -3402.295
Partition GALGAL_R05426.nex / Model: Q.BIRD+G4 / df: 35 / LogL: -3408.414
Partition GALGAL_R10535.nex_GALGAL_R13131.nex / Model: Q.BIRD+G4 / df: 37 / LogL: -3290.554
Partition GALGAL_R12085.nex / Model: Q.BIRD+F+G4 / df: 48 / LogL: -10799.885
Partition GALGAL_R14156.nex_GALGAL_R16892.nex / Model: Q.BIRD+F+G4 / df: 54 / LogL: -5853.479
Partition GALGAL_R07744.nex / Model: JTT+R4 / df: 33 / LogL: -4725.024
Partition GALGAL_R00546.nex_GALGAL_R07291.nex_GALGAL_R16109.nex / Model: Q.BIRD+F+R3 / df: 52 / LogL: -4226.565
Partition GALGAL_R10354.nex_GALGAL_R13864.nex / Model: Q.BIRD+F+R3 / df: 54 / LogL: -5540.918
Partition GALGAL_R12547.nex_GALGAL_R12594.nex / Model: Q.BIRD+F+I+R3 / df: 56 / LogL: -25986.935
Partition GALGAL_R09106.nex_GALGAL_R16286.nex / Model: Q.BIRD+F+I+R3 / df: 54 / LogL: -30373.079
Partition GALGAL_R06017.nex_GALGAL_R06060.nex_GALGAL_R12090.nex_GALGAL_R12096.nex_GALGAL_R15824.nex / Model: Q.BIRD+I+R4 / df: 37 / LogL: -20471.200
Partition GALGAL_R00427.nex_GALGAL_R00996.nex_GALGAL_R09188.nex_GALGAL_R14639.nex / Model: Q.BIRD+F+I+R3 / df: 56 / LogL: -34915.598
Optimal log-likelihood: -1492058.423
Wrote distance file to... 

Do NNI search on 1 best initial trees
Optimizing NNI: done in 1.07884 secs using 4331% CPU
Estimate model parameters (epsilon = 0.100)
BETTER TREE FOUND at iteration 1: -1492005.317
Finish initializing candidate tree set (2)
Current best tree score: -1492005.317 / CPU time: 1.461
Number of iterations: 1
--------------------------------------------------------------------
|               OPTIMIZING CANDIDATE TREE SET                      |
--------------------------------------------------------------------
Optimizing NNI: done in 3.7987 secs using 4277% CPU
Optimizing NNI: done in 2.8302 secs using 4316% CPU
Optimizing NNI: done in 4.22583 secs using 4268% CPU
Optimizing NNI: done in 2.73344 secs using 4250% CPU
Optimizing NNI: done in 3.14736 secs using 4311% CPU
Optimizing NNI: done in 2.75094 secs using 4314% CPU
Optimizing NNI: done in 3.03488 secs using 4246% CPU
Optimizing NNI: done in 34.0948 secs using 556.5% CPU
Optimizing NNI: done in 2.69821 secs using 4276% CPU
Iteration 10 / LogL: -1492178.873 / Time: 12913h:43m:56s
Optimizing NNI: done in 3.21505 secs using 4274% CPU
Optimizing NNI: done in 3.03437 secs using 4296% CPU
Optimizing NNI: done in 3.5326 secs using 4263% CPU
Optimizing NNI: done in 3.09893 secs using 4227% CPU
Optimizing NNI: done in 2.58746 secs using 4320% CPU
Optimizing NNI: done in 3.06709 secs using 4285% CPU
Optimizing NNI: done in 2.23064 secs using 4306% CPU
Optimizing NNI: done in 3.81163 secs using 4310% CPU
Optimizing NNI: done in 33.7736 secs using 513.6% CPU
Optimizing NNI: done in 2.64957 secs using 4256% CPU
Iteration 20 / LogL: -1492023.706 / Time: 12913h:44m:58s
Optimizing NNI: done in 2.59621 secs using 4296% CPU
Optimizing NNI: done in 2.8216 secs using 4364% CPU
Optimizing NNI: done in 2.83836 secs using 4327% CPU
Optimizing NNI: done in 3.11528 secs using 4260% CPU
Optimizing NNI: done in 2.57856 secs using 4276% CPU
Optimizing NNI: done in 2.22231 secs using 4357% CPU
Optimizing NNI: done in 3.66274 secs using 4303% CPU
Optimizing NNI: done in 2.68814 secs using 4382% CPU
Optimizing NNI: done in 31.1795 secs using 343.5% CPU
Optimizing NNI: done in 3.42892 secs using 3723% CPU
Estimate model parameters (epsilon = 0.100)
UPDATE BEST LOG-LIKELIHOOD: -1491987.684
Iteration 30 / LogL: -1491987.684 / Time: 12913h:45m:56s (0h:7m:26s left)
Optimizing NNI: done in 2.66069 secs using 4280% CPU
Optimizing NNI: done in 3.0486 secs using 4301% CPU
Optimizing NNI: done in 2.91222 secs using 4265% CPU
Optimizing NNI: done in 2.89771 secs using 4364% CPU
Optimizing NNI: done in 3.43098 secs using 4288% CPU
Optimizing NNI: done in 2.69767 secs using 4290% CPU
Optimizing NNI: done in 3.28912 secs using 4309% CPU
Optimizing NNI: done in 2.88926 secs using 4281% CPU
Optimizing NNI: done in 32.6567 secs using 398.5% CPU
Optimizing NNI: done in 3.0697 secs using 4296% CPU
Iteration 40 / LogL: -1492045.150 / Time: 12913h:46m:56s (0h:6m:19s left)
Optimizing NNI: done in 2.82734 secs using 4277% CPU
Optimizing NNI: done in 2.86325 secs using 4297% CPU
Optimizing NNI: done in 2.45335 secs using 4279% CPU
Optimizing NNI: done in 3.00433 secs using 4259% CPU
Optimizing NNI: done in 2.73611 secs using 4303% CPU
Optimizing NNI: done in 2.88897 secs using 4296% CPU
Optimizing NNI: done in 3.09137 secs using 4283% CPU
Optimizing NNI: done in 3.24955 secs using 4285% CPU
Optimizing NNI: done in 34.0395 secs using 534.8% CPU
Optimizing NNI: done in 2.12278 secs using 4328% CPU
Iteration 50 / LogL: -1492176.257 / Time: 12913h:47m:56s (0h:5m:15s left)
Optimizing NNI: done in 3.57267 secs using 4274% CPU
Optimizing NNI: done in 3.45996 secs using 4328% CPU
Optimizing NNI: done in 2.81574 secs using 4277% CPU
Optimizing NNI: done in 2.76112 secs using 4292% CPU
Optimizing NNI: done in 2.72277 secs using 4273% CPU
Optimizing NNI: done in 3.05007 secs using 4252% CPU
Optimizing NNI: done in 2.98197 secs using 4304% CPU
Optimizing NNI: done in 2.93515 secs using 4299% CPU
Optimizing NNI: done in 33.2543 secs using 453.2% CPU
Optimizing NNI: done in 2.66144 secs using 4323% CPU
Iteration 60 / LogL: -1492053.724 / Time: 12913h:48m:57s (0h:4m:12s left)
Optimizing NNI: done in 3.37169 secs using 4293% CPU
Optimizing NNI: done in 3.18178 secs using 4276% CPU
Optimizing NNI: done in 2.74484 secs using 4287% CPU
Optimizing NNI: done in 2.63194 secs using 4285% CPU
Optimizing NNI: done in 2.93021 secs using 4260% CPU
Optimizing NNI: done in 2.82242 secs using 4293% CPU
Optimizing NNI: done in 2.30144 secs using 4320% CPU
Optimizing NNI: done in 2.89999 secs using 4268% CPU
Optimizing NNI: done in 33.3174 secs using 455% CPU
Optimizing NNI: done in 3.03748 secs using 4326% CPU
Iteration 70 / LogL: -1492038.148 / Time: 12913h:49m:57s (0h:3m:10s left)
Optimizing NNI: done in 2.71749 secs using 4312% CPU
Optimizing NNI: done in 2.67597 secs using 4322% CPU
Optimizing NNI: done in 3.42807 secs using 4321% CPU
Optimizing NNI: done in 3.30092 secs using 4304% CPU
Optimizing NNI: done in 2.95046 secs using 4276% CPU
Optimizing NNI: done in 2.9012 secs using 4298% CPU
Optimizing NNI: done in 3.38852 secs using 4281% CPU
Optimizing NNI: done in 34.3294 secs using 584.2% CPU
Optimizing NNI: done in 2.82269 secs using 4230% CPU
Optimizing NNI: done in 2.46544 secs using 4274% CPU
Iteration 80 / LogL: -1492049.432 / Time: 12913h:50m:59s (0h:2m:8s left)
Optimizing NNI: done in 3.43661 secs using 4321% CPU
Optimizing NNI: done in 3.73195 secs using 4244% CPU
Optimizing NNI: done in 2.72425 secs using 4295% CPU
Optimizing NNI: done in 2.99251 secs using 4307% CPU
Optimizing NNI: done in 2.87273 secs using 4310% CPU
Optimizing NNI: done in 2.79431 secs using 4248% CPU
Optimizing NNI: done in 2.79727 secs using 4347% CPU
Optimizing NNI: done in 32.6936 secs using 388.9% CPU
Optimizing NNI: done in 2.53285 secs using 4314% CPU
Optimizing NNI: done in 3.32036 secs using 4342% CPU
Iteration 90 / LogL: -1492005.408 / Time: 12913h:51m:59s (0h:1m:7s left)
Optimizing NNI: done in 2.8654 secs using 4309% CPU
Optimizing NNI: done in 3.09269 secs using 4288% CPU
Optimizing NNI: done in 2.52205 secs using 4267% CPU
Optimizing NNI: done in 2.44414 secs using 4253% CPU
Optimizing NNI: done in 3.12553 secs using 4247% CPU
Optimizing NNI: done in 3.0971 secs using 4297% CPU
Optimizing NNI: done in 2.97722 secs using 4315% CPU
Optimizing NNI: done in 33.0267 secs using 445.4% CPU
Optimizing NNI: done in 3.93338 secs using 4263% CPU
Optimizing NNI: done in 2.82644 secs using 4257% CPU
Iteration 100 / LogL: -1492067.893 / Time: 12913h:53m:0s (0h:0m:6s left)
Optimizing NNI: done in 2.87747 secs using 4307% CPU
Optimizing NNI: done in 3.28426 secs using 4274% CPU
TREE SEARCH COMPLETED AFTER 102 ITERATIONS / Time: 12913h:53m:6s

--------------------------------------------------------------------
|                    FINALIZING TREE SEARCH                        |
--------------------------------------------------------------------
Performs final model parameters optimization
Estimate model parameters (epsilon = 0.010)
Partition GALGAL_R03569.nex / Model: Q.BIRD+F+I+R2 / df: 48 / LogL: -15528.220
Partition GALGAL_R15728.nex / Model: Q.BIRD+F+I+R2 / df: 54 / LogL: -10402.732
Partition GALGAL_R03226.nex_GALGAL_R05168.nex_GALGAL_R11521.nex_GALGAL_R14465.nex / Model: Q.BIRD+F+R3 / df: 56 / LogL: -13470.589
Partition GALGAL_R00988.nex_GALGAL_R11252.nex_GALGAL_R14097.nex_GALGAL_R16245.nex / Model: Q.BIRD+F+R2 / df: 56 / LogL: -10949.055
Partition GALGAL_R03688.nex_GALGAL_R10034.nex_GALGAL_R12112.nex_GALGAL_R16416.nex / Model: Q.BIRD+F+I+R2 / df: 56 / LogL: -11383.947
Partition GALGAL_R07847.nex_GALGAL_R09319.nex / Model: Q.BIRD+F+I+R3 / df: 56 / LogL: -12383.692
Partition GALGAL_R07474.nex_GALGAL_R08313.nex / Model: Q.BIRD+F+I+R2 / df: 56 / LogL: -12103.142
Partition GALGAL_R01537.nex_GALGAL_R15774.nex_GALGAL_R16278.nex / Model: Q.BIRD+F+I+R2 / df: 56 / LogL: -13135.115
Partition GALGAL_R00408.nex_GALGAL_R10715.nex_GALGAL_R12208.nex_GALGAL_R16803.nex / Model: Q.BIRD+F+I+R2 / df: 56 / LogL: -12383.007
Partition GALGAL_R12918.nex_GALGAL_R14339.nex_GALGAL_R14367.nex_GALGAL_R15778.nex / Model: Q.BIRD+F+I+R2 / df: 56 / LogL: -15255.913
Partition GALGAL_R02374.nex_GALGAL_R03541.nex_GALGAL_R07348.nex_GALGAL_R16165.nex_GALGAL_R16394.nex / Model: Q.BIRD+F+I+R2 / df: 56 / LogL: -12167.924
Partition GALGAL_R04532.nex_GALGAL_R09620.nex_GALGAL_R13255.nex_GALGAL_R15190.nex / Model: Q.BIRD+F+I+R3 / df: 56 / LogL: -10647.280
Partition GALGAL_R03159.nex_GALGAL_R04439.nex_GALGAL_R11280.nex / Model: Q.BIRD+F+I+R3 / df: 56 / LogL: -12273.187
Partition GALGAL_R04354.nex_GALGAL_R06580.nex_GALGAL_R10094.nex_GALGAL_R11407.nex / Model: Q.BIRD+I+R3 / df: 37 / LogL: -12769.308
Partition GALGAL_R06386.nex_GALGAL_R08215.nex_GALGAL_R12254.nex_GALGAL_R12970.nex / Model: Q.BIRD+F+I+R2 / df: 56 / LogL: -18781.479
Partition GALGAL_R16282.nex / Model: Q.BIRD+R3 / df: 37 / LogL: -12961.300
Partition GALGAL_R03839.nex / Model: Q.PLANT+F+I+R3 / df: 56 / LogL: -10787.858
Partition GALGAL_R03572.nex_GALGAL_R06395.nex / Model: Q.BIRD+I+R3 / df: 37 / LogL: -11427.196
Partition GALGAL_R07119.nex_GALGAL_R13612.nex_GALGAL_R14502.nex / Model: Q.BIRD+F+R3 / df: 56 / LogL: -11030.984
Partition GALGAL_R09351.nex_GALGAL_R13994.nex_GALGAL_R16105.nex_GALGAL_R16261.nex / Model: Q.BIRD+R3 / df: 37 / LogL: -12559.917
Partition GALGAL_R14552.nex / Model: Q.BIRD+F+R3 / df: 48 / LogL: -17215.814
Partition GALGAL_R00635.nex_GALGAL_R00913.nex_GALGAL_R04096.nex_GALGAL_R04117.nex_GALGAL_R05435.nex_GALGAL_R08509.nex_GALGAL_R09081.nex_GALGAL_R13636.nex / Model: Q.BIRD+F+R4 / df: 56 / LogL: -17157.814
Partition GALGAL_R13983.nex / Model: Q.BIRD+I+R2 / df: 37 / LogL: -9862.850
Partition GALGAL_R00747.nex_GALGAL_R09427.nex_GALGAL_R09873.nex / Model: Q.BIRD+F+I+R3 / df: 56 / LogL: -13388.837
Partition GALGAL_R13583.nex / Model: Q.BIRD+F+G4 / df: 56 / LogL: -7626.493
Partition GALGAL_R08772.nex_GALGAL_R10473.nex_GALGAL_R10540.nex_GALGAL_R14357.nex / Model: Q.BIRD+I+G4 / df: 37 / LogL: -9664.022
Partition GALGAL_R04407.nex_GALGAL_R07662.nex_GALGAL_R10695.nex_GALGAL_R16223.nex_GALGAL_R16855.nex / Model: Q.BIRD+F+R3 / df: 56 / LogL: -14610.125
Partition GALGAL_R08312.nex_GALGAL_R12517.nex / Model: Q.BIRD+I+R2 / df: 37 / LogL: -9042.856
Partition GALGAL_R03598.nex_GALGAL_R09392.nex_GALGAL_R13456.nex_GALGAL_R16421.nex / Model: Q.BIRD+F+I+R3 / df: 56 / LogL: -17661.209
Partition GALGAL_R06886.nex / Model: Q.BIRD+F+I+G4 / df: 38 / LogL: -22497.235
Partition GALGAL_R13106.nex_GALGAL_R13597.nex_GALGAL_R16770.nex / Model: Q.BIRD+F+I+R3 / df: 56 / LogL: -7818.499
Partition GALGAL_R11298.nex_GALGAL_R14953.nex / Model: Q.BIRD+F+R3 / df: 56 / LogL: -16462.860
Partition GALGAL_R02139.nex_GALGAL_R09342.nex_GALGAL_R13330.nex_GALGAL_R16711.nex / Model: Q.BIRD+F+R4 / df: 56 / LogL: -15311.676
Partition GALGAL_R16296.nex / Model: Q.BIRD+F+I+R3 / df: 42 / LogL: -16710.633
Partition GALGAL_R09396.nex / Model: Q.BIRD+R3 / df: 35 / LogL: -11160.405
Partition GALGAL_R01867.nex_GALGAL_R06313.nex / Model: Q.BIRD+F+I+R3 / df: 56 / LogL: -12763.445
Partition GALGAL_R08210.nex / Model: Q.MAMMAL+F+I+R2 / df: 56 / LogL: -6609.534
Partition GALGAL_R14501.nex / Model: Q.BIRD+F+I+G4 / df: 56 / LogL: -13308.804
Partition GALGAL_R08486.nex_GALGAL_R17367.nex / Model: Q.BIRD+F+I+R3 / df: 56 / LogL: -14527.142
Partition GALGAL_R02252.nex_GALGAL_R14337.nex / Model: Q.BIRD+F+I+R2 / df: 56 / LogL: -12494.297
Partition GALGAL_R14100.nex / Model: Q.BIRD+F+I+R2 / df: 54 / LogL: -7857.971
Partition GALGAL_R02293.nex_GALGAL_R02314.nex_GALGAL_R15400.nex_GALGAL_R16822.nex / Model: Q.BIRD+F+I+R3 / df: 56 / LogL: -17692.874
Partition GALGAL_R03931.nex_GALGAL_R05736.nex_GALGAL_R08562.nex_GALGAL_R17192.nex / Model: Q.BIRD+R3 / df: 37 / LogL: -19436.815
Partition GALGAL_R03735.nex_GALGAL_R04721.nex_GALGAL_R16454.nex_GALGAL_R16658.nex / Model: Q.BIRD+F+R3 / df: 56 / LogL: -16390.442
Partition GALGAL_R00479.nex_GALGAL_R05701.nex_GALGAL_R05938.nex_GALGAL_R06486.nex_GALGAL_R08274.nex_GALGAL_R13145.nex_GALGAL_R15942.nex_GALGAL_R16248.nex / Model: Q.BIRD+F+I+R2 / df: 56 / LogL: -23259.563
Partition GALGAL_R09698.nex_GALGAL_R16720.nex / Model: Q.BIRD+F+I+R3 / df: 56 / LogL: -10418.569
Partition GALGAL_R09095.nex_GALGAL_R12769.nex_GALGAL_R14561.nex / Model: Q.BIRD+R3 / df: 37 / LogL: -10803.051
Partition GALGAL_R00163.nex / Model: Q.BIRD+F+R3 / df: 54 / LogL: -9441.572
Partition GALGAL_R00923.nex_GALGAL_R04006.nex_GALGAL_R06496.nex_GALGAL_R07529.nex_GALGAL_R08641.nex_GALGAL_R09189.nex_GALGAL_R12195.nex_GALGAL_R17280.nex / Model: Q.BIRD+F+R3 / df: 56 / LogL: -11648.831
Partition GALGAL_R04805.nex_GALGAL_R09967.nex / Model: Q.BIRD+G4 / df: 37 / LogL: -10565.451
Partition GALGAL_R01801.nex_GALGAL_R03570.nex_GALGAL_R12035.nex / Model: Q.BIRD+I+G4 / df: 37 / LogL: -16751.896
Partition GALGAL_R06330.nex_GALGAL_R06656.nex_GALGAL_R06832.nex_GALGAL_R11350.nex_GALGAL_R13393.nex_GALGAL_R15163.nex_GALGAL_R17325.nex / Model: Q.BIRD+F+I+R3 / df: 56 / LogL: -19234.131
Partition GALGAL_R00462.nex_GALGAL_R01092.nex_GALGAL_R04722.nex_GALGAL_R06254.nex_GALGAL_R09562.nex_GALGAL_R11003.nex_GALGAL_R14688.nex_GALGAL_R15308.nex / Model: Q.BIRD+F+R3 / df: 56 / LogL: -14237.334
Partition GALGAL_R06230.nex_GALGAL_R15247.nex_GALGAL_R15384.nex_GALGAL_R17014.nex / Model: Q.BIRD+F+R3 / df: 56 / LogL: -17326.666
Partition GALGAL_R01957.nex_GALGAL_R01971.nex_GALGAL_R05304.nex_GALGAL_R08259.nex_GALGAL_R08543.nex / Model: Q.BIRD+F+I+R3 / df: 56 / LogL: -24577.690
Partition GALGAL_R05521.nex_GALGAL_R10897.nex_GALGAL_R15249.nex / Model: Q.BIRD+F+I+G4 / df: 56 / LogL: -14399.999
Partition GALGAL_R03147.nex_GALGAL_R13483.nex / Model: Q.BIRD+F+R2 / df: 56 / LogL: -8039.679
Partition GALGAL_R02933.nex / Model: Q.BIRD+F+I+R3 / df: 54 / LogL: -6254.758
Partition GALGAL_R03233.nex_GALGAL_R09535.nex_GALGAL_R11156.nex_GALGAL_R12541.nex_GALGAL_R14377.nex_GALGAL_R16970.nex / Model: Q.BIRD+F+I+R3 / df: 56 / LogL: -10345.423
Partition GALGAL_R10039.nex_GALGAL_R10703.nex / Model: Q.MAMMAL+F+I+R3 / df: 56 / LogL: -4049.320
Partition GALGAL_R11860.nex / Model: Q.BIRD+F+I+G4 / df: 44 / LogL: -8212.343
Partition GALGAL_R02670.nex_GALGAL_R06394.nex_GALGAL_R09465.nex_GALGAL_R12113.nex_GALGAL_R13266.nex / Model: Q.MAMMAL+F+I / df: 56 / LogL: -6530.978
Partition GALGAL_R04371.nex_GALGAL_R13970.nex / Model: Q.BIRD+I+R2 / df: 37 / LogL: -6967.509
Partition GALGAL_R16124.nex / Model: Q.BIRD+F+I+G4 / df: 56 / LogL: -22979.072
Partition GALGAL_R02481.nex_GALGAL_R10312.nex / Model: Q.PLANT+F+I+R2 / df: 54 / LogL: -4726.630
Partition GALGAL_R04762.nex / Model: Q.BIRD+F+I+R2 / df: 56 / LogL: -6866.552
Partition GALGAL_R04323.nex_GALGAL_R08852.nex_GALGAL_R16380.nex_GALGAL_R17486.nex / Model: Q.BIRD+F+I+G4 / df: 56 / LogL: -15374.996
Partition GALGAL_R01600.nex_GALGAL_R08888.nex / Model: Q.BIRD+F+I+R2 / df: 56 / LogL: -11438.151
Partition GALGAL_R09106.nex_GALGAL_R16286.nex / Model: Q.BIRD+F+I+R3 / df: 54 / LogL: -30381.395
Partition GALGAL_R13201.nex / Model: Q.BIRD+F+I+G4 / df: 50 / LogL: -10245.994
Partition GALGAL_R09109.nex_GALGAL_R11967.nex / Model: Q.BIRD+I+R3 / df: 37 / LogL: -8807.263
Partition GALGAL_R01545.nex_GALGAL_R09011.nex_GALGAL_R13281.nex / Model: Q.BIRD+F+G4 / df: 56 / LogL: -9071.502
Partition GALGAL_R10579.nex / Model: Q.BIRD+F+I+R3 / df: 56 / LogL: -7110.500
Partition GALGAL_R10367.nex_GALGAL_R11358.nex / Model: Q.BIRD+F+G4 / df: 56 / LogL: -7935.586
Partition GALGAL_R00005.nex_GALGAL_R00289.nex_GALGAL_R06154.nex_GALGAL_R07282.nex_GALGAL_R09443.nex_GALGAL_R14612.nex_GALGAL_R15053.nex / Model: Q.BIRD+F+R4 / df: 56 / LogL: -13392.302
Partition GALGAL_R05479.nex_GALGAL_R06171.nex_GALGAL_R07547.nex_GALGAL_R12927.nex / Model: Q.BIRD+F+I+R3 / df: 56 / LogL: -9658.450
Partition GALGAL_R06498.nex_GALGAL_R17265.nex / Model: Q.BIRD+F+R3 / df: 56 / LogL: -6064.152
Partition GALGAL_R03889.nex / Model: Q.MAMMAL+F+I / df: 52 / LogL: -2753.817
Partition GALGAL_R00577.nex_GALGAL_R01052.nex_GALGAL_R03676.nex_GALGAL_R04386.nex_GALGAL_R07784.nex_GALGAL_R08220.nex_GALGAL_R08726.nex_GALGAL_R11634.nex_GALGAL_R12013.nex_GALGAL_R12486.nex_GALGAL_R12491.nex_GALGAL_R13520.nex / Model: MTZOA+F+I / df: 56 / LogL: -9054.575
Partition GALGAL_R09027.nex / Model: Q.BIRD+F+I+R2 / df: 56 / LogL: -3898.126
Partition GALGAL_R10726.nex_GALGAL_R14268.nex / Model: Q.BIRD+F+R3 / df: 56 / LogL: -7268.007
Partition GALGAL_R03946.nex_GALGAL_R13605.nex / Model: Q.BIRD+F+R2 / df: 56 / LogL: -5093.216
Partition GALGAL_R07830.nex_GALGAL_R15102.nex / Model: Q.PLANT+I / df: 37 / LogL: -3342.439
Partition GALGAL_R03026.nex_GALGAL_R09577.nex / Model: Q.BIRD+F+I+R2 / df: 56 / LogL: -5114.605
Partition GALGAL_R12788.nex_GALGAL_R16308.nex / Model: Q.BIRD+F+R2 / df: 54 / LogL: -3312.308
Partition GALGAL_R00037.nex / Model: Q.BIRD+F+R2 / df: 46 / LogL: -4065.065
Partition GALGAL_R01162.nex_GALGAL_R06682.nex / Model: Q.BIRD+F+I+R2 / df: 56 / LogL: -3569.535
Partition GALGAL_R11154.nex / Model: Q.BIRD+F+I+R2 / df: 56 / LogL: -5109.995
Partition GALGAL_R06786.nex_GALGAL_R07333.nex / Model: Q.BIRD+F+I+G4 / df: 56 / LogL: -17600.295
Partition GALGAL_R06362.nex_GALGAL_R13522.nex_GALGAL_R17207.nex / Model: Q.BIRD+G4 / df: 37 / LogL: -9891.872
Partition GALGAL_R05827.nex_GALGAL_R07667.nex / Model: Q.BIRD+F+I+R3 / df: 56 / LogL: -2757.374
Partition GALGAL_R06472.nex_GALGAL_R07351.nex / Model: Q.BIRD+F+G4 / df: 56 / LogL: -4104.734
Partition GALGAL_R05314.nex / Model: Q.BIRD+F+I+G4 / df: 48 / LogL: -6174.307
Partition GALGAL_R00091.nex_GALGAL_R08625.nex_GALGAL_R11194.nex_GALGAL_R12404.nex / Model: Q.BIRD+F+I+G4 / df: 56 / LogL: -9799.453
Partition GALGAL_R08214.nex_GALGAL_R09485.nex_GALGAL_R14575.nex / Model: Q.BIRD+F+I / df: 56 / LogL: -3465.845
Partition GALGAL_R00430.nex_GALGAL_R05655.nex / Model: Q.BIRD+F+I+G4 / df: 56 / LogL: -7562.388
Partition GALGAL_R02696.nex_GALGAL_R07212.nex_GALGAL_R17339.nex / Model: Q.BIRD+F+G4 / df: 36 / LogL: -8830.375
Partition GALGAL_R00357.nex_GALGAL_R07631.nex / Model: JTTDCMUT+I / df: 9 / LogL: -3315.901
Partition GALGAL_R03361.nex / Model: Q.INSECT+F+I / df: 38 / LogL: -2267.528
Partition GALGAL_R09007.nex_GALGAL_R16818.nex / Model: Q.BIRD+F+R3 / df: 56 / LogL: -4870.284
Partition GALGAL_R04270.nex / Model: Q.INSECT+F+I+R3 / df: 56 / LogL: -5050.199
Partition GALGAL_R12365.nex / Model: Q.BIRD+G4 / df: 15 / LogL: -2589.379
Partition GALGAL_R14156.nex_GALGAL_R16892.nex / Model: Q.BIRD+F+G4 / df: 54 / LogL: -5862.954
Partition GALGAL_R05533.nex_GALGAL_R06734.nex_GALGAL_R08505.nex_GALGAL_R11292.nex / Model: Q.BIRD+F+I+G4 / df: 56 / LogL: -19731.939
Partition GALGAL_R13503.nex_GALGAL_R17573.nex / Model: Q.BIRD+I+R2 / df: 31 / LogL: -1785.720
Partition GALGAL_R03698.nex_GALGAL_R03717.nex_GALGAL_R06316.nex_GALGAL_R06724.nex / Model: Q.BIRD+F+R3 / df: 56 / LogL: -8036.794
Partition GALGAL_R17137.nex_GALGAL_R17361.nex / Model: Q.PLANT+F / df: 26 / LogL: -1979.892
Partition GALGAL_R11746.nex / Model: Q.MAMMAL / df: 3 / LogL: -993.508
Partition GALGAL_R11658.nex / Model: Q.BIRD+F / df: 22 / LogL: -1355.684
Partition GALGAL_R16867.nex / Model: Q.PLANT / df: 9 / LogL: -392.132
Partition GALGAL_R10043.nex / Model: MTVER+F / df: 22 / LogL: -532.481
Partition GALGAL_R05422.nex / Model: Q.BIRD+F / df: 22 / LogL: -1118.386
Partition GALGAL_R01443.nex / Model: HIVB+F / df: 22 / LogL: -331.221
Partition GALGAL_R07338.nex / Model: JTTDCMUT / df: 3 / LogL: -1312.766
Partition GALGAL_R08017.nex / Model: HIVB+F / df: 22 / LogL: -631.826
Partition GALGAL_R01120.nex / Model: LG+F / df: 22 / LogL: -459.529
Partition GALGAL_R08054.nex / Model: Q.PFAM+F / df: 22 / LogL: -1148.471
Partition GALGAL_R09923.nex / Model: Q.BIRD+F+G4 / df: 56 / LogL: -4474.012
Partition GALGAL_R05534.nex / Model: Q.BIRD+F+R3 / df: 54 / LogL: -4429.382
Partition GALGAL_R16585.nex / Model: Q.BIRD+F+I+R2 / df: 52 / LogL: -2365.575
Partition GALGAL_R00856.nex_GALGAL_R01816.nex_GALGAL_R03697.nex_GALGAL_R04168.nex_GALGAL_R11094.nex_GALGAL_R11375.nex_GALGAL_R12960.nex_GALGAL_R17176.nex / Model: Q.BIRD+F+I+G4 / df: 56 / LogL: -10182.783
Partition GALGAL_R12240.nex / Model: Q.BIRD+G4 / df: 35 / LogL: -4998.473
Partition GALGAL_R17643.nex / Model: Q.BIRD+F+G4 / df: 26 / LogL: -529.168
Partition GALGAL_R06760.nex / Model: HIVB+F+I / df: 56 / LogL: -998.553
Partition GALGAL_R09505.nex / Model: Q.BIRD+F+I+R2 / df: 56 / LogL: -2714.451
Partition GALGAL_R12323.nex / Model: Q.PLANT+F+I+R2 / df: 52 / LogL: -1162.392
Partition GALGAL_R10794.nex / Model: Q.BIRD+F+I+R2 / df: 56 / LogL: -1165.941
Partition GALGAL_R11853.nex / Model: Q.BIRD+F+G4 / df: 24 / LogL: -2706.399
Partition GALGAL_R07551.nex / Model: Q.PLANT+I+R2 / df: 37 / LogL: -1192.334
Partition GALGAL_R00546.nex_GALGAL_R07291.nex_GALGAL_R16109.nex / Model: Q.BIRD+F+R3 / df: 52 / LogL: -4226.536
Partition GALGAL_R09313.nex / Model: Q.BIRD+F+R3 / df: 52 / LogL: -3405.289
Partition GALGAL_R00433.nex_GALGAL_R01564.nex_GALGAL_R05923.nex_GALGAL_R10470.nex_GALGAL_R12938.nex_GALGAL_R15220.nex / Model: Q.BIRD+F+I+R3 / df: 56 / LogL: -7263.417
Partition GALGAL_R07933.nex / Model: Q.INSECT+F+G4 / df: 44 / LogL: -880.691
Partition GALGAL_R00352.nex / Model: Q.BIRD+F+R3 / df: 54 / LogL: -4580.608
Partition GALGAL_R12105.nex_GALGAL_R15203.nex / Model: Q.BIRD+F+R3 / df: 56 / LogL: -4708.169
Partition GALGAL_R06393.nex / Model: Q.BIRD+F+G4 / df: 44 / LogL: -2180.849
Partition GALGAL_R11127.nex / Model: Q.BIRD+F+I+G4 / df: 54 / LogL: -2556.177
Partition GALGAL_R02071.nex / Model: Q.PLANT+G4 / df: 25 / LogL: -4050.900
Partition GALGAL_R00185.nex / Model: Q.BIRD+F+G4 / df: 52 / LogL: -2244.185
Partition GALGAL_R09123.nex_GALGAL_R14374.nex / Model: Q.BIRD+F+I+G4 / df: 56 / LogL: -3383.990
Partition GALGAL_R02558.nex_GALGAL_R14184.nex / Model: Q.PLANT+I+R3 / df: 37 / LogL: -3464.119
Partition GALGAL_R16546.nex / Model: Q.BIRD+G4 / df: 7 / LogL: -2319.984
Partition GALGAL_R00264.nex / Model: HIVB+G4 / df: 31 / LogL: -2136.338
Partition GALGAL_R14236.nex / Model: Q.BIRD+F+G4 / df: 56 / LogL: -967.869
Partition GALGAL_R00072.nex / Model: Q.MAMMAL+F+G4 / df: 48 / LogL: -2253.347
Partition GALGAL_R07744.nex / Model: JTT+R4 / df: 33 / LogL: -4725.354
Partition GALGAL_R15467.nex / Model: WAG+F+I+G4 / df: 44 / LogL: -2752.973
Partition GALGAL_R03335.nex / Model: Q.BIRD+G4 / df: 23 / LogL: -2879.905
Partition GALGAL_R05426.nex / Model: Q.BIRD+G4 / df: 35 / LogL: -3406.837
Partition GALGAL_R01979.nex_GALGAL_R12071.nex_GALGAL_R14451.nex / Model: Q.BIRD+F+R3 / df: 56 / LogL: -25744.382
Partition GALGAL_R10535.nex_GALGAL_R13131.nex / Model: Q.BIRD+G4 / df: 37 / LogL: -3290.153
Partition GALGAL_R01686.nex_GALGAL_R02526.nex_GALGAL_R05947.nex / Model: Q.BIRD+F+I+G4 / df: 56 / LogL: -11686.530
Partition GALGAL_R12547.nex_GALGAL_R12594.nex / Model: Q.BIRD+F+I+R3 / df: 56 / LogL: -25986.024
Partition GALGAL_R04370.nex / Model: Q.BIRD+F+G4 / df: 42 / LogL: -7659.867
Partition GALGAL_R10724.nex / Model: Q.BIRD+F+G4 / df: 56 / LogL: -4762.549
Partition GALGAL_R10354.nex_GALGAL_R13864.nex / Model: Q.BIRD+F+R3 / df: 54 / LogL: -5540.942
Partition GALGAL_R06017.nex_GALGAL_R06060.nex_GALGAL_R12090.nex_GALGAL_R12096.nex_GALGAL_R15824.nex / Model: Q.BIRD+I+R4 / df: 37 / LogL: -20471.717
Partition GALGAL_R00026.nex_GALGAL_R00466.nex_GALGAL_R02082.nex_GALGAL_R05584.nex_GALGAL_R06074.nex_GALGAL_R06367.nex_GALGAL_R10699.nex_GALGAL_R16092.nex / Model: Q.PLANT+F+I+R3 / df: 56 / LogL: -11684.433
Partition GALGAL_R12085.nex / Model: Q.BIRD+F+G4 / df: 48 / LogL: -10800.117
Partition GALGAL_R00427.nex_GALGAL_R00996.nex_GALGAL_R09188.nex_GALGAL_R14639.nex / Model: Q.BIRD+F+I+R3 / df: 56 / LogL: -34913.779
Partition GALGAL_R13175.nex_GALGAL_R14550.nex_GALGAL_R15128.nex_GALGAL_R16003.nex / Model: Q.BIRD+F+I+G4 / df: 56 / LogL: -30881.322
Partition GALGAL_R02267.nex_GALGAL_R06747.nex / Model: Q.BIRD+I+R2 / df: 37 / LogL: -7706.239
Partition GALGAL_R15987.nex / Model: Q.BIRD+F+I+G4 / df: 56 / LogL: -5185.600
Partition GALGAL_R14333.nex_GALGAL_R16856.nex / Model: Q.BIRD+F+R3 / df: 56 / LogL: -21040.211
Optimal log-likelihood: -1491987.592
Partition information was printed to avian20_Q_search.best_model.nex
BEST SCORE FOUND : -1491987.592
Total tree length: 1.138

Total number of iterations: 102
CPU time used for tree search: 13452.787 sec (3h:44m:12s)
Wall-clock time used for tree search: 611.694 sec (0h:10m:11s)
Total CPU time used: 13657.265 sec (3h:47m:37s)
Total wall-clock time used: 46489987.227 sec (12913h:53m:7s)
Identifying sites to remove: done in 0.00137693 secs
Identifying sites to remove: done in 0.00328317 secs using 723.5% CPU
Identifying sites to remove: done in 0.00137962 secs
Identifying sites to remove: done in 0.0035717 secs using 682.6% CPU
Identifying sites to remove: done in 0.00372488 secs using 673.4% CPU
Identifying sites to remove: done in 0.00259685 secs using 121.5% CPU
Identifying sites to remove: done in 0.00134139 secs
Identifying sites to remove: done in 0.0039712 secs using 606.1% CPU
Identifying sites to remove: done in 0.00313447 secs using 118.2% CPU
Identifying sites to remove: done in 0.0031353 secs
Identifying sites to remove: done in 0.00322002 secs
Identifying sites to remove: done in 0.00329261 secs
Identifying sites to remove: done in 0.000794843 secs
Identifying sites to remove: done in 0.00334537 secs
Identifying sites to remove: done in 0.00341138 secs
Identifying sites to remove: done in 0.000535123 secs
Identifying sites to remove: done in 0.0048299 secs
Identifying sites to remove: done in 0.00740454 secs using 389.2% CPU
Identifying sites to remove: done in 0.00536126 secs using 146.2% CPU
Identifying sites to remove: done in 0.00544548 secs using 157.6% CPU
Identifying sites to remove: done in 0.00593724 secs using 337.6% CPU
Identifying sites to remove: done in 0.000680126 secs using 1730% CPU
Identifying sites to remove: done in 0.00147021 secs using 1394% CPU
Identifying sites to remove: done in 0.00110696 secs using 7.588% CPU
Identifying sites to remove: done in 0.00140069 secs using 4630% CPU
Identifying sites to remove: done in 0.00197095 secs using 4278% CPU
Identifying sites to remove: done in 0.000854097 secs using 4319% CPU
Identifying sites to remove: done in 0.00191838 secs using 3933% CPU
Identifying sites to remove: done in 0.00121281 secs using 3043% CPU
Identifying sites to remove: done in 0.00187793 secs using 2296% CPU
Identifying sites to remove: done in 0.00132086 secs using 1892% CPU
Identifying sites to remove: done in 0.000783779 secs using 224% CPU
Identifying sites to remove: done in 0.00131469 secs using 5200% CPU
Identifying sites to remove: done in 0.000724666 secs using 3691% CPU
Identifying sites to remove: done in 0.000883557 secs using 4089% CPU
Identifying sites to remove: done in 0.00150217 secs using 2522% CPU
Identifying sites to remove: done in 0.00171082 secs using 1924% CPU
Identifying sites to remove: done in 0.00191195 secs using 2008% CPU
Identifying sites to remove: done in 0.000962444 secs using 1416% CPU
Identifying sites to remove: done in 0.00186695 secs using 2068% CPU
Identifying sites to remove: done in 0.00173664 secs using 1582% CPU
Identifying sites to remove: done in 0.00168137 secs using 2264% CPU
Identifying sites to remove: done in 0.000952363 secs using 413.3% CPU
Identifying sites to remove: done in 0.00081265 secs using 4448% CPU
Identifying sites to remove: done in 0.00145741 secs using 3394% CPU
Identifying sites to remove: done in 0.000949711 secs using 1708% CPU
Identifying sites to remove: done in 0.00182867 secs using 1593% CPU
Identifying sites to remove: done in 0.00174831 secs using 900.1% CPU
Identifying sites to remove: done in 0.00117094 secs using 1.415e+04% CPU
Identifying sites to remove: done in 0.0014391 secs using 214.1% CPU
Identifying sites to remove: done in 0.000989899 secs using 1.444e+04% CPU
Identifying sites to remove: done in 0.000869609 secs using 1.578e+04% CPU
Identifying sites to remove: done in 0.000886872 secs using 755.5% CPU
Identifying sites to remove: done in 0.00123251 secs using 852.1% CPU
Identifying sites to remove: done in 0.00168625 secs using 697.8% CPU
Identifying sites to remove: done in 0.00137215 secs using 688.9% CPU
Identifying sites to remove: done in 0.000598259 secs using 392.1% CPU
Identifying sites to remove: done in 0.00148841 secs using 9588% CPU
Identifying sites to remove: done in 0.00109295 secs using 1902% CPU
Identifying sites to remove: done in 0.00122038 secs using 1844% CPU
Identifying sites to remove: done in 0.00135481 secs using 1806% CPU
Identifying sites to remove: done in 0.00136798 secs using 1806% CPU
Identifying sites to remove: done in 0.00149573 secs using 1779% CPU
Identifying sites to remove: done in 0.00152202 secs using 1786% CPU
Identifying sites to remove: done in 0.00154776 secs using 1798% CPU
Identifying sites to remove: done in 0.00167147 secs using 1746% CPU
Identifying sites to remove: done in 0.00168627 secs using 1742% CPU
Identifying sites to remove: done in 0.00177827 secs using 1695% CPU
Identifying sites to remove: done in 0.00177689 secs using 1705% CPU
Identifying sites to remove: done in 0.00185109 secs using 1672% CPU
Identifying sites to remove: done in 0.00185494 secs using 1661% CPU
Identifying sites to remove: done in 0.00191154 secs using 1679% CPU
Identifying sites to remove: done in 0.00200769 secs using 1631% CPU
Identifying sites to remove: done in 0.00203289 secs using 1614% CPU
Identifying sites to remove: done in 0.00198077 secs using 1631% CPU
Identifying sites to remove: done in 0.00199031 secs using 1614% CPU
Identifying sites to remove: done in 0.00218148 secs using 1534% CPU
Identifying sites to remove: done in 0.00117657 secs using 9919% CPU
Identifying sites to remove: done in 0.0013393 secs using 8618% CPU
Identifying sites to remove: done in 0.00137078 secs using 8323% CPU
Identifying sites to remove: done in 0.000734806 secs using 1459% CPU
Identifying sites to remove: done in 0.001156 secs using 1283% CPU
Identifying sites to remove: done in 0.000706963 secs using 1236% CPU
Identifying sites to remove: done in 0.0013975 secs using 966.6% CPU
Identifying sites to remove: done in 0.00123741 secs using 1.475e+04% CPU
Identifying sites to remove: done in 0.00159495 secs using 1.171e+04% CPU
Identifying sites to remove: done in 0.000949927 secs using 1.861e+04% CPU
Identifying sites to remove: done in 0.00139466 secs using 270.9% CPU
Identifying sites to remove: done in 0.00141423 secs using 902.8% CPU
Identifying sites to remove: done in 0.00072825 secs using 1450% CPU
Identifying sites to remove: done in 0.000741526 secs using 897.2% CPU
Identifying sites to remove: done in 0.000954546 secs using 1422% CPU
Identifying sites to remove: done in 0.00142168 secs using 1935% CPU
Identifying sites to remove: done in 0.000855558 secs using 1713% CPU
Identifying sites to remove: done in 0.00147486 secs using 1772% CPU
Identifying sites to remove: done in 0.000772424 secs using 2.162e+04% CPU
Identifying sites to remove: done in 0.00130571 secs using 1.333e+04% CPU
Identifying sites to remove: done in 0.00131489 secs using 1.347e+04% CPU
Identifying sites to remove: done in 0.0013273 secs using 1.291e+04% CPU
Identifying sites to remove: done in 0.00147521 secs using 1.158e+04% CPU
Identifying sites to remove: done in 0.00148608 secs using 1.117e+04% CPU
Identifying sites to remove: done in 0.00142779 secs using 425.6% CPU
Identifying sites to remove: done in 0.000760548 secs using 420% CPU
Identifying sites to remove: done in 0.00144131 secs using 359.9% CPU
Identifying sites to remove: done in 0.00151391 secs using 1.246e+04% CPU
Identifying sites to remove: done in 0.00130488 secs using 1.419e+04% CPU
Identifying sites to remove: done in 0.000879414 secs using 256.4% CPU
Identifying sites to remove: done in 0.00098981 secs using 311.2% CPU
Identifying sites to remove: done in 0.00114457 secs using 115.9% CPU
Identifying sites to remove: done in 0.000788011 secs using 2.326e+04% CPU
Identifying sites to remove: done in 0.00121546 secs using 1.487e+04% CPU
Identifying sites to remove: done in 0.00154795 secs using 1.169e+04% CPU
Identifying sites to remove: done in 0.000704445 secs using 434.5% CPU
Identifying sites to remove: done in 0.0011263 secs using 588.9% CPU
Identifying sites to remove: done in 0.000616498 secs using 2.639e+04% CPU
Identifying sites to remove: done in 0.00130662 secs using 523% CPU
Identifying sites to remove: done in 0.000188969 secs using 1104% CPU
Identifying sites to remove: done in 0.000255086 secs using 1025% CPU
Identifying sites to remove: done in 0.000275746 secs using 1011% CPU
Identifying sites to remove: done in 0.000262074 secs using 1069% CPU
Identifying sites to remove: done in 0.000280671 secs using 1022% CPU
Identifying sites to remove: done in 0.000294365 secs using 1052% CPU
Identifying sites to remove: done in 0.000402108 secs using 863.7% CPU
Identifying sites to remove: done in 0.000392623 secs using 853.7% CPU
Identifying sites to remove: done in 0.000419661 secs using 915.7% CPU
Identifying sites to remove: done in 0.000373706 secs using 911.7% CPU
Identifying sites to remove: done in 0.000457548 secs using 822.6% CPU
Identifying sites to remove: done in 0.000475079 secs using 892.5% CPU
Identifying sites to remove: done in 0.000229545 secs using 451.3% CPU
Identifying sites to remove: done in 0.000215299 secs using 502.6% CPU
Identifying sites to remove: done in 0.000279807 secs using 130.4% CPU
Identifying sites to remove: done in 0.000205472 secs using 98.8% CPU
Identifying sites to remove: done in 0.000171818 secs using 368.4% CPU
Identifying sites to remove: done in 0.000255927 secs using 634.9% CPU
Identifying sites to remove: done in 0.000265285 secs using 747.5% CPU
Identifying sites to remove: done in 0.000164829 secs using 254.8% CPU
Identifying sites to remove: done in 0.000282943 secs using 502.2% CPU
Identifying sites to remove: done in 0.000138603 secs using 204.9% CPU
Identifying sites to remove: done in 0.000246972 secs using 1159% CPU
Identifying sites to remove: done in 0.000281364 secs using 1818% CPU
Identifying sites to remove: done in 0.000173911 secs using 1246% CPU
Identifying sites to remove: done in 0.000335827 secs using 1206% CPU
Identifying sites to remove: done in 0.000243895 secs using 275.9% CPU
Identifying sites to remove: done in 0.0002601 secs using 178% CPU
Identifying sites to remove: done in 0.000284344 secs using 876.8% CPU
Identifying sites to remove: done in 0.000213057 secs using 99.03% CPU
Identifying sites to remove: done in 0.000131749 secs using 98.67% CPU
Identifying sites to remove: done in 0.000127338 secs using 1843% CPU
Identifying sites to remove: done in 0.000117376 secs using 196% CPU
Identifying sites to remove: done in 0.000230387 secs using 1677% CPU
Identifying sites to remove: done in 0.000238135 secs using 206.2% CPU
Identifying sites to remove: done in 0.000260614 secs using 1085% CPU
Identifying sites to remove: done in 0.000132293 secs using 2767% CPU
Identifying sites to remove: done in 0.000228055 secs using 156.1% CPU
Identifying sites to remove: done in 0.000182323 secs using 99.27% CPU
Identifying sites to remove: done in 0.000125997 secs using 98.42% CPU
Identifying sites to remove: done in 0.000188716 secs using 783.7% CPU
Identifying sites to remove: done in 0.000210263 secs using 144.6% CPU
Identifying sites to remove: done in 0.000170283 secs using 1553% CPU
Identifying sites to remove: done in 0.000190541 secs using 99.19% CPU
Identifying sites to remove: done in 0.000141263 secs using 97.69% CPU
Identifying sites to remove: done in 0.000151917 secs using 98.74% CPU
Identifying sites to remove: done in 0.000117801 secs using 98.47% CPU
Identifying sites to remove: done in 0.000348575 secs using 616.5% CPU
Identifying sites to remove: done in 0.000233121 secs using 1.171e+04% CPU
Identifying sites to remove: done in 0.000233017 secs using 8951% CPU
Identifying sites to remove: done in 0.000270002 secs using 9596% CPU
Identifying sites to remove: done in 0.00031361 secs using 7942% CPU
Identifying sites to remove: done in 0.00031282 secs using 4012% CPU
Identifying sites to remove: done in 0.000328325 secs using 4951% CPU
Identifying sites to remove: done in 0.000355192 secs using 3152% CPU
Identifying sites to remove: done in 0.000371143 secs using 5213% CPU
Identifying sites to remove: done in 0.000369899 secs using 5676% CPU
Identifying sites to remove: done in 0.00035318 secs using 4924% CPU
Identifying sites to remove: done in 0.000353672 secs using 4140% CPU
Identifying sites to remove: done in 0.000403218 secs using 5926% CPU
Identifying sites to remove: done in 0.000406258 secs using 7484% CPU
Identifying sites to remove: done in 0.000406973 secs using 7007% CPU
Identifying sites to remove: done in 0.000313714 secs using 1413% CPU
Identifying sites to remove: done in 0.000534527 secs using 1651% CPU
Identifying sites to remove: done in 0.000536405 secs using 2014% CPU
Identifying sites to remove: done in 0.000579625 secs using 1356% CPU
Identifying sites to remove: done in 0.00019528 secs using 808.6% CPU
Identifying sites to remove: done in 0.000239193 secs using 643.8% CPU
Identifying sites to remove: done in 0.000255994 secs using 335.9% CPU
Identifying sites to remove: done in 0.000222407 secs using 99.37% CPU
Identifying sites to remove: done in 0.00021185 secs using 7.436e+04% CPU
Identifying sites to remove: done in 0.000109084 secs using 555.5% CPU
Identifying sites to remove: done in 0.000223145 secs using 527.5% CPU
Identifying sites to remove: done in 0.000285715 secs using 5.406e+04% CPU
Identifying sites to remove: done in 0.000159979 secs using 375% CPU
Identifying sites to remove: done in 0.00027471 secs using 473.6% CPU
Identifying sites to remove: done in 0.00026226 secs using 99.52% CPU
Identifying sites to remove: done in 0.000243627 secs using 1781% CPU
Identifying sites to remove: done in 0.000106618 secs using 1581% CPU
Identifying sites to remove: done in 0.000258863 secs using 1282% CPU
Identifying sites to remove: done in 0.000230707 secs using 240.1% CPU
Identifying sites to remove: done in 0.000257902 secs using 1517% CPU
Identifying sites to remove: done in 0.000153862 secs using 2571% CPU
Identifying sites to remove: done in 0.000122666 secs using 1775% CPU
Identifying sites to remove: done in 0.000140496 secs using 334.5% CPU
Identifying sites to remove: done in 0.000305034 secs using 1484% CPU
Identifying sites to remove: done in 0.00010778 secs using 2266% CPU
Identifying sites to remove: done in 0.000206709 secs using 171.3% CPU
Identifying sites to remove: done in 0.000237748 secs using 1176% CPU
Identifying sites to remove: done in 0.000233099 secs using 143.3% CPU
Identifying sites to remove: done in 0.000266746 secs using 99.35% CPU
Identifying sites to remove: done in 9.3326e-05 secs using 97.51% CPU
Identifying sites to remove: done in 0.000208624 secs using 8.024e+04% CPU
Identifying sites to remove: done in 0.000150159 secs using 269% CPU
Identifying sites to remove: done in 0.000170246 secs using 112.2% CPU
Identifying sites to remove: done in 0.000215016 secs using 99.06% CPU
Identifying sites to remove: done in 0.000107452 secs using 1457% CPU
Identifying sites to remove: done in 0.000197239 secs using 136.4% CPU
Identifying sites to remove: done in 0.000188977 secs using 1267% CPU
Identifying sites to remove: done in 0.000157617 secs using 98.97% CPU
Identifying sites to remove: done in 0.000310481 secs using 99.52% CPU
Identifying sites to remove: done in 9.68724e-05 secs using 99.1% CPU
Identifying sites to remove: done in 0.000607572 secs using 4439% CPU
Identifying sites to remove: done in 0.000681862 secs using 5308% CPU
Identifying sites to remove: done in 0.000835821 secs using 4990% CPU
Identifying sites to remove: done in 0.000848167 secs using 3188% CPU
Identifying sites to remove: done in 0.000888593 secs using 2151% CPU
Identifying sites to remove: done in 0.000959754 secs using 2175% CPU
Identifying sites to remove: done in 0.000962466 secs using 2300% CPU
Identifying sites to remove: done in 0.00104514 secs using 3116% CPU
Identifying sites to remove: done in 0.00107744 secs using 3283% CPU
Identifying sites to remove: done in 0.00109179 secs using 1836% CPU
Identifying sites to remove: done in 0.00109398 secs using 2688% CPU
Identifying sites to remove: done in 0.00110367 secs using 3606% CPU
Identifying sites to remove: done in 0.00114543 secs using 1615% CPU
Identifying sites to remove: done in 0.00115332 secs using 3835% CPU
Identifying sites to remove: done in 0.00116917 secs using 2240% CPU
Identifying sites to remove: done in 0.00116985 secs using 2410% CPU
Identifying sites to remove: done in 0.00118842 secs using 3302% CPU
Identifying sites to remove: done in 0.00121449 secs using 2737% CPU
Identifying sites to remove: done in 0.00118883 secs using 3546% CPU
Identifying sites to remove: done in 0.000722311 secs using 523.7% CPU
Identifying sites to remove: done in 0.000811666 secs using 342.5% CPU
Identifying sites to remove: done in 0.000939481 secs using 1.468e+04% CPU
Identifying sites to remove: done in 0.00083825 secs using 1076% CPU
Identifying sites to remove: done in 0.000444882 secs using 958.9% CPU
Identifying sites to remove: done in 0.000533 secs using 1481% CPU
Identifying sites to remove: done in 0.000773728 secs using 1343% CPU
Identifying sites to remove: done in 0.000938803 secs using 1314% CPU
Identifying sites to remove: done in 0.000609063 secs using 392.9% CPU
Identifying sites to remove: done in 0.00102879 secs using 745.6% CPU
Identifying sites to remove: done in 0.000896789 secs using 1584% CPU
Identifying sites to remove: done in 0.000928529 secs using 1.912e+04% CPU
Identifying sites to remove: done in 0.000514388 secs using 3.297e+04% CPU
Identifying sites to remove: done in 0.000964679 secs using 1.816e+04% CPU
Identifying sites to remove: done in 0.000526115 secs using 3.153e+04% CPU
Identifying sites to remove: done in 0.000604987 secs using 678.2% CPU
Identifying sites to remove: done in 0.000441946 secs using 935.2% CPU
Identifying sites to remove: done in 0.000782058 secs using 784% CPU
Identifying sites to remove: done in 0.000579581 secs using 1352% CPU
Identifying sites to remove: done in 0.000886403 secs using 1152% CPU
Identifying sites to remove: done in 0.000920892 secs using 1019% CPU
Identifying sites to remove: done in 0.000818111 secs using 958.1% CPU
Identifying sites to remove: done in 0.000931561 secs using 958.1% CPU
Identifying sites to remove: done in 0.000914492 secs using 822.9% CPU
Identifying sites to remove: done in 0.000941284 secs using 656.3% CPU
Identifying sites to remove: done in 0.000919841 secs using 470.3% CPU
Identifying sites to remove: done in 0.000934832 secs using 502.7% CPU
Identifying sites to remove: done in 0.000450954 secs using 197.8% CPU
Identifying sites to remove: done in 0.000603922 secs using 99.85% CPU
Identifying sites to remove: done in 0.000558034 secs using 429% CPU
Identifying sites to remove: done in 0.000841692 secs using 606.9% CPU
Identifying sites to remove: done in 0.000801228 secs using 388.2% CPU
Identifying sites to remove: done in 0.00048203 secs using 641.7% CPU
Identifying sites to remove: done in 0.000799052 secs using 907.8% CPU
Identifying sites to remove: done in 0.00072138 secs using 619.9% CPU
Identifying sites to remove: done in 0.000988774 secs using 818.6% CPU
Identifying sites to remove: done in 0.000606492 secs using 260% CPU
Identifying sites to remove: done in 0.000401445 secs using 714.7% CPU
Identifying sites to remove: done in 0.00092686 secs using 836.5% CPU
Identifying sites to remove: done in 0.000483155 secs
Identifying sites to remove: done in 0.00059054 secs using 263.8% CPU
Identifying sites to remove: done in 0.000621021 secs using 382.3% CPU
Identifying sites to remove: done in 0.000646248 secs using 1.965e+04% CPU
Identifying sites to remove: done in 0.00074061 secs using 504.6% CPU
Identifying sites to remove: done in 0.000833519 secs using 587.9% CPU
Identifying sites to remove: done in 0.000852317 secs using 577.1% CPU
Identifying sites to remove: done in 0.000848904 secs using 532% CPU
Identifying sites to remove: done in 0.000880979 secs using 655.6% CPU
Identifying sites to remove: done in 0.000895359 secs using 645.6% CPU
Identifying sites to remove: done in 0.000894621 secs using 642.7% CPU
Identifying sites to remove: done in 0.000949204 secs using 656.2% CPU
Identifying sites to remove: done in 0.000956431 secs using 670.5% CPU
Identifying sites to remove: done in 0.000994533 secs using 708.1% CPU
Identifying sites to remove: done in 0.00100636 secs using 666.2% CPU
Identifying sites to remove: done in 0.00107735 secs using 688.3% CPU
Identifying sites to remove: done in 0.00107945 secs using 698.5% CPU
Identifying sites to remove: done in 0.00107869 secs using 660.4% CPU
Identifying sites to remove: done in 0.000495367 secs using 618.7% CPU
Identifying sites to remove: done in 0.000549749 secs using 250.7% CPU
Identifying sites to remove: done in 0.0006449 secs using 334.6% CPU
Identifying sites to remove: done in 0.000421099 secs using 99.26% CPU
Identifying sites to remove: done in 0.000433162 secs using 1301% CPU
Identifying sites to remove: done in 0.000645667 secs using 1212% CPU
Identifying sites to remove: done in 0.000457287 secs using 372.2% CPU
Identifying sites to remove: done in 0.000782184 secs using 537% CPU
Identifying sites to remove: done in 0.000720911 secs using 2.631e+04% CPU
Identifying sites to remove: done in 0.000708356 secs using 2.646e+04% CPU
Identifying sites to remove: done in 0.000368632 secs using 559.1% CPU
Identifying sites to remove: done in 0.000826418 secs using 2.23e+04% CPU
Identifying sites to remove: done in 0.000454254 secs using 309.5% CPU
Identifying sites to remove: done in 0.00066518 secs using 333.4% CPU
Identifying sites to remove: done in 0.000343256 secs using 231.9% CPU
Identifying sites to remove: done in 0.000760332 secs using 114.7% CPU
Identifying sites to remove: done in 0.000465646 secs using 1825% CPU
Identifying sites to remove: done in 0.00050512 secs using 829.3% CPU
Identifying sites to remove: done in 0.00084012 secs using 892.4% CPU
Identifying sites to remove: done in 0.000795841 secs using 658% CPU
Identifying sites to remove: done in 0.000812866 secs using 2.154e+04% CPU
Identifying sites to remove: done in 0.000702202 secs using 2.445e+04% CPU
Identifying sites to remove: done in 0.00082951 secs using 252.6% CPU
Identifying sites to remove: done in 0.0007153 secs using 325.9% CPU
Identifying sites to remove: done in 0.000797011 secs using 531.6% CPU
Identifying sites to remove: done in 0.000374094 secs using 642.9% CPU
Identifying sites to remove: done in 0.000613689 secs using 119.1% CPU
Identifying sites to remove: done in 0.000495456 secs using 99.5% CPU
Identifying sites to remove: done in 0.000454627 secs using 98.98% CPU
Identifying sites to remove: done in 0.000665478 secs using 239.8% CPU
Identifying sites to remove: done in 0.000603274 secs using 99.29% CPU
Identifying sites to remove: done in 0.000607654 secs using 99.4% CPU
Identifying sites to remove: done in 0.000411585 secs using 1897% CPU
Identifying sites to remove: done in 0.000413612 secs using 1210% CPU
Identifying sites to remove: done in 0.00100306 secs using 1.688e+04% CPU
Identifying sites to remove: done in 0.000372082 secs using 441.8% CPU
Identifying sites to remove: done in 0.000952214 secs using 477% CPU
Identifying sites to remove: done in 0.000180103 secs using 7967% CPU
Identifying sites to remove: done in 0.000212044 secs using 2.09e+04% CPU
Identifying sites to remove: done in 0.000214428 secs using 1.844e+04% CPU
Identifying sites to remove: done in 0.000216126 secs using 2.164e+04% CPU
Identifying sites to remove: done in 0.000233643 secs using 4408% CPU
Identifying sites to remove: done in 0.000277318 secs using 1.1e+04% CPU
Identifying sites to remove: done in 0.000244036 secs using 1.731e+04% CPU
Identifying sites to remove: done in 0.000244781 secs using 1.431e+04% CPU
Identifying sites to remove: done in 0.000312135 secs using 1.075e+04% CPU
Identifying sites to remove: done in 0.0003125 secs using 1.226e+04% CPU
Identifying sites to remove: done in 0.000352785 secs using 1826% CPU
Identifying sites to remove: done in 0.00035166 secs using 2528% CPU
Identifying sites to remove: done in 0.00031089 secs using 8453% CPU
Identifying sites to remove: done in 0.000469625 secs using 6211% CPU
Identifying sites to remove: done in 0.000468373 secs using 5227% CPU
Identifying sites to remove: done in 0.000498854 secs using 967.8% CPU
Identifying sites to remove: done in 0.000509441 secs using 4450% CPU
Identifying sites to remove: done in 0.000504717 secs using 3058% CPU
Identifying sites to remove: done in 0.000322044 secs using 758% CPU
Identifying sites to remove: done in 0.000621177 secs using 3433% CPU
Identifying sites to remove: done in 0.000145771 secs using 763.5% CPU
Identifying sites to remove: done in 0.00012809 secs using 210.8% CPU
Identifying sites to remove: done in 0.000128858 secs using 98.56% CPU
Identifying sites to remove: done in 9.40636e-05 secs using 259.4% CPU
Identifying sites to remove: done in 0.000171125 secs using 407.9% CPU
Identifying sites to remove: done in 0.000198849 secs using 421.4% CPU
Identifying sites to remove: done in 0.000187874 secs using 211.8% CPU
Identifying sites to remove: done in 8.72239e-05 secs using 682.2% CPU
Identifying sites to remove: done in 0.000138722 secs using 133.4% CPU
Identifying sites to remove: done in 9.53972e-05 secs using 837.6% CPU
Identifying sites to remove: done in 0.000130877 secs using 140.6% CPU
Identifying sites to remove: done in 0.000107154 secs using 423.7% CPU
Identifying sites to remove: done in 0.000140347 secs using 2777% CPU
Identifying sites to remove: done in 0.000135556 secs using 3126% CPU
Identifying sites to remove: done in 0.000193961 secs using 2901% CPU
Identifying sites to remove: done in 0.000153631 secs using 2105% CPU
Identifying sites to remove: done in 0.000111349 secs using 467% CPU
Identifying sites to remove: done in 0.000148818 secs using 1275% CPU
Identifying sites to remove: done in 6.4522e-05 secs using 2588% CPU
Identifying sites to remove: done in 8.68738e-05 secs using 170.4% CPU
Identifying sites to remove: done in 0.00014931 secs using 268.6% CPU
Identifying sites to remove: done in 0.000141695 secs using 158.1% CPU
Identifying sites to remove: done in 0.000151701 secs using 1278% CPU
Identifying sites to remove: done in 0.000165321 secs using 151.2% CPU
Identifying sites to remove: done in 7.3269e-05 secs using 3871% CPU
Identifying sites to remove: done in 0.000129022 secs using 5101% CPU
Identifying sites to remove: done in 0.000122242 secs using 4531% CPU
Identifying sites to remove: done in 0.000167422 secs using 215.6% CPU
Identifying sites to remove: done in 8.80212e-05 secs using 98.84% CPU
Identifying sites to remove: done in 0.000200704 secs using 99.15% CPU
Identifying sites to remove: done in 7.81417e-05 secs using 98.54% CPU
Identifying sites to remove: done in 0.000109032 secs using 98.14% CPU
Identifying sites to remove: done in 8.57338e-05 secs using 97.98% CPU
Identifying sites to remove: done in 8.03024e-05 secs using 941.4% CPU
Identifying sites to remove: done in 0.000200026 secs using 660.4% CPU
Identifying sites to remove: done in 0.00014285 secs using 231% CPU
Identifying sites to remove: done in 7.25612e-05 secs using 97.85% CPU
Identifying sites to remove: done in 7.63386e-05 secs using 5.403e+04% CPU
Identifying sites to remove: done in 9.73791e-05 secs using 4.593e+04% CPU
Identifying sites to remove: done in 0.000118054 secs using 3.26e+04% CPU
Identifying sites to remove: done in 0.000125438 secs using 2.84e+04% CPU
Identifying sites to remove: done in 0.000120446 secs using 3.24e+04% CPU
Identifying sites to remove: done in 0.000149384 secs using 2.187e+04% CPU
Identifying sites to remove: done in 0.000166871 secs using 8404% CPU
Identifying sites to remove: done in 0.000177011 secs using 6367% CPU
Identifying sites to remove: done in 0.000174753 secs using 1.351e+04% CPU
Identifying sites to remove: done in 0.000177704 secs using 1.684e+04% CPU
Identifying sites to remove: done in 0.000170968 secs using 1.554e+04% CPU
Identifying sites to remove: done in 0.000201426 secs using 8747% CPU
Identifying sites to remove: done in 0.000237457 secs using 864.2% CPU
Identifying sites to remove: done in 0.000172235 secs using 1.186e+04% CPU
Identifying sites to remove: done in 0.000294611 secs using 3060% CPU
Identifying sites to remove: done in 0.00031618 secs using 1948% CPU
Identifying sites to remove: done in 8.76412e-05 secs using 631% CPU
Identifying sites to remove: done in 0.000105217 secs using 748% CPU
Identifying sites to remove: done in 0.000110358 secs using 893.5% CPU
Identifying sites to remove: done in 9.73195e-05 secs using 98.64% CPU
Identifying sites to remove: done in 6.68913e-05 secs using 2930% CPU
Identifying sites to remove: done in 7.74562e-05 secs using 1664% CPU
Identifying sites to remove: done in 0.000127256 secs using 1849% CPU
Identifying sites to remove: done in 0.000122592 secs using 1618% CPU
Identifying sites to remove: done in 0.000113502 secs using 889% CPU
Identifying sites to remove: done in 0.000108302 secs using 381.3% CPU
Identifying sites to remove: done in 9.89437e-05 secs using 1140% CPU
Identifying sites to remove: done in 0.000118941 secs using 3363% CPU
Identifying sites to remove: done in 0.00010667 secs using 4621% CPU
Identifying sites to remove: done in 0.000104167 secs using 3733% CPU
Identifying sites to remove: done in 7.57277e-05 secs using 3478% CPU
Identifying sites to remove: done in 0.00012093 secs using 1364% CPU
Identifying sites to remove: done in 0.000120655 secs using 425.2% CPU
Identifying sites to remove: done in 6.44177e-05 secs using 2329% CPU
Identifying sites to remove: done in 6.15045e-05 secs using 200% CPU
Identifying sites to remove: done in 7.51168e-05 secs using 2603% CPU
Identifying sites to remove: done in 7.1317e-05 secs using 4986% CPU
Identifying sites to remove: done in 9.00105e-05 secs using 3926% CPU
Identifying sites to remove: done in 9.69395e-05 secs using 2065% CPU
Identifying sites to remove: done in 0.000111029 secs using 289.1% CPU
Identifying sites to remove: done in 0.000100069 secs using 1401% CPU
Identifying sites to remove: done in 0.000122301 secs using 177.4% CPU
Identifying sites to remove: done in 6.92084e-05 secs using 98.25% CPU
Identifying sites to remove: done in 8.32081e-05 secs using 97.35% CPU
Identifying sites to remove: done in 6.98641e-05 secs using 4230% CPU
Identifying sites to remove: done in 6.59227e-05 secs using 198.7% CPU
Identifying sites to remove: done in 7.23302e-05 secs using 98.16% CPU
Identifying sites to remove: done in 8.18893e-05 secs using 216.1% CPU
Identifying sites to remove: done in 0.000158094 secs using 1543% CPU
Identifying sites to remove: done in 6.45816e-05 secs using 97.55% CPU
Identifying sites to remove: done in 7.09146e-05 secs using 97.3% CPU
Identifying sites to remove: done in 6.13332e-05 secs using 96.2% CPU
Identifying sites to remove: done in 0.000118375 secs using 97.99% CPU
Identifying sites to remove: done in 0.000264063 secs using 1.712e+04% CPU
Identifying sites to remove: done in 0.000288323 secs using 1.48e+04% CPU
Identifying sites to remove: done in 0.0003701 secs using 1.346e+04% CPU
Identifying sites to remove: done in 0.000397176 secs using 1.336e+04% CPU
Identifying sites to remove: done in 0.000416361 secs using 6439% CPU
Identifying sites to remove: done in 0.000418186 secs using 7825% CPU
Identifying sites to remove: done in 0.00041949 secs using 9911% CPU
Identifying sites to remove: done in 0.000459976 secs using 2683% CPU
Identifying sites to remove: done in 0.000460133 secs using 2043% CPU
Identifying sites to remove: done in 0.000466168 secs using 7746% CPU
Identifying sites to remove: done in 0.000506796 secs using 1364% CPU
Identifying sites to remove: done in 0.000509225 secs using 3116% CPU
Identifying sites to remove: done in 0.000512488 secs using 4851% CPU
Identifying sites to remove: done in 0.000513278 secs using 7712% CPU
Identifying sites to remove: done in 0.000515074 secs using 5982% CPU
Identifying sites to remove: done in 0.000516206 secs using 3681% CPU
Identifying sites to remove: done in 0.00051558 secs using 4257% CPU
Identifying sites to remove: done in 0.000301555 secs using 372.1% CPU
Identifying sites to remove: done in 0.000343271 secs using 444.8% CPU
Identifying sites to remove: done in 0.000374377 secs using 270.3% CPU
Identifying sites to remove: done in 0.000357993 secs using 99.44% CPU
Identifying sites to remove: done in 0.000224441 secs using 838.5% CPU
Identifying sites to remove: done in 0.000234231 secs using 498.2% CPU
Identifying sites to remove: done in 0.000430577 secs using 1121% CPU
Identifying sites to remove: done in 0.000371777 secs using 875% CPU
Identifying sites to remove: done in 0.000439003 secs using 952.4% CPU
Identifying sites to remove: done in 0.000283189 secs using 652.2% CPU
Identifying sites to remove: done in 0.000428207 secs using 1957% CPU
Identifying sites to remove: done in 0.000285886 secs using 1688% CPU
Identifying sites to remove: done in 0.000428304 secs using 2631% CPU
Identifying sites to remove: done in 0.000224859 secs using 1639% CPU
Identifying sites to remove: done in 0.000226125 secs using 739% CPU
Identifying sites to remove: done in 0.000392385 secs using 2116% CPU
Identifying sites to remove: done in 0.000362687 secs using 1698% CPU
Identifying sites to remove: done in 0.000445016 secs using 2453% CPU
Identifying sites to remove: done in 0.00022798 secs using 4668% CPU
Identifying sites to remove: done in 0.000262171 secs using 2701% CPU
Identifying sites to remove: done in 0.000368036 secs using 3123% CPU
Identifying sites to remove: done in 0.000417843 secs using 1797% CPU
Identifying sites to remove: done in 0.000434846 secs using 2121% CPU
Identifying sites to remove: done in 0.000373155 secs using 952.7% CPU
Identifying sites to remove: done in 0.00044892 secs using 1475% CPU
Identifying sites to remove: done in 0.00042256 secs using 134.2% CPU
Identifying sites to remove: done in 0.000414781 secs using 1434% CPU
Identifying sites to remove: done in 0.000361189 secs using 4.268e+04% CPU
Identifying sites to remove: done in 0.000263825 secs using 5.686e+04% CPU
Identifying sites to remove: done in 0.000287764 secs using 422.6% CPU
Identifying sites to remove: done in 0.00023482 secs using 218% CPU
Identifying sites to remove: done in 0.000371434 secs using 323.1% CPU
Identifying sites to remove: done in 0.000343002 secs using 451% CPU
Identifying sites to remove: done in 0.000239335 secs using 708.6% CPU
Identifying sites to remove: done in 0.000340499 secs using 587.4% CPU
Identifying sites to remove: done in 0.00040669 secs using 152% CPU
Identifying sites to remove: done in 0.00025852 secs using 99.41% CPU
Identifying sites to remove: done in 0.000200547 secs using 99.23% CPU
Identifying sites to remove: done in 0.000391416 secs using 99.64% CPU
Identifying sites to remove: done in 0.000263847 secs using 716.3% CPU
Identifying sites to remove: done in 0.000272684 secs using 4526% CPU
Identifying sites to remove: done in 0.000326045 secs using 6660% CPU
Identifying sites to remove: done in 0.00032936 secs using 8711% CPU
Identifying sites to remove: done in 0.000358686 secs using 4222% CPU
Identifying sites to remove: done in 0.000364423 secs using 7016% CPU
Identifying sites to remove: done in 0.000363782 secs using 8918% CPU
Identifying sites to remove: done in 0.000460401 secs using 2627% CPU
Identifying sites to remove: done in 0.000282384 secs using 5.577e+04% CPU
Identifying sites to remove: done in 0.000311293 secs using 5.125e+04% CPU
Identifying sites to remove: done in 0.000169128 secs using 362.4% CPU
Identifying sites to remove: done in 0.000271656 secs using 326.1% CPU
Identifying sites to remove: done in 0.000236765 secs using 258.5% CPU
Identifying sites to remove: done in 0.000221893 secs using 1370% CPU
Identifying sites to remove: done in 0.000201792 secs using 1676% CPU
Identifying sites to remove: done in 0.000258788 secs using 1970% CPU
Identifying sites to remove: done in 0.000274554 secs using 1794% CPU
Identifying sites to remove: done in 0.00025817 secs using 1667% CPU
Identifying sites to remove: done in 0.000260271 secs using 1334% CPU
Identifying sites to remove: done in 0.000361748 secs using 1295% CPU
Identifying sites to remove: done in 0.00030005 secs using 959.2% CPU
Identifying sites to remove: done in 0.000324257 secs using 606% CPU
Identifying sites to remove: done in 0.00030303 secs using 304.6% CPU
Identifying sites to remove: done in 0.000151373 secs using 1196% CPU
Identifying sites to remove: done in 0.000291899 secs using 1142% CPU
Identifying sites to remove: done in 0.000266276 secs using 207.7% CPU
Identifying sites to remove: done in 0.00017789 secs using 2713% CPU
Identifying sites to remove: done in 0.000260837 secs using 2726% CPU
Identifying sites to remove: done in 0.000211649 secs using 1352% CPU
Identifying sites to remove: done in 0.000552885 secs using 162.1% CPU
Identifying sites to remove: done in 0.000585414 secs using 6001% CPU
Identifying sites to remove: done in 0.000632584 secs using 6512% CPU
Identifying sites to remove: done in 0.00077609 secs using 5486% CPU
Identifying sites to remove: done in 0.000793383 secs using 3061% CPU
Identifying sites to remove: done in 0.000901915 secs using 3248% CPU
Identifying sites to remove: done in 0.000936903 secs using 4702% CPU
Identifying sites to remove: done in 0.000950828 secs using 4093% CPU
Identifying sites to remove: done in 0.000972554 secs using 3810% CPU
Identifying sites to remove: done in 0.00100354 secs using 4250% CPU
Identifying sites to remove: done in 0.00102921 secs using 3560% CPU
Identifying sites to remove: done in 0.00103419 secs using 3330% CPU
Identifying sites to remove: done in 0.0010722 secs using 2832% CPU
Identifying sites to remove: done in 0.00107549 secs using 3033% CPU
Identifying sites to remove: done in 0.0010969 secs using 4113% CPU
Identifying sites to remove: done in 0.00112586 secs using 3261% CPU
Identifying sites to remove: done in 0.00112721 secs using 2664% CPU
Identifying sites to remove: done in 0.00116391 secs using 3637% CPU
Identifying sites to remove: done in 0.00118137 secs using 2943% CPU
Identifying sites to remove: done in 0.00118443 secs using 3402% CPU
Identifying sites to remove: done in 0.000474781 secs using 6161% CPU
Identifying sites to remove: done in 0.000898942 secs using 1231% CPU
Identifying sites to remove: done in 0.000833608 secs using 565.3% CPU
Identifying sites to remove: done in 0.000748739 secs using 99.5% CPU
Identifying sites to remove: done in 0.000522651 secs using 660.5% CPU
Identifying sites to remove: done in 0.000933707 secs using 723.5% CPU
Identifying sites to remove: done in 0.00115924 secs using 687.3% CPU
Identifying sites to remove: done in 0.000822581 secs using 374.9% CPU
Identifying sites to remove: done in 0.00120705 secs using 536.7% CPU
Identifying sites to remove: done in 0.00111436 secs using 1.577e+04% CPU
Identifying sites to remove: done in 0.000547029 secs using 631.6% CPU
Identifying sites to remove: done in 0.00100296 secs using 814.1% CPU
Identifying sites to remove: done in 0.000822052 secs using 2122% CPU
Identifying sites to remove: done in 0.000722259 secs using 2477% CPU
Identifying sites to remove: done in 0.00125228 secs using 1762% CPU
Identifying sites to remove: done in 0.00120696 secs using 1353% CPU
Identifying sites to remove: done in 0.000851959 secs using 304.1% CPU
Identifying sites to remove: done in 0.00120112 secs using 1297% CPU
Identifying sites to remove: done in 0.000562526 secs using 2.488e+04% CPU
Identifying sites to remove: done in 0.00112531 secs using 1.264e+04% CPU
Identifying sites to remove: done in 0.000509702 secs using 327.6% CPU
Identifying sites to remove: done in 0.00113733 secs using 2238% CPU
Identifying sites to remove: done in 0.000988692 secs using 2648% CPU
Identifying sites to remove: done in 0.00112902 secs using 2427% CPU
Identifying sites to remove: done in 0.00112826 secs using 2211% CPU
Identifying sites to remove: done in 0.000651516 secs using 203.5% CPU
Identifying sites to remove: done in 0.00112842 secs using 348.8% CPU
Identifying sites to remove: done in 0.000698902 secs using 107.7% CPU
Identifying sites to remove: done in 0.000510588 secs using 99.3% CPU
Identifying sites to remove: done in 0.000554264 secs using 99.23% CPU
Identifying sites to remove: done in 0.000901036 secs using 97% CPU
Identifying sites to remove: done in 0.000941396 secs using 99.11% CPU
Identifying sites to remove: done in 0.000643052 secs using 99.21% CPU
Identifying sites to remove: done in 0.000543244 secs using 700.2% CPU
Identifying sites to remove: done in 0.00136919 secs using 800.4% CPU
Identifying sites to remove: done in 0.000894532 secs using 196.2% CPU
Identifying sites to remove: done in 0.000405118 secs using 99.23% CPU
Identifying sites to remove: done in 0.0010097 secs using 617.3% CPU
Identifying sites to remove: done in 0.000405394 secs using 2.898e+04% CPU
Identifying sites to remove: done in 0.00193493 secs using 6136% CPU
Identifying sites to remove: done in 0.00204826 secs using 6703% CPU
Identifying sites to remove: done in 0.00235114 secs using 5786% CPU
Identifying sites to remove: done in 0.00242957 secs using 5352% CPU
Identifying sites to remove: done in 0.00258496 secs using 6028% CPU
Identifying sites to remove: done in 0.00275077 secs using 5632% CPU
Identifying sites to remove: done in 0.00283747 secs using 6053% CPU
Identifying sites to remove: done in 0.0028389 secs using 4541% CPU
Identifying sites to remove: done in 0.00288588 secs using 4850% CPU
Identifying sites to remove: done in 0.00297055 secs using 4750% CPU
Identifying sites to remove: done in 0.00300947 secs using 5710% CPU
Identifying sites to remove: done in 0.00301835 secs using 4393% CPU
Identifying sites to remove: done in 0.00305473 secs using 4249% CPU
Identifying sites to remove: done in 0.00310212 secs using 5789% CPU
Identifying sites to remove: done in 0.00314441 secs using 4794% CPU
Identifying sites to remove: done in 0.00327322 secs using 4833% CPU
Identifying sites to remove: done in 0.0033929 secs using 4959% CPU
Identifying sites to remove: done in 0.00347941 secs using 3709% CPU
Identifying sites to remove: done in 0.00353739 secs using 4868% CPU
Identifying sites to remove: done in 0.00116926 secs using 409.3% CPU
Identifying sites to remove: done in 0.00120239 secs using 1.068e+04% CPU
Identifying sites to remove: done in 0.00200851 secs using 6490% CPU
Identifying sites to remove: done in 0.00148562 secs using 101.9% CPU
Identifying sites to remove: done in 0.00161382 secs using 4952% CPU
Identifying sites to remove: done in 0.00269011 secs using 99.51% CPU
Identifying sites to remove: done in 0.00123714 secs using 239.5% CPU
Identifying sites to remove: done in 0.00146064 secs using 240.6% CPU
Identifying sites to remove: done in 0.000826709 secs using 2548% CPU
Identifying sites to remove: done in 0.00254476 secs using 2517% CPU
Identifying sites to remove: done in 0.00214958 secs using 1747% CPU
Identifying sites to remove: done in 0.00210399 secs using 3696% CPU
Identifying sites to remove: done in 0.00161365 secs using 1531% CPU
Identifying sites to remove: done in 0.000777468 secs using 2363% CPU
Identifying sites to remove: done in 0.00195817 secs using 3288% CPU
Identifying sites to remove: done in 0.00146252 secs using 234.5% CPU
Identifying sites to remove: done in 0.00103813 secs using 2114% CPU
Identifying sites to remove: done in 0.000575148 secs using 98.93% CPU
Identifying sites to remove: done in 0.000560232 secs using 608.3% CPU
Identifying sites to remove: done in 0.0017738 secs using 1994% CPU
Identifying sites to remove: done in 0.00147779 secs using 227.7% CPU
Identifying sites to remove: done in 0.00223289 secs using 3592% CPU
Identifying sites to remove: done in 0.00263844 secs using 3845% CPU
Identifying sites to remove: done in 0.00196916 secs using 3451% CPU
Identifying sites to remove: done in 0.00176229 secs using 2698% CPU
Identifying sites to remove: done in 0.00267464 secs using 3190% CPU
Identifying sites to remove: done in 0.00129203 secs using 3280% CPU
Identifying sites to remove: done in 0.00256126 secs using 3363% CPU
Identifying sites to remove: done in 0.00108348 secs using 584.2% CPU
Identifying sites to remove: done in 0.000703976 secs using 7307% CPU
Identifying sites to remove: done in 0.00194938 secs using 490.9% CPU
Identifying sites to remove: done in 0.00213575 secs using 3377% CPU
Identifying sites to remove: done in 0.00123186 secs using 4710% CPU
Identifying sites to remove: done in 0.00155644 secs using 2587% CPU
Identifying sites to remove: done in 0.00152822 secs using 5055% CPU
Identifying sites to remove: done in 0.00141058 secs using 123% CPU
Identifying sites to remove: done in 0.00181272 secs using 605.2% CPU
Identifying sites to remove: done in 0.000731066 secs using 1.032e+04% CPU
Identifying sites to remove: done in 0.001489 secs using 99.53% CPU
Identifying sites to remove: done in 0.00064344 secs using 1819% CPU
Identifying sites to remove: done in 0.000718214 secs using 1650% CPU
Identifying sites to remove: done in 0.000770062 secs using 1665% CPU
Identifying sites to remove: done in 0.000790939 secs using 1764% CPU
Identifying sites to remove: done in 0.00088121 secs using 1675% CPU
Identifying sites to remove: done in 0.000938803 secs using 1697% CPU
Identifying sites to remove: done in 0.000907727 secs using 1710% CPU
Identifying sites to remove: done in 0.00103032 secs using 1669% CPU
Identifying sites to remove: done in 0.00101374 secs using 1679% CPU
Identifying sites to remove: done in 0.00106969 secs using 1636% CPU
Identifying sites to remove: done in 0.00100569 secs using 1628% CPU
Identifying sites to remove: done in 0.00108732 secs using 1663% CPU
Identifying sites to remove: done in 0.00114808 secs using 1547% CPU
Identifying sites to remove: done in 0.00122797 secs using 1533% CPU
Identifying sites to remove: done in 0.00130481 secs using 1520% CPU
Identifying sites to remove: done in 0.0013548 secs using 1465% CPU
Identifying sites to remove: done in 0.00132846 secs using 1485% CPU
Identifying sites to remove: done in 0.00140185 secs using 1502% CPU
Identifying sites to remove: done in 0.00138983 secs using 1504% CPU
Identifying sites to remove: done in 0.000426486 secs using 1.492e+04% CPU
Identifying sites to remove: done in 0.000589579 secs using 1.108e+04% CPU
Identifying sites to remove: done in 0.000633202 secs using 1.02e+04% CPU
Identifying sites to remove: done in 0.000439286 secs using 99.25% CPU
Identifying sites to remove: done in 0.000498503 secs using 198.6% CPU
Identifying sites to remove: done in 0.000609711 secs using 543.2% CPU
Identifying sites to remove: done in 0.000457831 secs using 2269% CPU
Identifying sites to remove: done in 0.000548832 secs using 2116% CPU
Identifying sites to remove: done in 0.000449948 secs using 1142% CPU
Identifying sites to remove: done in 0.000323884 secs using 393% CPU
Identifying sites to remove: done in 0.000698313 secs using 1233% CPU
Identifying sites to remove: done in 0.000490837 secs using 221.5% CPU
Identifying sites to remove: done in 0.000280581 secs using 1281% CPU
Identifying sites to remove: done in 0.000639081 secs using 815.1% CPU
Identifying sites to remove: done in 0.000276454 secs using 342.6% CPU
Identifying sites to remove: done in 0.000586204 secs using 966.4% CPU
Identifying sites to remove: done in 0.00028459 secs using 2016% CPU
Identifying sites to remove: done in 0.000664964 secs using 1280% CPU
Identifying sites to remove: done in 0.000562578 secs using 1349% CPU
Identifying sites to remove: done in 0.000495352 secs using 1192% CPU
Identifying sites to remove: done in 0.000374079 secs using 447.5% CPU
Identifying sites to remove: done in 0.000573121 secs using 815% CPU
Identifying sites to remove: done in 0.000554763 secs using 729.1% CPU
Identifying sites to remove: done in 0.000261813 secs using 99.69% CPU
Identifying sites to remove: done in 0.000565104 secs using 2058% CPU
Identifying sites to remove: done in 0.000579618 secs using 1508% CPU
Identifying sites to remove: done in 0.000605457 secs using 2.804e+04% CPU
Identifying sites to remove: done in 0.000633262 secs using 2.616e+04% CPU
Identifying sites to remove: done in 0.000395186 secs using 428.9% CPU
Identifying sites to remove: done in 0.000510454 secs using 152% CPU
Identifying sites to remove: done in 0.000618137 secs using 469% CPU
Identifying sites to remove: done in 0.000247844 secs using 152.5% CPU
Identifying sites to remove: done in 0.000456005 secs using 824.6% CPU
Identifying sites to remove: done in 0.000595085 secs using 745.9% CPU
Identifying sites to remove: done in 0.000466287 secs using 428.1% CPU
Identifying sites to remove: done in 0.000304528 secs using 465% CPU
Identifying sites to remove: done in 0.000515603 secs using 126.6% CPU
Identifying sites to remove: done in 0.00026805 secs using 624.5% CPU
Identifying sites to remove: done in 0.000436023 secs using 107.1% CPU
Identifying sites to remove: done in 0.000704244 secs using 2.201e+04% CPU
Identifying sites to remove: done in 0.000773586 secs using 1.54e+04% CPU
Identifying sites to remove: done in 0.000790909 secs using 2.075e+04% CPU
Identifying sites to remove: done in 0.000809923 secs using 1.344e+04% CPU
Identifying sites to remove: done in 0.00084988 secs using 1.353e+04% CPU
Identifying sites to remove: done in 0.000850528 secs using 1.32e+04% CPU
Identifying sites to remove: done in 0.0010036 secs using 1.56e+04% CPU
Identifying sites to remove: done in 0.00102665 secs using 1.605e+04% CPU
Identifying sites to remove: done in 0.0010443 secs using 1.555e+04% CPU
Identifying sites to remove: done in 0.00103208 secs using 1.216e+04% CPU
Identifying sites to remove: done in 0.00108602 secs using 1.219e+04% CPU
Identifying sites to remove: done in 0.00112348 secs using 1.272e+04% CPU
Identifying sites to remove: done in 0.00112913 secs using 1.366e+04% CPU
Identifying sites to remove: done in 0.00112557 secs using 1.303e+04% CPU
Identifying sites to remove: done in 0.00117979 secs using 1.281e+04% CPU
Identifying sites to remove: done in 0.00117865 secs using 1.196e+04% CPU
Identifying sites to remove: done in 0.0012064 secs using 1.012e+04% CPU
Identifying sites to remove: done in 0.00121439 secs using 1.073e+04% CPU
Identifying sites to remove: done in 0.0012546 secs using 1.1e+04% CPU
Identifying sites to remove: done in 0.000597417 secs using 1130% CPU
Identifying sites to remove: done in 0.000828177 secs using 1033% CPU
Identifying sites to remove: done in 0.000864565 secs using 957.9% CPU
Identifying sites to remove: done in 0.000751071 secs using 895.9% CPU
Identifying sites to remove: done in 0.000414476 secs using 379% CPU
Identifying sites to remove: done in 0.00092721 secs using 1224% CPU
Identifying sites to remove: done in 0.000911191 secs using 886.8% CPU
Identifying sites to remove: done in 0.000670783 secs using 1309% CPU
Identifying sites to remove: done in 0.000916027 secs using 2374% CPU
Identifying sites to remove: done in 0.000826165 secs using 2392% CPU
Identifying sites to remove: done in 0.000646636 secs using 3246% CPU
Identifying sites to remove: done in 0.000405774 secs using 3052% CPU
Identifying sites to remove: done in 0.000471711 secs using 2024% CPU
Identifying sites to remove: done in 0.000750922 secs using 2840% CPU
Identifying sites to remove: done in 0.000758238 secs using 2957% CPU
Identifying sites to remove: done in 0.00090193 secs using 1.613e+04% CPU
Identifying sites to remove: done in 0.000738956 secs using 1.912e+04% CPU
Identifying sites to remove: done in 0.000581309 secs using 2.328e+04% CPU
Identifying sites to remove: done in 0.000504278 secs using 2.594e+04% CPU
Identifying sites to remove: done in 0.000837997 secs using 1.671e+04% CPU
Identifying sites to remove: done in 0.000832804 secs using 1.678e+04% CPU
Identifying sites to remove: done in 0.000772312 secs using 1.691e+04% CPU
Identifying sites to remove: done in 0.000959694 secs using 1.407e+04% CPU
Identifying sites to remove: done in 0.00089246 secs using 760% CPU
Identifying sites to remove: done in 0.000817336 secs using 668.4% CPU
Identifying sites to remove: done in 0.00039304 secs using 377.1% CPU
Identifying sites to remove: done in 0.000876017 secs using 513.1% CPU
Identifying sites to remove: done in 0.000485167 secs using 526.2% CPU
Identifying sites to remove: done in 0.000306137 secs using 1463% CPU
Identifying sites to remove: done in 0.000695616 secs using 1233% CPU
Identifying sites to remove: done in 0.000720717 secs using 1427% CPU
Identifying sites to remove: done in 0.000790164 secs using 1587% CPU
Identifying sites to remove: done in 0.000775404 secs using 1067% CPU
Identifying sites to remove: done in 0.000626892 secs using 932.1% CPU
Identifying sites to remove: done in 0.000643753 secs using 468% CPU
Identifying sites to remove: done in 0.000497684 secs using 914.6% CPU
Identifying sites to remove: done in 0.000332408 secs using 131.8% CPU
Identifying sites to remove: done in 0.000672475 secs using 99.78% CPU
Identifying sites to remove: done in 0.000608079 secs using 99.66% CPU
Identifying sites to remove: done in 0.00128996 secs using 2505% CPU
Identifying sites to remove: done in 0.00139109 secs using 1839% CPU
Identifying sites to remove: done in 0.0016156 secs using 2061% CPU
Identifying sites to remove: done in 0.00164096 secs using 2309% CPU
Identifying sites to remove: done in 0.00175186 secs using 1861% CPU
Identifying sites to remove: done in 0.00185309 secs using 1899% CPU
Identifying sites to remove: done in 0.00192205 secs using 1728% CPU
Identifying sites to remove: done in 0.00196856 secs using 2059% CPU
Identifying sites to remove: done in 0.00206939 secs using 1795% CPU
Identifying sites to remove: done in 0.00209314 secs using 1733% CPU
Identifying sites to remove: done in 0.00211457 secs using 1832% CPU
Identifying sites to remove: done in 0.00212074 secs using 2126% CPU
Identifying sites to remove: done in 0.00213283 secs using 1901% CPU
Identifying sites to remove: done in 0.00216169 secs using 1987% CPU
Identifying sites to remove: done in 0.00216568 secs using 2011% CPU
Identifying sites to remove: done in 0.00216544 secs using 2032% CPU
Identifying sites to remove: done in 0.00222582 secs using 1868% CPU
Identifying sites to remove: done in 0.00234359 secs using 1895% CPU
Identifying sites to remove: done in 0.00236308 secs using 1788% CPU
Identifying sites to remove: done in 0.00103781 secs using 470.9% CPU
Identifying sites to remove: done in 0.00174838 secs using 8736% CPU
Identifying sites to remove: done in 0.00174665 secs using 8672% CPU
Identifying sites to remove: done in 0.000941828 secs using 1143% CPU
Identifying sites to remove: done in 0.00142802 secs using 1001% CPU
Identifying sites to remove: done in 0.00169232 secs using 767.8% CPU
Identifying sites to remove: done in 0.00205762 secs using 9240% CPU
Identifying sites to remove: done in 0.00207066 secs using 8962% CPU
Identifying sites to remove: done in 0.00138276 secs using 1.285e+04% CPU
Identifying sites to remove: done in 0.00100342 secs using 663.5% CPU
Identifying sites to remove: done in 0.00205214 secs using 575.1% CPU
Identifying sites to remove: done in 0.00177392 secs using 1524% CPU
Identifying sites to remove: done in 0.00215499 secs using 1436% CPU
Identifying sites to remove: done in 0.00112817 secs using 2256% CPU
Identifying sites to remove: done in 0.0012048 secs using 1.367e+04% CPU
Identifying sites to remove: done in 0.00230816 secs using 7688% CPU
Identifying sites to remove: done in 0.00157573 secs using 1.031e+04% CPU
Identifying sites to remove: done in 0.00228547 secs using 7637% CPU
Identifying sites to remove: done in 0.00208942 secs using 8107% CPU
Identifying sites to remove: done in 0.00191856 secs using 8144% CPU
Identifying sites to remove: done in 0.00229868 secs using 7081% CPU
Identifying sites to remove: done in 0.00215509 secs using 700.6% CPU
Identifying sites to remove: done in 0.00217044 secs using 688.8% CPU
Identifying sites to remove: done in 0.00213852 secs using 684.9% CPU
Identifying sites to remove: done in 0.00218672 secs using 8414% CPU
Identifying sites to remove: done in 0.00220115 secs using 8254% CPU
Identifying sites to remove: done in 0.00106603 secs using 267% CPU
Identifying sites to remove: done in 0.00138517 secs using 438.1% CPU
Identifying sites to remove: done in 0.000586554 secs using 1102% CPU
Identifying sites to remove: done in 0.00187824 secs using 9569% CPU
Identifying sites to remove: done in 0.00228092 secs using 8036% CPU
Identifying sites to remove: done in 0.00161407 secs using 751% CPU
Identifying sites to remove: done in 0.000989482 secs using 689.1% CPU
Identifying sites to remove: done in 0.00213733 secs using 716.6% CPU
Identifying sites to remove: done in 0.00169451 secs using 670.9% CPU
Identifying sites to remove: done in 0.00218167 secs using 7830% CPU
Identifying sites to remove: done in 0.000799008 secs using 533.7% CPU
Identifying sites to remove: done in 0.00146656 secs using 1.052e+04% CPU
Identifying sites to remove: done in 0.00100369 secs using 507.5% CPU
Identifying sites to remove: done in 0.00165325 secs using 4001% CPU
Identifying sites to remove: done in 0.00173509 secs using 4370% CPU
Identifying sites to remove: done in 0.00176258 secs using 4317% CPU
Identifying sites to remove: done in 0.00189204 secs using 4027% CPU
Identifying sites to remove: done in 0.00185847 secs using 4077% CPU
Identifying sites to remove: done in 0.00195534 secs using 3903% CPU
Identifying sites to remove: done in 0.00191637 secs using 3939% CPU
Identifying sites to remove: done in 0.00217765 secs using 3502% CPU
Identifying sites to remove: done in 0.00221694 secs using 3446% CPU
Identifying sites to remove: done in 0.00235533 secs using 3214% CPU
Identifying sites to remove: done in 0.00239873 secs using 3163% CPU
Identifying sites to remove: done in 0.00243801 secs using 3116% CPU
Identifying sites to remove: done in 0.00249507 secs using 3050% CPU
Identifying sites to remove: done in 0.00261257 secs using 2948% CPU
Identifying sites to remove: done in 0.00261026 secs using 2936% CPU
Identifying sites to remove: done in 0.00280897 secs using 2780% CPU
Identifying sites to remove: done in 0.00288127 secs using 2734% CPU
Identifying sites to remove: done in 0.00292891 secs using 2708% CPU
Identifying sites to remove: done in 0.00313766 secs using 2549% CPU
Identifying sites to remove: done in 0.00125779 secs using 508.4% CPU
Identifying sites to remove: done in 0.0016439 secs using 254.8% CPU
Identifying sites to remove: done in 0.00186965 secs using 304.8% CPU
Identifying sites to remove: done in 0.00137421 secs using 99.91% CPU
Identifying sites to remove: done in 0.00121775 secs using 1.491e+04% CPU
Identifying sites to remove: done in 0.00213838 secs using 9174% CPU
Identifying sites to remove: done in 0.00151592 secs using 1.249e+04% CPU
Identifying sites to remove: done in 0.00256937 secs using 7576% CPU
Identifying sites to remove: done in 0.00256217 secs using 7334% CPU
Identifying sites to remove: done in 0.00188328 secs using 465.9% CPU
Identifying sites to remove: done in 0.00239169 secs using 7913% CPU
Identifying sites to remove: done in 0.00113663 secs using 621.2% CPU
Identifying sites to remove: done in 0.00244451 secs using 466.3% CPU
Identifying sites to remove: done in 0.00254083 secs using 7179% CPU
Identifying sites to remove: done in 0.00210999 secs using 8485% CPU
Identifying sites to remove: done in 0.00164491 secs using 1.04e+04% CPU
Identifying sites to remove: done in 0.00246225 secs using 7324% CPU
Identifying sites to remove: done in 0.00241075 secs using 7328% CPU
Identifying sites to remove: done in 0.00110075 secs using 280.2% CPU
Identifying sites to remove: done in 0.00101022 secs using 194.8% CPU
Identifying sites to remove: done in 0.00239284 secs using 7812% CPU
Identifying sites to remove: done in 0.00189087 secs using 584.7% CPU
Identifying sites to remove: done in 0.00228891 secs using 546% CPU
Identifying sites to remove: done in 0.00235808 secs using 600.5% CPU
Identifying sites to remove: done in 0.0024456 secs using 7475% CPU
Identifying sites to remove: done in 0.00245903 secs using 7270% CPU
Identifying sites to remove: done in 0.00112451 secs using 1.634e+04% CPU
Identifying sites to remove: done in 0.00244211 secs using 7732% CPU
Identifying sites to remove: done in 0.00105682 secs using 365.1% CPU
Identifying sites to remove: done in 0.000668764 secs using 177.6% CPU
Identifying sites to remove: done in 0.0018798 secs using 9390% CPU
Identifying sites to remove: done in 0.00152002 secs using 484.3% CPU
Identifying sites to remove: done in 0.00105329 secs using 484.7% CPU
Identifying sites to remove: done in 0.00266155 secs using 6468% CPU
Identifying sites to remove: done in 0.00182219 secs using 8509% CPU
Identifying sites to remove: done in 0.00229166 secs using 7114% CPU
Identifying sites to remove: done in 0.00132156 secs using 1.018e+04% CPU
Identifying sites to remove: done in 0.000834487 secs using 487.1% CPU
Identifying sites to remove: done in 0.00109122 secs using 8407% CPU
Identifying sites to remove: done in 0.000405423 secs using 1422% CPU
Identifying sites to remove: done in 0.000482649 secs using 1516% CPU
Identifying sites to remove: done in 0.000499941 secs using 1405% CPU
Identifying sites to remove: done in 0.000584692 secs using 1429% CPU
Identifying sites to remove: done in 0.000647016 secs using 1491% CPU
Identifying sites to remove: done in 0.000675 secs using 1389% CPU
Identifying sites to remove: done in 0.000761293 secs using 1350% CPU
Identifying sites to remove: done in 0.000768341 secs using 1375% CPU
Identifying sites to remove: done in 0.000857957 secs using 1397% CPU
Identifying sites to remove: done in 0.000842541 secs using 1402% CPU
Identifying sites to remove: done in 0.000854626 secs using 1395% CPU
Identifying sites to remove: done in 0.000962935 secs using 1266% CPU
Identifying sites to remove: done in 0.000992037 secs using 1308% CPU
Identifying sites to remove: done in 0.000993401 secs using 1353% CPU
Identifying sites to remove: done in 0.00102919 secs using 1331% CPU
Identifying sites to remove: done in 0.00108038 secs using 1319% CPU
Identifying sites to remove: done in 0.000355192 secs using 325.5% CPU
Identifying sites to remove: done in 0.00061629 secs using 578.1% CPU
Identifying sites to remove: done in 0.00067129 secs using 394.5% CPU
Identifying sites to remove: done in 0.000384957 secs using 99.75% CPU
Identifying sites to remove: done in 0.000427932 secs using 1273% CPU
Identifying sites to remove: done in 0.000396065 secs using 1543% CPU
Identifying sites to remove: done in 0.000382692 secs using 1110% CPU
Identifying sites to remove: done in 0.000520691 secs using 1073% CPU
Identifying sites to remove: done in 0.00029593 secs using 300.4% CPU
Identifying sites to remove: done in 0.000482827 secs using 575.8% CPU
Identifying sites to remove: done in 0.00022094 secs using 459.4% CPU
Identifying sites to remove: done in 0.000415258 secs using 790.8% CPU
Identifying sites to remove: done in 0.000402741 secs using 2903% CPU
Identifying sites to remove: done in 0.000505842 secs using 1921% CPU
Identifying sites to remove: done in 0.00039877 secs using 1741% CPU
Identifying sites to remove: done in 0.000253625 secs using 1510% CPU
Identifying sites to remove: done in 0.0005292 secs using 1461% CPU
Identifying sites to remove: done in 0.000460334 secs using 1726% CPU
Identifying sites to remove: done in 0.00042633 secs using 1136% CPU
Identifying sites to remove: done in 0.000302881 secs using 2687% CPU
Identifying sites to remove: done in 0.000380807 secs using 2280% CPU
Identifying sites to remove: done in 0.000454463 secs using 3.444e+04% CPU
Identifying sites to remove: done in 0.000475474 secs using 3.369e+04% CPU
Identifying sites to remove: done in 0.000462078 secs using 3.309e+04% CPU
Identifying sites to remove: done in 0.000504501 secs using 2.982e+04% CPU
Identifying sites to remove: done in 0.000416279 secs using 137.2% CPU
Identifying sites to remove: done in 0.00036893 secs using 1142% CPU
Identifying sites to remove: done in 0.000190586 secs using 977.5% CPU
Identifying sites to remove: done in 0.000454746 secs using 1469% CPU
Identifying sites to remove: done in 0.000309758 secs using 1263% CPU
Identifying sites to remove: done in 0.000233248 secs using 933.8% CPU
Identifying sites to remove: done in 0.000375643 secs using 196.2% CPU
Identifying sites to remove: done in 0.000384696 secs using 99.56% CPU
Identifying sites to remove: done in 0.000324942 secs using 683.8% CPU
Identifying sites to remove: done in 0.000366084 secs using 1121% CPU
Identifying sites to remove: done in 0.000308715 secs using 5.669e+04% CPU
Identifying sites to remove: done in 0.00020422 secs using 99.4% CPU
Identifying sites to remove: done in 0.000354312 secs using 99.63% CPU
Identifying sites to remove: done in 0.000770397 secs using 8445% CPU
Identifying sites to remove: done in 0.000817358 secs using 1761% CPU
Identifying sites to remove: done in 0.000921138 secs using 7104% CPU
Identifying sites to remove: done in 0.000953034 secs using 4189% CPU
Identifying sites to remove: done in 0.00110333 secs using 1.628e+04% CPU
Identifying sites to remove: done in 0.00111713 secs using 1.347e+04% CPU
Identifying sites to remove: done in 0.001191 secs using 1.197e+04% CPU
Identifying sites to remove: done in 0.00122291 secs using 1.53e+04% CPU
Identifying sites to remove: done in 0.00124982 secs using 1.476e+04% CPU
Identifying sites to remove: done in 0.00129244 secs using 1.383e+04% CPU
Identifying sites to remove: done in 0.00129352 secs using 1.341e+04% CPU
Identifying sites to remove: done in 0.00131197 secs using 1.348e+04% CPU
Identifying sites to remove: done in 0.00129464 secs using 1.316e+04% CPU
Identifying sites to remove: done in 0.00134056 secs using 1.117e+04% CPU
Identifying sites to remove: done in 0.00138299 secs using 1.213e+04% CPU
Identifying sites to remove: done in 0.00140404 secs using 1.135e+04% CPU
Identifying sites to remove: done in 0.00140644 secs using 1.112e+04% CPU
Identifying sites to remove: done in 0.00140516 secs using 1.156e+04% CPU
Identifying sites to remove: done in 0.00146371 secs using 1.014e+04% CPU
Identifying sites to remove: done in 0.000642501 secs using 445.6% CPU
Identifying sites to remove: done in 0.000989914 secs using 308.2% CPU
Identifying sites to remove: done in 0.00104598 secs using 226% CPU
Identifying sites to remove: done in 0.000523776 secs using 608.3% CPU
Identifying sites to remove: done in 0.000975467 secs using 716.8% CPU
Identifying sites to remove: done in 0.00114343 secs using 1015% CPU
Identifying sites to remove: done in 0.00119452 secs using 811.1% CPU
Identifying sites to remove: done in 0.000857495 secs using 756.5% CPU
Identifying sites to remove: done in 0.000712499 secs using 2.408e+04% CPU
Identifying sites to remove: done in 0.00108528 secs using 1.62e+04% CPU
Identifying sites to remove: done in 0.000543982 secs using 641.7% CPU
Identifying sites to remove: done in 0.00100717 secs using 577% CPU
Identifying sites to remove: done in 0.00117142 secs using 997.3% CPU
Identifying sites to remove: done in 0.000584207 secs using 1726% CPU
Identifying sites to remove: done in 0.000568584 secs using 1372% CPU
Identifying sites to remove: done in 0.00110294 secs using 1598% CPU
Identifying sites to remove: done in 0.000755422 secs using 1323% CPU
Identifying sites to remove: done in 0.000941828 secs using 1613% CPU
Identifying sites to remove: done in 0.00114046 secs using 1537% CPU
Identifying sites to remove: done in 0.00118796 secs using 1321% CPU
Identifying sites to remove: done in 0.00118256 secs using 1415% CPU
Identifying sites to remove: done in 0.00102904 secs using 1274% CPU
Identifying sites to remove: done in 0.00109774 secs using 1405% CPU
Identifying sites to remove: done in 0.00116352 secs using 971.1% CPU
Identifying sites to remove: done in 0.00110869 secs using 573.1% CPU
Identifying sites to remove: done in 0.00110611 secs using 283% CPU
Identifying sites to remove: done in 0.00072217 secs using 340.9% CPU
Identifying sites to remove: done in 0.00045637 secs using 289% CPU
Identifying sites to remove: done in 0.000984639 secs using 531.9% CPU
Identifying sites to remove: done in 0.000594184 secs using 442.8% CPU
Identifying sites to remove: done in 0.00112841 secs using 774.9% CPU
Identifying sites to remove: done in 0.00108615 secs using 671% CPU
Identifying sites to remove: done in 0.000916608 secs using 544.3% CPU
Identifying sites to remove: done in 0.000915527 secs using 322.3% CPU
Identifying sites to remove: done in 0.000743419 secs using 2.342e+04% CPU
Identifying sites to remove: done in 0.0011671 secs using 1.547e+04% CPU
Identifying sites to remove: done in 0.000462748 secs using 354.6% CPU
Identifying sites to remove: done in 0.000808038 secs using 99.87% CPU
Identifying sites to remove: done in 0.000791177 secs using 408.6% CPU
Identifying sites to remove: done in 0.00105845 secs using 4840% CPU
Identifying sites to remove: done in 0.00116878 secs using 1798% CPU
Identifying sites to remove: done in 0.00128042 secs using 4177% CPU
Identifying sites to remove: done in 0.0015201 secs using 1877% CPU
Identifying sites to remove: done in 0.00158682 secs using 3548% CPU
Identifying sites to remove: done in 0.00159563 secs using 1971% CPU
Identifying sites to remove: done in 0.00171718 secs using 3080% CPU
Identifying sites to remove: done in 0.00171495 secs using 2135% CPU
Identifying sites to remove: done in 0.00173794 secs using 2234% CPU
Identifying sites to remove: done in 0.00187605 secs using 3010% CPU
Identifying sites to remove: done in 0.00192335 secs using 2769% CPU
Identifying sites to remove: done in 0.00195494 secs using 1904% CPU
Identifying sites to remove: done in 0.0019615 secs using 2366% CPU
Identifying sites to remove: done in 0.00196452 secs using 2642% CPU
Identifying sites to remove: done in 0.00200619 secs using 2954% CPU
Identifying sites to remove: done in 0.00205369 secs using 2142% CPU
Identifying sites to remove: done in 0.00209694 secs using 2423% CPU
Identifying sites to remove: done in 0.00214043 secs using 2468% CPU
Identifying sites to remove: done in 0.00216429 secs using 2194% CPU
Identifying sites to remove: done in 0.000943422 secs using 1.432e+04% CPU
Identifying sites to remove: done in 0.00140993 secs using 9573% CPU
Identifying sites to remove: done in 0.00139389 secs using 217.8% CPU
Identifying sites to remove: done in 0.00121749 secs using 99.88% CPU
Identifying sites to remove: done in 0.000853457 secs using 598.2% CPU
Identifying sites to remove: done in 0.00112448 secs using 472.4% CPU
Identifying sites to remove: done in 0.00153136 secs using 585.6% CPU
Identifying sites to remove: done in 0.00182731 secs using 547.9% CPU
Identifying sites to remove: done in 0.00186387 secs using 455.7% CPU
Identifying sites to remove: done in 0.000906385 secs using 1.983e+04% CPU
Identifying sites to remove: done in 0.00177404 secs using 1.074e+04% CPU
Identifying sites to remove: done in 0.00178213 secs using 1.082e+04% CPU
Identifying sites to remove: done in 0.00160938 secs using 1.173e+04% CPU
Identifying sites to remove: done in 0.00183748 secs using 607.3% CPU
Identifying sites to remove: done in 0.000961691 secs using 588.4% CPU
Identifying sites to remove: done in 0.000943169 secs using 566.3% CPU
Identifying sites to remove: done in 0.00161547 secs using 720.2% CPU
Identifying sites to remove: done in 0.00119129 secs using 1278% CPU
Identifying sites to remove: done in 0.00184173 secs using 1.009e+04% CPU
Identifying sites to remove: done in 0.00182072 secs using 1.013e+04% CPU
Identifying sites to remove: done in 0.00188097 secs using 9663% CPU
Identifying sites to remove: done in 0.00186951 secs using 9567% CPU
Identifying sites to remove: done in 0.00193028 secs using 9069% CPU
Identifying sites to remove: done in 0.00171318 secs using 9859% CPU
Identifying sites to remove: done in 0.00179581 secs using 278.6% CPU
Identifying sites to remove: done in 0.0017955 secs using 194.2% CPU
Identifying sites to remove: done in 0.000888042 secs using 240% CPU
Identifying sites to remove: done in 0.00123624 secs using 301.4% CPU
Identifying sites to remove: done in 0.000537716 secs using 173.9% CPU
Identifying sites to remove: done in 0.00182622 secs using 1.001e+04% CPU
Identifying sites to remove: done in 0.00155817 secs using 1.137e+04% CPU
Identifying sites to remove: done in 0.00136781 secs using 416% CPU
Identifying sites to remove: done in 0.00139837 secs using 579.7% CPU
Identifying sites to remove: done in 0.000829928 secs using 294% CPU
Identifying sites to remove: done in 0.00195426 secs using 726.2% CPU
Identifying sites to remove: done in 0.00179373 secs using 9403% CPU
Identifying sites to remove: done in 0.000709981 secs using 261.7% CPU
Identifying sites to remove: done in 0.00128996 secs using 480.4% CPU
Identifying sites to remove: done in 0.000846483 secs using 1315% CPU
Identifying sites to remove: done in 0.000765987 secs using 3024% CPU
Identifying sites to remove: done in 0.000824519 secs using 1861% CPU
Identifying sites to remove: done in 0.000858881 secs using 1837% CPU
Identifying sites to remove: done in 0.00090982 secs using 1787% CPU
Identifying sites to remove: done in 0.000995524 secs using 1734% CPU
Identifying sites to remove: done in 0.000998981 secs using 1742% CPU
Identifying sites to remove: done in 0.00106644 secs using 1762% CPU
Identifying sites to remove: done in 0.00107112 secs using 1767% CPU
Identifying sites to remove: done in 0.00110625 secs using 1764% CPU
Identifying sites to remove: done in 0.00112236 secs using 1689% CPU
Identifying sites to remove: done in 0.00125895 secs using 1670% CPU
Identifying sites to remove: done in 0.00122691 secs using 1668% CPU
Identifying sites to remove: done in 0.00135906 secs using 2125% CPU
Identifying sites to remove: done in 0.00128896 secs using 1618% CPU
Identifying sites to remove: done in 0.00138136 secs using 1919% CPU
Identifying sites to remove: done in 0.00142381 secs using 1531% CPU
Identifying sites to remove: done in 0.0015692 secs using 5965% CPU
Identifying sites to remove: done in 0.00166194 secs using 5470% CPU
Identifying sites to remove: done in 0.00174119 secs using 5253% CPU
Identifying sites to remove: done in 0.000600711 secs using 368.4% CPU
Identifying sites to remove: done in 0.00081341 secs using 226.6% CPU
Identifying sites to remove: done in 0.00103878 secs using 254.3% CPU
Identifying sites to remove: done in 0.000733204 secs using 99.84% CPU
Identifying sites to remove: done in 0.000703633 secs using 2.808e+04% CPU
Identifying sites to remove: done in 0.000977218 secs using 2.007e+04% CPU
Identifying sites to remove: done in 0.000653982 secs using 350.6% CPU
Identifying sites to remove: done in 0.00131712 secs using 380.1% CPU
Identifying sites to remove: done in 0.00131567 secs using 337.5% CPU
Identifying sites to remove: done in 0.000929765 secs using 378.4% CPU
Identifying sites to remove: done in 0.00105879 secs using 187.4% CPU
Identifying sites to remove: done in 0.00101613 secs using 1.767e+04% CPU
Identifying sites to remove: done in 0.000528969 secs using 251.4% CPU
Identifying sites to remove: done in 0.00111187 secs using 400.7% CPU
Identifying sites to remove: done in 0.000763461 secs using 1146% CPU
Identifying sites to remove: done in 0.000544928 secs using 1160% CPU
Identifying sites to remove: done in 0.00110521 secs using 931.3% CPU
Identifying sites to remove: done in 0.00104877 secs using 606.2% CPU
Identifying sites to remove: done in 0.00112601 secs using 331.5% CPU
Identifying sites to remove: done in 0.000587843 secs using 238.3% CPU
Identifying sites to remove: done in 0.00113544 secs using 99.87% CPU
Identifying sites to remove: done in 0.000910789 secs using 757.3% CPU
Identifying sites to remove: done in 0.00110426 secs using 1085% CPU
Identifying sites to remove: done in 0.00115472 secs using 1.539e+04% CPU
Identifying sites to remove: done in 0.00122923 secs using 1.42e+04% CPU
Identifying sites to remove: done in 0.00121113 secs using 150.5% CPU
Identifying sites to remove: done in 0.000503026 secs using 99.4% CPU
Identifying sites to remove: done in 0.00108669 secs using 419.7% CPU
Identifying sites to remove: done in 0.000542879 secs using 99.47% CPU
Identifying sites to remove: done in 0.000301279 secs using 98.91% CPU
Identifying sites to remove: done in 0.000939742 secs using 485.1% CPU
Identifying sites to remove: done in 0.000858918 secs using 376.9% CPU
Identifying sites to remove: done in 0.000528865 secs using 3.206e+04% CPU
Identifying sites to remove: done in 0.00134785 secs using 328.8% CPU
Identifying sites to remove: done in 0.00112271 secs using 620.9% CPU
Identifying sites to remove: done in 0.000880077 secs using 136.5% CPU
Identifying sites to remove: done in 0.000789337 secs using 99.45% CPU
Identifying sites to remove: done in 0.000428058 secs using 98.58% CPU
Identifying sites to remove: done in 0.000544071 secs using 836.5% CPU
Identifying sites to remove: done in 0.000993468 secs using 2197% CPU
Identifying sites to remove: done in 0.00103302 secs using 1746% CPU
Identifying sites to remove: done in 0.00109613 secs using 1986% CPU
Identifying sites to remove: done in 0.0011225 secs using 2558% CPU
Identifying sites to remove: done in 0.00110347 secs using 2270% CPU
Identifying sites to remove: done in 0.00110295 secs using 2104% CPU
Identifying sites to remove: done in 0.00119913 secs using 2601% CPU
Identifying sites to remove: done in 0.00127085 secs using 2295% CPU
Identifying sites to remove: done in 0.00126344 secs using 2171% CPU
Identifying sites to remove: done in 0.0013185 secs using 1727% CPU
Identifying sites to remove: done in 0.00146396 secs using 2103% CPU
Identifying sites to remove: done in 0.00147426 secs using 1720% CPU
Identifying sites to remove: done in 0.00149413 secs using 2155% CPU
Identifying sites to remove: done in 0.00151516 secs using 2209% CPU
Identifying sites to remove: done in 0.00153204 secs using 1880% CPU
Identifying sites to remove: done in 0.00154261 secs using 1991% CPU
Identifying sites to remove: done in 0.00158161 secs using 1556% CPU
Identifying sites to remove: done in 0.00160601 secs using 2145% CPU
Identifying sites to remove: done in 0.00179818 secs using 1526% CPU
Identifying sites to remove: done in 0.000660293 secs using 480.2% CPU
Identifying sites to remove: done in 0.00102863 secs using 312.5% CPU
Identifying sites to remove: done in 0.00107753 secs using 216.7% CPU
Identifying sites to remove: done in 0.000917189 secs using 596.6% CPU
Identifying sites to remove: done in 0.00102635 secs using 748.4% CPU
Identifying sites to remove: done in 0.00053741 secs using 372.9% CPU
Identifying sites to remove: done in 0.00104792 secs using 627.7% CPU
Identifying sites to remove: done in 0.00117473 secs using 412.3% CPU
Identifying sites to remove: done in 0.000641011 secs using 1130% CPU
Identifying sites to remove: done in 0.000992939 secs using 1282% CPU
Identifying sites to remove: done in 0.000890441 secs using 1090% CPU
Identifying sites to remove: done in 0.000585355 secs using 2.878e+04% CPU
Identifying sites to remove: done in 0.00112687 secs using 1.543e+04% CPU
Identifying sites to remove: done in 0.00101707 secs using 608.9% CPU
Identifying sites to remove: done in 0.000529051 secs using 775.7% CPU
Identifying sites to remove: done in 0.00105285 secs using 919.3% CPU
Identifying sites to remove: done in 0.00103126 secs using 1076% CPU
Identifying sites to remove: done in 0.000940263 secs using 1255% CPU
Identifying sites to remove: done in 0.000694729 secs using 1160% CPU
Identifying sites to remove: done in 0.000530139 secs using 1698% CPU
Identifying sites to remove: done in 0.00107935 secs using 1235% CPU
Identifying sites to remove: done in 0.00109452 secs using 831.7% CPU
Identifying sites to remove: done in 0.000984691 secs using 578.2% CPU
Identifying sites to remove: done in 0.00111941 secs using 560.1% CPU
Identifying sites to remove: done in 0.00112581 secs using 1.536e+04% CPU
Identifying sites to remove: done in 0.000553124 secs using 453.1% CPU
Identifying sites to remove: done in 0.00111001 secs using 681.6% CPU
Identifying sites to remove: done in 0.00109893 secs using 537.7% CPU
Identifying sites to remove: done in 0.0009517 secs using 437% CPU
Identifying sites to remove: done in 0.000740044 secs using 130.7% CPU
Identifying sites to remove: done in 0.000412628 secs using 995.1% CPU
Identifying sites to remove: done in 0.00114371 secs using 512.3% CPU
Identifying sites to remove: done in 0.000899047 secs using 694.1% CPU
Identifying sites to remove: done in 0.000912726 secs using 550.3% CPU
Identifying sites to remove: done in 0.00116463 secs using 681.4% CPU
Identifying sites to remove: done in 0.000493027 secs using 99.79% CPU
Identifying sites to remove: done in 0.000459515 secs using 438.5% CPU
Identifying sites to remove: done in 0.000923365 secs using 372.4% CPU
Identifying sites to remove: done in 0.00075227 secs using 235.2% CPU
Identifying sites to remove: done in 0.000923797 secs using 5725% CPU
Identifying sites to remove: done in 0.00101547 secs using 1776% CPU
Identifying sites to remove: done in 0.00108917 secs using 2337% CPU
Identifying sites to remove: done in 0.00117666 secs using 4364% CPU
Identifying sites to remove: done in 0.00126157 secs using 2407% CPU
Identifying sites to remove: done in 0.00132715 secs using 1881% CPU
Identifying sites to remove: done in 0.00143521 secs using 3238% CPU
Identifying sites to remove: done in 0.00144335 secs using 3645% CPU
Identifying sites to remove: done in 0.00147636 secs using 4033% CPU
Identifying sites to remove: done in 0.00149496 secs using 3858% CPU
Identifying sites to remove: done in 0.00151691 secs using 2483% CPU
Identifying sites to remove: done in 0.00163627 secs using 2740% CPU
Identifying sites to remove: done in 0.00166486 secs using 2208% CPU
Identifying sites to remove: done in 0.00170613 secs using 2811% CPU
Identifying sites to remove: done in 0.00172821 secs using 2548% CPU
Identifying sites to remove: done in 0.00173529 secs using 3128% CPU
Identifying sites to remove: done in 0.00188388 secs using 1805% CPU
Identifying sites to remove: done in 0.00192427 secs using 2317% CPU
Identifying sites to remove: done in 0.00195184 secs using 2816% CPU
Identifying sites to remove: done in 0.000844337 secs using 1.606e+04% CPU
Identifying sites to remove: done in 0.00114615 secs using 1.178e+04% CPU
Identifying sites to remove: done in 0.00111481 secs using 1.2e+04% CPU
Identifying sites to remove: done in 0.000933819 secs using 99.91% CPU
Identifying sites to remove: done in 0.000768922 secs using 449.7% CPU
Identifying sites to remove: done in 0.000682294 secs using 529.7% CPU
Identifying sites to remove: done in 0.00122613 secs using 458.3% CPU
Identifying sites to remove: done in 0.00146501 secs using 447% CPU
Identifying sites to remove: done in 0.00147376 secs using 284% CPU
Identifying sites to remove: done in 0.00135358 secs using 887.4% CPU
Identifying sites to remove: done in 0.000675157 secs using 1755% CPU
Identifying sites to remove: done in 0.00121612 secs using 1.525e+04% CPU
Identifying sites to remove: done in 0.00148921 secs using 1.235e+04% CPU
Identifying sites to remove: done in 0.000831723 secs using 2.096e+04% CPU
Identifying sites to remove: done in 0.00131972 secs using 1.362e+04% CPU
Identifying sites to remove: done in 0.000770614 secs using 403.1% CPU
Identifying sites to remove: done in 0.00145152 secs using 667.6% CPU
Identifying sites to remove: done in 0.000934504 secs using 693.2% CPU
Identifying sites to remove: done in 0.00143046 secs using 873.4% CPU
Identifying sites to remove: done in 0.00142762 secs using 836.7% CPU
Identifying sites to remove: done in 0.0014323 secs using 919.7% CPU
Identifying sites to remove: done in 0.00145054 secs using 939.9% CPU
Identifying sites to remove: done in 0.00148164 secs using 778.9% CPU
Identifying sites to remove: done in 0.00125591 secs using 1.381e+04% CPU
Identifying sites to remove: done in 0.00150837 secs using 1.126e+04% CPU
Identifying sites to remove: done in 0.00148347 secs using 200.1% CPU
Identifying sites to remove: done in 0.000708133 secs using 822.4% CPU
Identifying sites to remove: done in 0.000942774 secs using 500.1% CPU
Identifying sites to remove: done in 0.000497714 secs using 3.543e+04% CPU
Identifying sites to remove: done in 0.00150521 secs using 1.204e+04% CPU
Identifying sites to remove: done in 0.00111013 secs using 199.7% CPU
Identifying sites to remove: done in 0.0012269 secs using 369.9% CPU
Identifying sites to remove: done in 0.000699066 secs using 2.424e+04% CPU
Identifying sites to remove: done in 0.00162768 secs using 1.082e+04% CPU
Identifying sites to remove: done in 0.00117166 secs using 357.3% CPU
Identifying sites to remove: done in 0.00150173 secs using 280.5% CPU
Identifying sites to remove: done in 0.00103776 secs using 682% CPU
Identifying sites to remove: done in 0.000578947 secs using 542.4% CPU
Identifying sites to remove: done in 0.000704668 secs using 430.4% CPU
Identifying sites to remove: done in 0.00107232 secs using 2291% CPU
Identifying sites to remove: done in 0.00115804 secs using 3385% CPU
Identifying sites to remove: done in 0.00119644 secs using 2035% CPU
Identifying sites to remove: done in 0.00119935 secs using 1945% CPU
Identifying sites to remove: done in 0.00121412 secs using 2736% CPU
Identifying sites to remove: done in 0.0012088 secs using 2383% CPU
Identifying sites to remove: done in 0.00132445 secs using 1678% CPU
Identifying sites to remove: done in 0.00143135 secs using 2894% CPU
Identifying sites to remove: done in 0.0015241 secs using 2239% CPU
Identifying sites to remove: done in 0.00153297 secs using 2713% CPU
Identifying sites to remove: done in 0.00156461 secs using 2348% CPU
Identifying sites to remove: done in 0.00165315 secs using 2703% CPU
Identifying sites to remove: done in 0.00167274 secs using 2496% CPU
Identifying sites to remove: done in 0.0016614 secs using 1866% CPU
Identifying sites to remove: done in 0.0017066 secs using 2336% CPU
Identifying sites to remove: done in 0.00177101 secs using 2327% CPU
Identifying sites to remove: done in 0.00181003 secs using 1913% CPU
Identifying sites to remove: done in 0.00184702 secs using 2054% CPU
Identifying sites to remove: done in 0.00193987 secs using 1516% CPU
Identifying sites to remove: done in 0.000710502 secs using 494.2% CPU
Identifying sites to remove: done in 0.00105105 secs using 1.428e+04% CPU
Identifying sites to remove: done in 0.00121668 secs using 1.242e+04% CPU
Identifying sites to remove: done in 0.000897445 secs using 99.73% CPU
Identifying sites to remove: done in 0.00112156 secs using 1.733e+04% CPU
Identifying sites to remove: done in 0.000820026 secs using 455.1% CPU
Identifying sites to remove: done in 0.00142725 secs using 454% CPU
Identifying sites to remove: done in 0.000693634 secs using 274.5% CPU
Identifying sites to remove: done in 0.00153863 secs using 397.4% CPU
Identifying sites to remove: done in 0.00125256 secs using 960.6% CPU
Identifying sites to remove: done in 0.00116222 secs using 1.098e+04% CPU
Identifying sites to remove: done in 0.000720061 secs using 2.492e+04% CPU
Identifying sites to remove: done in 0.000745453 secs using 2.361e+04% CPU
Identifying sites to remove: done in 0.00125846 secs using 1.475e+04% CPU
Identifying sites to remove: done in 0.00148184 secs using 1.281e+04% CPU
Identifying sites to remove: done in 0.00154438 secs using 1.148e+04% CPU
Identifying sites to remove: done in 0.000648722 secs using 632.3% CPU
Identifying sites to remove: done in 0.00142345 secs using 552.2% CPU
Identifying sites to remove: done in 0.000882179 secs using 306.7% CPU
Identifying sites to remove: done in 0.00136373 secs using 629% CPU
Identifying sites to remove: done in 0.00140776 secs using 1.245e+04% CPU
Identifying sites to remove: done in 0.00121681 secs using 1.398e+04% CPU
Identifying sites to remove: done in 0.00141138 secs using 1.231e+04% CPU
Identifying sites to remove: done in 0.00139127 secs using 314.3% CPU
Identifying sites to remove: done in 0.00143778 secs using 302.5% CPU
Identifying sites to remove: done in 0.0014024 secs using 556.1% CPU
Identifying sites to remove: done in 0.000659116 secs using 138.2% CPU
Identifying sites to remove: done in 0.00088083 secs using 386.6% CPU
Identifying sites to remove: done in 0.000391573 secs using 741.4% CPU
Identifying sites to remove: done in 0.00145977 secs using 642.2% CPU
Identifying sites to remove: done in 0.00116692 secs using 141.6% CPU
Identifying sites to remove: done in 0.000969604 secs using 311.7% CPU
Identifying sites to remove: done in 0.000611566 secs using 1380% CPU
Identifying sites to remove: done in 0.0015633 secs using 983.9% CPU
Identifying sites to remove: done in 0.00144585 secs using 1.169e+04% CPU
Identifying sites to remove: done in 0.00116263 secs using 1.417e+04% CPU
Identifying sites to remove: done in 0.000966258 secs using 550.4% CPU
Identifying sites to remove: done in 0.000521444 secs using 384.3% CPU
Identifying sites to remove: done in 0.000660785 secs using 315.5% CPU
Identifying sites to remove: done in 8.54284e-05 secs using 3172% CPU
Identifying sites to remove: done in 0.000116564 secs using 6646% CPU
Identifying sites to remove: done in 0.000117749 secs using 5587% CPU
Identifying sites to remove: done in 0.000137769 secs using 4212% CPU
Identifying sites to remove: done in 0.000175819 secs using 4824% CPU
Identifying sites to remove: done in 9.04128e-05 secs using 6223% CPU
Identifying sites to remove: done in 0.000205293 secs using 5042% CPU
Identifying sites to remove: done in 0.000183143 secs using 4948% CPU
Identifying sites to remove: done in 0.000176594 secs using 4386% CPU
Identifying sites to remove: done in 0.000158362 secs using 3210% CPU
Identifying sites to remove: done in 0.000204943 secs using 3321% CPU
Identifying sites to remove: done in 0.000187218 secs using 1336% CPU
Identifying sites to remove: done in 0.000193328 secs using 2035% CPU
Identifying sites to remove: done in 0.000169545 secs using 612.8% CPU
Identifying sites to remove: done in 3.42429e-05 secs using 96.37% CPU
Identifying sites to remove: done in 0.000305593 secs using 5921% CPU
Identifying sites to remove: done in 0.000315942 secs using 9657% CPU
Identifying sites to remove: done in 0.000343174 secs using 8791% CPU
Identifying sites to remove: done in 0.000345521 secs using 7465% CPU
Identifying sites to remove: done in 0.000338927 secs using 1685% CPU
Identifying sites to remove: done in 0.000369757 secs using 6488% CPU
Identifying sites to remove: done in 0.000362456 secs using 9428% CPU
Identifying sites to remove: done in 0.000402637 secs using 8113% CPU
Identifying sites to remove: done in 0.000359371 secs using 7887% CPU
Identifying sites to remove: done in 0.00042218 secs using 2046% CPU
Identifying sites to remove: done in 0.000426538 secs using 5303% CPU
Identifying sites to remove: done in 0.000424355 secs using 6497% CPU
Identifying sites to remove: done in 0.000521772 secs using 2175% CPU
Identifying sites to remove: done in 0.000538319 secs using 3418% CPU
Identifying sites to remove: done in 0.000536762 secs using 2527% CPU
Identifying sites to remove: done in 0.00060682 secs using 3524% CPU
Identifying sites to remove: done in 0.000609793 secs using 4839% CPU
Identifying sites to remove: done in 0.000607178 secs using 2383% CPU
Identifying sites to remove: done in 0.000664517 secs using 2610% CPU
Identifying sites to remove: done in 0.000275478 secs using 516.2% CPU
Identifying sites to remove: done in 0.00033465 secs using 380.7% CPU
Identifying sites to remove: done in 0.000448436 secs using 159.4% CPU
Identifying sites to remove: done in 0.000288501 secs using 99.48% CPU
Identifying sites to remove: done in 0.000295945 secs using 414.3% CPU
Identifying sites to remove: done in 0.000347584 secs using 1163% CPU
Identifying sites to remove: done in 0.000177741 secs using 977.3% CPU
Identifying sites to remove: done in 0.000352159 secs using 1275% CPU
Identifying sites to remove: done in 0.000323579 secs using 671.6% CPU
Identifying sites to remove: done in 0.000247978 secs using 230.7% CPU
Identifying sites to remove: done in 0.000147544 secs using 98.95% CPU
Identifying sites to remove: done in 0.000346564 secs using 910.1% CPU
Identifying sites to remove: done in 0.000289172 secs using 2791% CPU
Identifying sites to remove: done in 0.000334278 secs using 2544% CPU
Identifying sites to remove: done in 0.000286959 secs using 3150% CPU
Identifying sites to remove: done in 0.000233039 secs using 2703% CPU
Identifying sites to remove: done in 0.00037095 secs using 3190% CPU
Identifying sites to remove: done in 0.000322849 secs using 1257% CPU
Identifying sites to remove: done in 0.000397749 secs using 1759% CPU
Identifying sites to remove: done in 0.000154197 secs using 228.3% CPU
Identifying sites to remove: done in 0.000153795 secs using 98.83% CPU
Identifying sites to remove: done in 0.000258237 secs using 99.52% CPU
Identifying sites to remove: done in 0.000319168 secs using 5.04e+04% CPU
Identifying sites to remove: done in 0.000336967 secs using 334.8% CPU
Identifying sites to remove: done in 0.000309125 secs using 341.6% CPU
Identifying sites to remove: done in 0.000310875 secs using 361.2% CPU
Identifying sites to remove: done in 0.000303492 secs using 145% CPU
Identifying sites to remove: done in 0.000158913 secs using 98.8% CPU
Identifying sites to remove: done in 0.000211388 secs using 1053% CPU
Identifying sites to remove: done in 0.000275202 secs using 929.1% CPU
Identifying sites to remove: done in 0.000320271 secs using 156.7% CPU
Identifying sites to remove: done in 0.000126898 secs using 2125% CPU
Identifying sites to remove: done in 0.00025209 secs using 214.6% CPU
Identifying sites to remove: done in 0.000348262 secs using 933.2% CPU
Identifying sites to remove: done in 0.00024157 secs using 99.35% CPU
Identifying sites to remove: done in 0.000203766 secs using 99.62% CPU
Identifying sites to remove: done in 0.00029023 secs using 99.58% CPU
Identifying sites to remove: done in 0.000163086 secs using 99.33% CPU
Identifying sites to remove: done in 0.000251435 secs using 99.43% CPU
Identifying sites to remove: done in 5.24595e-05 secs using 1.488e+04% CPU
Identifying sites to remove: done in 5.19082e-05 secs using 435.4% CPU
Identifying sites to remove: done in 8.27834e-05 secs using 5009% CPU
Identifying sites to remove: done in 8.39531e-05 secs using 7984% CPU
Identifying sites to remove: done in 0.000156708 secs using 4448% CPU
Identifying sites to remove: done in 5.89192e-05 secs using 283.4% CPU
Identifying sites to remove: done in 0.000118397 secs using 2543% CPU
Identifying sites to remove: done in 2.56225e-05 secs using 202.9% CPU
Identifying sites to remove: done in 4.15742e-05 secs using 675.9% CPU
Identifying sites to remove: done in 2.88635e-05 secs using 1.992e+04% CPU
Identifying sites to remove: done in 5.58943e-05 secs using 434.7% CPU
Identifying sites to remove: done in 7.12797e-05 secs using 4575% CPU
Identifying sites to remove: done in 4.41745e-05 secs using 427.8% CPU
Identifying sites to remove: done in 0.000118881 secs using 525.7% CPU
Identifying sites to remove: done in 2.72319e-05 secs using 95.48% CPU
Identifying sites to remove: done in 0.000661194 secs using 7570% CPU
Identifying sites to remove: done in 0.000853837 secs using 1.703e+04% CPU
Identifying sites to remove: done in 0.000892863 secs using 1.304e+04% CPU
Identifying sites to remove: done in 0.00100677 secs using 1.559e+04% CPU
Identifying sites to remove: done in 0.0010707 secs using 1.321e+04% CPU
Identifying sites to remove: done in 0.00110894 secs using 1.314e+04% CPU
Identifying sites to remove: done in 0.0011142 secs using 1.311e+04% CPU
Identifying sites to remove: done in 0.00114198 secs using 1.361e+04% CPU
Identifying sites to remove: done in 0.00119162 secs using 1.261e+04% CPU
Identifying sites to remove: done in 0.00125221 secs using 1.143e+04% CPU
Identifying sites to remove: done in 0.00125577 secs using 1.089e+04% CPU
Identifying sites to remove: done in 0.0012547 secs using 1.222e+04% CPU
Identifying sites to remove: done in 0.00131087 secs using 9451% CPU
Identifying sites to remove: done in 0.00133529 secs using 9805% CPU
Identifying sites to remove: done in 0.00133669 secs using 9776% CPU
Identifying sites to remove: done in 0.0013594 secs using 1.087e+04% CPU
Identifying sites to remove: done in 0.0013823 secs using 1.019e+04% CPU
Identifying sites to remove: done in 0.001404 secs using 9095% CPU
Identifying sites to remove: done in 0.00140546 secs using 9571% CPU
Identifying sites to remove: done in 0.000606619 secs using 488.6% CPU
Identifying sites to remove: done in 0.000914171 secs using 324% CPU
Identifying sites to remove: done in 0.000845172 secs using 224.1% CPU
Identifying sites to remove: done in 0.000779361 secs using 99.44% CPU
Identifying sites to remove: done in 0.000694446 secs using 521.6% CPU
Identifying sites to remove: done in 0.00108477 secs using 1.73e+04% CPU
Identifying sites to remove: done in 0.000746086 secs using 2.416e+04% CPU
Identifying sites to remove: done in 0.00142577 secs using 1.343e+04% CPU
Identifying sites to remove: done in 0.00138 secs using 1.346e+04% CPU
Identifying sites to remove: done in 0.00114498 secs using 106.3% CPU
Identifying sites to remove: done in 0.00101081 secs using 601.5% CPU
Identifying sites to remove: done in 0.0010559 secs using 438.1% CPU
Identifying sites to remove: done in 0.00126833 secs using 716.7% CPU
Identifying sites to remove: done in 0.000623763 secs using 1292% CPU
Identifying sites to remove: done in 0.000643305 secs using 2.703e+04% CPU
Identifying sites to remove: done in 0.000634708 secs using 420.4% CPU
Identifying sites to remove: done in 0.00139172 secs using 1.3e+04% CPU
Identifying sites to remove: done in 0.000865012 secs using 398.8% CPU
Identifying sites to remove: done in 0.00129566 secs using 395.9% CPU
Identifying sites to remove: done in 0.00123771 secs using 212.5% CPU
Identifying sites to remove: done in 0.0012114 secs using 962.6% CPU
Identifying sites to remove: done in 0.00105051 secs using 372.7% CPU
Identifying sites to remove: done in 0.00127937 secs using 774.8% CPU
Identifying sites to remove: done in 0.00125126 secs using 576% CPU
Identifying sites to remove: done in 0.00123402 secs using 296.8% CPU
Identifying sites to remove: done in 0.00129494 secs using 153.6% CPU
Identifying sites to remove: done in 0.000602454 secs using 284.7% CPU
Identifying sites to remove: done in 0.000614241 secs using 426.7% CPU
Identifying sites to remove: done in 0.000383034 secs using 268.4% CPU
Identifying sites to remove: done in 0.00134265 secs using 361.5% CPU
Identifying sites to remove: done in 0.00103699 secs using 311.2% CPU
Identifying sites to remove: done in 0.00102369 secs using 129.5% CPU
Identifying sites to remove: done in 0.000556819 secs using 574.9% CPU
Identifying sites to remove: done in 0.000979669 secs using 469.2% CPU
Identifying sites to remove: done in 0.00147219 secs using 1.157e+04% CPU
Identifying sites to remove: done in 0.00124761 secs using 1.343e+04% CPU
Identifying sites to remove: done in 0.000884697 secs using 480.1% CPU
Identifying sites to remove: done in 0.000479616 secs using 99.04% CPU
Identifying sites to remove: done in 0.000594102 secs using 993.6% CPU
Identifying sites to remove: done in 0.000525653 secs using 4009% CPU
Identifying sites to remove: done in 0.000619605 secs using 1979% CPU
Identifying sites to remove: done in 0.00072144 secs using 4536% CPU
Identifying sites to remove: done in 0.000705056 secs using 1644% CPU
Identifying sites to remove: done in 0.000711836 secs using 2647% CPU
Identifying sites to remove: done in 0.000716127 secs using 3853% CPU
Identifying sites to remove: done in 0.000714526 secs using 3604% CPU
Identifying sites to remove: done in 0.000791222 secs using 4510% CPU
Identifying sites to remove: done in 0.00083892 secs using 5317% CPU
Identifying sites to remove: done in 0.00087899 secs using 4910% CPU
Identifying sites to remove: done in 0.00094109 secs using 4492% CPU
Identifying sites to remove: done in 0.000928111 secs using 2668% CPU
Identifying sites to remove: done in 0.000971489 secs using 3504% CPU
Identifying sites to remove: done in 0.000972807 secs using 3319% CPU
Identifying sites to remove: done in 0.000988483 secs using 2403% CPU
Identifying sites to remove: done in 0.00103386 secs using 3837% CPU
Identifying sites to remove: done in 0.00107425 secs using 3866% CPU
Identifying sites to remove: done in 0.00111596 secs using 1845% CPU
Identifying sites to remove: done in 0.00113959 secs using 1657% CPU
Identifying sites to remove: done in 0.000409447 secs using 619.9% CPU
Identifying sites to remove: done in 0.000585288 secs using 394.5% CPU
Identifying sites to remove: done in 0.000741802 secs using 221.4% CPU
Identifying sites to remove: done in 0.000527166 secs using 99.78% CPU
Identifying sites to remove: done in 0.000580966 secs
Identifying sites to remove: done in 0.000754088 secs
Identifying sites to remove: done in 0.000453226 secs using 140.3% CPU
Identifying sites to remove: done in 0.000427291 secs using 226.8% CPU
Identifying sites to remove: done in 0.000837281 secs using 167.3% CPU
Identifying sites to remove: done in 0.00054352 secs using 239.7% CPU
Identifying sites to remove: done in 0.000303127 secs using 209.2% CPU
Identifying sites to remove: done in 0.000625409 secs using 448% CPU
Identifying sites to remove: done in 0.000633061 secs using 1095% CPU
Identifying sites to remove: done in 0.000660531 secs using 678.8% CPU
Identifying sites to remove: done in 0.000616819 secs using 757.8% CPU
Identifying sites to remove: done in 0.00035625 secs using 4.93e+04% CPU
Identifying sites to remove: done in 0.000711598 secs using 2.53e+04% CPU
Identifying sites to remove: done in 0.000465728 secs using 364.6% CPU
Identifying sites to remove: done in 0.000323176 secs using 507.2% CPU
Identifying sites to remove: done in 0.000666015 secs using 402.2% CPU
Identifying sites to remove: done in 0.000706613 secs using 328.2% CPU
Identifying sites to remove: done in 0.00068178 secs using 507.2% CPU
Identifying sites to remove: done in 0.000619642 secs using 661% CPU
Identifying sites to remove: done in 0.000690721 secs using 1149% CPU
Identifying sites to remove: done in 0.000715628 secs using 679% CPU
Identifying sites to remove: done in 0.000708543 secs using 244.7% CPU
Identifying sites to remove: done in 0.000384897 secs using 4.454e+04% CPU
Identifying sites to remove: done in 0.000715941 secs using 131% CPU
Identifying sites to remove: done in 0.000562973 secs using 1427% CPU
Identifying sites to remove: done in 0.000494473 secs using 948.5% CPU
Identifying sites to remove: done in 0.000298873 secs using 200.8% CPU
Identifying sites to remove: done in 0.000517778 secs using 99.46% CPU
Identifying sites to remove: done in 0.000612937 secs using 201.8% CPU
Identifying sites to remove: done in 0.000939988 secs using 783.9% CPU
Identifying sites to remove: done in 0.000565507 secs using 1416% CPU
Identifying sites to remove: done in 0.000352673 secs using 4.756e+04% CPU
Identifying sites to remove: done in 0.000595257 secs using 1334% CPU
Identifying sites to remove: done in 0.000314794 secs using 1489% CPU
Identifying sites to remove: done in 0.00037349 secs using 99.07% CPU
Identifying sites to remove: done in 0.000787169 secs using 4683% CPU
Identifying sites to remove: done in 0.000817053 secs using 3329% CPU
Identifying sites to remove: done in 0.000927314 secs using 5071% CPU
Identifying sites to remove: done in 0.000923015 secs using 3704% CPU
Identifying sites to remove: done in 0.000968382 secs using 1703% CPU
Identifying sites to remove: done in 0.00101834 secs using 2218% CPU
Identifying sites to remove: done in 0.00104338 secs using 5874% CPU
Identifying sites to remove: done in 0.00106527 secs using 1931% CPU
Identifying sites to remove: done in 0.00109172 secs using 5902% CPU
Identifying sites to remove: done in 0.00126498 secs using 3839% CPU
Identifying sites to remove: done in 0.00126709 secs using 3631% CPU
Identifying sites to remove: done in 0.00135394 secs using 4182% CPU
Identifying sites to remove: done in 0.0013454 secs using 3071% CPU
Identifying sites to remove: done in 0.00139204 secs using 3905% CPU
Identifying sites to remove: done in 0.00138115 secs using 2274% CPU
Identifying sites to remove: done in 0.00139844 secs using 4439% CPU
Identifying sites to remove: done in 0.00139708 secs using 4273% CPU
Identifying sites to remove: done in 0.00138546 secs using 2653% CPU
Identifying sites to remove: done in 0.00160272 secs using 9645% CPU
Identifying sites to remove: done in 0.000667639 secs using 1.898e+04% CPU
Identifying sites to remove: done in 0.000895411 secs using 245% CPU
Identifying sites to remove: done in 0.000940844 secs using 264.9% CPU
Identifying sites to remove: done in 0.000828199 secs using 99.49% CPU
Identifying sites to remove: done in 0.000511706 secs using 565.2% CPU
Identifying sites to remove: done in 0.00065273 secs using 537.1% CPU
Identifying sites to remove: done in 0.00103396 secs using 446.2% CPU
Identifying sites to remove: done in 0.000907846 secs using 408.5% CPU
Identifying sites to remove: done in 0.00117186 secs using 296.8% CPU
Identifying sites to remove: done in 0.000899456 secs using 198.7% CPU
Identifying sites to remove: done in 0.000951529 secs using 371.9% CPU
Identifying sites to remove: done in 0.00051742 secs using 2715% CPU
Identifying sites to remove: done in 0.000553139 secs using 2045% CPU
Identifying sites to remove: done in 0.000872321 secs using 1083% CPU
Identifying sites to remove: done in 0.00105763 secs using 1.651e+04% CPU
Identifying sites to remove: done in 0.00107692 secs using 1.594e+04% CPU
Identifying sites to remove: done in 0.000595495 secs using 2.785e+04% CPU
Identifying sites to remove: done in 0.00105492 secs using 1.597e+04% CPU
Identifying sites to remove: done in 0.00108501 secs using 1.55e+04% CPU
Identifying sites to remove: done in 0.000700548 secs using 444.4% CPU
Identifying sites to remove: done in 0.00101437 secs using 686.6% CPU
Identifying sites to remove: done in 0.000853486 secs using 606.2% CPU
Identifying sites to remove: done in 0.00100653 secs using 430.5% CPU
Identifying sites to remove: done in 0.00099387 secs using 239.5% CPU
Identifying sites to remove: done in 0.00101923 secs using 710.3% CPU
Identifying sites to remove: done in 0.00107084 secs using 1.627e+04% CPU
Identifying sites to remove: done in 0.000516064 secs using 206.6% CPU
Identifying sites to remove: done in 0.00106096 secs using 585.3% CPU
Identifying sites to remove: done in 0.000700645 secs using 411.6% CPU
Identifying sites to remove: done in 0.000324674 secs using 98.87% CPU
Identifying sites to remove: done in 0.000950009 secs using 1.905e+04% CPU
Identifying sites to remove: done in 0.000876613 secs using 473.1% CPU
Identifying sites to remove: done in 0.000491157 secs using 780.4% CPU
Identifying sites to remove: done in 0.00107348 secs using 792.6% CPU
Identifying sites to remove: done in 0.00121119 secs using 611.4% CPU
Identifying sites to remove: done in 0.000865422 secs using 540.9% CPU
Identifying sites to remove: done in 0.000823885 secs using 894.7% CPU
Identifying sites to remove: done in 0.000436001 secs using 99.08% CPU
Identifying sites to remove: done in 0.000629783 secs using 1524% CPU
Identifying sites to remove: done in 0.000726186 secs using 2.205e+04% CPU
Identifying sites to remove: done in 0.000880763 secs using 1.539e+04% CPU
Identifying sites to remove: done in 0.000918217 secs using 1.441e+04% CPU
Identifying sites to remove: done in 0.000939138 secs using 1.949e+04% CPU
Identifying sites to remove: done in 0.00104377 secs using 1.726e+04% CPU
Identifying sites to remove: done in 0.00104973 secs using 1.241e+04% CPU
Identifying sites to remove: done in 0.00105023 secs using 1.203e+04% CPU
Identifying sites to remove: done in 0.00111707 secs using 1.765e+04% CPU
Identifying sites to remove: done in 0.00116851 secs using 1.659e+04% CPU
Identifying sites to remove: done in 0.00120606 secs using 1.258e+04% CPU
Identifying sites to remove: done in 0.00121482 secs using 1.314e+04% CPU
Identifying sites to remove: done in 0.00125364 secs using 1.182e+04% CPU
Identifying sites to remove: done in 0.00128884 secs using 1.393e+04% CPU
Identifying sites to remove: done in 0.00130954 secs using 1.193e+04% CPU
Identifying sites to remove: done in 0.00131871 secs using 1.334e+04% CPU
Identifying sites to remove: done in 0.00133545 secs using 1.29e+04% CPU
Identifying sites to remove: done in 0.00138667 secs using 1.383e+04% CPU
Identifying sites to remove: done in 0.00155361 secs using 9397% CPU
Identifying sites to remove: done in 0.00156657 secs using 1.058e+04% CPU
Identifying sites to remove: done in 0.000600733 secs using 534.5% CPU
Identifying sites to remove: done in 0.000875548 secs using 318.9% CPU
Identifying sites to remove: done in 0.000895336 secs using 193.7% CPU
Identifying sites to remove: done in 0.000806294 secs using 2.179e+04% CPU
Identifying sites to remove: done in 0.00079149 secs using 1439% CPU
Identifying sites to remove: done in 0.000642948 secs using 812.4% CPU
Identifying sites to remove: done in 0.000584625 secs using 401.6% CPU
Identifying sites to remove: done in 0.0010185 secs using 1043% CPU
Identifying sites to remove: done in 0.00110379 secs using 763.2% CPU
Identifying sites to remove: done in 0.000818096 secs using 465.3% CPU
Identifying sites to remove: done in 0.000974931 secs using 710.9% CPU
Identifying sites to remove: done in 0.000513077 secs using 971.2% CPU
Identifying sites to remove: done in 0.000517942 secs using 727.7% CPU
Identifying sites to remove: done in 0.000865161 secs using 408.9% CPU
Identifying sites to remove: done in 0.00105001 secs using 890.4% CPU
Identifying sites to remove: done in 0.00109085 secs using 763.4% CPU
Identifying sites to remove: done in 0.000555992 secs using 1268% CPU
Identifying sites to remove: done in 0.0006558 secs using 349.5% CPU
Identifying sites to remove: done in 0.000998929 secs using 876.2% CPU
Identifying sites to remove: done in 0.00102282 secs using 1074% CPU
Identifying sites to remove: done in 0.00113379 secs using 1.522e+04% CPU
Identifying sites to remove: done in 0.00101219 secs using 399.2% CPU
Identifying sites to remove: done in 0.00105991 secs using 465.8% CPU
Identifying sites to remove: done in 0.000875592 secs using 419.8% CPU
Identifying sites to remove: done in 0.00106731 secs using 403.5% CPU
Identifying sites to remove: done in 0.00107698 secs using 421.5% CPU
Identifying sites to remove: done in 0.000531398 secs using 179.9% CPU
Identifying sites to remove: done in 0.00106725 secs using 225.4% CPU
Identifying sites to remove: done in 0.000682756 secs using 191.3% CPU
Identifying sites to remove: done in 0.000305645 secs using 98.81% CPU
Identifying sites to remove: done in 0.000865117 secs using 99.29% CPU
Identifying sites to remove: done in 0.000835754 secs using 2.108e+04% CPU
Identifying sites to remove: done in 0.000502169 secs using 1127% CPU
Identifying sites to remove: done in 0.00124364 secs using 805.3% CPU
Identifying sites to remove: done in 0.000918515 secs using 795.3% CPU
Identifying sites to remove: done in 0.00115865 secs using 972.6% CPU
Identifying sites to remove: done in 0.000754312 secs using 99.69% CPU
Identifying sites to remove: done in 0.0004462 secs using 99.06% CPU
Identifying sites to remove: done in 0.000544257 secs using 99.22% CPU
Identifying sites to remove: done in 0.000664309 secs using 2950% CPU
Identifying sites to remove: done in 0.000782996 secs using 1900% CPU
Identifying sites to remove: done in 0.000865474 secs using 1819% CPU
Identifying sites to remove: done in 0.000913844 secs using 2270% CPU
Identifying sites to remove: done in 0.000912376 secs using 2214% CPU
Identifying sites to remove: done in 0.000926867 secs using 2755% CPU
Identifying sites to remove: done in 0.000975385 secs using 2633% CPU
Identifying sites to remove: done in 0.00096751 secs using 1684% CPU
Identifying sites to remove: done in 0.00097134 secs using 1744% CPU
Identifying sites to remove: done in 0.00122938 secs using 2225% CPU
Identifying sites to remove: done in 0.00124534 secs using 1860% CPU
Identifying sites to remove: done in 0.00125565 secs using 2113% CPU
Identifying sites to remove: done in 0.00129217 secs using 2041% CPU
Identifying sites to remove: done in 0.00131934 secs using 2085% CPU
Identifying sites to remove: done in 0.00131811 secs using 1924% CPU
Identifying sites to remove: done in 0.00130863 secs using 1768% CPU
Identifying sites to remove: done in 0.00137764 secs using 1612% CPU
Identifying sites to remove: done in 0.0014397 secs using 1832% CPU
Identifying sites to remove: done in 0.00147135 secs using 1565% CPU
Identifying sites to remove: done in 0.000491709 secs using 590% CPU
Identifying sites to remove: done in 0.000697583 secs using 204.4% CPU
Identifying sites to remove: done in 0.000846431 secs using 318.8% CPU
Identifying sites to remove: done in 0.000647932 secs using 99.86% CPU
Identifying sites to remove: done in 0.000587963 secs using 98.99% CPU
Identifying sites to remove: done in 0.000497043 secs using 805.2% CPU
Identifying sites to remove: done in 0.00100245 secs using 1.906e+04% CPU
Identifying sites to remove: done in 0.000878781 secs using 2.132e+04% CPU
Identifying sites to remove: done in 0.00107615 secs using 1.709e+04% CPU
Identifying sites to remove: done in 0.000856273 secs using 280.1% CPU
Identifying sites to remove: done in 0.000946172 secs using 189.6% CPU
Identifying sites to remove: done in 0.000570595 secs using 3.242e+04% CPU
Identifying sites to remove: done in 0.000976495 secs using 1.946e+04% CPU
Identifying sites to remove: done in 0.00103733 secs using 481.1% CPU
Identifying sites to remove: done in 0.000534341 secs using 489.2% CPU
Identifying sites to remove: done in 0.00109711 secs using 456.4% CPU
Identifying sites to remove: done in 0.00101764 secs using 487.4% CPU
Identifying sites to remove: done in 0.000655591 secs using 280.1% CPU
Identifying sites to remove: done in 0.000439346 secs using 188% CPU
Identifying sites to remove: done in 0.000937127 secs using 99.77% CPU
Identifying sites to remove: done in 0.00101542 secs using 440.3% CPU
Identifying sites to remove: done in 0.000967361 secs using 716.4% CPU
Identifying sites to remove: done in 0.000841774 secs using 528.1% CPU
Identifying sites to remove: done in 0.00098867 secs using 554.7% CPU
Identifying sites to remove: done in 0.00104615 secs using 1.698e+04% CPU
Identifying sites to remove: done in 0.00104647 secs using 1.664e+04% CPU
Identifying sites to remove: done in 0.000476092 secs using 99.14% CPU
Identifying sites to remove: done in 0.00100352 secs using 1.81e+04% CPU
Identifying sites to remove: done in 0.000505909 secs using 371.6% CPU
Identifying sites to remove: done in 0.000309542 secs using 107.6% CPU
Identifying sites to remove: done in 0.000829622 secs using 99.32% CPU
Identifying sites to remove: done in 0.000742078 secs using 887% CPU
Identifying sites to remove: done in 0.000465356 secs using 99.49% CPU
Identifying sites to remove: done in 0.000717357 secs using 764.9% CPU
Identifying sites to remove: done in 0.000944994 secs using 379.4% CPU
Identifying sites to remove: done in 0.0012434 secs using 171.1% CPU
Identifying sites to remove: done in 0.000733875 secs using 456.2% CPU
Identifying sites to remove: done in 0.000430189 secs using 142.3% CPU
Identifying sites to remove: done in 0.000491545 secs using 1430% CPU
Identifying sites to remove: done in 0.000831082 secs using 2975% CPU
Identifying sites to remove: done in 0.000913993 secs using 5662% CPU
Identifying sites to remove: done in 0.00115593 secs using 2084% CPU
Identifying sites to remove: done in 0.00124762 secs using 3306% CPU
Identifying sites to remove: done in 0.0012636 secs using 2136% CPU
Identifying sites to remove: done in 0.00131298 secs using 1680% CPU
Identifying sites to remove: done in 0.00135861 secs using 3046% CPU
Identifying sites to remove: done in 0.00137478 secs using 4041% CPU
Identifying sites to remove: done in 0.00139507 secs using 1836% CPU
Identifying sites to remove: done in 0.00147677 secs using 3751% CPU
Identifying sites to remove: done in 0.00146416 secs using 2680% CPU
Identifying sites to remove: done in 0.00163108 secs using 3358% CPU
Identifying sites to remove: done in 0.00165598 secs using 2956% CPU
Identifying sites to remove: done in 0.00169808 secs using 3603% CPU
Identifying sites to remove: done in 0.00172061 secs using 3109% CPU
Identifying sites to remove: done in 0.00173066 secs using 2513% CPU
Identifying sites to remove: done in 0.00177956 secs using 2911% CPU
Identifying sites to remove: done in 0.00182876 secs using 2177% CPU
Identifying sites to remove: done in 0.0018776 secs using 1908% CPU
Identifying sites to remove: done in 0.000789285 secs using 1.743e+04% CPU
Identifying sites to remove: done in 0.00104913 secs using 201.9% CPU
Identifying sites to remove: done in 0.00115108 secs using 226% CPU
Identifying sites to remove: done in 0.000895254 secs using 99.86% CPU
Identifying sites to remove: done in 0.0011965 secs using 581.3% CPU
Identifying sites to remove: done in 0.000704147 secs using 379.2% CPU
Identifying sites to remove: done in 0.000769407 secs using 545.2% CPU
Identifying sites to remove: done in 0.00112545 secs using 534.5% CPU
Identifying sites to remove: done in 0.00121187 secs using 825.9% CPU
Identifying sites to remove: done in 0.00108444 secs using 717.3% CPU
Identifying sites to remove: done in 0.00127929 secs using 1.453e+04% CPU
Identifying sites to remove: done in 0.001335 secs using 1.376e+04% CPU
Identifying sites to remove: done in 0.000652947 secs using 572.2% CPU
Identifying sites to remove: done in 0.000620194 secs using 582.2% CPU
Identifying sites to remove: done in 0.0013088 secs using 578.2% CPU
Identifying sites to remove: done in 0.00115579 secs using 552.6% CPU
Identifying sites to remove: done in 0.00060536 secs using 1125% CPU
Identifying sites to remove: done in 0.0012681 secs using 764.4% CPU
Identifying sites to remove: done in 0.000822261 secs using 677.2% CPU
Identifying sites to remove: done in 0.00129841 secs using 711.6% CPU
Identifying sites to remove: done in 0.00131012 secs using 717.5% CPU
Identifying sites to remove: done in 0.00134832 secs using 1.331e+04% CPU
Identifying sites to remove: done in 0.00116593 secs using 1.475e+04% CPU
Identifying sites to remove: done in 0.00127996 secs using 289.8% CPU
Identifying sites to remove: done in 0.0013115 secs using 722.2% CPU
Identifying sites to remove: done in 0.000660054 secs using 1004% CPU
Identifying sites to remove: done in 0.00137129 secs using 1.321e+04% CPU
Identifying sites to remove: done in 0.00139181 secs using 1.279e+04% CPU
Identifying sites to remove: done in 0.000376098 secs using 497.7% CPU
Identifying sites to remove: done in 0.000830248 secs using 374.2% CPU
Identifying sites to remove: done in 0.00105167 secs using 353.3% CPU
Identifying sites to remove: done in 0.000984684 secs using 266.4% CPU
Identifying sites to remove: done in 0.000577845 secs using 1069% CPU
Identifying sites to remove: done in 0.00149181 secs using 796.6% CPU
Identifying sites to remove: done in 0.00108675 secs using 513.3% CPU
Identifying sites to remove: done in 0.00141227 secs using 920.4% CPU
Identifying sites to remove: done in 0.000931025 secs using 491.4% CPU
Identifying sites to remove: done in 0.000519879 secs using 462.4% CPU
Identifying sites to remove: done in 0.000681415 secs using 1.751e+04% CPU
Identifying sites to remove: done in 0.00116295 secs using 5271% CPU
Identifying sites to remove: done in 0.00140791 secs using 2600% CPU
Identifying sites to remove: done in 0.00140632 secs using 2115% CPU
Identifying sites to remove: done in 0.00148785 secs using 3880% CPU
Identifying sites to remove: done in 0.00152741 secs using 3097% CPU
Identifying sites to remove: done in 0.00155123 secs using 1769% CPU
Identifying sites to remove: done in 0.0015941 secs using 2751% CPU
Identifying sites to remove: done in 0.00163447 secs using 1880% CPU
Identifying sites to remove: done in 0.0017491 secs using 3880% CPU
Identifying sites to remove: done in 0.00191561 secs using 9529% CPU
Identifying sites to remove: done in 0.00197608 secs using 8123% CPU
Identifying sites to remove: done in 0.00207025 secs using 8555% CPU
Identifying sites to remove: done in 0.00206326 secs using 8034% CPU
Identifying sites to remove: done in 0.00211941 secs using 8161% CPU
Identifying sites to remove: done in 0.00212678 secs using 8556% CPU
Identifying sites to remove: done in 0.00217699 secs using 8061% CPU
Identifying sites to remove: done in 0.00222433 secs using 6978% CPU
Identifying sites to remove: done in 0.00250988 secs using 6875% CPU
Identifying sites to remove: done in 0.00260004 secs using 6116% CPU
Identifying sites to remove: done in 0.000948615 secs using 458.9% CPU
Identifying sites to remove: done in 0.00123442 secs using 251.9% CPU
Identifying sites to remove: done in 0.0015176 secs using 291.4% CPU
Identifying sites to remove: done in 0.00114457 secs using 1.657e+04% CPU
Identifying sites to remove: done in 0.0010729 secs using 467.9% CPU
Identifying sites to remove: done in 0.000896707 secs using 427.8% CPU
Identifying sites to remove: done in 0.00195911 secs using 9948% CPU
Identifying sites to remove: done in 0.00169159 secs using 329.9% CPU
Identifying sites to remove: done in 0.00198147 secs using 611.1% CPU
Identifying sites to remove: done in 0.00192118 secs using 9508% CPU
Identifying sites to remove: done in 0.0017629 secs using 1.017e+04% CPU
Identifying sites to remove: done in 0.000874773 secs using 618.8% CPU
Identifying sites to remove: done in 0.0016988 secs using 533.6% CPU
Identifying sites to remove: done in 0.0020268 secs using 9272% CPU
Identifying sites to remove: done in 0.000914976 secs using 551.6% CPU
Identifying sites to remove: done in 0.00194559 secs using 611.3% CPU
Identifying sites to remove: done in 0.00199553 secs using 581.2% CPU
Identifying sites to remove: done in 0.00130954 secs using 582.9% CPU
Identifying sites to remove: done in 0.000819586 secs using 205.2% CPU
Identifying sites to remove: done in 0.00183275 secs using 297.8% CPU
Identifying sites to remove: done in 0.00189589 secs using 499.8% CPU
Identifying sites to remove: done in 0.0019615 secs using 9639% CPU
Identifying sites to remove: done in 0.00165851 secs using 1.125e+04% CPU
Identifying sites to remove: done in 0.00191554 secs using 9574% CPU
Identifying sites to remove: done in 0.00198992 secs using 355% CPU
Identifying sites to remove: done in 0.00198846 secs using 203.4% CPU
Identifying sites to remove: done in 0.000853017 secs using 511.5% CPU
Identifying sites to remove: done in 0.00193195 secs using 9545% CPU
Identifying sites to remove: done in 0.000546597 secs using 223.7% CPU
Identifying sites to remove: done in 0.00099431 secs using 380.8% CPU
Identifying sites to remove: done in 0.00152528 secs using 99.65% CPU
Identifying sites to remove: done in 0.00122376 secs using 269.3% CPU
Identifying sites to remove: done in 0.000850834 secs using 154.9% CPU
Identifying sites to remove: done in 0.0015288 secs using 1.085e+04% CPU
Identifying sites to remove: done in 0.00230896 secs using 7387% CPU
Identifying sites to remove: done in 0.00175623 secs using 430.2% CPU
Identifying sites to remove: done in 0.00106297 secs using 99.53% CPU
Identifying sites to remove: done in 0.000706971 secs using 404.7% CPU
Identifying sites to remove: done in 0.00087887 secs using 99.45% CPU
Identifying sites to remove: done in 0.00136159 secs using 2282% CPU
Identifying sites to remove: done in 0.00150148 secs using 1857% CPU
Identifying sites to remove: done in 0.00161693 secs using 1813% CPU
Identifying sites to remove: done in 0.00164219 secs using 1841% CPU
Identifying sites to remove: done in 0.0016923 secs using 1836% CPU
Identifying sites to remove: done in 0.00166049 secs using 1822% CPU
Identifying sites to remove: done in 0.00176743 secs using 1780% CPU
Identifying sites to remove: done in 0.00182642 secs using 1785% CPU
Identifying sites to remove: done in 0.00188839 secs using 1759% CPU
Identifying sites to remove: done in 0.00205696 secs using 6773% CPU
Identifying sites to remove: done in 0.00207965 secs using 6728% CPU
Identifying sites to remove: done in 0.00220373 secs using 6364% CPU
Identifying sites to remove: done in 0.00228989 secs using 6616% CPU
Identifying sites to remove: done in 0.00234913 secs using 6546% CPU
Identifying sites to remove: done in 0.00237732 secs using 6641% CPU
Identifying sites to remove: done in 0.00244636 secs using 5993% CPU
Identifying sites to remove: done in 0.0024884 secs using 6073% CPU
Identifying sites to remove: done in 0.00254516 secs using 6177% CPU
Identifying sites to remove: done in 0.00287926 secs using 5100% CPU
Identifying sites to remove: done in 0.00094419 secs using 447.3% CPU
Identifying sites to remove: done in 0.0012782 secs using 240.6% CPU
Identifying sites to remove: done in 0.00138991 secs using 297% CPU
Identifying sites to remove: done in 0.0011573 secs using 1.647e+04% CPU
Identifying sites to remove: done in 0.00109765 secs using 1047% CPU
Identifying sites to remove: done in 0.0010592 secs using 1.812e+04% CPU
Identifying sites to remove: done in 0.00182915 secs using 1.044e+04% CPU
Identifying sites to remove: done in 0.00218878 secs using 9058% CPU
Identifying sites to remove: done in 0.00209036 secs using 9104% CPU
Identifying sites to remove: done in 0.00181291 secs using 402.1% CPU
Identifying sites to remove: done in 0.00167159 secs using 1.114e+04% CPU
Identifying sites to remove: done in 0.00161526 secs using 220% CPU
Identifying sites to remove: done in 0.00189582 secs using 610.8% CPU
Identifying sites to remove: done in 0.000923134 secs using 617.7% CPU
Identifying sites to remove: done in 0.000959121 secs using 257.2% CPU
Identifying sites to remove: done in 0.00211932 secs using 8956% CPU
Identifying sites to remove: done in 0.000815414 secs using 365.8% CPU
Identifying sites to remove: done in 0.00116475 secs using 394.8% CPU
Identifying sites to remove: done in 0.00185986 secs using 369.7% CPU
Identifying sites to remove: done in 0.00182343 secs using 382.1% CPU
Identifying sites to remove: done in 0.00187749 secs using 432.5% CPU
Identifying sites to remove: done in 0.00185972 secs using 436.4% CPU
Identifying sites to remove: done in 0.00193562 secs using 397.9% CPU
Identifying sites to remove: done in 0.00164481 secs using 336.8% CPU
Identifying sites to remove: done in 0.00198064 secs using 9228% CPU
Identifying sites to remove: done in 0.00187423 secs using 251% CPU
Identifying sites to remove: done in 0.000834472 secs using 99.46% CPU
Identifying sites to remove: done in 0.000860691 secs using 453.1% CPU
Identifying sites to remove: done in 0.000565529 secs using 267.9% CPU
Identifying sites to remove: done in 0.00191677 secs using 339.7% CPU
Identifying sites to remove: done in 0.00154231 secs using 99.72% CPU
Identifying sites to remove: done in 0.00134586 secs using 456.4% CPU
Identifying sites to remove: done in 0.000856571 secs using 177.9% CPU
Identifying sites to remove: done in 0.00144234 secs using 535% CPU
Identifying sites to remove: done in 0.00234157 secs using 431.4% CPU
Identifying sites to remove: done in 0.00191014 secs using 376.8% CPU
Identifying sites to remove: done in 0.00104399 secs using 99.52% CPU
Identifying sites to remove: done in 0.000699997 secs using 264.9% CPU
Identifying sites to remove: done in 0.000884444 secs using 303% CPU
Identifying sites to remove: done in 0.000294499 secs using 5762% CPU
Identifying sites to remove: done in 0.000369191 secs using 9300% CPU
Identifying sites to remove: done in 0.000365883 secs using 8424% CPU
Identifying sites to remove: done in 0.000364535 secs using 6954% CPU
Identifying sites to remove: done in 0.0003554 secs using 2886% CPU
Identifying sites to remove: done in 0.000371106 secs using 8858% CPU
Identifying sites to remove: done in 0.000365868 secs using 7423% CPU
Identifying sites to remove: done in 0.000430815 secs using 1094% CPU
Identifying sites to remove: done in 0.000439294 secs using 4602% CPU
Identifying sites to remove: done in 0.000530519 secs using 2485% CPU
Identifying sites to remove: done in 0.000434369 secs using 1590% CPU
Identifying sites to remove: done in 0.000445105 secs using 5049% CPU
Identifying sites to remove: done in 0.000442132 secs using 3389% CPU
Identifying sites to remove: done in 0.000452794 secs using 5357% CPU
Identifying sites to remove: done in 0.000696495 secs using 1493% CPU
Identifying sites to remove: done in 0.000695035 secs using 2490% CPU
Identifying sites to remove: done in 0.000711277 secs using 4347% CPU
Identifying sites to remove: done in 0.000228144 secs using 98.62% CPU
Identifying sites to remove: done in 0.000312246 secs using 1373% CPU
Identifying sites to remove: done in 0.000185862 secs using 2149% CPU
Identifying sites to remove: done in 0.000199452 secs using 233.6% CPU
Identifying sites to remove: done in 0.000248641 secs using 6.104e+04% CPU
Identifying sites to remove: done in 0.000198014 secs using 162.6% CPU
Identifying sites to remove: done in 0.000162631 secs using 99% CPU
Identifying sites to remove: done in 9.51812e-05 secs using 215.4% CPU
Identifying sites to remove: done in 0.000212185 secs using 459% CPU
Identifying sites to remove: done in 0.00013794 secs using 99.32% CPU
Identifying sites to remove: done in 0.000220709 secs using 1204% CPU
Identifying sites to remove: done in 0.000149369 secs using 746.5% CPU
Identifying sites to remove: done in 0.000241846 secs using 190.6% CPU
Identifying sites to remove: done in 0.000123359 secs using 1776% CPU
Identifying sites to remove: done in 0.000230052 secs using 1991% CPU
Identifying sites to remove: done in 0.000222392 secs using 1105% CPU
Identifying sites to remove: done in 0.000209883 secs using 1216% CPU
Identifying sites to remove: done in 0.000247724 secs using 1133% CPU
Identifying sites to remove: done in 0.000245057 secs using 155.9% CPU
Identifying sites to remove: done in 0.000213072 secs using 99.03% CPU
Identifying sites to remove: done in 0.000113301 secs using 278.9% CPU
Identifying sites to remove: done in 0.000210889 secs using 3240% CPU
Identifying sites to remove: done in 0.000274688 secs using 2615% CPU
Identifying sites to remove: done in 0.000174411 secs using 185.8% CPU
Identifying sites to remove: done in 0.000170581 secs using 219.8% CPU
Identifying sites to remove: done in 0.000245526 secs using 315.6% CPU
Identifying sites to remove: done in 0.000134319 secs using 99.02% CPU
Identifying sites to remove: done in 0.00015799 secs using 99.37% CPU
Identifying sites to remove: done in 9.81688e-05 secs using 97.79% CPU
Identifying sites to remove: done in 0.000892885 secs using 3124% CPU
Identifying sites to remove: done in 0.000991426 secs using 3055% CPU
Identifying sites to remove: done in 0.00106768 secs using 2118% CPU
Identifying sites to remove: done in 0.00114782 secs using 2444% CPU
Identifying sites to remove: done in 0.00117576 secs using 2606% CPU
Identifying sites to remove: done in 0.00128165 secs using 2125% CPU
Identifying sites to remove: done in 0.00128646 secs using 2555% CPU
Identifying sites to remove: done in 0.00136505 secs using 1689% CPU
Identifying sites to remove: done in 0.00137527 secs using 2320% CPU
Identifying sites to remove: done in 0.00147869 secs using 1838% CPU
Identifying sites to remove: done in 0.00150321 secs using 2260% CPU
Identifying sites to remove: done in 0.00157454 secs using 2324% CPU
Identifying sites to remove: done in 0.0015937 secs using 2047% CPU
Identifying sites to remove: done in 0.0016156 secs using 1849% CPU
Identifying sites to remove: done in 0.00161747 secs using 1666% CPU
Identifying sites to remove: done in 0.00171583 secs using 1854% CPU
Identifying sites to remove: done in 0.00171813 secs using 1639% CPU
Identifying sites to remove: done in 0.00176834 secs using 1846% CPU
Identifying sites to remove: done in 0.00176708 secs using 1516% CPU
Identifying sites to remove: done in 0.000835359 secs using 506% CPU
Identifying sites to remove: done in 0.00119442 secs using 330.4% CPU
Identifying sites to remove: done in 0.00112223 secs using 249.9% CPU
Identifying sites to remove: done in 0.000965849 secs using 99.91% CPU
Identifying sites to remove: done in 0.000965744 secs using 804% CPU
Identifying sites to remove: done in 0.000819243 secs using 611.5% CPU
Identifying sites to remove: done in 0.00163443 secs using 582.7% CPU
Identifying sites to remove: done in 0.00145411 secs using 549.1% CPU
Identifying sites to remove: done in 0.00169202 secs using 320.1% CPU
Identifying sites to remove: done in 0.00136559 secs using 1.362e+04% CPU
Identifying sites to remove: done in 0.00160502 secs using 1.163e+04% CPU
Identifying sites to remove: done in 0.00159579 secs using 547.8% CPU
Identifying sites to remove: done in 0.000757061 secs using 400.8% CPU
Identifying sites to remove: done in 0.00139906 secs using 694.9% CPU
Identifying sites to remove: done in 0.00164298 secs using 708.8% CPU
Identifying sites to remove: done in 0.000834934 secs using 982.1% CPU
Identifying sites to remove: done in 0.000795685 secs using 609.7% CPU
Identifying sites to remove: done in 0.00115573 secs using 1.512e+04% CPU
Identifying sites to remove: done in 0.00162837 secs using 1.063e+04% CPU
Identifying sites to remove: done in 0.00169668 secs using 1.026e+04% CPU
Identifying sites to remove: done in 0.00159219 secs using 483.6% CPU
Identifying sites to remove: done in 0.00159728 secs using 566.5% CPU
Identifying sites to remove: done in 0.00157268 secs using 454.6% CPU
Identifying sites to remove: done in 0.0014038 secs using 1.297e+04% CPU
Identifying sites to remove: done in 0.00162986 secs using 1.099e+04% CPU
Identifying sites to remove: done in 0.00167646 secs using 1.047e+04% CPU
Identifying sites to remove: done in 0.00076434 secs using 207.8% CPU
Identifying sites to remove: done in 0.00166219 secs using 1.127e+04% CPU
Identifying sites to remove: done in 0.000784092 secs using 147.4% CPU
Identifying sites to remove: done in 0.000434905 secs using 99.56% CPU
Identifying sites to remove: done in 0.00135937 secs using 1.312e+04% CPU
Identifying sites to remove: done in 0.00122121 secs using 171.1% CPU
Identifying sites to remove: done in 0.000738591 secs using 883.6% CPU
Identifying sites to remove: done in 0.00126554 secs using 428.3% CPU
Identifying sites to remove: done in 0.00184274 secs using 9290% CPU
Identifying sites to remove: done in 0.00150436 secs using 337.3% CPU
Identifying sites to remove: done in 0.00107648 secs using 257.5% CPU
Identifying sites to remove: done in 0.0006321 secs using 568.6% CPU
Identifying sites to remove: done in 0.000750661 secs using 1940% CPU
Identifying sites to remove: done in 0.00101819 secs using 1.418e+04% CPU
Identifying sites to remove: done in 0.00107878 secs using 1.755e+04% CPU
Identifying sites to remove: done in 0.00105901 secs using 1.336e+04% CPU
Identifying sites to remove: done in 0.0010585 secs using 1.266e+04% CPU
Identifying sites to remove: done in 0.00112663 secs using 1.132e+04% CPU
Identifying sites to remove: done in 0.00123742 secs using 1.308e+04% CPU
Identifying sites to remove: done in 0.00125327 secs using 1.497e+04% CPU
Identifying sites to remove: done in 0.00127365 secs using 1.047e+04% CPU
Identifying sites to remove: done in 0.0012835 secs using 1.214e+04% CPU
Identifying sites to remove: done in 0.00140657 secs using 1.323e+04% CPU
Identifying sites to remove: done in 0.00141975 secs using 1.211e+04% CPU
Identifying sites to remove: done in 0.001436 secs using 1.376e+04% CPU
Identifying sites to remove: done in 0.00142735 secs using 1.232e+04% CPU
Identifying sites to remove: done in 0.00141872 secs using 1.135e+04% CPU
Identifying sites to remove: done in 0.00158722 secs using 1.158e+04% CPU
Identifying sites to remove: done in 0.00161891 secs using 8858% CPU
Identifying sites to remove: done in 0.00165208 secs using 1.026e+04% CPU
Identifying sites to remove: done in 0.0017714 secs using 8787% CPU
Identifying sites to remove: done in 0.00186992 secs using 9718% CPU
Identifying sites to remove: done in 0.000643097 secs using 469.8% CPU
Identifying sites to remove: done in 0.000966102 secs using 310.6% CPU
Identifying sites to remove: done in 0.000906281 secs using 205.8% CPU
Identifying sites to remove: done in 0.000763364 secs using 2.304e+04% CPU
Identifying sites to remove: done in 0.000805847 secs using 900.2% CPU
Identifying sites to remove: done in 0.000563763 secs using 785.3% CPU
Identifying sites to remove: done in 0.000970818 secs using 769.2% CPU
Identifying sites to remove: done in 0.00110975 secs using 837.4% CPU
Identifying sites to remove: done in 0.000635296 secs using 253.9% CPU
Identifying sites to remove: done in 0.000780389 secs using 99.82% CPU
Identifying sites to remove: done in 0.000957072 secs using 1.946e+04% CPU
Identifying sites to remove: done in 0.000496469 secs using 692.1% CPU
Identifying sites to remove: done in 0.00100254 secs using 534.6% CPU
Identifying sites to remove: done in 0.000554673 secs using 321.3% CPU
Identifying sites to remove: done in 0.00106639 secs using 922.3% CPU
Identifying sites to remove: done in 0.000855424 secs using 1215% CPU
Identifying sites to remove: done in 0.000495508 secs using 974.6% CPU
Identifying sites to remove: done in 0.000698335 secs using 1130% CPU
Identifying sites to remove: done in 0.00103752 secs using 1036% CPU
Identifying sites to remove: done in 0.00096377 secs using 726.9% CPU
Identifying sites to remove: done in 0.000993207 secs using 397.1% CPU
Identifying sites to remove: done in 0.000812441 secs using 99.7% CPU
Identifying sites to remove: done in 0.00104393 secs using 1.648e+04% CPU
Identifying sites to remove: done in 0.00103427 secs using 356.6% CPU
Identifying sites to remove: done in 0.000980295 secs using 318.7% CPU
Identifying sites to remove: done in 0.000506923 secs using 196.1% CPU
Identifying sites to remove: done in 0.00105894 secs using 549.8% CPU
Identifying sites to remove: done in 0.00105656 secs using 119.4% CPU
Identifying sites to remove: done in 0.00070148 secs using 2.527e+04% CPU
Identifying sites to remove: done in 0.00090792 secs using 1.912e+04% CPU
Identifying sites to remove: done in 0.000299603 secs using 98.8% CPU
Identifying sites to remove: done in 0.000806689 secs using 565.8% CPU
Identifying sites to remove: done in 0.00112382 secs using 1.596e+04% CPU
Identifying sites to remove: done in 0.00111735 secs using 1.582e+04% CPU
Identifying sites to remove: done in 0.000487573 secs using 457.4% CPU
Identifying sites to remove: done in 0.00082352 secs using 418.2% CPU
Identifying sites to remove: done in 0.000807002 secs using 170.9% CPU
Identifying sites to remove: done in 0.00040333 secs using 99.42% CPU
Identifying sites to remove: done in 0.000536874 secs using 293.2% CPU
Identifying sites to remove: done in 0.000357665 secs using 1.185e+04% CPU
Identifying sites to remove: done in 0.000457391 secs using 3468% CPU
Identifying sites to remove: done in 0.00045798 secs using 2558% CPU
Identifying sites to remove: done in 0.000527792 secs using 8237% CPU
Identifying sites to remove: done in 0.000519268 secs using 4424% CPU
Identifying sites to remove: done in 0.000559151 secs using 6001% CPU
Identifying sites to remove: done in 0.000565656 secs using 7384% CPU
Identifying sites to remove: done in 0.000625566 secs using 6490% CPU
Identifying sites to remove: done in 0.000601739 secs using 1564% CPU
Identifying sites to remove: done in 0.000639535 secs using 1819% CPU
Identifying sites to remove: done in 0.000647835 secs using 3432% CPU
Identifying sites to remove: done in 0.000766508 secs using 5169% CPU
Identifying sites to remove: done in 0.000785559 secs using 3483% CPU
Identifying sites to remove: done in 0.000791177 secs using 4040% CPU
Identifying sites to remove: done in 0.000829674 secs using 4192% CPU
Identifying sites to remove: done in 0.000822119 secs using 2766% CPU
Identifying sites to remove: done in 0.000836723 secs using 4665% CPU
Identifying sites to remove: done in 0.000829369 secs using 3732% CPU
Identifying sites to remove: done in 0.00089705 secs using 2135% CPU
Identifying sites to remove: done in 0.000366107 secs using 321.5% CPU
Identifying sites to remove: done in 0.000485495 secs using 639.6% CPU
Identifying sites to remove: done in 0.000585541 secs using 462.5% CPU
Identifying sites to remove: done in 0.000391997 secs using 110.7% CPU
Identifying sites to remove: done in 0.000322327 secs using 98.97% CPU
Identifying sites to remove: done in 0.000323132 secs using 5.866e+04% CPU
Identifying sites to remove: done in 0.000527449 secs using 3.676e+04% CPU
Identifying sites to remove: done in 0.000581101 secs using 3.224e+04% CPU
Identifying sites to remove: done in 0.000571921 secs using 468.1% CPU
Identifying sites to remove: done in 0.000440583 secs using 300.7% CPU
Identifying sites to remove: done in 0.000472531 secs using 569.3% CPU
Identifying sites to remove: done in 0.00039117 secs using 113.5% CPU
Identifying sites to remove: done in 0.000236675 secs using 99.29% CPU
Identifying sites to remove: done in 0.000203945 secs using 401.6% CPU
Identifying sites to remove: done in 0.000494197 secs using 1330% CPU
Identifying sites to remove: done in 0.000516072 secs using 780.5% CPU
Identifying sites to remove: done in 0.000517398 secs using 1244% CPU
Identifying sites to remove: done in 0.000208199 secs using 1567% CPU
Identifying sites to remove: done in 0.000451431 secs using 882.7% CPU
Identifying sites to remove: done in 0.000350714 secs using 172.5% CPU
Identifying sites to remove: done in 0.000543021 secs using 3.19e+04% CPU
Identifying sites to remove: done in 0.000513718 secs using 278.4% CPU
Identifying sites to remove: done in 0.000494771 secs using 387.9% CPU
Identifying sites to remove: done in 0.000469945 secs using 489.6% CPU
Identifying sites to remove: done in 0.00050994 secs using 556.9% CPU
Identifying sites to remove: done in 0.000515506 secs using 108.2% CPU
Identifying sites to remove: done in 0.000512838 secs using 99.64% CPU
Identifying sites to remove: done in 0.000271551 secs using 426.4% CPU
Identifying sites to remove: done in 0.000387251 secs using 155.7% CPU
Identifying sites to remove: done in 0.000168398 secs using 98.58% CPU
Identifying sites to remove: done in 0.000480779 secs using 783.3% CPU
Identifying sites to remove: done in 0.000486664 secs using 159.2% CPU
Identifying sites to remove: done in 0.000544384 secs using 350.1% CPU
Identifying sites to remove: done in 0.000697479 secs using 498.9% CPU
Identifying sites to remove: done in 0.000482284 secs using 470.3% CPU
Identifying sites to remove: done in 0.000297949 secs using 670.2% CPU
Identifying sites to remove: done in 0.000493079 secs using 729.1% CPU
Identifying sites to remove: done in 0.000248112 secs using 99.15% CPU
Identifying sites to remove: done in 0.000410661 secs using 3.435e+04% CPU
Identifying sites to remove: done in 0.0010487 secs using 2892% CPU
Identifying sites to remove: done in 0.00107944 secs using 2202% CPU
Identifying sites to remove: done in 0.00115628 secs using 3964% CPU
Identifying sites to remove: done in 0.00125958 secs using 1895% CPU
Identifying sites to remove: done in 0.00133569 secs using 1985% CPU
Identifying sites to remove: done in 0.00135901 secs using 3513% CPU
Identifying sites to remove: done in 0.00135728 secs using 3414% CPU
Identifying sites to remove: done in 0.00153454 secs using 1705% CPU
Identifying sites to remove: done in 0.00166298 secs using 3333% CPU
Identifying sites to remove: done in 0.00166319 secs using 3253% CPU
Identifying sites to remove: done in 0.00181852 secs using 8022% CPU
Identifying sites to remove: done in 0.00188522 secs using 8114% CPU
Identifying sites to remove: done in 0.00191842 secs using 7500% CPU
Identifying sites to remove: done in 0.00193632 secs using 8117% CPU
Identifying sites to remove: done in 0.00203308 secs using 7330% CPU
Identifying sites to remove: done in 0.00209443 secs using 7269% CPU
Identifying sites to remove: done in 0.00209649 secs using 7441% CPU
Identifying sites to remove: done in 0.00216835 secs using 7377% CPU
Identifying sites to remove: done in 0.00228506 secs using 6486% CPU
Identifying sites to remove: done in 0.000923857 secs using 546.2% CPU
Identifying sites to remove: done in 0.00112733 secs using 304.5% CPU
Identifying sites to remove: done in 0.00134967 secs using 231.5% CPU
Identifying sites to remove: done in 0.00103197 secs using 99.91% CPU
Identifying sites to remove: done in 0.00102967 secs using 99.26% CPU
Identifying sites to remove: done in 0.000911102 secs using 660% CPU
Identifying sites to remove: done in 0.00164718 secs using 636.7% CPU
Identifying sites to remove: done in 0.00192828 secs using 1.017e+04% CPU
Identifying sites to remove: done in 0.00205974 secs using 9179% CPU
Identifying sites to remove: done in 0.00182283 secs using 416.9% CPU
Identifying sites to remove: done in 0.00149949 secs using 360.8% CPU
Identifying sites to remove: done in 0.00147977 secs using 248% CPU
Identifying sites to remove: done in 0.000933357 secs using 1.987e+04% CPU
Identifying sites to remove: done in 0.000902675 secs using 388% CPU
Identifying sites to remove: done in 0.00192057 secs using 438.2% CPU
Identifying sites to remove: done in 0.00194587 secs using 383.4% CPU
Identifying sites to remove: done in 0.000923492 secs using 932.8% CPU
Identifying sites to remove: done in 0.00189131 secs using 648.8% CPU
Identifying sites to remove: done in 0.0012111 secs using 1.483e+04% CPU
Identifying sites to remove: done in 0.00170996 secs using 1.073e+04% CPU
Identifying sites to remove: done in 0.00187992 secs using 707.1% CPU
Identifying sites to remove: done in 0.00179187 secs using 1.048e+04% CPU
Identifying sites to remove: done in 0.0016582 secs using 1.117e+04% CPU
Identifying sites to remove: done in 0.00192666 secs using 9436% CPU
Identifying sites to remove: done in 0.00191266 secs using 318.6% CPU
Identifying sites to remove: done in 0.00190766 secs using 310.4% CPU
Identifying sites to remove: done in 0.000823252 secs using 99.48% CPU
Identifying sites to remove: done in 0.000475653 secs using 296.9% CPU
Identifying sites to remove: done in 0.000939012 secs using 538.4% CPU
Identifying sites to remove: done in 0.00191128 secs using 9637% CPU
Identifying sites to remove: done in 0.00144382 secs using 1.226e+04% CPU
Identifying sites to remove: done in 0.00130872 secs using 787.3% CPU
Identifying sites to remove: done in 0.000829704 secs using 1.928e+04% CPU
Identifying sites to remove: done in 0.00137729 secs using 433.3% CPU
Identifying sites to remove: done in 0.00215703 secs using 300.4% CPU
Identifying sites to remove: done in 0.00148171 secs using 418.4% CPU
Identifying sites to remove: done in 0.000961408 secs using 99.33% CPU
Identifying sites to remove: done in 0.000656314 secs using 224.3% CPU
Identifying sites to remove: done in 0.000868544 secs using 99.36% CPU
Identifying sites to remove: done in 0.000746936 secs using 1976% CPU
Identifying sites to remove: done in 0.0010066 secs using 2290% CPU
Identifying sites to remove: done in 0.00103403 secs using 1895% CPU
Identifying sites to remove: done in 0.00108861 secs using 1853% CPU
Identifying sites to remove: done in 0.00111238 secs using 1699% CPU
Identifying sites to remove: done in 0.00112528 secs using 1771% CPU
Identifying sites to remove: done in 0.00122476 secs using 1935% CPU
Identifying sites to remove: done in 0.00121862 secs using 1689% CPU
Identifying sites to remove: done in 0.0012401 secs using 2093% CPU
Identifying sites to remove: done in 0.00132268 secs using 2023% CPU
Identifying sites to remove: done in 0.00141814 secs using 1860% CPU
Identifying sites to remove: done in 0.00143389 secs using 1997% CPU
Identifying sites to remove: done in 0.0014791 secs using 1944% CPU
Identifying sites to remove: done in 0.00147679 secs using 1884% CPU
Identifying sites to remove: done in 0.00151846 secs using 1824% CPU
Identifying sites to remove: done in 0.00155703 secs using 1706% CPU
Identifying sites to remove: done in 0.0016524 secs using 1763% CPU
Identifying sites to remove: done in 0.00182036 secs using 1538% CPU
Identifying sites to remove: done in 0.0018469 secs using 1421% CPU
Identifying sites to remove: done in 0.000672482 secs using 560.8% CPU
Identifying sites to remove: done in 0.000971891 secs using 200.2% CPU
Identifying sites to remove: done in 0.00114067 secs using 270.6% CPU
Identifying sites to remove: done in 0.000865288 secs using 99.85% CPU
Identifying sites to remove: done in 0.00054843 secs using 887.1% CPU
Identifying sites to remove: done in 0.00116114 secs using 1.694e+04% CPU
Identifying sites to remove: done in 0.00102423 secs using 1.854e+04% CPU
Identifying sites to remove: done in 0.000722252 secs using 174.5% CPU
Identifying sites to remove: done in 0.000916056 secs using 709.3% CPU
Identifying sites to remove: done in 0.00108153 secs using 814.7% CPU
Identifying sites to remove: done in 0.00110398 secs using 926.5% CPU
Identifying sites to remove: done in 0.00108565 secs using 832.7% CPU
Identifying sites to remove: done in 0.000610359 secs using 788.1% CPU
Identifying sites to remove: done in 0.00123944 secs using 1.48e+04% CPU
Identifying sites to remove: done in 0.000613578 secs using 2.86e+04% CPU
Identifying sites to remove: done in 0.0010446 secs using 1.732e+04% CPU
Identifying sites to remove: done in 0.00123148 secs using 1.472e+04% CPU
Identifying sites to remove: done in 0.00118852 secs using 1.472e+04% CPU
Identifying sites to remove: done in 0.000765443 secs using 529.8% CPU
Identifying sites to remove: done in 0.000557959 secs using 423.9% CPU
Identifying sites to remove: done in 0.00112896 secs using 488.2% CPU
Identifying sites to remove: done in 0.000961773 secs using 724.6% CPU
Identifying sites to remove: done in 0.00112075 secs using 458.1% CPU
Identifying sites to remove: done in 0.00114456 secs using 251.4% CPU
Identifying sites to remove: done in 0.00117777 secs using 1.498e+04% CPU
Identifying sites to remove: done in 0.000557847 secs using 640.7% CPU
Identifying sites to remove: done in 0.00117461 secs using 567.3% CPU
Identifying sites to remove: done in 0.00034377 secs using 191.4% CPU
Identifying sites to remove: done in 0.00122912 secs using 448.6% CPU
Identifying sites to remove: done in 0.000724748 secs using 201.6% CPU
Identifying sites to remove: done in 0.000944272 secs using 213.9% CPU
Identifying sites to remove: done in 0.000875726 secs using 2.085e+04% CPU
Identifying sites to remove: done in 0.00120424 secs using 549.1% CPU
Identifying sites to remove: done in 0.00056877 secs using 552.4% CPU
Identifying sites to remove: done in 0.00146174 secs using 494.8% CPU
Identifying sites to remove: done in 0.000955299 secs using 516.6% CPU
Identifying sites to remove: done in 0.000839926 secs using 661.5% CPU
Identifying sites to remove: done in 0.0004647 secs using 2.957e+04% CPU
Identifying sites to remove: done in 0.000581928 secs using 1775% CPU
Identifying sites to remove: done in 0.000456944 secs using 2184% CPU
Identifying sites to remove: done in 0.000513338 secs using 2930% CPU
Identifying sites to remove: done in 0.000492275 secs using 1642% CPU
Identifying sites to remove: done in 0.000552416 secs using 2556% CPU
Identifying sites to remove: done in 0.000550702 secs using 2310% CPU
Identifying sites to remove: done in 0.000556879 secs using 2155% CPU
Identifying sites to remove: done in 0.00056497 secs using 2936% CPU
Identifying sites to remove: done in 0.000557378 secs using 1540% CPU
Identifying sites to remove: done in 0.000659645 secs using 2468% CPU
Identifying sites to remove: done in 0.000541225 secs using 1791% CPU
Identifying sites to remove: done in 0.000714727 secs using 2461% CPU
Identifying sites to remove: done in 0.000702128 secs using 1952% CPU
Identifying sites to remove: done in 0.000803992 secs using 2055% CPU
Identifying sites to remove: done in 0.00083416 secs using 1950% CPU
Identifying sites to remove: done in 0.000843398 secs using 1405% CPU
Identifying sites to remove: done in 0.000873148 secs using 1544% CPU
Identifying sites to remove: done in 0.000895329 secs using 1460% CPU
Identifying sites to remove: done in 0.000933111 secs using 1734% CPU
Identifying sites to remove: done in 0.000348158 secs using 437.4% CPU
Identifying sites to remove: done in 0.000547722 secs using 456.4% CPU
Identifying sites to remove: done in 0.000615552 secs using 218.8% CPU
Identifying sites to remove: done in 0.000452511 secs using 99.22% CPU
Identifying sites to remove: done in 0.000469558 secs using 3.687e+04% CPU
Identifying sites to remove: done in 0.000518687 secs using 478.9% CPU
Identifying sites to remove: done in 0.000465386 secs using 499.2% CPU
Identifying sites to remove: done in 0.000284724 secs using 323.1% CPU
Identifying sites to remove: done in 0.000347845 secs using 421.2% CPU
Identifying sites to remove: done in 0.000410736 secs using 99.58% CPU
Identifying sites to remove: done in 0.000216246 secs using 578% CPU
Identifying sites to remove: done in 0.000459343 secs using 190.3% CPU
Identifying sites to remove: done in 0.000459425 secs using 1205% CPU
Identifying sites to remove: done in 0.000398286 secs using 3067% CPU
Identifying sites to remove: done in 0.000520207 secs using 2905% CPU
Identifying sites to remove: done in 0.000314228 secs using 2222% CPU
Identifying sites to remove: done in 0.000272758 secs using 2589% CPU
Identifying sites to remove: done in 0.000531979 secs using 2510% CPU
Identifying sites to remove: done in 0.000503831 secs using 976.5% CPU
Identifying sites to remove: done in 0.000476837 secs using 323.2% CPU
Identifying sites to remove: done in 0.000240296 secs using 1556% CPU
Identifying sites to remove: done in 0.000463061 secs using 957.8% CPU
Identifying sites to remove: done in 0.000473335 secs using 3.445e+04% CPU
Identifying sites to remove: done in 0.000470862 secs using 276.3% CPU
Identifying sites to remove: done in 0.000468463 secs using 135.1% CPU
Identifying sites to remove: done in 0.000490226 secs using 507.9% CPU
Identifying sites to remove: done in 0.000242658 secs using 203.6% CPU
Identifying sites to remove: done in 0.000340089 secs using 1016% CPU
Identifying sites to remove: done in 0.000446618 secs using 912.9% CPU
Identifying sites to remove: done in 0.000206344 secs using 193.4% CPU
Identifying sites to remove: done in 0.000433668 secs using 988.5% CPU
Identifying sites to remove: done in 0.000610635 secs using 439.4% CPU
Identifying sites to remove: done in 0.00054694 secs using 377.2% CPU
Identifying sites to remove: done in 0.000394195 secs using 99.44% CPU
Identifying sites to remove: done in 0.000250712 secs using 1168% CPU
Identifying sites to remove: done in 0.000481389 secs using 3.699e+04% CPU
Identifying sites to remove: done in 0.000223622 secs using 182.9% CPU
Identifying sites to remove: done in 0.000376835 secs using 99.25% CPU
Identifying sites to remove: done in 0.000258029 secs using 2710% CPU
Identifying sites to remove: done in 0.000285372 secs using 3006% CPU
Identifying sites to remove: done in 0.000305034 secs using 1657% CPU
Identifying sites to remove: done in 0.00030493 secs using 1558% CPU
Identifying sites to remove: done in 0.000353068 secs using 2644% CPU
Identifying sites to remove: done in 0.000353262 secs using 2584% CPU
Identifying sites to remove: done in 0.000401124 secs using 2512% CPU
Identifying sites to remove: done in 0.000405863 secs using 2341% CPU
Identifying sites to remove: done in 0.00042171 secs using 2589% CPU
Identifying sites to remove: done in 0.000427969 secs using 1714% CPU
Identifying sites to remove: done in 0.000433303 secs using 2153% CPU
Identifying sites to remove: done in 0.000429593 secs using 1830% CPU
Identifying sites to remove: done in 0.000519648 secs using 1780% CPU
Identifying sites to remove: done in 0.000518985 secs using 1670% CPU
Identifying sites to remove: done in 0.000509314 secs using 1433% CPU
Identifying sites to remove: done in 0.000510179 secs using 1291% CPU
Identifying sites to remove: done in 0.000569783 secs using 1742% CPU
Identifying sites to remove: done in 0.000561871 secs using 1525% CPU
Identifying sites to remove: done in 0.000573188 secs using 1709% CPU
Identifying sites to remove: done in 0.000301138 secs using 606% CPU
Identifying sites to remove: done in 0.000276774 secs using 399.6% CPU
Identifying sites to remove: done in 0.000247173 secs using 299% CPU
Identifying sites to remove: done in 0.000237279 secs using 99.46% CPU
Identifying sites to remove: done in 0.000262059 secs using 2394% CPU
Identifying sites to remove: done in 0.000207603 secs using 1423% CPU
Identifying sites to remove: done in 0.000301965 secs using 2004% CPU
Identifying sites to remove: done in 0.000208199 secs using 1725% CPU
Identifying sites to remove: done in 0.000331104 secs using 137.4% CPU
Identifying sites to remove: done in 0.000254236 secs using 2758% CPU
Identifying sites to remove: done in 0.000232674 secs using 1905% CPU
Identifying sites to remove: done in 0.000340909 secs using 4.804e+04% CPU
Identifying sites to remove: done in 0.000304282 secs using 271.5% CPU
Identifying sites to remove: done in 0.000142723 secs using 206.7% CPU
Identifying sites to remove: done in 0.000123881 secs using 205% CPU
Identifying sites to remove: done in 0.000308499 secs using 193.8% CPU
Identifying sites to remove: done in 0.000150301 secs using 98.47% CPU
Identifying sites to remove: done in 0.000264458 secs using 1665% CPU
Identifying sites to remove: done in 0.000216968 secs using 1476% CPU
Identifying sites to remove: done in 0.000262573 secs using 1687% CPU
Identifying sites to remove: done in 0.000282705 secs using 739.3% CPU
Identifying sites to remove: done in 0.000289939 secs using 232.5% CPU
Identifying sites to remove: done in 0.000274457 secs using 1436% CPU
Identifying sites to remove: done in 0.000246137 secs using 230.8% CPU
Identifying sites to remove: done in 0.000302553 secs using 809.1% CPU
Identifying sites to remove: done in 0.000278205 secs using 99.21% CPU
Identifying sites to remove: done in 0.000187457 secs using 1740% CPU
Identifying sites to remove: done in 0.000154398 secs using 195.6% CPU
Identifying sites to remove: done in 0.000106804 secs using 177% CPU
Identifying sites to remove: done in 0.000317648 secs using 1294% CPU
Identifying sites to remove: done in 0.000234261 secs using 810.6% CPU
Identifying sites to remove: done in 0.000229508 secs using 555.5% CPU
Identifying sites to remove: done in 0.000256188 secs using 576.1% CPU
Identifying sites to remove: done in 0.000295222 secs using 559.6% CPU
Identifying sites to remove: done in 0.000193566 secs using 175.1% CPU
Identifying sites to remove: done in 0.000303037 secs using 99.33% CPU
Identifying sites to remove: done in 0.000286214 secs using 6.254e+04% CPU
Identifying sites to remove: done in 0.000179924 secs using 9.724e+04% CPU
Identifying sites to remove: done in 0.000231646 secs using 380.3% CPU
Identifying sites to remove: done in 0.000555634 secs using 3197% CPU
Identifying sites to remove: done in 0.000593975 secs using 3344% CPU
Identifying sites to remove: done in 0.00063844 secs using 1719% CPU
Identifying sites to remove: done in 0.000685595 secs using 3432% CPU
Identifying sites to remove: done in 0.000717945 secs using 1802% CPU
Identifying sites to remove: done in 0.000779137 secs using 2155% CPU
Identifying sites to remove: done in 0.000784993 secs using 2449% CPU
Identifying sites to remove: done in 0.000855327 secs using 2821% CPU
Identifying sites to remove: done in 0.000857905 secs using 3066% CPU
Identifying sites to remove: done in 0.000948288 secs using 2294% CPU
Identifying sites to remove: done in 0.000952773 secs using 2517% CPU
Identifying sites to remove: done in 0.000965804 secs using 1795% CPU
Identifying sites to remove: done in 0.00100925 secs using 1974% CPU
Identifying sites to remove: done in 0.00100899 secs using 1824% CPU
Identifying sites to remove: done in 0.00102045 secs using 2831% CPU
Identifying sites to remove: done in 0.00101902 secs using 2624% CPU
Identifying sites to remove: done in 0.00107723 secs using 2042% CPU
Identifying sites to remove: done in 0.00107342 secs using 1692% CPU
Identifying sites to remove: done in 0.00108177 secs using 2250% CPU
Identifying sites to remove: done in 0.000509113 secs using 408.8% CPU
Identifying sites to remove: done in 0.000635639 secs using 430% CPU
Identifying sites to remove: done in 0.000653692 secs using 198% CPU
Identifying sites to remove: done in 0.000581861 secs using 99.68% CPU
Identifying sites to remove: done in 0.000471532 secs using 3.263e+04% CPU
Identifying sites to remove: done in 0.000511743 secs using 3.16e+04% CPU
Identifying sites to remove: done in 0.000734016 secs using 2.242e+04% CPU
Identifying sites to remove: done in 0.000975229 secs using 1.629e+04% CPU
Identifying sites to remove: done in 0.000910416 secs using 354.1% CPU
Identifying sites to remove: done in 0.000722371 secs using 804.8% CPU
Identifying sites to remove: done in 0.000359714 secs using 771.4% CPU
Identifying sites to remove: done in 0.00077638 secs using 908.8% CPU
Identifying sites to remove: done in 0.000811443 secs using 1156% CPU
Identifying sites to remove: done in 0.000654928 secs using 1075% CPU
Identifying sites to remove: done in 0.000386298 secs using 1569% CPU
Identifying sites to remove: done in 0.00067196 secs using 673% CPU
Identifying sites to remove: done in 0.000796102 secs using 1036% CPU
Identifying sites to remove: done in 0.00052242 secs using 1521% CPU
Identifying sites to remove: done in 0.000792757 secs using 2382% CPU
Identifying sites to remove: done in 0.000417344 secs using 2098% CPU
Identifying sites to remove: done in 0.000839248 secs using 2.038e+04% CPU
Identifying sites to remove: done in 0.000667967 secs using 2.449e+04% CPU
Identifying sites to remove: done in 0.000819981 secs using 1.965e+04% CPU
Identifying sites to remove: done in 0.000784822 secs using 382.5% CPU
Identifying sites to remove: done in 0.000797652 secs using 466% CPU
Identifying sites to remove: done in 0.000790812 secs using 418.6% CPU
Identifying sites to remove: done in 0.000496753 secs using 147.4% CPU
Identifying sites to remove: done in 0.000397444 secs using 695.2% CPU
Identifying sites to remove: done in 0.000308312 secs using 319.8% CPU
Identifying sites to remove: done in 0.000810847 secs using 1186% CPU
Identifying sites to remove: done in 0.000666194 secs using 1030% CPU
Identifying sites to remove: done in 0.000622608 secs using 1105% CPU
Identifying sites to remove: done in 0.000675164 secs using 2.559e+04% CPU
Identifying sites to remove: done in 0.000541419 secs using 3.144e+04% CPU
Identifying sites to remove: done in 0.000785768 secs using 2.117e+04% CPU
Identifying sites to remove: done in 0.000810616 secs using 521.1% CPU
Identifying sites to remove: done in 0.000339948 secs using 199.7% CPU
Identifying sites to remove: done in 0.000610739 secs using 1178% CPU
Identifying sites to remove: done in 0.000547446 secs using 1109% CPU
Identifying sites to remove: done in 0.000499748 secs using 3709% CPU
Identifying sites to remove: done in 0.00050731 secs using 1360% CPU
Identifying sites to remove: done in 0.000627682 secs using 1091% CPU
Identifying sites to remove: done in 0.000841744 secs using 2132% CPU
Identifying sites to remove: done in 0.000866078 secs using 2694% CPU
Identifying sites to remove: done in 0.000862822 secs using 1957% CPU
Identifying sites to remove: done in 0.000894584 secs using 1755% CPU
Identifying sites to remove: done in 0.000893027 secs using 1315% CPU
Identifying sites to remove: done in 0.000951089 secs using 1492% CPU
Identifying sites to remove: done in 0.0010244 secs using 1531% CPU
Identifying sites to remove: done in 0.00103544 secs using 2168% CPU
Identifying sites to remove: done in 0.00113738 secs using 1895% CPU
Identifying sites to remove: done in 0.000486761 secs using 299.5% CPU
Identifying sites to remove: done in 0.000773035 secs using 453% CPU
Identifying sites to remove: done in 0.000888035 secs using 359.3% CPU
Identifying sites to remove: done in 0.000713728 secs using 2.401e+04% CPU
Identifying sites to remove: done in 0.000598721 secs using 205.3% CPU
Identifying sites to remove: done in 0.00090339 secs using 253.5% CPU
Identifying sites to remove: done in 0.000551 secs using 1128% CPU
Identifying sites to remove: done in 0.000362121 secs using 1976% CPU
Identifying sites to remove: done in 0.000739515 secs using 1670% CPU
Identifying sites to remove: done in 0.000709593 secs using 1501% CPU
Identifying sites to remove: done in 0.000774324 secs using 1069% CPU
Identifying sites to remove: done in 0.00037308 secs using 1191% CPU
Identifying sites to remove: done in 0.00101785 secs using 1100% CPU
Identifying sites to remove: done in 0.000981614 secs using 749% CPU
Identifying sites to remove: done in 0.00076925 secs using 1114% CPU
Identifying sites to remove: done in 0.000775501 secs using 2.177e+04% CPU
Identifying sites to remove: done in 0.00091283 secs using 1.889e+04% CPU
Identifying sites to remove: done in 0.00059709 secs using 99.82% CPU
Identifying sites to remove: done in 0.000326708 secs using 952.8% CPU
Identifying sites to remove: done in 0.000549816 secs using 749.7% CPU
Identifying sites to remove: done in 0.000794277 secs using 1143% CPU
Identifying sites to remove: done in 0.000963531 secs using 503.3% CPU
Identifying sites to remove: done in 0.00107562 secs using 1.7e+04% CPU
Identifying sites to remove: done in 0.000566363 secs using 329.3% CPU
Identifying sites to remove: done in 0.000454433 secs using 99.68% CPU
Identifying sites to remove: done in 0.000779182 secs using 99.72% CPU
Identifying sites to remove: done in 0.000625871 secs using 2.762e+04% CPU
Identifying sites to remove: done in 0.000521816 secs using 8954% CPU
Identifying sites to remove: done in 0.000528432 secs using 1.186e+04% CPU
Identifying sites to remove: done in 0.000600412 secs using 2148% CPU
Identifying sites to remove: done in 0.000638269 secs using 9615% CPU
Identifying sites to remove: done in 0.000712842 secs using 1585% CPU
Identifying sites to remove: done in 0.000757501 secs using 5394% CPU
Identifying sites to remove: done in 0.000879914 secs using 1.723e+04% CPU
Identifying sites to remove: done in 0.000883564 secs using 1.789e+04% CPU
Identifying sites to remove: done in 0.000898138 secs using 1.902e+04% CPU
Identifying sites to remove: done in 0.00093969 secs using 1.716e+04% CPU
Identifying sites to remove: done in 0.000942759 secs using 1.745e+04% CPU
Identifying sites to remove: done in 0.000947185 secs using 1.905e+04% CPU
Identifying sites to remove: done in 0.000948049 secs using 1.836e+04% CPU
Identifying sites to remove: done in 0.000995666 secs using 1.876e+04% CPU
Identifying sites to remove: done in 0.000972793 secs using 1.525e+04% CPU
Identifying sites to remove: done in 0.000983246 secs using 1.867e+04% CPU
Identifying sites to remove: done in 0.000970133 secs using 1.496e+04% CPU
Identifying sites to remove: done in 0.00112231 secs using 1.379e+04% CPU
Identifying sites to remove: done in 0.000460811 secs
Identifying sites to remove: done in 0.000684686 secs
Identifying sites to remove: done in 0.000716954 secs
Identifying sites to remove: done in 0.000495225 secs
Identifying sites to remove: done in 0.000493549 secs using 960% CPU
Identifying sites to remove: done in 0.000424713 secs using 811.8% CPU
Identifying sites to remove: done in 0.000681631 secs using 719.7% CPU
Identifying sites to remove: done in 0.000864245 secs using 409.5% CPU
Identifying sites to remove: done in 0.000873007 secs using 246.2% CPU
Identifying sites to remove: done in 0.000761032 secs using 99.34% CPU
Identifying sites to remove: done in 0.00066714 secs using 2436% CPU
Identifying sites to remove: done in 0.000766262 secs using 2.421e+04% CPU
Identifying sites to remove: done in 0.000643462 secs using 2.768e+04% CPU
Identifying sites to remove: done in 0.000465222 secs using 3.645e+04% CPU
Identifying sites to remove: done in 0.000892252 secs using 2.046e+04% CPU
Identifying sites to remove: done in 0.000971444 secs using 1.802e+04% CPU
Identifying sites to remove: done in 0.000387758 secs using 412.6% CPU
Identifying sites to remove: done in 0.000379115 secs using 201.3% CPU
Identifying sites to remove: done in 0.000868142 secs using 1138% CPU
Identifying sites to remove: done in 0.000725374 secs using 709.7% CPU
Identifying sites to remove: done in 0.000851922 secs using 918.9% CPU
Identifying sites to remove: done in 0.000909224 secs using 687% CPU
Identifying sites to remove: done in 0.000919163 secs using 1.917e+04% CPU
Identifying sites to remove: done in 0.000921264 secs using 1.872e+04% CPU
Identifying sites to remove: done in 0.000388719 secs using 99.56% CPU
Identifying sites to remove: done in 0.000531793 secs using 99.47% CPU
Identifying sites to remove: done in 0.000317231 secs using 5.77e+04% CPU
Identifying sites to remove: done in 0.000795119 secs using 2.26e+04% CPU
Identifying sites to remove: done in 0.000606447 secs using 790% CPU
Identifying sites to remove: done in 0.000677414 secs using 447.9% CPU
Identifying sites to remove: done in 0.00038337 secs using 1698% CPU
Identifying sites to remove: done in 0.000905767 secs using 880.5% CPU
Identifying sites to remove: done in 0.00094758 secs using 1.738e+04% CPU
Identifying sites to remove: done in 0.000704512 secs using 1371% CPU
Identifying sites to remove: done in 0.000327878 secs using 99.43% CPU
Identifying sites to remove: done in 0.000391394 secs using 2.953e+04% CPU
Identifying sites to remove: done in 0.000354841 secs using 4.585e+04% CPU
Identifying sites to remove: done in 0.000352882 secs using 4.207e+04% CPU
Identifying sites to remove: done in 0.000414655 secs using 3.859e+04% CPU
Identifying sites to remove: done in 0.00042522 secs using 4.173e+04% CPU
Identifying sites to remove: done in 0.000422999 secs using 4.112e+04% CPU
Identifying sites to remove: done in 0.000403427 secs using 3.265e+04% CPU
Identifying sites to remove: done in 0.000444472 secs using 2.574e+04% CPU
Identifying sites to remove: done in 0.000495382 secs using 3.106e+04% CPU
Identifying sites to remove: done in 0.000493154 secs using 3.403e+04% CPU
Identifying sites to remove: done in 0.000487223 secs using 3.013e+04% CPU
Identifying sites to remove: done in 0.000478335 secs using 2.626e+04% CPU
Identifying sites to remove: done in 0.000575297 secs using 2.435e+04% CPU
Identifying sites to remove: done in 0.000572935 secs using 2.267e+04% CPU
Identifying sites to remove: done in 0.000594087 secs using 2.9e+04% CPU
Identifying sites to remove: done in 0.000624813 secs using 2.538e+04% CPU
Identifying sites to remove: done in 0.000569105 secs using 2.093e+04% CPU
Identifying sites to remove: done in 0.000646167 secs using 2.128e+04% CPU
Identifying sites to remove: done in 0.000746951 secs using 1.943e+04% CPU
Identifying sites to remove: done in 0.000738703 secs using 1.681e+04% CPU
Identifying sites to remove: done in 0.000197202 secs using 348.9% CPU
Identifying sites to remove: done in 0.000296809 secs using 383.1% CPU
Identifying sites to remove: done in 0.000354588 secs using 181.9% CPU
Identifying sites to remove: done in 0.000262737 secs using 745.6% CPU
Identifying sites to remove: done in 0.000136562 secs using 151.6% CPU
Identifying sites to remove: done in 0.000323191 secs using 2119% CPU
Identifying sites to remove: done in 0.000173062 secs using 2092% CPU
Identifying sites to remove: done in 0.000323936 secs using 171.3% CPU
Identifying sites to remove: done in 0.000214465 secs using 1845% CPU
Identifying sites to remove: done in 0.000269055 secs using 6.279e+04% CPU
Identifying sites to remove: done in 0.000145175 secs using 181.9% CPU
Identifying sites to remove: done in 0.000299759 secs using 318.9% CPU
Identifying sites to remove: done in 0.000319816 secs using 207.3% CPU
Identifying sites to remove: done in 0.000280291 secs using 559.8% CPU
Identifying sites to remove: done in 0.000141025 secs using 1120% CPU
Identifying sites to remove: done in 0.00033398 secs using 1757% CPU
Identifying sites to remove: done in 0.000295468 secs using 1294% CPU
Identifying sites to remove: done in 0.000196449 secs using 1140% CPU
Identifying sites to remove: done in 0.000135034 secs using 242.2% CPU
Identifying sites to remove: done in 0.000269026 secs using 352.8% CPU
Identifying sites to remove: done in 0.00030826 secs using 98.94% CPU
Identifying sites to remove: done in 0.000287622 secs using 1918% CPU
Identifying sites to remove: done in 0.000260413 secs using 1210% CPU
Identifying sites to remove: done in 0.000297673 secs using 217.4% CPU
Identifying sites to remove: done in 0.000292882 secs using 99.02% CPU
Identifying sites to remove: done in 0.000294685 secs using 99.09% CPU
Identifying sites to remove: done in 0.000294775 secs using 1406% CPU
Identifying sites to remove: done in 0.000151001 secs using 136.4% CPU
Identifying sites to remove: done in 0.000194706 secs using 99.12% CPU
Identifying sites to remove: done in 0.000244901 secs using 99.22% CPU
Identifying sites to remove: done in 0.000121877 secs using 99.28% CPU
Identifying sites to remove: done in 0.000312343 secs using 786% CPU
Identifying sites to remove: done in 0.000247821 secs using 1064% CPU
Identifying sites to remove: done in 0.000410222 secs using 127.2% CPU
Identifying sites to remove: done in 0.000243947 secs using 1409% CPU
Identifying sites to remove: done in 0.000182964 secs using 98.93% CPU
Identifying sites to remove: done in 0.000319883 secs using 99.41% CPU
Identifying sites to remove: done in 0.000153124 secs using 98.61% CPU
Identifying sites to remove: done in 0.000241369 secs using 1201% CPU
Identifying sites to remove: done in 0.000431761 secs using 7763% CPU
Identifying sites to remove: done in 0.000465244 secs using 1848% CPU
Identifying sites to remove: done in 0.000541084 secs using 7715% CPU
Identifying sites to remove: done in 0.00051935 secs using 1627% CPU
Identifying sites to remove: done in 0.000595354 secs using 7343% CPU
Identifying sites to remove: done in 0.000628285 secs using 6565% CPU
Identifying sites to remove: done in 0.000646472 secs using 4190% CPU
Identifying sites to remove: done in 0.000643149 secs using 2478% CPU
Identifying sites to remove: done in 0.000652544 secs using 6515% CPU
Identifying sites to remove: done in 0.000634424 secs using 1981% CPU
Identifying sites to remove: done in 0.000766367 secs using 2.049e+04% CPU
Identifying sites to remove: done in 0.000801258 secs using 1.787e+04% CPU
Identifying sites to remove: done in 0.00081639 secs using 1.514e+04% CPU
Identifying sites to remove: done in 0.0008315 secs using 1.781e+04% CPU
Identifying sites to remove: done in 0.000829414 secs using 1.612e+04% CPU
Identifying sites to remove: done in 0.0008834 secs using 1.593e+04% CPU
Identifying sites to remove: done in 0.000877999 secs using 1.426e+04% CPU
Identifying sites to remove: done in 0.000884354 secs using 1.479e+04% CPU
Identifying sites to remove: done in 0.00088387 secs using 1.442e+04% CPU
Identifying sites to remove: done in 0.000399172 secs using 417.1% CPU
Identifying sites to remove: done in 0.000502445 secs using 303.3% CPU
Identifying sites to remove: done in 0.000462674 secs using 217.2% CPU
Identifying sites to remove: done in 0.000451006 secs using 99.33% CPU
Identifying sites to remove: done in 0.000259377 secs using 99.08% CPU
Identifying sites to remove: done in 0.000345878 secs using 318% CPU
Identifying sites to remove: done in 0.000314139 secs using 411.3% CPU
Identifying sites to remove: done in 0.00055895 secs using 377.5% CPU
Identifying sites to remove: done in 0.000614196 secs using 158.6% CPU
Identifying sites to remove: done in 0.000530444 secs using 99.73% CPU
Identifying sites to remove: done in 0.000485957 secs using 572.7% CPU
Identifying sites to remove: done in 0.000505403 secs using 660.7% CPU
Identifying sites to remove: done in 0.000588812 secs using 1169% CPU
Identifying sites to remove: done in 0.000291169 secs using 232.5% CPU
Identifying sites to remove: done in 0.000601217 secs using 691.3% CPU
Identifying sites to remove: done in 0.000313431 secs using 1589% CPU
Identifying sites to remove: done in 0.000301838 secs using 370.7% CPU
Identifying sites to remove: done in 0.000427827 secs using 405.5% CPU
Identifying sites to remove: done in 0.000618845 secs using 2.863e+04% CPU
Identifying sites to remove: done in 0.000594072 secs using 229.8% CPU
Identifying sites to remove: done in 0.000621021 secs using 745.5% CPU
Identifying sites to remove: done in 0.000607021 secs using 1039% CPU
Identifying sites to remove: done in 0.000661999 secs using 1122% CPU
Identifying sites to remove: done in 0.000527285 secs using 910.5% CPU
Identifying sites to remove: done in 0.000629731 secs using 515.6% CPU
Identifying sites to remove: done in 0.000609413 secs using 159.2% CPU
Identifying sites to remove: done in 0.000313088 secs using 99.01% CPU
Identifying sites to remove: done in 0.000632197 secs using 249.4% CPU
Identifying sites to remove: done in 0.000421122 secs using 426.2% CPU
Identifying sites to remove: done in 0.000195704 secs using 99.13% CPU
Identifying sites to remove: done in 0.000546165 secs using 599.3% CPU
Identifying sites to remove: done in 0.000490874 secs using 114.9% CPU
Identifying sites to remove: done in 0.000524022 secs using 411.8% CPU
Identifying sites to remove: done in 0.00030344 secs using 311.4% CPU
Identifying sites to remove: done in 0.000769585 secs using 460.5% CPU
Identifying sites to remove: done in 0.00067275 secs using 399.7% CPU
Identifying sites to remove: done in 0.000565335 secs using 318.7% CPU
Identifying sites to remove: done in 0.000259116 secs using 99.18% CPU
Identifying sites to remove: done in 0.000458315 secs using 3.007e+04% CPU
Identifying sites to remove: done in 0.000690967 secs using 3489% CPU
Identifying sites to remove: done in 0.000778705 secs using 2540% CPU
Identifying sites to remove: done in 0.000885718 secs using 1744% CPU
Identifying sites to remove: done in 0.000953063 secs using 4092% CPU
Identifying sites to remove: done in 0.000982277 secs using 3810% CPU
Identifying sites to remove: done in 0.000985727 secs using 2142% CPU
Identifying sites to remove: done in 0.000989124 secs using 2546% CPU
Identifying sites to remove: done in 0.00110276 secs using 4858% CPU
Identifying sites to remove: done in 0.0011037 secs using 5036% CPU
Identifying sites to remove: done in 0.00115605 secs using 2861% CPU
Identifying sites to remove: done in 0.00119103 secs using 4072% CPU
Identifying sites to remove: done in 0.00131328 secs using 3618% CPU
Identifying sites to remove: done in 0.00131698 secs using 4106% CPU
Identifying sites to remove: done in 0.0013589 secs using 9610% CPU
Identifying sites to remove: done in 0.00141583 secs using 1.129e+04% CPU
Identifying sites to remove: done in 0.00141271 secs using 1.025e+04% CPU
Identifying sites to remove: done in 0.00142755 secs using 1.028e+04% CPU
Identifying sites to remove: done in 0.00149213 secs using 1.03e+04% CPU
Identifying sites to remove: done in 0.00155399 secs using 8985% CPU
Identifying sites to remove: done in 0.000617281 secs using 365% CPU
Identifying sites to remove: done in 0.000838496 secs using 250.1% CPU
Identifying sites to remove: done in 0.000978775 secs using 273.5% CPU
Identifying sites to remove: done in 0.000828728 secs using 99.43% CPU
Identifying sites to remove: done in 0.000473119 secs using 99.55% CPU
Identifying sites to remove: done in 0.000666268 secs using 1397% CPU
Identifying sites to remove: done in 0.00059329 secs using 1181% CPU
Identifying sites to remove: done in 0.00111974 secs using 509.9% CPU
Identifying sites to remove: done in 0.00111086 secs using 293.3% CPU
Identifying sites to remove: done in 0.00092306 secs using 2.002e+04% CPU
Identifying sites to remove: done in 0.00106102 secs using 271.2% CPU
Identifying sites to remove: done in 0.000582553 secs using 421.2% CPU
Identifying sites to remove: done in 0.000519924 secs using 835.9% CPU
Identifying sites to remove: done in 0.000929452 secs using 799.8% CPU
Identifying sites to remove: done in 0.00118699 secs using 815% CPU
Identifying sites to remove: done in 0.000502922 secs using 930.6% CPU
Identifying sites to remove: done in 0.00116648 secs using 659.4% CPU
Identifying sites to remove: done in 0.00121583 secs using 687.4% CPU
Identifying sites to remove: done in 0.000728853 secs using 1103% CPU
Identifying sites to remove: done in 0.00112105 secs using 1.55e+04% CPU
Identifying sites to remove: done in 0.00112376 secs using 264.4% CPU
Identifying sites to remove: done in 0.00112066 secs using 791.1% CPU
Identifying sites to remove: done in 0.00119095 secs using 940.8% CPU
Identifying sites to remove: done in 0.00101232 secs using 861% CPU
Identifying sites to remove: done in 0.00118525 secs using 523.6% CPU
Identifying sites to remove: done in 0.00122556 secs using 1.463e+04% CPU
Identifying sites to remove: done in 0.000537254 secs using 99.58% CPU
Identifying sites to remove: done in 0.00113276 secs using 99.84% CPU
Identifying sites to remove: done in 0.000644587 secs using 566.1% CPU
Identifying sites to remove: done in 0.00095553 secs using 99.53% CPU
Identifying sites to remove: done in 0.000837676 secs using 99.8% CPU
Identifying sites to remove: done in 0.000559673 secs using 3.128e+04% CPU
Identifying sites to remove: done in 0.000535823 secs using 525% CPU
Identifying sites to remove: done in 0.00115813 secs using 559.3% CPU
Identifying sites to remove: done in 0.00149634 secs using 507.3% CPU
Identifying sites to remove: done in 0.000985369 secs using 421.7% CPU
Identifying sites to remove: done in 0.00084772 secs using 395.2% CPU
Identifying sites to remove: done in 0.000466608 secs using 3.098e+04% CPU
Identifying sites to remove: done in 0.000561826 secs using 583.5% CPU
Identifying sites to remove: done in 0.00080663 secs using 1.646e+04% CPU
Identifying sites to remove: done in 0.000868067 secs using 1.386e+04% CPU
Identifying sites to remove: done in 0.000949174 secs using 1.182e+04% CPU
Identifying sites to remove: done in 0.000970908 secs using 1.191e+04% CPU
Identifying sites to remove: done in 0.000987545 secs using 1.441e+04% CPU
Identifying sites to remove: done in 0.000982963 secs using 1.28e+04% CPU
Identifying sites to remove: done in 0.000999689 secs using 1.657e+04% CPU
Identifying sites to remove: done in 0.00113796 secs using 9704% CPU
Identifying sites to remove: done in 0.00122949 secs using 1.401e+04% CPU
Identifying sites to remove: done in 0.00125133 secs using 1.324e+04% CPU
Identifying sites to remove: done in 0.00126887 secs using 1.224e+04% CPU
Identifying sites to remove: done in 0.00127148 secs using 1.252e+04% CPU
Identifying sites to remove: done in 0.00130092 secs using 1.021e+04% CPU
Identifying sites to remove: done in 0.00135322 secs using 1.104e+04% CPU
Identifying sites to remove: done in 0.00134701 secs using 1.061e+04% CPU
Identifying sites to remove: done in 0.00135674 secs using 1.201e+04% CPU
Identifying sites to remove: done in 0.00141227 secs using 1.084e+04% CPU
Identifying sites to remove: done in 0.0014407 secs using 9493% CPU
Identifying sites to remove: done in 0.0016275 secs using 7643% CPU
Identifying sites to remove: done in 0.000553384 secs using 353.3% CPU
Identifying sites to remove: done in 0.000989668 secs using 294.3% CPU
Identifying sites to remove: done in 0.000859343 secs using 193.3% CPU
Identifying sites to remove: done in 0.000805788 secs using 99.78% CPU
Identifying sites to remove: done in 0.000446714 secs using 99.62% CPU
Identifying sites to remove: done in 0.00052914 secs using 520.7% CPU
Identifying sites to remove: done in 0.00102427 secs using 436.9% CPU
Identifying sites to remove: done in 0.00067389 secs using 421.7% CPU
Identifying sites to remove: done in 0.00104839 secs using 232% CPU
Identifying sites to remove: done in 0.000953823 secs using 511.9% CPU
Identifying sites to remove: done in 0.000914492 secs using 2.077e+04% CPU
Identifying sites to remove: done in 0.000515237 secs using 196.4% CPU
Identifying sites to remove: done in 0.00105961 secs using 557.1% CPU
Identifying sites to remove: done in 0.000957407 secs using 933.1% CPU
Identifying sites to remove: done in 0.00110079 secs using 955.5% CPU
Identifying sites to remove: done in 0.000504807 secs using 872% CPU
Identifying sites to remove: done in 0.00102291 secs using 1228% CPU
Identifying sites to remove: done in 0.000699557 secs using 747% CPU
Identifying sites to remove: done in 0.000448808 secs using 207.9% CPU
Identifying sites to remove: done in 0.000962913 secs using 245.5% CPU
Identifying sites to remove: done in 0.00102597 secs using 413.6% CPU
Identifying sites to remove: done in 0.000890747 secs using 602.8% CPU
Identifying sites to remove: done in 0.00103465 secs using 649% CPU
Identifying sites to remove: done in 0.00106534 secs using 718.4% CPU
Identifying sites to remove: done in 0.00110243 secs using 419.9% CPU
Identifying sites to remove: done in 0.00102279 secs using 99.63% CPU
Identifying sites to remove: done in 0.000508562 secs using 99.3% CPU
Identifying sites to remove: done in 0.00103319 secs using 1.788e+04% CPU
Identifying sites to remove: done in 0.000515342 secs using 99.55% CPU
Identifying sites to remove: done in 0.000867255 secs using 99.51% CPU
Identifying sites to remove: done in 0.00080426 secs using 99.84% CPU
Identifying sites to remove: done in 0.000524811 secs using 1284% CPU
Identifying sites to remove: done in 0.00087183 secs using 1.853e+04% CPU
Identifying sites to remove: done in 0.00143722 secs using 1.176e+04% CPU
Identifying sites to remove: done in 0.00116643 secs using 1.417e+04% CPU
Identifying sites to remove: done in 0.000452779 secs using 99.61% CPU
Identifying sites to remove: done in 0.000742294 secs using 99.69% CPU
Identifying sites to remove: done in 0.00044547 secs using 2.818e+04% CPU
Identifying sites to remove: done in 0.000505373 secs using 619.7% CPU
Identifying sites to remove: done in 0.000714406 secs using 2258% CPU
Identifying sites to remove: done in 0.000772588 secs using 2383% CPU
Identifying sites to remove: done in 0.00077495 secs using 2102% CPU
Identifying sites to remove: done in 0.000778608 secs using 2657% CPU
Identifying sites to remove: done in 0.000768498 secs using 1817% CPU
Identifying sites to remove: done in 0.000895694 secs using 2374% CPU
Identifying sites to remove: done in 0.000910997 secs using 3035% CPU
Identifying sites to remove: done in 0.00101699 secs using 2751% CPU
Identifying sites to remove: done in 0.00101448 secs using 2424% CPU
Identifying sites to remove: done in 0.00105096 secs using 1614% CPU
Identifying sites to remove: done in 0.00111269 secs using 1984% CPU
Identifying sites to remove: done in 0.00113215 secs using 2527% CPU
Identifying sites to remove: done in 0.0011716 secs using 2056% CPU
Identifying sites to remove: done in 0.00118738 secs using 2512% CPU
Identifying sites to remove: done in 0.00118436 secs using 2344% CPU
Identifying sites to remove: done in 0.0011906 secs using 2393% CPU
Identifying sites to remove: done in 0.00124578 secs using 1595% CPU
Identifying sites to remove: done in 0.00128266 secs using 2076% CPU
Identifying sites to remove: done in 0.00130484 secs using 1634% CPU
Identifying sites to remove: done in 0.000596635 secs using 102.2% CPU
Identifying sites to remove: done in 0.000804283 secs using 316.8% CPU
Identifying sites to remove: done in 0.000783212 secs using 201.6% CPU
Identifying sites to remove: done in 0.000678807 secs using 233.1% CPU
Identifying sites to remove: done in 0.000349209 secs using 199.9% CPU
Identifying sites to remove: done in 0.000706822 secs using 475.5% CPU
Identifying sites to remove: done in 0.000439048 secs using 1480% CPU
Identifying sites to remove: done in 0.000488281 secs using 803% CPU
Identifying sites to remove: done in 0.000842325 secs using 172.1% CPU
Identifying sites to remove: done in 0.000699937 secs using 2.616e+04% CPU
Identifying sites to remove: done in 0.000792876 secs using 269.8% CPU
Identifying sites to remove: done in 0.000849798 secs using 305% CPU
Identifying sites to remove: done in 0.00045225 secs using 184.4% CPU
Identifying sites to remove: done in 0.000841506 secs using 1354% CPU
Identifying sites to remove: done in 0.000426076 secs using 2009% CPU
Identifying sites to remove: done in 0.00087522 secs using 1395% CPU
Identifying sites to remove: done in 0.000697143 secs using 1105% CPU
Identifying sites to remove: done in 0.000555895 secs using 462% CPU
Identifying sites to remove: done in 0.000796787 secs using 1099% CPU
Identifying sites to remove: done in 0.000376187 secs using 245.9% CPU
Identifying sites to remove: done in 0.000795841 secs using 219% CPU
Identifying sites to remove: done in 0.000741221 secs using 2.344e+04% CPU
Identifying sites to remove: done in 0.000831388 secs using 275.8% CPU
Identifying sites to remove: done in 0.000831932 secs using 692.8% CPU
Identifying sites to remove: done in 0.00089471 secs using 389% CPU
Identifying sites to remove: done in 0.000922561 secs using 455.5% CPU
Identifying sites to remove: done in 0.000438944 secs using 164.7% CPU
Identifying sites to remove: done in 0.000898667 secs using 2.023e+04% CPU
Identifying sites to remove: done in 0.00054466 secs using 202% CPU
Identifying sites to remove: done in 0.000725754 secs using 311.8% CPU
Identifying sites to remove: done in 0.000729822 secs using 2.452e+04% CPU
Identifying sites to remove: done in 0.000992522 secs using 1.844e+04% CPU
Identifying sites to remove: done in 0.00100476 secs using 281.7% CPU
Identifying sites to remove: done in 0.00042481 secs using 448% CPU
Identifying sites to remove: done in 0.000681795 secs using 869.6% CPU
Identifying sites to remove: done in 0.000405952 secs using 117.7% CPU
Identifying sites to remove: done in 0.000707187 secs using 237.1% CPU
Identifying sites to remove: done in 0.000336953 secs using 755.3% CPU
Identifying sites to remove: done in 0.000541203 secs using 509.8% CPU
Identifying sites to remove: done in 0.000219651 secs using 3899% CPU
Identifying sites to remove: done in 0.000263758 secs using 4673% CPU
Identifying sites to remove: done in 0.000253163 secs using 752.5% CPU
Identifying sites to remove: done in 0.000264287 secs using 2033% CPU
Identifying sites to remove: done in 0.000262462 secs using 771.5% CPU
Identifying sites to remove: done in 0.000267394 secs using 785% CPU
Identifying sites to remove: done in 0.000260971 secs using 782.1% CPU
Identifying sites to remove: done in 0.00031101 secs using 732.8% CPU
Identifying sites to remove: done in 0.000274085 secs using 770.2% CPU
Identifying sites to remove: done in 0.000216298 secs using 3.927e+04% CPU
Identifying sites to remove: done in 0.000170581 secs using 274.4% CPU
Identifying sites to remove: done in 0.000248447 secs using 270.5% CPU
Identifying sites to remove: done in 0.000146754 secs using 98.8% CPU
Identifying sites to remove: done in 0.000201628 secs using 732.5% CPU
Identifying sites to remove: done in 0.000184856 secs using 888.3% CPU
Identifying sites to remove: done in 0.00014697 secs using 2064% CPU
Identifying sites to remove: done in 0.000203714 secs using 958.2% CPU
Identifying sites to remove: done in 0.000177324 secs using 211.5% CPU
Identifying sites to remove: done in 0.000116371 secs using 3500% CPU
Identifying sites to remove: done in 0.00020773 secs using 580.6% CPU
Identifying sites to remove: done in 0.000260539 secs using 1247% CPU
Identifying sites to remove: done in 0.000211567 secs using 2375% CPU
Identifying sites to remove: done in 0.000123329 secs using 2174% CPU
Identifying sites to remove: done in 0.000185512 secs using 2729% CPU
Identifying sites to remove: done in 0.00018239 secs using 168.9% CPU
Identifying sites to remove: done in 9.99868e-05 secs using 99.01% CPU
Identifying sites to remove: done in 0.000190541 secs using 3132% CPU
Identifying sites to remove: done in 0.000198029 secs using 1685% CPU
Identifying sites to remove: done in 0.000210211 secs using 239.3% CPU
Identifying sites to remove: done in 0.000216797 secs using 98.71% CPU
Identifying sites to remove: done in 0.000176266 secs using 99.28% CPU
Identifying sites to remove: done in 0.000160433 secs using 362.1% CPU
Identifying sites to remove: done in 0.000127494 secs using 134.9% CPU
Identifying sites to remove: done in 0.000188626 secs using 99.14% CPU
Identifying sites to remove: done in 0.000114873 secs using 1380% CPU
Identifying sites to remove: done in 0.000218429 secs using 150.2% CPU
Identifying sites to remove: done in 0.000118159 secs using 99.02% CPU
Identifying sites to remove: done in 0.000100635 secs using 98.38% CPU
Identifying sites to remove: done in 0.000167549 secs using 2764% CPU
Identifying sites to remove: done in 0.000184804 secs using 941.5% CPU
Identifying sites to remove: done in 0.000217579 secs using 8588% CPU
Identifying sites to remove: done in 0.000233255 secs using 6523% CPU
Identifying sites to remove: done in 0.000251085 secs using 3103% CPU
Identifying sites to remove: done in 0.000255689 secs using 6865% CPU
Identifying sites to remove: done in 0.000317037 secs using 4507% CPU
Identifying sites to remove: done in 0.00031922 secs using 4030% CPU
Identifying sites to remove: done in 0.000330985 secs using 2069% CPU
Identifying sites to remove: done in 0.000334531 secs using 4993% CPU
Identifying sites to remove: done in 0.000349499 secs using 3351% CPU
Identifying sites to remove: done in 0.00038112 secs using 1342% CPU
Identifying sites to remove: done in 0.000394858 secs using 2668% CPU
Identifying sites to remove: done in 0.000203751 secs using 645.9% CPU
Identifying sites to remove: done in 0.000132114 secs using 261.1% CPU
Identifying sites to remove: done in 0.00023587 secs using 347.2% CPU
Identifying sites to remove: done in 0.000190347 secs using 99.29% CPU
Identifying sites to remove: done in 0.000117198 secs using 2281% CPU
Identifying sites to remove: done in 0.000219613 secs using 581.9% CPU
Identifying sites to remove: done in 0.000143364 secs using 163.2% CPU
Identifying sites to remove: done in 0.000194035 secs using 1858% CPU
Identifying sites to remove: done in 0.000218026 secs using 1613% CPU
Identifying sites to remove: done in 0.000238173 secs using 2159% CPU
Identifying sites to remove: done in 0.000167325 secs using 1079% CPU
Identifying sites to remove: done in 0.000208288 secs using 927.6% CPU
Identifying sites to remove: done in 0.000154682 secs using 275.4% CPU
Identifying sites to remove: done in 0.000145592 secs using 145.6% CPU
Identifying sites to remove: done in 0.000187546 secs using 488.9% CPU
Identifying sites to remove: done in 0.000246674 secs using 161.8% CPU
Identifying sites to remove: done in 0.000241444 secs using 258.9% CPU
Identifying sites to remove: done in 0.000138216 secs using 148.3% CPU
Identifying sites to remove: done in 0.000191331 secs using 965.3% CPU
Identifying sites to remove: done in 0.000192575 secs using 2291% CPU
Identifying sites to remove: done in 0.000243731 secs using 2690% CPU
Identifying sites to remove: done in 0.000198245 secs using 2434% CPU
Identifying sites to remove: done in 0.000161342 secs using 1745% CPU
Identifying sites to remove: done in 0.000189602 secs using 2056% CPU
Identifying sites to remove: done in 0.000259548 secs using 790.6% CPU
Identifying sites to remove: done in 0.000313349 secs using 234.9% CPU
Identifying sites to remove: done in 0.000125825 secs using 1957% CPU
Identifying sites to remove: done in 0.000182405 secs using 251.6% CPU
Identifying sites to remove: done in 0.000246637 secs using 744.8% CPU
Identifying sites to remove: done in 0.000584505 secs using 4286% CPU
Identifying sites to remove: done in 0.000618994 secs using 3434% CPU
Identifying sites to remove: done in 0.000826366 secs using 3888% CPU
Identifying sites to remove: done in 0.000917919 secs using 3059% CPU
Identifying sites to remove: done in 0.000961393 secs using 3430% CPU
Identifying sites to remove: done in 0.00096225 secs using 1934% CPU
Identifying sites to remove: done in 0.000964031 secs using 2170% CPU
Identifying sites to remove: done in 0.000974476 secs using 2623% CPU
Identifying sites to remove: done in 0.00107753 secs using 1715% CPU
Identifying sites to remove: done in 0.0010811 secs using 2855% CPU
Identifying sites to remove: done in 0.00112356 secs using 1904% CPU
Identifying sites to remove: done in 0.0011259 secs using 2305% CPU
Identifying sites to remove: done in 0.0011854 secs using 1651% CPU
Identifying sites to remove: done in 0.00120723 secs using 2204% CPU
Identifying sites to remove: done in 0.00123241 secs using 2885% CPU
Identifying sites to remove: done in 0.00123018 secs using 1531% CPU
Identifying sites to remove: done in 0.00123271 secs using 2532% CPU
Identifying sites to remove: done in 0.00128452 secs using 2008% CPU
Identifying sites to remove: done in 0.000517644 secs using 398% CPU
Identifying sites to remove: done in 0.000945814 secs using 316.6% CPU
Identifying sites to remove: done in 0.000659414 secs using 137.8% CPU
Identifying sites to remove: done in 0.000783905 secs using 99.88% CPU
Identifying sites to remove: done in 0.000949845 secs using 925.8% CPU
Identifying sites to remove: done in 0.000726126 secs using 2.605e+04% CPU
Identifying sites to remove: done in 0.000594757 secs using 209.3% CPU
Identifying sites to remove: done in 0.00123294 secs using 1.512e+04% CPU
Identifying sites to remove: done in 0.00100811 secs using 846.7% CPU
Identifying sites to remove: done in 0.000977837 secs using 1028% CPU
Identifying sites to remove: done in 0.000455268 secs using 357.4% CPU
Identifying sites to remove: done in 0.00108036 secs using 1069% CPU
Identifying sites to remove: done in 0.00101481 secs using 902.7% CPU
Identifying sites to remove: done in 0.000611581 secs using 2.948e+04% CPU
Identifying sites to remove: done in 0.00116114 secs using 1.566e+04% CPU
Identifying sites to remove: done in 0.000672325 secs using 2.63e+04% CPU
Identifying sites to remove: done in 0.00100761 secs using 111.7% CPU
Identifying sites to remove: done in 0.00049419 secs using 916.2% CPU
Identifying sites to remove: done in 0.00112607 secs using 1409% CPU
Identifying sites to remove: done in 0.00120496 secs using 1253% CPU
Identifying sites to remove: done in 0.00114147 secs using 695% CPU
Identifying sites to remove: done in 0.00126678 secs using 988.8% CPU
Identifying sites to remove: done in 0.00111796 secs using 363.5% CPU
Identifying sites to remove: done in 0.00109009 secs using 1.615e+04% CPU
Identifying sites to remove: done in 0.00111295 secs using 1.546e+04% CPU
Identifying sites to remove: done in 0.000477321 secs using 174.7% CPU
Identifying sites to remove: done in 0.00106379 secs using 99.83% CPU
Identifying sites to remove: done in 0.000778042 secs using 99.74% CPU
Identifying sites to remove: done in 0.00100938 secs using 340.6% CPU
Identifying sites to remove: done in 0.000841469 secs using 118.2% CPU
Identifying sites to remove: done in 0.000517495 secs using 2374% CPU
Identifying sites to remove: done in 0.000520773 secs using 3.295e+04% CPU
Identifying sites to remove: done in 0.000948824 secs using 1.859e+04% CPU
Identifying sites to remove: done in 0.00132418 secs using 446.3% CPU
Identifying sites to remove: done in 0.00103516 secs using 111.3% CPU
Identifying sites to remove: done in 0.000379242 secs using 1540% CPU
Identifying sites to remove: done in 0.0011346 secs using 996.2% CPU
Identifying sites to remove: done in 0.000650637 secs using 3311% CPU
Identifying sites to remove: done in 0.000834428 secs using 4644% CPU
Identifying sites to remove: done in 0.00095959 secs using 5979% CPU
Identifying sites to remove: done in 0.00100624 secs using 3003% CPU
Identifying sites to remove: done in 0.00106796 secs using 1637% CPU
Identifying sites to remove: done in 0.00111128 secs using 3648% CPU
Identifying sites to remove: done in 0.0011132 secs using 3390% CPU
Identifying sites to remove: done in 0.00115532 secs using 3326% CPU
Identifying sites to remove: done in 0.00115202 secs using 2110% CPU
Identifying sites to remove: done in 0.00133979 secs using 1.2e+04% CPU
Identifying sites to remove: done in 0.00141119 secs using 1.203e+04% CPU
Identifying sites to remove: done in 0.00141357 secs using 1.163e+04% CPU
Identifying sites to remove: done in 0.00147635 secs using 1.172e+04% CPU
Identifying sites to remove: done in 0.00153095 secs using 9131% CPU
Identifying sites to remove: done in 0.00155284 secs using 1.134e+04% CPU
Identifying sites to remove: done in 0.00162389 secs using 1.036e+04% CPU
Identifying sites to remove: done in 0.00163674 secs using 9091% CPU
Identifying sites to remove: done in 0.0017439 secs using 8893% CPU
Identifying sites to remove: done in 0.00188112 secs using 7814% CPU
Identifying sites to remove: done in 0.000659227 secs using 469.8% CPU
Identifying sites to remove: done in 0.00092157 secs using 312.7% CPU
Identifying sites to remove: done in 0.00107349 secs using 189.8% CPU
Identifying sites to remove: done in 0.000842847 secs using 99.78% CPU
Identifying sites to remove: done in 0.000560075 secs using 2068% CPU
Identifying sites to remove: done in 0.000755668 secs using 850.6% CPU
Identifying sites to remove: done in 0.00135002 secs using 1.439e+04% CPU
Identifying sites to remove: done in 0.001237 secs using 1.524e+04% CPU
Identifying sites to remove: done in 0.00135505 secs using 1.339e+04% CPU
Identifying sites to remove: done in 0.000994593 secs using 163% CPU
Identifying sites to remove: done in 0.0011052 secs using 99.89% CPU
Identifying sites to remove: done in 0.00100202 secs using 447.4% CPU
Identifying sites to remove: done in 0.00119561 secs using 1474% CPU
Identifying sites to remove: done in 0.00072588 secs using 2.397e+04% CPU
Identifying sites to remove: done in 0.000745803 secs using 2.282e+04% CPU
Identifying sites to remove: done in 0.00141946 secs using 1.267e+04% CPU
Identifying sites to remove: done in 0.00129344 secs using 487.8% CPU
Identifying sites to remove: done in 0.000547573 secs using 839.9% CPU
Identifying sites to remove: done in 0.000746109 secs using 532.5% CPU
Identifying sites to remove: done in 0.00127994 secs using 542.4% CPU
Identifying sites to remove: done in 0.00117568 secs using 449.9% CPU
Identifying sites to remove: done in 0.00125513 secs using 994.4% CPU
Identifying sites to remove: done in 0.00108603 secs using 1.587e+04% CPU
Identifying sites to remove: done in 0.00125033 secs using 1.411e+04% CPU
Identifying sites to remove: done in 0.00128639 secs using 1.313e+04% CPU
Identifying sites to remove: done in 0.00121377 secs using 416.1% CPU
Identifying sites to remove: done in 0.00122663 secs using 320.1% CPU
Identifying sites to remove: done in 0.000564486 secs using 99.38% CPU
Identifying sites to remove: done in 0.001229 secs using 1.418e+04% CPU
Identifying sites to remove: done in 0.000591077 secs using 99.82% CPU
Identifying sites to remove: done in 0.000997618 secs using 99.54% CPU
Identifying sites to remove: done in 0.000914343 secs using 374.8% CPU
Identifying sites to remove: done in 0.000613213 secs using 2.627e+04% CPU
Identifying sites to remove: done in 0.00149433 secs using 1.147e+04% CPU
Identifying sites to remove: done in 0.000548452 secs using 511.4% CPU
Identifying sites to remove: done in 0.00102501 secs using 644.6% CPU
Identifying sites to remove: done in 0.00130742 secs using 487.8% CPU
Identifying sites to remove: done in 0.000855029 secs using 836% CPU
Identifying sites to remove: done in 0.000459656 secs using 1728% CPU
Identifying sites to remove: done in 0.000581034 secs using 684% CPU
Identifying sites to remove: done in 0.000758581 secs using 2984% CPU
Identifying sites to remove: done in 0.000858456 secs using 3148% CPU
Identifying sites to remove: done in 0.000922769 secs using 1.177e+04% CPU
Identifying sites to remove: done in 0.000981964 secs using 1.399e+04% CPU
Identifying sites to remove: done in 0.000979252 secs using 1.37e+04% CPU
Identifying sites to remove: done in 0.000969328 secs using 1.122e+04% CPU
Identifying sites to remove: done in 0.00105757 secs using 1.209e+04% CPU
Identifying sites to remove: done in 0.00109757 secs using 1.394e+04% CPU
Identifying sites to remove: done in 0.00112515 secs using 1.332e+04% CPU
Identifying sites to remove: done in 0.00118797 secs using 1.209e+04% CPU
Identifying sites to remove: done in 0.00117413 secs using 1.035e+04% CPU
Identifying sites to remove: done in 0.00118156 secs using 8922% CPU
Identifying sites to remove: done in 0.00136023 secs using 1.148e+04% CPU
Identifying sites to remove: done in 0.00138433 secs using 1.015e+04% CPU
Identifying sites to remove: done in 0.0013914 secs using 1.055e+04% CPU
Identifying sites to remove: done in 0.00143602 secs using 1.109e+04% CPU
Identifying sites to remove: done in 0.00144437 secs using 8633% CPU
Identifying sites to remove: done in 0.00152391 secs using 8599% CPU
Identifying sites to remove: done in 0.00156055 secs using 7173% CPU
Identifying sites to remove: done in 0.000548393 secs
Identifying sites to remove: done in 0.000911087 secs
Identifying sites to remove: done in 0.000805326 secs
Identifying sites to remove: done in 0.000741675 secs using 99.5% CPU
Identifying sites to remove: done in 0.000893936 secs using 665% CPU
Identifying sites to remove: done in 0.000652328 secs using 330.8% CPU
Identifying sites to remove: done in 0.000790067 secs using 495% CPU
Identifying sites to remove: done in 0.00121744 secs using 467.2% CPU
Identifying sites to remove: done in 0.00090009 secs using 202.6% CPU
Identifying sites to remove: done in 0.00109848 secs using 1.722e+04% CPU
Identifying sites to remove: done in 0.000895016 secs using 703.2% CPU
Identifying sites to remove: done in 0.00106366 secs using 741.8% CPU
Identifying sites to remove: done in 0.000602029 secs using 803% CPU
Identifying sites to remove: done in 0.00118281 secs using 776.7% CPU
Identifying sites to remove: done in 0.000614293 secs using 815.2% CPU
Identifying sites to remove: done in 0.000737406 secs using 2.318e+04% CPU
Identifying sites to remove: done in 0.000477009 secs using 420.7% CPU
Identifying sites to remove: done in 0.00102848 secs using 352.5% CPU
Identifying sites to remove: done in 0.000977844 secs using 180.1% CPU
Identifying sites to remove: done in 0.0011018 secs using 1.675e+04% CPU
Identifying sites to remove: done in 0.000966378 secs using 1.849e+04% CPU
Identifying sites to remove: done in 0.00105301 secs using 385.7% CPU
Identifying sites to remove: done in 0.00106315 secs using 352.5% CPU
Identifying sites to remove: done in 0.00107712 secs using 379.1% CPU
Identifying sites to remove: done in 0.00104555 secs using 389.6% CPU
Identifying sites to remove: done in 0.0010316 secs using 112.3% CPU
Identifying sites to remove: done in 0.00050924 secs using 99.56% CPU
Identifying sites to remove: done in 0.00100205 secs using 99.8% CPU
Identifying sites to remove: done in 0.000527643 secs using 99.5% CPU
Identifying sites to remove: done in 0.000879757 secs using 99.46% CPU
Identifying sites to remove: done in 0.000820607 secs using 2.115e+04% CPU
Identifying sites to remove: done in 0.000490129 secs using 99.57% CPU
Identifying sites to remove: done in 0.000863656 secs using 626.6% CPU
Identifying sites to remove: done in 0.00135667 secs using 1.199e+04% CPU
Identifying sites to remove: done in 0.00115567 secs using 1.351e+04% CPU
Identifying sites to remove: done in 0.000525109 secs using 163% CPU
Identifying sites to remove: done in 0.000923648 secs using 1.385e+04% CPU
Identifying sites to remove: done in 0.000447661 secs using 99.18% CPU
Identifying sites to remove: done in 0.000527896 secs using 1.861e+04% CPU
Identifying sites to remove: done in 0.000652753 secs using 2597% CPU
Identifying sites to remove: done in 0.000734784 secs using 4041% CPU
Identifying sites to remove: done in 0.000737675 secs using 4052% CPU
Identifying sites to remove: done in 0.000805221 secs using 5543% CPU
Identifying sites to remove: done in 0.000823051 secs using 2152% CPU
Identifying sites to remove: done in 0.000850782 secs using 1646% CPU
Identifying sites to remove: done in 0.000900999 secs using 3350% CPU
Identifying sites to remove: done in 0.000925004 secs using 2455% CPU
Identifying sites to remove: done in 0.000942864 secs using 3886% CPU
Identifying sites to remove: done in 0.00100836 secs using 4487% CPU
Identifying sites to remove: done in 0.00106854 secs using 1738% CPU
Identifying sites to remove: done in 0.00115626 secs using 2670% CPU
Identifying sites to remove: done in 0.00117649 secs using 3811% CPU
Identifying sites to remove: done in 0.00117787 secs using 4275% CPU
Identifying sites to remove: done in 0.00121581 secs using 3550% CPU
Identifying sites to remove: done in 0.00123607 secs using 3353% CPU
Identifying sites to remove: done in 0.00127335 secs using 2182% CPU
Identifying sites to remove: done in 0.0013078 secs using 2903% CPU
Identifying sites to remove: done in 0.00136919 secs using 2243% CPU
Identifying sites to remove: done in 0.000480965 secs using 537.3% CPU
Identifying sites to remove: done in 0.000712804 secs using 1.936e+04% CPU
Identifying sites to remove: done in 0.000845462 secs using 1.622e+04% CPU
Identifying sites to remove: done in 0.00061436 secs using 99.78% CPU
Identifying sites to remove: done in 0.000772938 secs using 281.4% CPU
Identifying sites to remove: done in 0.000472203 secs using 1281% CPU
Identifying sites to remove: done in 0.000803299 secs using 711.1% CPU
Identifying sites to remove: done in 0.00063815 secs using 567.1% CPU
Identifying sites to remove: done in 0.000991538 secs using 235% CPU
Identifying sites to remove: done in 0.000717334 secs using 2.535e+04% CPU
Identifying sites to remove: done in 0.000842981 secs using 2.149e+04% CPU
Identifying sites to remove: done in 0.000423335 secs using 804.3% CPU
Identifying sites to remove: done in 0.000866525 secs using 724.4% CPU
Identifying sites to remove: done in 0.000493117 secs using 597.4% CPU
Identifying sites to remove: done in 0.000972584 secs using 610.3% CPU
Identifying sites to remove: done in 0.000792235 secs using 365.5% CPU
Identifying sites to remove: done in 0.000377372 secs using 749.9% CPU
Identifying sites to remove: done in 0.000901192 secs using 502.7% CPU
Identifying sites to remove: done in 0.000541799 secs using 690.3% CPU
Identifying sites to remove: done in 0.000848688 secs using 580.9% CPU
Identifying sites to remove: done in 0.00095056 secs using 1.807e+04% CPU
Identifying sites to remove: done in 0.000887223 secs using 408.6% CPU
Identifying sites to remove: done in 0.000773266 secs using 200.7% CPU
Identifying sites to remove: done in 0.000895336 secs using 316.9% CPU
Identifying sites to remove: done in 0.000886902 secs using 743.3% CPU
Identifying sites to remove: done in 0.000908554 secs using 501.6% CPU
Identifying sites to remove: done in 0.000866883 secs using 255.9% CPU
Identifying sites to remove: done in 0.000438906 secs using 152.2% CPU
Identifying sites to remove: done in 0.000489295 secs using 564.7% CPU
Identifying sites to remove: done in 0.000818707 secs using 1.773e+04% CPU
Identifying sites to remove: done in 0.000684209 secs using 99.09% CPU
Identifying sites to remove: done in 0.000432052 secs using 211.5% CPU
Identifying sites to remove: done in 0.00114251 secs using 1262% CPU
Identifying sites to remove: done in 0.000738829 secs using 2.163e+04% CPU
Identifying sites to remove: done in 0.00101689 secs using 1.614e+04% CPU
Identifying sites to remove: done in 0.000483342 secs using 259.2% CPU
Identifying sites to remove: done in 0.000814974 secs using 735% CPU
Identifying sites to remove: done in 0.000344224 secs using 1965% CPU
Identifying sites to remove: done in 0.000423528 secs using 1007% CPU
Identifying sites to remove: done in 0.00071957 secs using 4508% CPU
Identifying sites to remove: done in 0.000803255 secs using 1.448e+04% CPU
Identifying sites to remove: done in 0.000818774 secs using 1.462e+04% CPU
Identifying sites to remove: done in 0.000801891 secs using 1.368e+04% CPU
Identifying sites to remove: done in 0.000865273 secs using 1.538e+04% CPU
Identifying sites to remove: done in 0.000974685 secs using 1.332e+04% CPU
Identifying sites to remove: done in 0.000976123 secs using 1.294e+04% CPU
Identifying sites to remove: done in 0.000988886 secs using 1.445e+04% CPU
Identifying sites to remove: done in 0.00107075 secs using 1.055e+04% CPU
Identifying sites to remove: done in 0.00108021 secs using 1.201e+04% CPU
Identifying sites to remove: done in 0.00119307 secs using 1.225e+04% CPU
Identifying sites to remove: done in 0.00122073 secs using 1.251e+04% CPU
Identifying sites to remove: done in 0.00130623 secs using 1.218e+04% CPU
Identifying sites to remove: done in 0.00132821 secs using 1.125e+04% CPU
Identifying sites to remove: done in 0.00132971 secs using 1.172e+04% CPU
Identifying sites to remove: done in 0.00135561 secs using 9075% CPU
Identifying sites to remove: done in 0.00138734 secs using 1.007e+04% CPU
Identifying sites to remove: done in 0.00142839 secs using 9547% CPU
Identifying sites to remove: done in 0.00158841 secs using 7329% CPU
Identifying sites to remove: done in 0.000613011 secs using 317% CPU
Identifying sites to remove: done in 0.000796989 secs using 220.6% CPU
Identifying sites to remove: done in 0.000955828 secs using 294.3% CPU
Identifying sites to remove: done in 0.000455491 secs using 1342% CPU
Identifying sites to remove: done in 0.000668339 secs using 383.5% CPU
Identifying sites to remove: done in 0.000885531 secs using 588.7% CPU
Identifying sites to remove: done in 0.000781529 secs using 231% CPU
Identifying sites to remove: done in 0.000572287 secs using 1404% CPU
Identifying sites to remove: done in 0.000742555 secs using 2.282e+04% CPU
Identifying sites to remove: done in 0.000901803 secs using 1.869e+04% CPU
Identifying sites to remove: done in 0.000406504 secs using 798.5% CPU
Identifying sites to remove: done in 0.00087741 secs using 578.6% CPU
Identifying sites to remove: done in 0.000439562 secs using 651.6% CPU
Identifying sites to remove: done in 0.000786513 secs using 723.8% CPU
Identifying sites to remove: done in 0.000853799 secs using 783.9% CPU
Identifying sites to remove: done in 0.000671536 secs using 1158% CPU
Identifying sites to remove: done in 0.000414558 secs using 1667% CPU
Identifying sites to remove: done in 0.000793993 secs using 1248% CPU
Identifying sites to remove: done in 0.000825256 secs using 1555% CPU
Identifying sites to remove: done in 0.000581689 secs using 1473% CPU
Identifying sites to remove: done in 0.00085225 secs using 1614% CPU
Identifying sites to remove: done in 0.000830285 secs using 1215% CPU
Identifying sites to remove: done in 0.000742711 secs using 1043% CPU
Identifying sites to remove: done in 0.00082536 secs using 1020% CPU
Identifying sites to remove: done in 0.000816427 secs using 1028% CPU
Identifying sites to remove: done in 0.000426166 secs using 1673% CPU
Identifying sites to remove: done in 0.00069122 secs using 732.3% CPU
Identifying sites to remove: done in 0.000837609 secs using 1018% CPU
Identifying sites to remove: done in 0.00083942 secs using 1.86e+04% CPU
Identifying sites to remove: done in 0.000556216 secs using 2.719e+04% CPU
Identifying sites to remove: done in 0.000660233 secs using 334.6% CPU
Identifying sites to remove: done in 0.000852168 secs using 384.9% CPU
Identifying sites to remove: done in 0.000433497 secs using 167.7% CPU
Identifying sites to remove: done in 0.000652812 secs using 456.3% CPU
Identifying sites to remove: done in 0.000514768 secs using 693.1% CPU
Identifying sites to remove: done in 0.00034526 secs using 99.64% CPU
Identifying sites to remove: done in 0.00060343 secs using 881.5% CPU
Identifying sites to remove: done in 0.000442564 secs using 3165% CPU
Identifying sites to remove: done in 0.000433065 secs using 852.3% CPU
Identifying sites to remove: done in 0.000894554 secs using 3380% CPU
Identifying sites to remove: done in 0.000927903 secs using 1961% CPU
Identifying sites to remove: done in 0.000971168 secs using 3628% CPU
Identifying sites to remove: done in 0.00108565 secs using 2943% CPU
Identifying sites to remove: done in 0.00114613 secs using 1771% CPU
Identifying sites to remove: done in 0.00128108 secs using 2217% CPU
Identifying sites to remove: done in 0.00137214 secs using 1962% CPU
Identifying sites to remove: done in 0.00147677 secs using 2211% CPU
Identifying sites to remove: done in 0.00147497 secs using 1794% CPU
Identifying sites to remove: done in 0.00147977 secs using 2634% CPU
Identifying sites to remove: done in 0.00163157 secs using 2552% CPU
Identifying sites to remove: done in 0.00165604 secs using 2670% CPU
Identifying sites to remove: done in 0.00164019 secs using 1469% CPU
Identifying sites to remove: done in 0.00173625 secs using 2129% CPU
Identifying sites to remove: done in 0.00175846 secs using 1974% CPU
Identifying sites to remove: done in 0.00176636 secs using 1460% CPU
Identifying sites to remove: done in 0.00179414 secs using 1804% CPU
Identifying sites to remove: done in 0.00191384 secs using 2034% CPU
Identifying sites to remove: done in 0.000772461 secs using 433.7% CPU
Identifying sites to remove: done in 0.00114568 secs using 1.251e+04% CPU
Identifying sites to remove: done in 0.00105132 secs using 1.347e+04% CPU
Identifying sites to remove: done in 0.000948586 secs using 99.83% CPU
Identifying sites to remove: done in 0.000881627 secs using 279.5% CPU
Identifying sites to remove: done in 0.000770025 secs using 408.2% CPU
Identifying sites to remove: done in 0.00176269 secs using 629.4% CPU
Identifying sites to remove: done in 0.0013466 secs using 495.5% CPU
Identifying sites to remove: done in 0.00171036 secs using 543.5% CPU
Identifying sites to remove: done in 0.0015716 secs using 1.157e+04% CPU
Identifying sites to remove: done in 0.00160077 secs using 288.2% CPU
Identifying sites to remove: done in 0.00134186 secs using 331.1% CPU
Identifying sites to remove: done in 0.00126943 secs using 172% CPU
Identifying sites to remove: done in 0.0016835 secs using 1.086e+04% CPU
Identifying sites to remove: done in 0.000800006 secs using 355.7% CPU
Identifying sites to remove: done in 0.00168467 secs using 698.7% CPU
Identifying sites to remove: done in 0.000725068 secs using 1092% CPU
Identifying sites to remove: done in 0.000822142 secs using 720.2% CPU
Identifying sites to remove: done in 0.00109342 secs using 864.1% CPU
Identifying sites to remove: done in 0.00169788 secs using 1.056e+04% CPU
Identifying sites to remove: done in 0.0016158 secs using 1.093e+04% CPU
Identifying sites to remove: done in 0.00162682 secs using 1.13e+04% CPU
Identifying sites to remove: done in 0.0013541 secs using 1.317e+04% CPU
Identifying sites to remove: done in 0.00171562 secs using 1.064e+04% CPU
Identifying sites to remove: done in 0.00176124 secs using 1.008e+04% CPU
Identifying sites to remove: done in 0.00159913 secs using 289% CPU
Identifying sites to remove: done in 0.00167261 secs using 229.2% CPU
Identifying sites to remove: done in 0.000708088 secs using 99.56% CPU
Identifying sites to remove: done in 0.000710718 secs using 198.4% CPU
Identifying sites to remove: done in 0.00159295 secs using 324.1% CPU
Identifying sites to remove: done in 0.00122199 secs using 196% CPU
Identifying sites to remove: done in 0.000673316 secs using 99.51% CPU
Identifying sites to remove: done in 0.00125795 secs using 526.3% CPU
Identifying sites to remove: done in 0.00174715 secs using 470.1% CPU
Identifying sites to remove: done in 0.000760935 secs using 534.3% CPU
Identifying sites to remove: done in 0.00140186 secs using 155.6% CPU
Identifying sites to remove: done in 0.00136671 secs using 8598% CPU
Identifying sites to remove: done in 0.000550658 secs using 541.2% CPU
Identifying sites to remove: done in 0.000732727 secs using 99.63% CPU
Identifying sites to remove: done in 0.000966117 secs using 262.9% CPU
Identifying sites to remove: done in 0.000703454 secs using 2025% CPU
Identifying sites to remove: done in 0.000763021 secs using 1686% CPU
Identifying sites to remove: done in 0.000829987 secs using 1663% CPU
Identifying sites to remove: done in 0.000850134 secs using 1717% CPU
Identifying sites to remove: done in 0.000870101 secs using 1708% CPU
Identifying sites to remove: done in 0.000908196 secs using 1704% CPU
Identifying sites to remove: done in 0.000912018 secs using 1683% CPU
Identifying sites to remove: done in 0.000998318 secs using 1869% CPU
Identifying sites to remove: done in 0.00101981 secs using 1631% CPU
Identifying sites to remove: done in 0.00122029 secs using 2373% CPU
Identifying sites to remove: done in 0.00122327 secs using 2196% CPU
Identifying sites to remove: done in 0.00124592 secs using 1990% CPU
Identifying sites to remove: done in 0.00118163 secs using 1478% CPU
Identifying sites to remove: done in 0.00128252 secs using 1831% CPU
Identifying sites to remove: done in 0.00130193 secs using 2490% CPU
Identifying sites to remove: done in 0.00129777 secs using 1438% CPU
Identifying sites to remove: done in 0.00141449 secs using 2318% CPU
Identifying sites to remove: done in 0.00154564 secs using 1308% CPU
Identifying sites to remove: done in 0.000593551 secs using 1.375e+04% CPU
Identifying sites to remove: done in 0.000765383 secs using 1.061e+04% CPU
Identifying sites to remove: done in 0.000923239 secs using 8675% CPU
Identifying sites to remove: done in 0.000656277 secs using 99.2% CPU
Identifying sites to remove: done in 0.00055813 secs using 935.8% CPU
Identifying sites to remove: done in 0.000435345 secs using 966.6% CPU
Identifying sites to remove: done in 0.000925548 secs using 1086% CPU
Identifying sites to remove: done in 0.00111493 secs using 738.2% CPU
Identifying sites to remove: done in 0.000959322 secs using 219.8% CPU
Identifying sites to remove: done in 0.000825301 secs using 2.144e+04% CPU
Identifying sites to remove: done in 0.000935674 secs using 1.934e+04% CPU
Identifying sites to remove: done in 0.000937231 secs using 567.9% CPU
Identifying sites to remove: done in 0.000841536 secs using 462.7% CPU
Identifying sites to remove: done in 0.000495777 secs using 699.1% CPU
Identifying sites to remove: done in 0.00048095 secs using 1257% CPU
Identifying sites to remove: done in 0.000971332 secs using 319.7% CPU
Identifying sites to remove: done in 0.00049448 secs using 277.7% CPU
Identifying sites to remove: done in 0.00103068 secs using 1.682e+04% CPU
Identifying sites to remove: done in 0.000640891 secs using 2.568e+04% CPU
Identifying sites to remove: done in 0.000991575 secs using 1.706e+04% CPU
Identifying sites to remove: done in 0.000950292 secs using 248.9% CPU
Identifying sites to remove: done in 0.000953928 secs using 99.48% CPU
Identifying sites to remove: done in 0.00094597 secs using 743.3% CPU
Identifying sites to remove: done in 0.00093995 secs using 524% CPU
Identifying sites to remove: done in 0.000901259 secs using 620.9% CPU
Identifying sites to remove: done in 0.000989988 secs using 1.763e+04% CPU
Identifying sites to remove: done in 0.00100361 secs using 1.702e+04% CPU
Identifying sites to remove: done in 0.000452176 secs using 99.3% CPU
Identifying sites to remove: done in 0.000472561 secs using 99.67% CPU
Identifying sites to remove: done in 0.000815444 secs using 99.33% CPU
Identifying sites to remove: done in 0.000740461 secs using 564% CPU
Identifying sites to remove: done in 0.000489123 secs using 601.3% CPU
Identifying sites to remove: done in 0.00122008 secs using 464.3% CPU
Identifying sites to remove: done in 0.00107549 secs using 434% CPU
Identifying sites to remove: done in 0.000797115 secs using 1371% CPU
Identifying sites to remove: done in 0.000448547 secs using 169.2% CPU
Identifying sites to remove: done in 0.000743665 secs using 1.865e+04% CPU
Identifying sites to remove: done in 0.000394903 secs using 1164% CPU
Identifying sites to remove: done in 0.000880666 secs using 1182% CPU
Identifying sites to remove: done in 0.000463203 secs using 237.9% CPU
Identifying sites to remove: done in 0.000474215 secs using 2.323e+04% CPU
Identifying sites to remove: done in 0.000515208 secs using 2.151e+04% CPU
Identifying sites to remove: done in 0.000523627 secs using 2.397e+04% CPU
Identifying sites to remove: done in 0.000544317 secs using 2.638e+04% CPU
Identifying sites to remove: done in 0.000519529 secs using 2.205e+04% CPU
Identifying sites to remove: done in 0.000644915 secs using 1.902e+04% CPU
Identifying sites to remove: done in 0.000743426 secs using 1.855e+04% CPU
Identifying sites to remove: done in 0.000752628 secs using 1.882e+04% CPU
Identifying sites to remove: done in 0.000715591 secs using 1.569e+04% CPU
Identifying sites to remove: done in 0.000724383 secs using 1.6e+04% CPU
Identifying sites to remove: done in 0.000787817 secs using 1.892e+04% CPU
Identifying sites to remove: done in 0.00090804 secs using 1.492e+04% CPU
Identifying sites to remove: done in 0.000969447 secs using 1.364e+04% CPU
Identifying sites to remove: done in 0.000964195 secs using 1.181e+04% CPU
Identifying sites to remove: done in 0.0010198 secs using 1.192e+04% CPU
Identifying sites to remove: done in 0.00037615 secs using 99.16% CPU
Identifying sites to remove: done in 0.000449218 secs using 99.06% CPU
Identifying sites to remove: done in 0.000237934 secs using 2602% CPU
Identifying sites to remove: done in 0.000404805 secs using 232.7% CPU
Identifying sites to remove: done in 0.000436768 secs using 887.7% CPU
Identifying sites to remove: done in 0.000404753 secs using 99.32% CPU
Identifying sites to remove: done in 0.000295639 secs using 99.45% CPU
Identifying sites to remove: done in 0.000228472 secs using 488.5% CPU
Identifying sites to remove: done in 0.000498101 secs using 705.1% CPU
Identifying sites to remove: done in 0.000280462 secs using 784.1% CPU
Identifying sites to remove: done in 0.000219531 secs using 1282% CPU
Identifying sites to remove: done in 0.000476085 secs using 1701% CPU
Identifying sites to remove: done in 0.000442162 secs using 1481% CPU
Identifying sites to remove: done in 0.000404775 secs using 1721% CPU
Identifying sites to remove: done in 0.000209212 secs using 1369% CPU
Identifying sites to remove: done in 0.000429027 secs using 883.6% CPU
Identifying sites to remove: done in 0.000476077 secs using 1171% CPU
Identifying sites to remove: done in 0.000425816 secs using 207.8% CPU
Identifying sites to remove: done in 0.000403792 secs using 1498% CPU
Identifying sites to remove: done in 0.000452131 secs using 830.5% CPU
Identifying sites to remove: done in 0.000445552 secs using 227.4% CPU
Identifying sites to remove: done in 0.000221282 secs using 1766% CPU
Identifying sites to remove: done in 0.000490904 secs using 3.33e+04% CPU
Identifying sites to remove: done in 0.000359058 secs using 516.9% CPU
Identifying sites to remove: done in 0.000407107 secs using 395.5% CPU
Identifying sites to remove: done in 0.000353925 secs using 191.8% CPU
Identifying sites to remove: done in 0.00046958 secs using 575.8% CPU
Identifying sites to remove: done in 0.000594988 secs using 178.2% CPU
Identifying sites to remove: done in 0.000236697 secs using 99.28% CPU
Identifying sites to remove: done in 0.000370041 secs using 99.72% CPU
Identifying sites to remove: done in 0.000287071 secs using 204.1% CPU
Identifying sites to remove: done in 0.000330038 secs using 213.9% CPU
Identifying sites to remove: done in 0.000470899 secs using 441.5% CPU
Identifying sites to remove: done in 0.000333719 secs using 463.9% CPU
Identifying sites to remove: done in 0.000190116 secs using 198.8% CPU
Identifying sites to remove: done in 0.000247777 secs using 790.6% CPU
Identifying sites to remove: done in 0.000329755 secs using 978.6% CPU
Identifying sites to remove: done in 0.000863068 secs using 1733% CPU
Identifying sites to remove: done in 0.000893548 secs using 1778% CPU
Identifying sites to remove: done in 0.000951469 secs using 1742% CPU
Identifying sites to remove: done in 0.00122377 secs using 1680% CPU
Identifying sites to remove: done in 0.00125545 secs using 1699% CPU
Identifying sites to remove: done in 0.00127985 secs using 1697% CPU
Identifying sites to remove: done in 0.00135457 secs using 1645% CPU
Identifying sites to remove: done in 0.00141992 secs using 1621% CPU
Identifying sites to remove: done in 0.00148363 secs using 1605% CPU
Identifying sites to remove: done in 0.00143629 secs using 1608% CPU
Identifying sites to remove: done in 0.0014617 secs using 1610% CPU
Identifying sites to remove: done in 0.00159102 secs using 1530% CPU
Identifying sites to remove: done in 0.00161757 secs using 1523% CPU
Identifying sites to remove: done in 0.00168521 secs using 1503% CPU
Identifying sites to remove: done in 0.00168453 secs using 1524% CPU
Identifying sites to remove: done in 0.00175095 secs using 1514% CPU
Identifying sites to remove: done in 0.00172696 secs using 1526% CPU
Identifying sites to remove: done in 0.0017949 secs using 1522% CPU
Identifying sites to remove: done in 0.000773184 secs using 370.7% CPU
Identifying sites to remove: done in 0.000808783 secs using 185.2% CPU
Identifying sites to remove: done in 0.000914373 secs using 99.85% CPU
Identifying sites to remove: done in 0.000900336 secs using 2.143e+04% CPU
Identifying sites to remove: done in 0.000725076 secs using 402.3% CPU
Identifying sites to remove: done in 0.00157659 secs using 478.1% CPU
Identifying sites to remove: done in 0.00156812 secs using 649.8% CPU
Identifying sites to remove: done in 0.00125368 secs using 612% CPU
Identifying sites to remove: done in 0.00164059 secs using 1.104e+04% CPU
Identifying sites to remove: done in 0.00068967 secs using 112.8% CPU
Identifying sites to remove: done in 0.00124104 secs using 465.9% CPU
Identifying sites to remove: done in 0.00121868 secs using 688.7% CPU
Identifying sites to remove: done in 0.000706136 secs using 753.1% CPU
Identifying sites to remove: done in 0.00167165 secs using 1.105e+04% CPU
Identifying sites to remove: done in 0.00066907 secs using 320% CPU
Identifying sites to remove: done in 0.00169951 secs using 1.059e+04% CPU
Identifying sites to remove: done in 0.00102518 secs using 378.2% CPU
Identifying sites to remove: done in 0.00079114 secs using 147.3% CPU
Identifying sites to remove: done in 0.00148104 secs using 487% CPU
Identifying sites to remove: done in 0.00159293 secs using 1.15e+04% CPU
Identifying sites to remove: done in 0.00155249 secs using 609% CPU
Identifying sites to remove: done in 0.00156882 secs using 567% CPU
Identifying sites to remove: done in 0.00132208 secs using 741% CPU
Identifying sites to remove: done in 0.00174401 secs using 1.026e+04% CPU
Identifying sites to remove: done in 0.00160721 secs using 1.084e+04% CPU
Identifying sites to remove: done in 0.00163335 secs using 1.046e+04% CPU
Identifying sites to remove: done in 0.00068263 secs using 99.61% CPU
Identifying sites to remove: done in 0.00153431 secs using 319.2% CPU
Identifying sites to remove: done in 0.00132925 secs using 194.1% CPU
Identifying sites to remove: done in 0.00115397 secs using 99.83% CPU
Identifying sites to remove: done in 0.00122042 secs using 1.4e+04% CPU
Identifying sites to remove: done in 0.0010612 secs using 99.7% CPU
Identifying sites to remove: done in 0.00113332 secs using 1.426e+04% CPU
Identifying sites to remove: done in 0.000693955 secs using 239.2% CPU
Identifying sites to remove: done in 0.00169909 secs using 216.6% CPU
Identifying sites to remove: done in 0.00132491 secs using 346.5% CPU
Identifying sites to remove: done in 0.00108653 secs using 1.337e+04% CPU
Identifying sites to remove: done in 0.00108654 secs using 554.2% CPU
Identifying sites to remove: done in 0.000551753 secs using 187.6% CPU
Identifying sites to remove: done in 0.000727236 secs using 264% CPU
Identifying sites to remove: done in 0.000354476 secs using 1870% CPU
Identifying sites to remove: done in 0.00045079 secs using 2353% CPU
Identifying sites to remove: done in 0.000359915 secs using 1574% CPU
Identifying sites to remove: done in 0.000493042 secs using 2593% CPU
Identifying sites to remove: done in 0.000441521 secs using 1762% CPU
Identifying sites to remove: done in 0.00048659 secs using 1660% CPU
Identifying sites to remove: done in 0.000494257 secs using 1733% CPU
Identifying sites to remove: done in 0.000512943 secs using 1973% CPU
Identifying sites to remove: done in 0.000598997 secs using 1966% CPU
Identifying sites to remove: done in 0.000600293 secs using 1498% CPU
Identifying sites to remove: done in 0.000588156 secs using 1476% CPU
Identifying sites to remove: done in 0.000574596 secs using 1451% CPU
Identifying sites to remove: done in 0.000587255 secs using 1461% CPU
Identifying sites to remove: done in 0.000740707 secs using 1368% CPU
Identifying sites to remove: done in 0.000694633 secs using 1388% CPU
Identifying sites to remove: done in 0.000754312 secs using 1254% CPU
Identifying sites to remove: done in 0.000754125 secs using 1262% CPU
Identifying sites to remove: done in 0.000878319 secs using 1311% CPU
Identifying sites to remove: done in 0.000356369 secs using 560.1% CPU
Identifying sites to remove: done in 0.000335366 secs using 486.9% CPU
Identifying sites to remove: done in 0.000418678 secs using 281.1% CPU
Identifying sites to remove: done in 0.000298396 secs using 99.2% CPU
Identifying sites to remove: done in 0.000299864 secs using 99.38% CPU
Identifying sites to remove: done in 0.000224054 secs using 588.3% CPU
Identifying sites to remove: done in 0.000469647 secs using 323.4% CPU
Identifying sites to remove: done in 0.000457242 secs using 205.8% CPU
Identifying sites to remove: done in 0.00028275 secs using 612.6% CPU
Identifying sites to remove: done in 0.000370823 secs using 589.5% CPU
Identifying sites to remove: done in 0.000362158 secs using 650.8% CPU
Identifying sites to remove: done in 0.000200652 secs using 140% CPU
Identifying sites to remove: done in 0.000359222 secs using 492.7% CPU
Identifying sites to remove: done in 0.000385851 secs using 1653% CPU
Identifying sites to remove: done in 0.000379711 secs using 2347% CPU
Identifying sites to remove: done in 0.000322759 secs using 3726% CPU
Identifying sites to remove: done in 0.000239201 secs using 1644% CPU
Identifying sites to remove: done in 0.000373058 secs using 2576% CPU
Identifying sites to remove: done in 0.000211634 secs using 345.4% CPU
Identifying sites to remove: done in 0.000481658 secs using 1504% CPU
Identifying sites to remove: done in 0.000173673 secs using 99.61% CPU
Identifying sites to remove: done in 0.000383109 secs using 2109% CPU
Identifying sites to remove: done in 0.00038255 secs using 4.065e+04% CPU
Identifying sites to remove: done in 0.000414208 secs using 3.848e+04% CPU
Identifying sites to remove: done in 0.000396885 secs using 99.53% CPU
Identifying sites to remove: done in 0.000390403 secs using 99.38% CPU
Identifying sites to remove: done in 0.000324525 secs using 1202% CPU
Identifying sites to remove: done in 0.000206769 secs using 1188% CPU
Identifying sites to remove: done in 0.000332758 secs using 1924% CPU
Identifying sites to remove: done in 0.00039877 secs using 718% CPU
Identifying sites to remove: done in 0.000462659 secs using 163.4% CPU
Identifying sites to remove: done in 0.000302717 secs using 1196% CPU
Identifying sites to remove: done in 0.000438109 secs using 965.5% CPU
Identifying sites to remove: done in 0.000503138 secs using 146.3% CPU
Identifying sites to remove: done in 0.000320993 secs using 761.1% CPU
Identifying sites to remove: done in 0.00022728 secs using 128.5% CPU
Identifying sites to remove: done in 0.000319779 secs using 98.82% CPU
Identifying sites to remove: done in 0.00037878 secs using 757.7% CPU
Identifying sites to remove: done in 0.000189081 secs using 98.9% CPU
Identifying sites to remove: done in 0.000312142 secs using 240.6% CPU
Identifying sites to remove: done in 0.000406936 secs using 5811% CPU
Identifying sites to remove: done in 0.000373729 secs using 1746% CPU
Identifying sites to remove: done in 0.000471294 secs using 2287% CPU
Identifying sites to remove: done in 0.00055787 secs using 5145% CPU
Identifying sites to remove: done in 0.000469998 secs using 1773% CPU
Identifying sites to remove: done in 0.00058452 secs using 1619% CPU
Identifying sites to remove: done in 0.00061322 secs using 5749% CPU
Identifying sites to remove: done in 0.000629582 secs using 6105% CPU
Identifying sites to remove: done in 0.000608161 secs using 3923% CPU
Identifying sites to remove: done in 0.000596724 secs using 3036% CPU
Identifying sites to remove: done in 0.000700176 secs using 2310% CPU
Identifying sites to remove: done in 0.000719473 secs using 3067% CPU
Identifying sites to remove: done in 0.000559486 secs using 1701% CPU
Identifying sites to remove: done in 0.000579171 secs using 1681% CPU
Identifying sites to remove: done in 0.000561595 secs using 1704% CPU
Identifying sites to remove: done in 0.000548996 secs using 1691% CPU
Identifying sites to remove: done in 0.00071203 secs using 4686% CPU
Identifying sites to remove: done in 0.00069081 secs using 1480% CPU
Identifying sites to remove: done in 0.000856161 secs using 1288% CPU
Identifying sites to remove: done in 0.000382483 secs using 350.1% CPU
Identifying sites to remove: done in 0.000512652 secs using 1.476e+04% CPU
Identifying sites to remove: done in 0.000380427 secs using 138% CPU
Identifying sites to remove: done in 0.000377178 secs using 99.42% CPU
Identifying sites to remove: done in 0.000261657 secs using 1465% CPU
Identifying sites to remove: done in 0.000485748 secs using 1459% CPU
Identifying sites to remove: done in 0.000442274 secs using 790.2% CPU
Identifying sites to remove: done in 0.00057631 secs using 996.9% CPU
Identifying sites to remove: done in 0.000359282 secs using 308.7% CPU
Identifying sites to remove: done in 0.000218742 secs using 1752% CPU
Identifying sites to remove: done in 0.000529997 secs using 2704% CPU
Identifying sites to remove: done in 0.000512041 secs using 2735% CPU
Identifying sites to remove: done in 0.000530541 secs using 1611% CPU
Identifying sites to remove: done in 0.000412457 secs using 459.2% CPU
Identifying sites to remove: done in 0.000235118 secs using 380.7% CPU
Identifying sites to remove: done in 0.000526063 secs using 997.6% CPU
Identifying sites to remove: done in 0.00032331 secs using 308.4% CPU
Identifying sites to remove: done in 0.00028462 secs using 323.6% CPU
Identifying sites to remove: done in 0.000515409 secs using 643.2% CPU
Identifying sites to remove: done in 0.000474639 secs using 888% CPU
Identifying sites to remove: done in 0.000497609 secs using 767.7% CPU
Identifying sites to remove: done in 0.000485577 secs using 977.8% CPU
Identifying sites to remove: done in 0.000425376 secs using 694.7% CPU
Identifying sites to remove: done in 0.000507995 secs using 789% CPU
Identifying sites to remove: done in 0.000499323 secs using 811.5% CPU
Identifying sites to remove: done in 0.000242449 secs using 834.8% CPU
Identifying sites to remove: done in 0.000512347 secs using 137.2% CPU
Identifying sites to remove: done in 0.000486195 secs using 99.75% CPU
Identifying sites to remove: done in 0.000282891 secs using 6.252e+04% CPU
Identifying sites to remove: done in 0.000486746 secs using 3.573e+04% CPU
Identifying sites to remove: done in 0.000385806 secs using 281.7% CPU
Identifying sites to remove: done in 0.000378795 secs using 310.7% CPU
Identifying sites to remove: done in 0.00047195 secs using 138.8% CPU
Identifying sites to remove: done in 0.000482991 secs using 99.59% CPU
Identifying sites to remove: done in 0.000387311 secs using 99.66% CPU
Identifying sites to remove: done in 0.000212044 secs using 99.04% CPU
Identifying sites to remove: done in 0.000238121 secs using 913.8% CPU
Identifying sites to remove: done in 0.000380315 secs using 1012% CPU
Identifying sites to remove: done in 0.000201464 secs using 1641% CPU
Identifying sites to remove: done in 0.000674672 secs using 4450% CPU
Identifying sites to remove: done in 0.000786655 secs using 1827% CPU
Identifying sites to remove: done in 0.000931844 secs using 1761% CPU
Identifying sites to remove: done in 0.00110941 secs using 4100% CPU
Identifying sites to remove: done in 0.0011204 secs using 2190% CPU
Identifying sites to remove: done in 0.00107852 secs using 1760% CPU
Identifying sites to remove: done in 0.00115892 secs using 1920% CPU
Identifying sites to remove: done in 0.00117248 secs using 1703% CPU
Identifying sites to remove: done in 0.00125564 secs using 2494% CPU
Identifying sites to remove: done in 0.00117671 secs using 1708% CPU
Identifying sites to remove: done in 0.00126995 secs using 2677% CPU
Identifying sites to remove: done in 0.00132754 secs using 3218% CPU
Identifying sites to remove: done in 0.00135545 secs using 1605% CPU
Identifying sites to remove: done in 0.00133894 secs using 8333% CPU
Identifying sites to remove: done in 0.00151382 secs using 7974% CPU
Identifying sites to remove: done in 0.00156249 secs using 8251% CPU
Identifying sites to remove: done in 0.00152355 secs using 7395% CPU
Identifying sites to remove: done in 0.00150976 secs using 7434% CPU
Identifying sites to remove: done in 0.0017338 secs using 7933% CPU
Identifying sites to remove: done in 0.00069268 secs using 384.4% CPU
Identifying sites to remove: done in 0.000741586 secs using 216.6% CPU
Identifying sites to remove: done in 0.00112705 secs using 279.7% CPU
Identifying sites to remove: done in 0.000711925 secs using 99.87% CPU
Identifying sites to remove: done in 0.000801787 secs using 616.9% CPU
Identifying sites to remove: done in 0.000753686 secs using 947.6% CPU
Identifying sites to remove: done in 0.00147119 secs using 748.8% CPU
Identifying sites to remove: done in 0.00114945 secs using 296.5% CPU
Identifying sites to remove: done in 0.00147381 secs using 433.2% CPU
Identifying sites to remove: done in 0.00133828 secs using 230.9% CPU
Identifying sites to remove: done in 0.00114154 secs using 148.9% CPU
Identifying sites to remove: done in 0.00112055 secs using 434.3% CPU
Identifying sites to remove: done in 0.00149693 secs using 1.248e+04% CPU
Identifying sites to remove: done in 0.000717133 secs using 293.4% CPU
Identifying sites to remove: done in 0.00060273 secs using 882% CPU
Identifying sites to remove: done in 0.00141498 secs using 501.8% CPU
Identifying sites to remove: done in 0.000933409 secs using 755.5% CPU
Identifying sites to remove: done in 0.000778556 secs using 620.5% CPU
Identifying sites to remove: done in 0.00141793 secs using 214.7% CPU
Identifying sites to remove: done in 0.00140731 secs using 1.299e+04% CPU
Identifying sites to remove: done in 0.00109974 secs using 728.8% CPU
Identifying sites to remove: done in 0.00143069 secs using 559% CPU
Identifying sites to remove: done in 0.00116878 secs using 279% CPU
Identifying sites to remove: done in 0.001433 secs using 421.8% CPU
Identifying sites to remove: done in 0.00144096 secs using 1.233e+04% CPU
Identifying sites to remove: done in 0.00144778 secs using 158% CPU
Identifying sites to remove: done in 0.000644058 secs using 225.8% CPU
Identifying sites to remove: done in 0.00140324 secs using 117.2% CPU
Identifying sites to remove: done in 0.000892222 secs using 266.9% CPU
Identifying sites to remove: done in 0.00105503 secs using 99.62% CPU
Identifying sites to remove: done in 0.000980243 secs using 242.2% CPU
Identifying sites to remove: done in 0.00101171 secs using 686.2% CPU
Identifying sites to remove: done in 0.000650451 secs using 190.2% CPU
Identifying sites to remove: done in 0.00159314 secs using 9909% CPU
Identifying sites to remove: done in 0.00131396 secs using 226.6% CPU
Identifying sites to remove: done in 0.00057169 secs using 99.35% CPU
Identifying sites to remove: done in 0.000940397 secs using 1.375e+04% CPU
Identifying sites to remove: done in 0.000514828 secs using 522.3% CPU
Identifying sites to remove: done in 0.000662096 secs using 896.5% CPU
Identifying sites to remove: done in 0.000654489 secs using 2.677e+04% CPU
Identifying sites to remove: done in 0.000845499 secs using 1.677e+04% CPU
Identifying sites to remove: done in 0.000891417 secs using 1.765e+04% CPU
Identifying sites to remove: done in 0.000896789 secs using 1.879e+04% CPU
Identifying sites to remove: done in 0.000911444 secs using 2.091e+04% CPU
Identifying sites to remove: done in 0.000955723 secs using 1.926e+04% CPU
Identifying sites to remove: done in 0.000930637 secs using 1.461e+04% CPU
Identifying sites to remove: done in 0.0010419 secs using 1.668e+04% CPU
Identifying sites to remove: done in 0.00102369 secs using 1.301e+04% CPU
Identifying sites to remove: done in 0.00108213 secs using 1.202e+04% CPU
Identifying sites to remove: done in 0.00103533 secs using 1.502e+04% CPU
Identifying sites to remove: done in 0.00103924 secs using 1.603e+04% CPU
Identifying sites to remove: done in 0.00111549 secs using 1.698e+04% CPU
Identifying sites to remove: done in 0.00119562 secs using 1.185e+04% CPU
Identifying sites to remove: done in 0.00120884 secs using 1.359e+04% CPU
Identifying sites to remove: done in 0.00120191 secs using 1.273e+04% CPU
Identifying sites to remove: done in 0.00128379 secs using 1.54e+04% CPU
Identifying sites to remove: done in 0.00134231 secs using 1.338e+04% CPU
Identifying sites to remove: done in 0.00146775 secs using 1.027e+04% CPU
Identifying sites to remove: done in 0.000490792 secs using 366.3% CPU
Identifying sites to remove: done in 0.000982895 secs using 280.4% CPU
Identifying sites to remove: done in 0.000598453 secs using 187.7% CPU
Identifying sites to remove: done in 0.000534847 secs using 99.28% CPU
Identifying sites to remove: done in 0.000694737 secs using 1161% CPU
Identifying sites to remove: done in 0.000495568 secs using 2509% CPU
Identifying sites to remove: done in 0.000919931 secs using 2.076e+04% CPU
Identifying sites to remove: done in 0.000636458 secs using 2.927e+04% CPU
Identifying sites to remove: done in 0.000909075 secs using 2.01e+04% CPU
Identifying sites to remove: done in 0.000688888 secs using 364.8% CPU
Identifying sites to remove: done in 0.000801429 secs using 488.1% CPU
Identifying sites to remove: done in 0.000833876 secs using 532.5% CPU
Identifying sites to remove: done in 0.000749268 secs using 1123% CPU
Identifying sites to remove: done in 0.000461482 secs using 3.974e+04% CPU
Identifying sites to remove: done in 0.000975147 secs using 1.873e+04% CPU
Identifying sites to remove: done in 0.000580862 secs using 528.7% CPU
Identifying sites to remove: done in 0.000524499 secs using 554.4% CPU
Identifying sites to remove: done in 0.000888631 secs using 398.1% CPU
Identifying sites to remove: done in 0.000843376 secs using 311.7% CPU
Identifying sites to remove: done in 0.000380158 secs using 130.5% CPU
Identifying sites to remove: done in 0.000847779 secs using 99.79% CPU
Identifying sites to remove: done in 0.000897162 secs using 2.057e+04% CPU
Identifying sites to remove: done in 0.000814512 secs using 2.23e+04% CPU
Identifying sites to remove: done in 0.000756882 secs using 2.347e+04% CPU
Identifying sites to remove: done in 0.000838429 secs using 153% CPU
Identifying sites to remove: done in 0.000857465 secs using 384% CPU
Identifying sites to remove: done in 0.000424914 secs using 117.2% CPU
Identifying sites to remove: done in 0.000847295 secs using 99.85% CPU
Identifying sites to remove: done in 0.000740558 secs using 99.25% CPU
Identifying sites to remove: done in 0.000640973 secs using 227.8% CPU
Identifying sites to remove: done in 0.000733189 secs using 174.4% CPU
Identifying sites to remove: done in 0.00113613 secs using 1174% CPU
Identifying sites to remove: done in 0.000920258 secs using 876.9% CPU
Identifying sites to remove: done in 0.000802293 secs using 2.048e+04% CPU
Identifying sites to remove: done in 0.000374444 secs using 231% CPU
Identifying sites to remove: done in 0.000415578 secs using 3.751e+04% CPU
Identifying sites to remove: done in 0.000659384 secs using 568.1% CPU
Identifying sites to remove: done in 0.00035467 secs using 842.8% CPU
Identifying sites to remove: done in 0.000418589 secs using 740.8% CPU
Identifying sites to remove: done in 0.000284202 secs using 3923% CPU
Identifying sites to remove: done in 0.000345275 secs using 5701% CPU
Identifying sites to remove: done in 0.000420056 secs using 6263% CPU
Identifying sites to remove: done in 0.00043004 secs using 7482% CPU
Identifying sites to remove: done in 0.000430807 secs using 7037% CPU
Identifying sites to remove: done in 0.000420071 secs using 5817% CPU
Identifying sites to remove: done in 0.000417262 secs using 4472% CPU
Identifying sites to remove: done in 0.000477962 secs using 1208% CPU
Identifying sites to remove: done in 0.000503719 secs using 5769% CPU
Identifying sites to remove: done in 0.000485741 secs using 3175% CPU
Identifying sites to remove: done in 0.000603557 secs using 1656% CPU
Identifying sites to remove: done in 0.000485748 secs using 2391% CPU
Identifying sites to remove: done in 0.00061433 secs using 2936% CPU
Identifying sites to remove: done in 0.000688449 secs using 3506% CPU
Identifying sites to remove: done in 0.000740379 secs using 1230% CPU
Identifying sites to remove: done in 0.000346713 secs using 156.9% CPU
Identifying sites to remove: done in 0.000507861 secs using 99.63% CPU
Identifying sites to remove: done in 0.000367433 secs using 4.39e+04% CPU
Identifying sites to remove: done in 0.000280678 secs using 99.05% CPU
Identifying sites to remove: done in 0.000367291 secs using 99.38% CPU
Identifying sites to remove: done in 0.000287205 secs using 99.23% CPU
Identifying sites to remove: done in 0.000245281 secs using 1597% CPU
Identifying sites to remove: done in 0.000336923 secs using 2134% CPU
Identifying sites to remove: done in 0.000191048 secs using 292.6% CPU
Identifying sites to remove: done in 0.00021223 secs using 99.42% CPU
Identifying sites to remove: done in 0.000300072 secs using 537.2% CPU
Identifying sites to remove: done in 0.00030423 secs using 503.9% CPU
Identifying sites to remove: done in 0.000289194 secs using 445% CPU
Identifying sites to remove: done in 0.000297263 secs using 420.2% CPU
Identifying sites to remove: done in 0.000188492 secs using 126.8% CPU
Identifying sites to remove: done in 0.000314265 secs using 99.6% CPU
Identifying sites to remove: done in 0.00024841 secs using 806.3% CPU
Identifying sites to remove: done in 0.000186265 secs using 182.5% CPU
Identifying sites to remove: done in 0.000315659 secs using 99.47% CPU
Identifying sites to remove: done in 0.000281677 secs using 1444% CPU
Identifying sites to remove: done in 0.000359438 secs using 212% CPU
Identifying sites to remove: done in 0.00032118 secs using 336.6% CPU
Identifying sites to remove: done in 0.000556923 secs using 114.9% CPU
Identifying sites to remove: done in 0.000164934 secs using 98.22% CPU
Identifying sites to remove: done in 0.000454463 secs using 739.8% CPU
Identifying sites to remove: done in 0.000261739 secs using 156.3% CPU
Identifying sites to remove: done in 0.000159338 secs using 98.53% CPU
Identifying sites to remove: done in 0.000250481 secs using 99.41% CPU
Identifying sites to remove: done in 0.000370361 secs using 1.103e+04% CPU
Identifying sites to remove: done in 0.00045497 secs using 2216% CPU
Identifying sites to remove: done in 0.000546701 secs using 5975% CPU
Identifying sites to remove: done in 0.000552438 secs using 8233% CPU
Identifying sites to remove: done in 0.000561267 secs using 2342% CPU
Identifying sites to remove: done in 0.000582986 secs using 3009% CPU
Identifying sites to remove: done in 0.000675268 secs using 7081% CPU
Identifying sites to remove: done in 0.000675246 secs using 4617% CPU
Identifying sites to remove: done in 0.000676908 secs using 6283% CPU
Identifying sites to remove: done in 0.000669882 secs using 1526% CPU
Identifying sites to remove: done in 0.000725582 secs using 5571% CPU
Identifying sites to remove: done in 0.000748724 secs using 3322% CPU
Identifying sites to remove: done in 0.000752956 secs using 3705% CPU
Identifying sites to remove: done in 0.00075607 secs using 5018% CPU
Identifying sites to remove: done in 0.000753112 secs using 2408% CPU
Identifying sites to remove: done in 0.000783309 secs using 2154% CPU
Identifying sites to remove: done in 0.000839718 secs using 3827% CPU
Identifying sites to remove: done in 0.000825718 secs using 1684% CPU
Identifying sites to remove: done in 0.000879459 secs using 2698% CPU
Identifying sites to remove: done in 0.000346728 secs using 425.7% CPU
Identifying sites to remove: done in 0.000541665 secs using 2.098e+04% CPU
Identifying sites to remove: done in 0.000451788 secs using 99.16% CPU
Identifying sites to remove: done in 0.00039012 secs using 99.2% CPU
Identifying sites to remove: done in 0.000317708 secs using 2278% CPU
Identifying sites to remove: done in 0.000306934 secs using 1430% CPU
Identifying sites to remove: done in 0.000514664 secs using 1597% CPU
Identifying sites to remove: done in 0.000586577 secs using 3.084e+04% CPU
Identifying sites to remove: done in 0.000508562 secs using 3.473e+04% CPU
Identifying sites to remove: done in 0.000568785 secs using 120.3% CPU
Identifying sites to remove: done in 0.000423223 secs using 733.2% CPU
Identifying sites to remove: done in 0.000451989 secs using 503.3% CPU
Identifying sites to remove: done in 0.000518888 secs using 208.9% CPU
Identifying sites to remove: done in 0.000270031 secs using 852.9% CPU
Identifying sites to remove: done in 0.000473768 secs using 1222% CPU
Identifying sites to remove: done in 0.000356339 secs using 419% CPU
Identifying sites to remove: done in 0.000267304 secs using 1293% CPU
Identifying sites to remove: done in 0.000531159 secs using 1255% CPU
Identifying sites to remove: done in 0.000309117 secs using 158.5% CPU
Identifying sites to remove: done in 0.000501499 secs using 232.5% CPU
Identifying sites to remove: done in 0.000519566 secs using 1603% CPU
Identifying sites to remove: done in 0.00047382 secs using 3.646e+04% CPU
Identifying sites to remove: done in 0.000516504 secs using 3.275e+04% CPU
Identifying sites to remove: done in 0.00060086 secs using 2.757e+04% CPU
Identifying sites to remove: done in 0.000553355 secs using 298.9% CPU
Identifying sites to remove: done in 0.000568792 secs using 309.4% CPU
Identifying sites to remove: done in 0.000296779 secs using 1132% CPU
Identifying sites to remove: done in 0.000556052 secs using 125.9% CPU
Identifying sites to remove: done in 0.000464775 secs using 3.921e+04% CPU
Identifying sites to remove: done in 0.000477269 secs using 99.32% CPU
Identifying sites to remove: done in 0.000315316 secs using 304.5% CPU
Identifying sites to remove: done in 0.000483431 secs using 1073% CPU
Identifying sites to remove: done in 0.000506222 secs using 1406% CPU
Identifying sites to remove: done in 0.000660613 secs using 616.4% CPU
Identifying sites to remove: done in 0.000587597 secs using 796.5% CPU
Identifying sites to remove: done in 0.000341088 secs using 99.09% CPU
Identifying sites to remove: done in 0.000270039 secs using 203.3% CPU
Identifying sites to remove: done in 0.000529759 secs using 1309% CPU
Identifying sites to remove: done in 0.000377417 secs using 99.09% CPU
Identifying sites to remove: done in 0.000540346 secs using 2128% CPU
Identifying sites to remove: done in 0.000696398 secs using 1791% CPU
Identifying sites to remove: done in 0.00074546 secs using 1734% CPU
Identifying sites to remove: done in 0.000861257 secs using 1771% CPU
Identifying sites to remove: done in 0.000897206 secs using 1831% CPU
Identifying sites to remove: done in 0.000910714 secs using 1894% CPU
Identifying sites to remove: done in 0.000918418 secs using 1602% CPU
Identifying sites to remove: done in 0.00100828 secs using 1692% CPU
Identifying sites to remove: done in 0.00100765 secs using 1610% CPU
Identifying sites to remove: done in 0.00102285 secs using 1752% CPU
Identifying sites to remove: done in 0.000986546 secs using 1586% CPU
Identifying sites to remove: done in 0.0010571 secs using 1580% CPU
Identifying sites to remove: done in 0.00104344 secs using 1541% CPU
Identifying sites to remove: done in 0.00112442 secs using 1765% CPU
Identifying sites to remove: done in 0.00117709 secs using 1583% CPU
Identifying sites to remove: done in 0.00121752 secs using 1613% CPU
Identifying sites to remove: done in 0.00120427 secs using 1395% CPU
Identifying sites to remove: done in 0.00127178 secs using 1325% CPU
Identifying sites to remove: done in 0.000516452 secs using 349.3% CPU
Identifying sites to remove: done in 0.00087554 secs using 295% CPU
Identifying sites to remove: done in 0.000664681 secs using 118% CPU
Identifying sites to remove: done in 0.00066746 secs using 2.491e+04% CPU
Identifying sites to remove: done in 0.000557654 secs using 99.34% CPU
Identifying sites to remove: done in 0.000519887 secs using 404.9% CPU
Identifying sites to remove: done in 0.00102702 secs using 1139% CPU
Identifying sites to remove: done in 0.000898942 secs using 803.8% CPU
Identifying sites to remove: done in 0.00106911 secs using 915.6% CPU
Identifying sites to remove: done in 0.00110756 secs using 1.634e+04% CPU
Identifying sites to remove: done in 0.0008405 secs using 472.8% CPU
Identifying sites to remove: done in 0.000859223 secs using 339.5% CPU
Identifying sites to remove: done in 0.00044664 secs using 1111% CPU
Identifying sites to remove: done in 0.00116782 secs using 1.558e+04% CPU
Identifying sites to remove: done in 0.0006321 secs using 2.7e+04% CPU
Identifying sites to remove: done in 0.00119043 secs using 1.508e+04% CPU
Identifying sites to remove: done in 0.000487521 secs using 324.9% CPU
Identifying sites to remove: done in 0.000872359 secs using 450% CPU
Identifying sites to remove: done in 0.000654146 secs using 449.1% CPU
Identifying sites to remove: done in 0.000981688 secs using 445.7% CPU
Identifying sites to remove: done in 0.000939883 secs using 213% CPU
Identifying sites to remove: done in 0.000848979 secs using 2.15e+04% CPU
Identifying sites to remove: done in 0.00108563 secs using 1.651e+04% CPU
Identifying sites to remove: done in 0.00107339 secs using 305.5% CPU
Identifying sites to remove: done in 0.000839263 secs using 209.9% CPU
Identifying sites to remove: done in 0.00110797 secs using 325.5% CPU
Identifying sites to remove: done in 0.000490062 secs using 99.38% CPU
Identifying sites to remove: done in 0.00100234 secs using 99.67% CPU
Identifying sites to remove: done in 0.000732414 secs using 583.8% CPU
Identifying sites to remove: done in 0.000947259 secs using 1.827e+04% CPU
Identifying sites to remove: done in 0.000761673 secs using 255.8% CPU
Identifying sites to remove: done in 0.000722945 secs using 99.87% CPU
Identifying sites to remove: done in 0.000478193 secs using 3.178e+04% CPU
Identifying sites to remove: done in 0.00108985 secs using 1.439e+04% CPU
Identifying sites to remove: done in 0.0013426 secs using 1.204e+04% CPU
Identifying sites to remove: done in 0.000450999 secs using 99.11% CPU
Identifying sites to remove: done in 0.000771701 secs using 1.651e+04% CPU
Identifying sites to remove: done in 0.000416949 secs using 98.81% CPU
Identifying sites to remove: done in 0.000503972 secs using 1.966e+04% CPU
Identifying sites to remove: done in 0.000804789 secs using 139.9% CPU
Identifying sites to remove: done in 0.000732921 secs using 5622% CPU
Identifying sites to remove: done in 0.000851713 secs using 2.114e+04% CPU
Identifying sites to remove: done in 0.000924267 secs using 1.599e+04% CPU
Identifying sites to remove: done in 0.000921264 secs using 1.478e+04% CPU
Identifying sites to remove: done in 0.0010361 secs using 1.296e+04% CPU
Identifying sites to remove: done in 0.0010613 secs using 1.591e+04% CPU
Identifying sites to remove: done in 0.00112887 secs using 1.558e+04% CPU
Identifying sites to remove: done in 0.00111704 secs using 1.424e+04% CPU
Identifying sites to remove: done in 0.00113282 secs using 1.578e+04% CPU
Identifying sites to remove: done in 0.00118263 secs using 1.541e+04% CPU
Identifying sites to remove: done in 0.00119057 secs using 1.392e+04% CPU
Identifying sites to remove: done in 0.00117689 secs using 1.212e+04% CPU
Identifying sites to remove: done in 0.00123082 secs using 1.185e+04% CPU
Identifying sites to remove: done in 0.00123896 secs using 1.272e+04% CPU
Identifying sites to remove: done in 0.00132244 secs using 1.281e+04% CPU
Identifying sites to remove: done in 0.00132877 secs using 1.124e+04% CPU
Identifying sites to remove: done in 0.00142934 secs using 9456% CPU
Identifying sites to remove: done in 0.0015453 secs using 1.009e+04% CPU
Identifying sites to remove: done in 0.00191945 secs using 9284% CPU
Identifying sites to remove: done in 0.000619024 secs using 383% CPU
Identifying sites to remove: done in 0.00108927 secs using 285.1% CPU
Identifying sites to remove: done in 0.000750653 secs using 125.9% CPU
Identifying sites to remove: done in 0.000720508 secs using 2.595e+04% CPU
Identifying sites to remove: done in 0.000905067 secs using 633.7% CPU
Identifying sites to remove: done in 0.000753582 secs using 877.1% CPU
Identifying sites to remove: done in 0.000532433 secs using 808.9% CPU
Identifying sites to remove: done in 0.00104225 secs using 786% CPU
Identifying sites to remove: done in 0.000642888 secs using 233.2% CPU
Identifying sites to remove: done in 0.000797153 secs using 393% CPU
Identifying sites to remove: done in 0.000923425 secs using 328.7% CPU
Identifying sites to remove: done in 0.000958405 secs using 181.9% CPU
Identifying sites to remove: done in 0.000464186 secs using 589% CPU
Identifying sites to remove: done in 0.00104629 secs using 762.8% CPU
Identifying sites to remove: done in 0.000525147 secs using 1047% CPU
Identifying sites to remove: done in 0.000905186 secs using 1002% CPU
Identifying sites to remove: done in 0.00102715 secs using 1016% CPU
Identifying sites to remove: done in 0.000628188 secs using 923.8% CPU
Identifying sites to remove: done in 0.000461966 secs using 3.793e+04% CPU
Identifying sites to remove: done in 0.000987224 secs using 1.794e+04% CPU
Identifying sites to remove: done in 0.00101526 secs using 167.9% CPU
Identifying sites to remove: done in 0.000782415 secs using 732.6% CPU
Identifying sites to remove: done in 0.00100499 secs using 942.8% CPU
Identifying sites to remove: done in 0.00109471 secs using 690.7% CPU
Identifying sites to remove: done in 0.000896305 secs using 554.5% CPU
Identifying sites to remove: done in 0.001109 secs using 235.9% CPU
Identifying sites to remove: done in 0.000461429 secs using 99.26% CPU
Identifying sites to remove: done in 0.00101271 secs using 99.34% CPU
Identifying sites to remove: done in 0.000886835 secs using 2.103e+04% CPU
Identifying sites to remove: done in 0.000757627 secs using 340.3% CPU
Identifying sites to remove: done in 0.000683539 secs using 159.2% CPU
Identifying sites to remove: done in 0.001045 secs using 1.692e+04% CPU
Identifying sites to remove: done in 0.00113869 secs using 1.529e+04% CPU
Identifying sites to remove: done in 0.000859722 secs using 162.8% CPU
Identifying sites to remove: done in 0.000441357 secs using 99.47% CPU
Identifying sites to remove: done in 0.000555925 secs using 704.2% CPU
Identifying sites to remove: done in 0.000844002 secs using 485.7% CPU
Identifying sites to remove: done in 0.00037007 secs using 99.17% CPU
Identifying sites to remove: done in 0.000486761 secs using 484.8% CPU
Identifying sites to remove: done in 0.000422947 secs using 1.179e+04% CPU
Identifying sites to remove: done in 0.00051254 secs using 1.171e+04% CPU
Identifying sites to remove: done in 0.000492029 secs using 4068% CPU
Identifying sites to remove: done in 0.000574104 secs using 1.019e+04% CPU
Identifying sites to remove: done in 0.000573099 secs using 8091% CPU
Identifying sites to remove: done in 0.000554308 secs using 2767% CPU
Identifying sites to remove: done in 0.000620358 secs using 6604% CPU
Identifying sites to remove: done in 0.000632547 secs using 1.035e+04% CPU
Identifying sites to remove: done in 0.000627473 secs using 8975% CPU
Identifying sites to remove: done in 0.000617228 secs using 5641% CPU
Identifying sites to remove: done in 0.00067699 secs using 5675% CPU
Identifying sites to remove: done in 0.000693612 secs using 7328% CPU
Identifying sites to remove: done in 0.000697933 secs using 4202% CPU
Identifying sites to remove: done in 0.000688218 secs using 1538% CPU
Identifying sites to remove: done in 0.000698395 secs using 3764% CPU
Identifying sites to remove: done in 0.000742257 secs using 1913% CPU
Identifying sites to remove: done in 0.00074511 secs using 2725% CPU
Identifying sites to remove: done in 0.000878692 secs using 5221% CPU
Identifying sites to remove: done in 0.00086724 secs using 3871% CPU
Identifying sites to remove: done in 0.000359617 secs using 3.619e+04% CPU
Identifying sites to remove: done in 0.000599608 secs using 2.192e+04% CPU
Identifying sites to remove: done in 0.000453554 secs using 124.1% CPU
Identifying sites to remove: done in 0.000410169 secs using 99.47% CPU
Identifying sites to remove: done in 0.000562787 secs using 3.459e+04% CPU
Identifying sites to remove: done in 0.000362031 secs using 434.2% CPU
Identifying sites to remove: done in 0.000524409 secs using 345% CPU
Identifying sites to remove: done in 0.000500225 secs using 549.6% CPU
Identifying sites to remove: done in 0.000380732 secs using 552.9% CPU
Identifying sites to remove: done in 0.000559479 secs using 754.5% CPU
Identifying sites to remove: done in 0.000280894 secs using 546.8% CPU
Identifying sites to remove: done in 0.000501603 secs using 215.1% CPU
Identifying sites to remove: done in 0.00049407 secs using 1034% CPU
Identifying sites to remove: done in 0.000443019 secs using 714.9% CPU
Identifying sites to remove: done in 0.000526272 secs using 2248% CPU
Identifying sites to remove: done in 0.000359103 secs using 1837% CPU
Identifying sites to remove: done in 0.000290409 secs using 1364% CPU
Identifying sites to remove: done in 0.000580698 secs using 1663% CPU
Identifying sites to remove: done in 0.000545099 secs using 340.3% CPU
Identifying sites to remove: done in 0.000233151 secs using 1572% CPU
Identifying sites to remove: done in 0.000524238 secs using 138.5% CPU
Identifying sites to remove: done in 0.000418097 secs using 433.6% CPU
Identifying sites to remove: done in 0.000576824 secs using 442.9% CPU
Identifying sites to remove: done in 0.000570528 secs using 369.7% CPU
Identifying sites to remove: done in 0.00046692 secs using 99.8% CPU
Identifying sites to remove: done in 0.000550658 secs using 561% CPU
Identifying sites to remove: done in 0.00026539 secs using 207.2% CPU
Identifying sites to remove: done in 0.000559025 secs using 626.6% CPU
Identifying sites to remove: done in 0.000475273 secs using 376% CPU
Identifying sites to remove: done in 0.000480093 secs using 477.8% CPU
Identifying sites to remove: done in 0.000447594 secs using 170.2% CPU
Identifying sites to remove: done in 0.000473686 secs using 1303% CPU
Identifying sites to remove: done in 0.000684477 secs using 1032% CPU
Identifying sites to remove: done in 0.000480063 secs using 879.1% CPU
Identifying sites to remove: done in 0.000270754 secs using 103.8% CPU
Identifying sites to remove: done in 0.000340112 secs using 99.67% CPU
Identifying sites to remove: done in 0.000518329 secs using 1108% CPU
Identifying sites to remove: done in 0.000216328 secs using 99.39% CPU
Identifying sites to remove: done in 0.000379749 secs using 831.9% CPU
Identifying sites to remove: done in 0.00042247 secs using 1.183e+04% CPU
Identifying sites to remove: done in 0.000487737 secs using 2523% CPU
Identifying sites to remove: done in 0.000539415 secs using 8396% CPU
Identifying sites to remove: done in 0.000644542 secs using 3211% CPU
Identifying sites to remove: done in 0.000660844 secs using 1650% CPU
Identifying sites to remove: done in 0.00068818 secs using 6010% CPU
Identifying sites to remove: done in 0.000677548 secs using 3397% CPU
Identifying sites to remove: done in 0.000725001 secs using 2434% CPU
Identifying sites to remove: done in 0.000751123 secs using 6029% CPU
Identifying sites to remove: done in 0.000743791 secs using 4556% CPU
Identifying sites to remove: done in 0.000728525 secs using 1902% CPU
Identifying sites to remove: done in 0.000852294 secs using 2434% CPU
Identifying sites to remove: done in 0.000861749 secs using 3488% CPU
Identifying sites to remove: done in 0.000870399 secs using 6109% CPU
Identifying sites to remove: done in 0.000863306 secs using 3705% CPU
Identifying sites to remove: done in 0.000869788 secs using 4757% CPU
Identifying sites to remove: done in 0.000974052 secs using 1.501e+04% CPU
Identifying sites to remove: done in 0.000978321 secs using 1.379e+04% CPU
Identifying sites to remove: done in 0.000994243 secs using 1.603e+04% CPU
Identifying sites to remove: done in 0.000407681 secs using 2.656e+04% CPU
Identifying sites to remove: done in 0.000684388 secs using 248.1% CPU
Identifying sites to remove: done in 0.000514135 secs using 150.2% CPU
Identifying sites to remove: done in 0.000426531 secs using 99.41% CPU
Identifying sites to remove: done in 0.000404224 secs using 1169% CPU
Identifying sites to remove: done in 0.000618607 secs using 1072% CPU
Identifying sites to remove: done in 0.000480451 secs using 680.2% CPU
Identifying sites to remove: done in 0.000700705 secs using 544.3% CPU
Identifying sites to remove: done in 0.000683367 secs using 129.1% CPU
Identifying sites to remove: done in 0.000627056 secs using 724% CPU
Identifying sites to remove: done in 0.000359878 secs using 187.3% CPU
Identifying sites to remove: done in 0.000533283 secs using 703.4% CPU
Identifying sites to remove: done in 0.000376262 secs using 595.6% CPU
Identifying sites to remove: done in 0.000726417 secs using 607.8% CPU
Identifying sites to remove: done in 0.000641711 secs using 583.4% CPU
Identifying sites to remove: done in 0.000800498 secs using 502.7% CPU
Identifying sites to remove: done in 0.000319242 secs using 224% CPU
Identifying sites to remove: done in 0.000724591 secs using 524.8% CPU
Identifying sites to remove: done in 0.000490852 secs using 522.2% CPU
Identifying sites to remove: done in 0.000675097 secs using 99.24% CPU
Identifying sites to remove: done in 0.000579543 secs using 3.016e+04% CPU
Identifying sites to remove: done in 0.000770994 secs using 2.316e+04% CPU
Identifying sites to remove: done in 0.000724941 secs using 224.6% CPU
Identifying sites to remove: done in 0.000663385 secs using 348.5% CPU
Identifying sites to remove: done in 0.00072629 secs using 148% CPU
Identifying sites to remove: done in 0.000719734 secs using 447.9% CPU
Identifying sites to remove: done in 0.000397764 secs using 216.5% CPU
Identifying sites to remove: done in 0.000796542 secs using 2.274e+04% CPU
Identifying sites to remove: done in 0.000560872 secs using 688.9% CPU
Identifying sites to remove: done in 0.000580914 secs using 104.7% CPU
Identifying sites to remove: done in 0.00054644 secs using 99.37% CPU
Identifying sites to remove: done in 0.00056114 secs using 530% CPU
Identifying sites to remove: done in 0.000593804 secs using 617% CPU
Identifying sites to remove: done in 0.000393391 secs using 874.4% CPU
Identifying sites to remove: done in 0.000972308 secs using 127.9% CPU
Identifying sites to remove: done in 0.000407301 secs using 99.68% CPU
Identifying sites to remove: done in 0.000567332 secs using 239.9% CPU
Identifying sites to remove: done in 0.000350527 secs using 183.2% CPU
Identifying sites to remove: done in 0.000366181 secs using 99.13% CPU
Identifying sites to remove: done in 0.000360198 secs using 7750% CPU
Identifying sites to remove: done in 0.000422254 secs using 9801% CPU
Identifying sites to remove: done in 0.000405177 secs using 3972% CPU
Identifying sites to remove: done in 0.000440255 secs using 8232% CPU
Identifying sites to remove: done in 0.000434533 secs using 6081% CPU
Identifying sites to remove: done in 0.000435807 secs using 7174% CPU
Identifying sites to remove: done in 0.000455581 secs using 4821% CPU
Identifying sites to remove: done in 0.000444338 secs using 9928% CPU
Identifying sites to remove: done in 0.000518724 secs using 4768% CPU
Identifying sites to remove: done in 0.000539929 secs using 6438% CPU
Identifying sites to remove: done in 0.000576951 secs using 6931% CPU
Identifying sites to remove: done in 0.000579551 secs using 8355% CPU
Identifying sites to remove: done in 0.000596434 secs using 2140% CPU
Identifying sites to remove: done in 0.000594281 secs using 1305% CPU
Identifying sites to remove: done in 0.000698678 secs using 2993% CPU
Identifying sites to remove: done in 0.000720479 secs using 2207% CPU
Identifying sites to remove: done in 0.000715077 secs using 1509% CPU
Identifying sites to remove: done in 0.000321776 secs using 4.071e+04% CPU
Identifying sites to remove: done in 0.000547923 secs using 2.386e+04% CPU
Identifying sites to remove: done in 0.00035388 secs using 99.47% CPU
Identifying sites to remove: done in 0.000287406 secs using 99.51% CPU
Identifying sites to remove: done in 0.000164464 secs using 2138% CPU
Identifying sites to remove: done in 0.000379324 secs using 2507% CPU
Identifying sites to remove: done in 0.000375666 secs using 1819% CPU
Identifying sites to remove: done in 0.000209153 secs using 207.5% CPU
Identifying sites to remove: done in 0.000454202 secs using 945.8% CPU
Identifying sites to remove: done in 0.000371575 secs using 277.7% CPU
Identifying sites to remove: done in 0.000422768 secs using 4.222e+04% CPU
Identifying sites to remove: done in 0.000357062 secs using 99.7% CPU
Identifying sites to remove: done in 0.000409976 secs using 669.3% CPU
Identifying sites to remove: done in 0.000256427 secs using 1200% CPU
Identifying sites to remove: done in 0.000190437 secs using 935.7% CPU
Identifying sites to remove: done in 0.000377722 secs using 172.6% CPU
Identifying sites to remove: done in 0.00019291 secs using 99.01% CPU
Identifying sites to remove: done in 0.000148229 secs using 214.5% CPU
Identifying sites to remove: done in 0.00042773 secs using 630.1% CPU
Identifying sites to remove: done in 0.000374526 secs using 2454% CPU
Identifying sites to remove: done in 0.00029663 secs using 2182% CPU
Identifying sites to remove: done in 0.000382811 secs using 1022% CPU
Identifying sites to remove: done in 0.000411399 secs using 255.2% CPU
Identifying sites to remove: done in 0.000383772 secs using 99.54% CPU
Identifying sites to remove: done in 0.000161722 secs using 98.94% CPU
Identifying sites to remove: done in 0.000383586 secs using 99.33% CPU
Identifying sites to remove: done in 0.000338048 secs using 916.7% CPU
Identifying sites to remove: done in 0.000343546 secs using 176.4% CPU
Identifying sites to remove: done in 0.000606745 secs using 2.973e+04% CPU
Identifying sites to remove: done in 0.000495516 secs using 3.567e+04% CPU
Identifying sites to remove: done in 0.000366673 secs using 240% CPU
Identifying sites to remove: done in 0.000230178 secs using 182.9% CPU
Identifying sites to remove: done in 0.000269577 secs using 99.42% CPU
Identifying sites to remove: done in 0.000482649 secs using 99.66% CPU
Identifying sites to remove: done in 0.000139169 secs using 2625% CPU
Identifying sites to remove: done in 0.00029625 secs using 1140% CPU
Identifying sites to remove: done in 8.87066e-05 secs using 603.1% CPU
Identifying sites to remove: done in 8.1487e-05 secs using 581.7% CPU
Identifying sites to remove: done in 0.000116788 secs using 826.3% CPU
Identifying sites to remove: done in 0.000162214 secs using 927.8% CPU
Identifying sites to remove: done in 0.000150636 secs using 1572% CPU
Identifying sites to remove: done in 0.000163153 secs using 1675% CPU
Identifying sites to remove: done in 0.000170715 secs using 1638% CPU
Identifying sites to remove: done in 0.000125825 secs using 1387% CPU
Identifying sites to remove: done in 0.000194676 secs using 1334% CPU
Identifying sites to remove: done in 0.000124164 secs using 1219% CPU
Identifying sites to remove: done in 0.000188254 secs using 1263% CPU
Identifying sites to remove: done in 0.00013236 secs using 1326% CPU
Identifying sites to remove: done in 0.000152253 secs using 978% CPU
Identifying sites to remove: done in 0.000208899 secs using 250.4% CPU
Identifying sites to remove: done in 6.4224e-05 secs using 185.3% CPU
Identifying sites to remove: done in 0.000159539 secs using 9511% CPU
Identifying sites to remove: done in 0.000173822 secs using 1.139e+04% CPU
Identifying sites to remove: done in 0.000173427 secs using 1.37e+04% CPU
Identifying sites to remove: done in 0.000189364 secs using 8879% CPU
Identifying sites to remove: done in 0.000212125 secs using 6880% CPU
Identifying sites to remove: done in 0.000231825 secs using 9547% CPU
Identifying sites to remove: done in 0.000238031 secs using 1.089e+04% CPU
Identifying sites to remove: done in 0.000243619 secs using 4292% CPU
Identifying sites to remove: done in 0.000258483 secs using 3570% CPU
Identifying sites to remove: done in 0.000257023 secs using 3047% CPU
Identifying sites to remove: done in 0.000285186 secs using 1790% CPU
Identifying sites to remove: done in 0.000283875 secs using 4331% CPU
Identifying sites to remove: done in 0.000297137 secs using 2223% CPU
Identifying sites to remove: done in 0.000306569 secs using 1200% CPU
Identifying sites to remove: done in 0.000335239 secs using 6133% CPU
Identifying sites to remove: done in 0.000332095 secs using 4247% CPU
Identifying sites to remove: done in 0.000235826 secs using 9981% CPU
Identifying sites to remove: done in 0.000233926 secs using 7752% CPU
Identifying sites to remove: done in 0.000129335 secs using 98.19% CPU
Identifying sites to remove: done in 0.000200339 secs using 98.33% CPU
Identifying sites to remove: done in 0.000174344 secs using 99.23% CPU
Identifying sites to remove: done in 0.000150979 secs using 98.69% CPU
Identifying sites to remove: done in 0.000133522 secs using 98.86% CPU
Identifying sites to remove: done in 0.000133075 secs using 300.6% CPU
Identifying sites to remove: done in 0.000251323 secs using 6.327e+04% CPU
Identifying sites to remove: done in 0.000211276 secs using 328% CPU
Identifying sites to remove: done in 0.000194103 secs using 118% CPU
Identifying sites to remove: done in 0.000200771 secs using 99.12% CPU
Identifying sites to remove: done in 0.000192255 secs using 2280% CPU
Identifying sites to remove: done in 0.000215232 secs using 1534% CPU
Identifying sites to remove: done in 0.000192016 secs using 1059% CPU
Identifying sites to remove: done in 0.000130564 secs using 267.3% CPU
Identifying sites to remove: done in 0.000140652 secs using 98.11% CPU
Identifying sites to remove: done in 9.69619e-05 secs using 3832% CPU
Identifying sites to remove: done in 0.000121571 secs using 253.3% CPU
Identifying sites to remove: done in 0.000182383 secs using 1188% CPU
Identifying sites to remove: done in 0.000213563 secs using 1218% CPU
Identifying sites to remove: done in 0.000213385 secs using 2541% CPU
Identifying sites to remove: done in 0.00019069 secs using 1567% CPU
Identifying sites to remove: done in 0.00017596 secs using 273.4% CPU
Identifying sites to remove: done in 0.00021144 secs using 98.85% CPU
Identifying sites to remove: done in 0.000197187 secs using 98.38% CPU
Identifying sites to remove: done in 0.000109985 secs using 98.19% CPU
Identifying sites to remove: done in 0.00015159 secs using 99.61% CPU
Identifying sites to remove: done in 0.000180408 secs using 931.2% CPU
Identifying sites to remove: done in 0.000118241 secs using 1466% CPU
Identifying sites to remove: done in 0.000208616 secs using 976.9% CPU
Identifying sites to remove: done in 0.000185318 secs using 1143% CPU
Identifying sites to remove: done in 0.000194319 secs using 99.32% CPU
Identifying sites to remove: done in 0.000240587 secs using 99.34% CPU
Identifying sites to remove: done in 0.000158809 secs using 98.86% CPU
Identifying sites to remove: done in 8.84011e-05 secs using 97.28% CPU
Identifying sites to remove: done in 0.000213847 secs using 99.14% CPU
Identifying sites to remove: done in 0.000148624 secs using 2138% CPU
Identifying sites to remove: done in 0.000578925 secs using 3363% CPU
Identifying sites to remove: done in 0.000638917 secs using 1840% CPU
Identifying sites to remove: done in 0.000681296 secs using 3588% CPU
Identifying sites to remove: done in 0.000836365 secs using 2907% CPU
Identifying sites to remove: done in 0.00085523 secs using 2216% CPU
Identifying sites to remove: done in 0.000874497 secs using 2076% CPU
Identifying sites to remove: done in 0.000870883 secs using 1843% CPU
Identifying sites to remove: done in 0.000881195 secs using 2671% CPU
Identifying sites to remove: done in 0.00094559 secs using 2448% CPU
Identifying sites to remove: done in 0.000882581 secs using 2934% CPU
Identifying sites to remove: done in 0.00098379 secs using 3076% CPU
Identifying sites to remove: done in 0.00100219 secs using 2792% CPU
Identifying sites to remove: done in 0.000986226 secs using 1623% CPU
Identifying sites to remove: done in 0.00104537 secs using 1751% CPU
Identifying sites to remove: done in 0.00105195 secs using 2217% CPU
Identifying sites to remove: done in 0.00104721 secs using 1841% CPU
Identifying sites to remove: done in 0.00105368 secs using 2075% CPU
Identifying sites to remove: done in 0.00111911 secs using 2091% CPU
Identifying sites to remove: done in 0.00112375 secs using 2722% CPU
Identifying sites to remove: done in 0.000537321 secs using 309.1% CPU
Identifying sites to remove: done in 0.000837028 secs using 275.6% CPU
Identifying sites to remove: done in 0.000730984 secs using 114.8% CPU
Identifying sites to remove: done in 0.000694089 secs using 99.84% CPU
Identifying sites to remove: done in 0.000557564 secs using 1142% CPU
Identifying sites to remove: done in 0.000453532 secs using 1243% CPU
Identifying sites to remove: done in 0.000861019 secs using 996.8% CPU
Identifying sites to remove: done in 0.000782855 secs using 592.7% CPU
Identifying sites to remove: done in 0.000928529 secs using 355.5% CPU
Identifying sites to remove: done in 0.000865139 secs using 977% CPU
Identifying sites to remove: done in 0.000768803 secs using 2.338e+04% CPU
Identifying sites to remove: done in 0.000445522 secs using 652.5% CPU
Identifying sites to remove: done in 0.000992365 secs using 1.862e+04% CPU
Identifying sites to remove: done in 0.000980191 secs using 746.2% CPU
Identifying sites to remove: done in 0.000895903 secs using 755.8% CPU
Identifying sites to remove: done in 0.000493996 secs using 769% CPU
Identifying sites to remove: done in 0.00097324 secs using 657.6% CPU
Identifying sites to remove: done in 0.000554301 secs using 594.6% CPU
Identifying sites to remove: done in 0.000690557 secs using 349.4% CPU
Identifying sites to remove: done in 0.000925653 secs using 981.8% CPU
Identifying sites to remove: done in 0.000920519 secs using 1146% CPU
Identifying sites to remove: done in 0.000924937 secs using 920.5% CPU
Identifying sites to remove: done in 0.000783116 secs using 693.3% CPU
Identifying sites to remove: done in 0.00095626 secs using 610.4% CPU
Identifying sites to remove: done in 0.000978701 secs using 1.772e+04% CPU
Identifying sites to remove: done in 0.00100049 secs using 1.699e+04% CPU
Identifying sites to remove: done in 0.000957675 secs using 363.3% CPU
Identifying sites to remove: done in 0.000479959 secs using 195.6% CPU
Identifying sites to remove: done in 0.000657514 secs using 569.7% CPU
Identifying sites to remove: done in 0.000837095 secs using 2.09e+04% CPU
Identifying sites to remove: done in 0.000749342 secs using 934.4% CPU
Identifying sites to remove: done in 0.000507265 secs using 1024% CPU
Identifying sites to remove: done in 0.000847757 secs using 555.3% CPU
Identifying sites to remove: done in 0.00108915 secs using 954.8% CPU
Identifying sites to remove: done in 0.00101275 secs using 572.7% CPU
Identifying sites to remove: done in 0.000600994 secs using 2.698e+04% CPU
Identifying sites to remove: done in 0.000335954 secs using 99.42% CPU
Identifying sites to remove: done in 0.000773154 secs using 99.72% CPU
Identifying sites to remove: done in 0.000638328 secs using 816.2% CPU
Identifying sites to remove: done in 0.000617884 secs using 6913% CPU
Identifying sites to remove: done in 0.000789478 secs using 2553% CPU
Identifying sites to remove: done in 0.000858679 secs using 5975% CPU
Identifying sites to remove: done in 0.000913896 secs using 1729% CPU
Identifying sites to remove: done in 0.00103519 secs using 2881% CPU
Identifying sites to remove: done in 0.00107011 secs using 4134% CPU
Identifying sites to remove: done in 0.00110462 secs using 4208% CPU
Identifying sites to remove: done in 0.00110011 secs using 3248% CPU
Identifying sites to remove: done in 0.0011078 secs using 2080% CPU
Identifying sites to remove: done in 0.0011054 secs using 1890% CPU
Identifying sites to remove: done in 0.00116311 secs using 2391% CPU
Identifying sites to remove: done in 0.00120372 secs using 4494% CPU
Identifying sites to remove: done in 0.00120798 secs using 2516% CPU
Identifying sites to remove: done in 0.00125184 secs using 4678% CPU
Identifying sites to remove: done in 0.00124723 secs using 3328% CPU
Identifying sites to remove: done in 0.00129386 secs using 3390% CPU
Identifying sites to remove: done in 0.00131732 secs using 3831% CPU
Identifying sites to remove: done in 0.0013321 secs using 2984% CPU
Identifying sites to remove: done in 0.00138323 secs using 2569% CPU
Identifying sites to remove: done in 0.000537224 secs using 2.575e+04% CPU
Identifying sites to remove: done in 0.00102045 secs using 1.358e+04% CPU
Identifying sites to remove: done in 0.000794105 secs using 115.9% CPU
Identifying sites to remove: done in 0.000649028 secs using 99.69% CPU
Identifying sites to remove: done in 0.000674687 secs using 707.3% CPU
Identifying sites to remove: done in 0.000606038 secs using 634.3% CPU
Identifying sites to remove: done in 0.00105848 secs using 696.8% CPU
Identifying sites to remove: done in 0.00121803 secs using 548.4% CPU
Identifying sites to remove: done in 0.00116571 secs using 272.5% CPU
Identifying sites to remove: done in 0.00109097 secs using 1.73e+04% CPU
Identifying sites to remove: done in 0.000909984 secs using 130% CPU
Identifying sites to remove: done in 0.000936404 secs using 949.1% CPU
Identifying sites to remove: done in 0.000611767 secs using 1578% CPU
Identifying sites to remove: done in 0.000649028 secs using 757.7% CPU
Identifying sites to remove: done in 0.00116041 secs using 763.3% CPU
Identifying sites to remove: done in 0.00127671 secs using 1.414e+04% CPU
Identifying sites to remove: done in 0.000668079 secs using 2.667e+04% CPU
Identifying sites to remove: done in 0.000886858 secs using 1.975e+04% CPU
Identifying sites to remove: done in 0.00124221 secs using 1.405e+04% CPU
Identifying sites to remove: done in 0.0010203 secs using 99.77% CPU
Identifying sites to remove: done in 0.00116065 secs using 1.597e+04% CPU
Identifying sites to remove: done in 0.00114384 secs using 1.601e+04% CPU
Identifying sites to remove: done in 0.00112131 secs using 314% CPU
Identifying sites to remove: done in 0.000937052 secs using 227% CPU
Identifying sites to remove: done in 0.00117078 secs using 349.9% CPU
Identifying sites to remove: done in 0.00120548 secs using 115.8% CPU
Identifying sites to remove: done in 0.000536874 secs using 99.28% CPU
Identifying sites to remove: done in 0.00109676 secs using 99.66% CPU
Identifying sites to remove: done in 0.000828713 secs using 2.175e+04% CPU
Identifying sites to remove: done in 0.00104541 secs using 1.661e+04% CPU
Identifying sites to remove: done in 0.000833184 secs using 99.62% CPU
Identifying sites to remove: done in 0.00138136 secs using 516.9% CPU
Identifying sites to remove: done in 0.000527799 secs using 851.3% CPU
Identifying sites to remove: done in 0.00117032 secs using 569.8% CPU
Identifying sites to remove: done in 0.00115363 secs using 410% CPU
Identifying sites to remove: done in 0.000499792 secs using 99.24% CPU
Identifying sites to remove: done in 0.000276729 secs using 1184% CPU
Identifying sites to remove: done in 0.000797875 secs using 510.4% CPU
Identifying sites to remove: done in 0.000537984 secs using 444.4% CPU
Identifying sites to remove: done in 0.000781193 secs using 5088% CPU
Identifying sites to remove: done in 0.000948191 secs using 2128% CPU
Identifying sites to remove: done in 0.000962839 secs using 3188% CPU
Identifying sites to remove: done in 0.00105808 secs using 5085% CPU
Identifying sites to remove: done in 0.00112931 secs using 2765% CPU
Identifying sites to remove: done in 0.00116547 secs using 1720% CPU
Identifying sites to remove: done in 0.00117672 secs using 2232% CPU
Identifying sites to remove: done in 0.00121535 secs using 4167% CPU
Identifying sites to remove: done in 0.00121616 secs using 4488% CPU
Identifying sites to remove: done in 0.00127319 secs using 4161% CPU
Identifying sites to remove: done in 0.00129213 secs using 3373% CPU
Identifying sites to remove: done in 0.00130868 secs using 3200% CPU
Identifying sites to remove: done in 0.00130247 secs using 2280% CPU
Identifying sites to remove: done in 0.00132363 secs using 2862% CPU
Identifying sites to remove: done in 0.00136328 secs using 1750% CPU
Identifying sites to remove: done in 0.00147826 secs using 3418% CPU
Identifying sites to remove: done in 0.00151485 secs using 3089% CPU
Identifying sites to remove: done in 0.00154148 secs using 2130% CPU
Identifying sites to remove: done in 0.00163707 secs using 2511% CPU
Identifying sites to remove: done in 0.00063666 secs using 2.185e+04% CPU
Identifying sites to remove: done in 0.0012186 secs using 239% CPU
Identifying sites to remove: done in 0.00085631 secs using 159.6% CPU
Identifying sites to remove: done in 0.000693835 secs using 99.74% CPU
Identifying sites to remove: done in 0.000593297 secs using 2595% CPU
Identifying sites to remove: done in 0.000899285 secs using 2.119e+04% CPU
Identifying sites to remove: done in 0.00120123 secs using 1.54e+04% CPU
Identifying sites to remove: done in 0.00150108 secs using 1.302e+04% CPU
Identifying sites to remove: done in 0.00145613 secs using 1.297e+04% CPU
Identifying sites to remove: done in 0.00104874 secs using 384.4% CPU
Identifying sites to remove: done in 0.00119583 secs using 134.2% CPU
Identifying sites to remove: done in 0.00107818 secs using 198.3% CPU
Identifying sites to remove: done in 0.00123871 secs using 292.2% CPU
Identifying sites to remove: done in 0.000562765 secs using 816.1% CPU
Identifying sites to remove: done in 0.0013212 secs using 659.1% CPU
Identifying sites to remove: done in 0.000689112 secs using 2.573e+04% CPU
Identifying sites to remove: done in 0.000778712 secs using 309.7% CPU
Identifying sites to remove: done in 0.000523239 secs using 211.2% CPU
Identifying sites to remove: done in 0.00121273 secs using 256.6% CPU
Identifying sites to remove: done in 0.00114612 secs using 319.1% CPU
Identifying sites to remove: done in 0.00127244 secs using 213.5% CPU
Identifying sites to remove: done in 0.00127359 secs using 477.1% CPU
Identifying sites to remove: done in 0.00109842 secs using 613.1% CPU
Identifying sites to remove: done in 0.00123445 secs using 430.3% CPU
Identifying sites to remove: done in 0.00125935 secs using 443.4% CPU
Identifying sites to remove: done in 0.00129421 secs using 1.364e+04% CPU
Identifying sites to remove: done in 0.000555538 secs using 99.18% CPU
Identifying sites to remove: done in 0.00123613 secs using 99.75% CPU
Identifying sites to remove: done in 0.00106722 secs using 365.4% CPU
Identifying sites to remove: done in 0.000940345 secs using 1.848e+04% CPU
Identifying sites to remove: done in 0.000856981 secs using 99.54% CPU
Identifying sites to remove: done in 0.00166959 secs using 375.1% CPU
Identifying sites to remove: done in 0.00131122 secs using 1062% CPU
Identifying sites to remove: done in 0.000615984 secs using 730.2% CPU
Identifying sites to remove: done in 0.00134619 secs using 864.6% CPU
Identifying sites to remove: done in 0.00050275 secs using 99.45% CPU
Identifying sites to remove: done in 0.000285722 secs using 99.4% CPU
Identifying sites to remove: done in 0.00102991 secs using 397.2% CPU
Identifying sites to remove: done in 0.000606045 secs using 99.17% CPU
Identifying sites to remove: done in 0.000327632 secs using 1.801e+04% CPU
Identifying sites to remove: done in 0.000366196 secs using 1.255e+04% CPU
Identifying sites to remove: done in 0.000358231 secs using 6117% CPU
Identifying sites to remove: done in 0.000378788 secs using 1.485e+04% CPU
Identifying sites to remove: done in 0.000364289 secs using 9845% CPU
Identifying sites to remove: done in 0.00035888 secs using 8991% CPU
Identifying sites to remove: done in 0.000496164 secs using 1.091e+04% CPU
Identifying sites to remove: done in 0.000493668 secs using 1.026e+04% CPU
Identifying sites to remove: done in 0.000528701 secs using 1192% CPU
Identifying sites to remove: done in 0.00047452 secs using 4215% CPU
Identifying sites to remove: done in 0.000509143 secs using 1917% CPU
Identifying sites to remove: done in 0.000633352 secs using 2.346e+04% CPU
Identifying sites to remove: done in 0.000659436 secs using 2.465e+04% CPU
Identifying sites to remove: done in 0.000482231 secs using 8414% CPU
Identifying sites to remove: done in 0.0004903 secs using 8995% CPU
Identifying sites to remove: done in 0.000701472 secs using 2.072e+04% CPU
Identifying sites to remove: done in 0.000702068 secs using 2.267e+04% CPU
Identifying sites to remove: done in 0.000222206 secs using 318.6% CPU
Identifying sites to remove: done in 0.000368245 secs using 324% CPU
Identifying sites to remove: done in 0.000242755 secs using 171.8% CPU
Identifying sites to remove: done in 0.000218175 secs using 99% CPU
Identifying sites to remove: done in 0.000220574 secs using 99.29% CPU
Identifying sites to remove: done in 0.000247724 secs using 1290% CPU
Identifying sites to remove: done in 0.000270464 secs using 189.7% CPU
Identifying sites to remove: done in 0.000162728 secs using 98.32% CPU
Identifying sites to remove: done in 0.000189237 secs using 98.82% CPU
Identifying sites to remove: done in 0.000233412 secs using 1772% CPU
Identifying sites to remove: done in 0.000244431 secs using 7.111e+04% CPU
Identifying sites to remove: done in 0.000149079 secs using 149.6% CPU
Identifying sites to remove: done in 0.000182934 secs using 560.3% CPU
Identifying sites to remove: done in 0.000231244 secs using 450.2% CPU
Identifying sites to remove: done in 0.000265829 secs using 776.4% CPU
Identifying sites to remove: done in 0.000254788 secs using 528.7% CPU
Identifying sites to remove: done in 0.000237748 secs using 239.7% CPU
Identifying sites to remove: done in 0.000145115 secs using 944.8% CPU
Identifying sites to remove: done in 0.000299044 secs using 637.7% CPU
Identifying sites to remove: done in 0.000227861 secs using 177.7% CPU
Identifying sites to remove: done in 0.000125803 secs using 97.77% CPU
Identifying sites to remove: done in 0.000254191 secs using 995.3% CPU
Identifying sites to remove: done in 0.000233606 secs using 131.8% CPU
Identifying sites to remove: done in 0.000219576 secs using 1332% CPU
Identifying sites to remove: done in 0.00025104 secs using 186.4% CPU
Identifying sites to remove: done in 0.000250243 secs using 1652% CPU
Identifying sites to remove: done in 0.000299767 secs using 5.782e+04% CPU
Identifying sites to remove: done in 0.000221305 secs using 99.41% CPU
Identifying sites to remove: done in 0.000165358 secs using 98.57% CPU
Identifying sites to remove: done in 0.000223987 secs using 1348% CPU
Identifying sites to remove: done in 0.000252612 secs using 759.7% CPU
Identifying sites to remove: done in 0.000229269 secs using 238.6% CPU
Identifying sites to remove: done in 0.000360638 secs using 99.55% CPU
Identifying sites to remove: done in 0.000147551 secs using 98.95% CPU
Identifying sites to remove: done in 0.00025446 secs using 99.43% CPU
Identifying sites to remove: done in 0.000298008 secs using 676.5% CPU
Identifying sites to remove: done in 0.000210889 secs using 212.4% CPU
Identifying sites to remove: done in 0.000124462 secs using 98.83% CPU
Identifying sites to remove: done in 0.000187673 secs using 99.11% CPU
Identifying sites to remove: done in 0.000248246 secs using 9365% CPU
Identifying sites to remove: done in 0.000279948 secs using 1767% CPU
Identifying sites to remove: done in 0.000322625 secs using 1.089e+04% CPU
Identifying sites to remove: done in 0.000320219 secs using 4622% CPU
Identifying sites to remove: done in 0.000354163 secs using 7974% CPU
Identifying sites to remove: done in 0.00035841 secs using 7221% CPU
Identifying sites to remove: done in 0.000374913 secs using 3940% CPU
Identifying sites to remove: done in 0.000350796 secs using 2680% CPU
Identifying sites to remove: done in 0.000359803 secs using 8571% CPU
Identifying sites to remove: done in 0.000379741 secs using 9670% CPU
Identifying sites to remove: done in 0.000408903 secs using 8246% CPU
Identifying sites to remove: done in 0.000476755 secs using 1254% CPU
Identifying sites to remove: done in 0.000472397 secs using 1613% CPU
Identifying sites to remove: done in 0.000501975 secs using 4754% CPU
Identifying sites to remove: done in 0.000481926 secs using 4324% CPU
Identifying sites to remove: done in 0.000488937 secs using 1798% CPU
Identifying sites to remove: done in 0.000501439 secs using 2650% CPU
Identifying sites to remove: done in 0.000496984 secs using 2035% CPU
Identifying sites to remove: done in 0.000619978 secs using 3252% CPU
Identifying sites to remove: done in 0.000187077 secs using 493.9% CPU
Identifying sites to remove: done in 0.000243805 secs using 278.9% CPU
Identifying sites to remove: done in 0.000249296 secs using 98.68% CPU
Identifying sites to remove: done in 0.000235587 secs using 99.33% CPU
Identifying sites to remove: done in 0.000171013 secs using 2453% CPU
Identifying sites to remove: done in 0.000329815 secs using 1854% CPU
Identifying sites to remove: done in 0.000224508 secs using 1152% CPU
Identifying sites to remove: done in 0.000335991 secs using 819.1% CPU
Identifying sites to remove: done in 0.000268146 secs using 152.9% CPU
Identifying sites to remove: done in 0.000242084 secs using 99.55% CPU
Identifying sites to remove: done in 0.000274993 secs using 1173% CPU
Identifying sites to remove: done in 0.000224136 secs using 1527% CPU
Identifying sites to remove: done in 0.00029657 secs using 107.9% CPU
Identifying sites to remove: done in 0.000142574 secs using 98.9% CPU
Identifying sites to remove: done in 0.000128597 secs using 3045% CPU
Identifying sites to remove: done in 0.000360705 secs using 4.77e+04% CPU
Identifying sites to remove: done in 0.000187904 secs using 372.5% CPU
Identifying sites to remove: done in 0.000165433 secs using 342.7% CPU
Identifying sites to remove: done in 0.000322804 secs using 175% CPU
Identifying sites to remove: done in 0.000296012 secs using 187.8% CPU
Identifying sites to remove: done in 0.000327304 secs using 363.9% CPU
Identifying sites to remove: done in 0.000231244 secs using 714.4% CPU
Identifying sites to remove: done in 0.000295654 secs using 924.4% CPU
Identifying sites to remove: done in 0.000324942 secs using 653% CPU
Identifying sites to remove: done in 0.000308618 secs using 639.9% CPU
Identifying sites to remove: done in 0.000304341 secs using 109.7% CPU
Identifying sites to remove: done in 0.000304595 secs using 99.48% CPU
Identifying sites to remove: done in 0.000144683 secs using 99.53% CPU
Identifying sites to remove: done in 0.000231475 secs using 99.36% CPU
Identifying sites to remove: done in 0.00025849 secs using 99.04% CPU
Identifying sites to remove: done in 0.000235878 secs using 621.5% CPU
Identifying sites to remove: done in 0.000317819 secs using 173.1% CPU
Identifying sites to remove: done in 0.000162154 secs using 1024% CPU
Identifying sites to remove: done in 0.000375852 secs using 689.6% CPU
Identifying sites to remove: done in 0.000341743 secs using 125.2% CPU
Identifying sites to remove: done in 0.000186458 secs using 99.22% CPU
Identifying sites to remove: done in 0.00011494 secs using 98.31% CPU
Identifying sites to remove: done in 0.000320733 secs using 293.4% CPU
Identifying sites to remove: done in 0.000231139 secs using 1273% CPU
Identifying sites to remove: done in 0.000731185 secs using 5149% CPU
Identifying sites to remove: done in 0.00100713 secs using 1.01e+04% CPU
Identifying sites to remove: done in 0.00109423 secs using 1.203e+04% CPU
Identifying sites to remove: done in 0.00131677 secs using 8054% CPU
Identifying sites to remove: done in 0.0013894 secs using 9201% CPU
Identifying sites to remove: done in 0.00142571 secs using 7740% CPU
Identifying sites to remove: done in 0.00149575 secs using 7389% CPU
Identifying sites to remove: done in 0.00151588 secs using 8351% CPU
Identifying sites to remove: done in 0.00151379 secs using 8149% CPU
Identifying sites to remove: done in 0.00158052 secs using 7259% CPU
Identifying sites to remove: done in 0.00161649 secs using 8369% CPU
Identifying sites to remove: done in 0.00163201 secs using 6994% CPU
Identifying sites to remove: done in 0.00165457 secs using 7420% CPU
Identifying sites to remove: done in 0.00169603 secs using 6721% CPU
Identifying sites to remove: done in 0.00178608 secs using 7562% CPU
Identifying sites to remove: done in 0.00178581 secs using 6978% CPU
Identifying sites to remove: done in 0.00189448 secs using 7509% CPU
Identifying sites to remove: done in 0.00189009 secs using 6323% CPU
Identifying sites to remove: done in 0.00194402 secs using 6321% CPU
Identifying sites to remove: done in 0.000751048 secs using 243.8% CPU
Identifying sites to remove: done in 0.00141502 secs using 367.1% CPU
Identifying sites to remove: done in 0.00112664 secs using 143.3% CPU
Identifying sites to remove: done in 0.000977099 secs using 99.79% CPU
Identifying sites to remove: done in 0.00105723 secs using 99.51% CPU
Identifying sites to remove: done in 0.000859216 secs using 2.193e+04% CPU
Identifying sites to remove: done in 0.00178427 secs using 1.091e+04% CPU
Identifying sites to remove: done in 0.00163638 secs using 1.153e+04% CPU
Identifying sites to remove: done in 0.00189655 secs using 9768% CPU
Identifying sites to remove: done in 0.00174357 secs using 164.4% CPU
Identifying sites to remove: done in 0.00142488 secs using 225.6% CPU
Identifying sites to remove: done in 0.00147814 secs using 118.7% CPU
Identifying sites to remove: done in 0.00176053 secs using 1.096e+04% CPU
Identifying sites to remove: done in 0.000861742 secs using 468.9% CPU
Identifying sites to remove: done in 0.000897221 secs using 544.9% CPU
Identifying sites to remove: done in 0.00184964 secs using 500.9% CPU
Identifying sites to remove: done in 0.00107211 secs using 339.4% CPU
Identifying sites to remove: done in 0.000759684 secs using 692.5% CPU
Identifying sites to remove: done in 0.00177193 secs using 1.023e+04% CPU
Identifying sites to remove: done in 0.00164829 secs using 1.073e+04% CPU
Identifying sites to remove: done in 0.00173524 secs using 1.092e+04% CPU
Identifying sites to remove: done in 0.00171783 secs using 397.9% CPU
Identifying sites to remove: done in 0.00182857 secs using 408.6% CPU
Identifying sites to remove: done in 0.0015259 secs using 495.1% CPU
Identifying sites to remove: done in 0.00165381 secs using 107.9% CPU
Identifying sites to remove: done in 0.00164937 secs using 99.86% CPU
Identifying sites to remove: done in 0.000764854 secs using 537.7% CPU
Identifying sites to remove: done in 0.00176495 secs using 9922% CPU
Identifying sites to remove: done in 0.00138505 secs using 264.7% CPU
Identifying sites to remove: done in 0.00145739 secs using 142.4% CPU
Identifying sites to remove: done in 0.00127612 secs using 246.9% CPU
Identifying sites to remove: done in 0.000770956 secs using 304.3% CPU
Identifying sites to remove: done in 0.00176369 secs using 609.3% CPU
Identifying sites to remove: done in 0.00217526 secs using 713.6% CPU
Identifying sites to remove: done in 0.00160903 secs using 9231% CPU
Identifying sites to remove: done in 0.000748061 secs using 497.4% CPU
Identifying sites to remove: done in 0.000383988 secs using 99.48% CPU
Identifying sites to remove: done in 0.00128735 secs using 99.35% CPU
Identifying sites to remove: done in 0.000781342 secs using 393% CPU
Identifying sites to remove: done in 0.00101423 secs using 1783% CPU
Identifying sites to remove: done in 0.00099773 secs using 1827% CPU
Identifying sites to remove: done in 0.00126024 secs using 1710% CPU
Identifying sites to remove: done in 0.00123743 secs using 1792% CPU
Identifying sites to remove: done in 0.00142077 secs using 1750% CPU
Identifying sites to remove: done in 0.00142843 secs using 1774% CPU
Identifying sites to remove: done in 0.0014176 secs using 1777% CPU
Identifying sites to remove: done in 0.00151465 secs using 1747% CPU
Identifying sites to remove: done in 0.00154486 secs using 1717% CPU
Identifying sites to remove: done in 0.00160862 secs using 1705% CPU
Identifying sites to remove: done in 0.00164124 secs using 1684% CPU
Identifying sites to remove: done in 0.00169258 secs using 1672% CPU
Identifying sites to remove: done in 0.00174382 secs using 1640% CPU
Identifying sites to remove: done in 0.00173312 secs using 1625% CPU
Identifying sites to remove: done in 0.00185254 secs using 1564% CPU
Identifying sites to remove: done in 0.00198777 secs using 1508% CPU
Identifying sites to remove: done in 0.00197247 secs using 1514% CPU
Identifying sites to remove: done in 0.00206729 secs using 1476% CPU
Identifying sites to remove: done in 0.00227829 secs using 1396% CPU
Identifying sites to remove: done in 0.000816256 secs using 1.261e+04% CPU
Identifying sites to remove: done in 0.00161804 secs using 6407% CPU
Identifying sites to remove: done in 0.000962809 secs using 179.7% CPU
Identifying sites to remove: done in 0.00085783 secs using 99.9% CPU
Identifying sites to remove: done in 0.000940993 secs using 1165% CPU
Identifying sites to remove: done in 0.000839941 secs using 2.228e+04% CPU
Identifying sites to remove: done in 0.00154906 secs using 1.26e+04% CPU
Identifying sites to remove: done in 0.00183333 secs using 1.051e+04% CPU
Identifying sites to remove: done in 0.00179689 secs using 1.032e+04% CPU
Identifying sites to remove: done in 0.00155761 secs using 301.2% CPU
Identifying sites to remove: done in 0.00138362 secs using 158.9% CPU
Identifying sites to remove: done in 0.00140441 secs using 273.6% CPU
Identifying sites to remove: done in 0.0016408 secs using 347.4% CPU
Identifying sites to remove: done in 0.000799723 secs using 595.8% CPU
Identifying sites to remove: done in 0.00080774 secs using 2.243e+04% CPU
Identifying sites to remove: done in 0.000740305 secs using 551.7% CPU
Identifying sites to remove: done in 0.000707924 secs using 564.6% CPU
Identifying sites to remove: done in 0.00169534 secs using 1.077e+04% CPU
Identifying sites to remove: done in 0.00097993 secs using 354.3% CPU
Identifying sites to remove: done in 0.00169044 secs using 508.4% CPU
Identifying sites to remove: done in 0.00155784 secs using 1.176e+04% CPU
Identifying sites to remove: done in 0.00160822 secs using 434.3% CPU
Identifying sites to remove: done in 0.00161483 secs using 1031% CPU
Identifying sites to remove: done in 0.00148223 secs using 1.227e+04% CPU
Identifying sites to remove: done in 0.00172012 secs using 1.078e+04% CPU
Identifying sites to remove: done in 0.00170156 secs using 1.049e+04% CPU
Identifying sites to remove: done in 0.00179598 secs using 9729% CPU
Identifying sites to remove: done in 0.000657164 secs using 99.67% CPU
Identifying sites to remove: done in 0.0016048 secs using 166.4% CPU
Identifying sites to remove: done in 0.00140438 secs using 1.261e+04% CPU
Identifying sites to remove: done in 0.00114965 secs using 99.6% CPU
Identifying sites to remove: done in 0.000676639 secs using 419% CPU
Identifying sites to remove: done in 0.00166519 secs using 1.023e+04% CPU
Identifying sites to remove: done in 0.00219195 secs using 456.4% CPU
Identifying sites to remove: done in 0.00169933 secs using 432.6% CPU
Identifying sites to remove: done in 0.000632338 secs using 251.9% CPU
Identifying sites to remove: done in 0.000332758 secs using 99.47% CPU
Identifying sites to remove: done in 0.00131041 secs using 261.1% CPU
Identifying sites to remove: done in 0.000757322 secs using 143.7% CPU
Identifying sites to remove: done in 0.000903733 secs using 2212% CPU
Identifying sites to remove: done in 0.00105308 secs using 1978% CPU
Identifying sites to remove: done in 0.00114469 secs using 1794% CPU
Identifying sites to remove: done in 0.00124096 secs using 2170% CPU
Identifying sites to remove: done in 0.0012322 secs using 1999% CPU
Identifying sites to remove: done in 0.00124641 secs using 2139% CPU
Identifying sites to remove: done in 0.00132 secs using 1768% CPU
Identifying sites to remove: done in 0.00132588 secs using 1795% CPU
Identifying sites to remove: done in 0.00137195 secs using 2042% CPU
Identifying sites to remove: done in 0.00148323 secs using 1859% CPU
Identifying sites to remove: done in 0.00150554 secs using 1651% CPU
Identifying sites to remove: done in 0.0015405 secs using 1804% CPU
Identifying sites to remove: done in 0.00163506 secs using 1934% CPU
Identifying sites to remove: done in 0.00165328 secs using 1842% CPU
Identifying sites to remove: done in 0.00168507 secs using 1721% CPU
Identifying sites to remove: done in 0.00172254 secs using 1756% CPU
Identifying sites to remove: done in 0.00171939 secs using 1495% CPU
Identifying sites to remove: done in 0.00177827 secs using 1599% CPU
Identifying sites to remove: done in 0.00217064 secs using 1364% CPU
Identifying sites to remove: done in 0.000671625 secs using 390.5% CPU
Identifying sites to remove: done in 0.00133611 secs using 266.1% CPU
Identifying sites to remove: done in 0.000905074 secs using 1.788e+04% CPU
Identifying sites to remove: done in 0.000752531 secs using 99.8% CPU
Identifying sites to remove: done in 0.00069052 secs using 294.9% CPU
Identifying sites to remove: done in 0.000937864 secs using 449.2% CPU
Identifying sites to remove: done in 0.00131967 secs using 687.1% CPU
Identifying sites to remove: done in 0.00147457 secs using 1.285e+04% CPU
Identifying sites to remove: done in 0.00140473 secs using 1.328e+04% CPU
Identifying sites to remove: done in 0.00132257 secs using 272.4% CPU
Identifying sites to remove: done in 0.00116451 secs using 131.4% CPU
Identifying sites to remove: done in 0.00121932 secs using 1.541e+04% CPU
Identifying sites to remove: done in 0.00138956 secs using 265% CPU
Identifying sites to remove: done in 0.00071615 secs using 836.6% CPU
Identifying sites to remove: done in 0.000693314 secs using 558% CPU
Identifying sites to remove: done in 0.00143351 secs using 565.9% CPU
Identifying sites to remove: done in 0.000947908 secs using 1.919e+04% CPU
Identifying sites to remove: done in 0.000644408 secs using 2.783e+04% CPU
Identifying sites to remove: done in 0.00150481 secs using 1.21e+04% CPU
Identifying sites to remove: done in 0.000571065 secs using 458.8% CPU
Identifying sites to remove: done in 0.00129275 secs using 349% CPU
Identifying sites to remove: done in 0.00146466 secs using 1.268e+04% CPU
Identifying sites to remove: done in 0.00136536 secs using 277.1% CPU
Identifying sites to remove: done in 0.00120818 secs using 586.3% CPU
Identifying sites to remove: done in 0.0013295 secs using 406.8% CPU
Identifying sites to remove: done in 0.00147992 secs using 1.222e+04% CPU
Identifying sites to remove: done in 0.00133225 secs using 99.83% CPU
Identifying sites to remove: done in 0.000619158 secs using 99.17% CPU
Identifying sites to remove: done in 0.00135121 secs using 99.39% CPU
Identifying sites to remove: done in 0.00115838 secs using 99.36% CPU
Identifying sites to remove: done in 0.00104675 secs using 1.664e+04% CPU
Identifying sites to remove: done in 0.00182611 secs using 240.8% CPU
Identifying sites to remove: done in 0.00150409 secs using 818.2% CPU
Identifying sites to remove: done in 0.000643618 secs using 1327% CPU
Identifying sites to remove: done in 0.00135978 secs using 1.119e+04% CPU
Identifying sites to remove: done in 0.000587307 secs using 2.445e+04% CPU
Identifying sites to remove: done in 0.000314124 secs using 99.64% CPU
Identifying sites to remove: done in 0.0012876 secs using 250.8% CPU
Identifying sites to remove: done in 0.000662036 secs using 485.6% CPU
Identifying sites to remove: done in 0.000434123 secs using 5577% CPU
Identifying sites to remove: done in 0.000507861 secs using 7895% CPU
Identifying sites to remove: done in 0.000571348 secs using 5229% CPU
Identifying sites to remove: done in 0.000610888 secs using 5669% CPU
Identifying sites to remove: done in 0.000583358 secs using 4619% CPU
Identifying sites to remove: done in 0.000658952 secs using 5921% CPU
Identifying sites to remove: done in 0.000653923 secs using 5381% CPU
Identifying sites to remove: done in 0.000665218 secs using 6949% CPU
Identifying sites to remove: done in 0.000668705 secs using 8039% CPU
Identifying sites to remove: done in 0.000700556 secs using 4013% CPU
Identifying sites to remove: done in 0.000741251 secs using 7816% CPU
Identifying sites to remove: done in 0.000762656 secs using 4211% CPU
Identifying sites to remove: done in 0.000661872 secs using 4174% CPU
Identifying sites to remove: done in 0.000787899 secs using 3580% CPU
Identifying sites to remove: done in 0.000770032 secs using 3646% CPU
Identifying sites to remove: done in 0.000936866 secs using 5513% CPU
Identifying sites to remove: done in 0.000940301 secs using 3092% CPU
Identifying sites to remove: done in 0.00108573 secs using 2686% CPU
Identifying sites to remove: done in 0.000410236 secs using 345.2% CPU
Identifying sites to remove: done in 0.000628322 secs using 334.5% CPU
Identifying sites to remove: done in 0.000402428 secs using 185.1% CPU
Identifying sites to remove: done in 0.000364155 secs using 99.13% CPU
Identifying sites to remove: done in 0.000228629 secs using 98.85% CPU
Identifying sites to remove: done in 0.000427514 secs using 470.6% CPU
Identifying sites to remove: done in 0.0003087 secs using 173.6% CPU
Identifying sites to remove: done in 0.000518069 secs using 526.6% CPU
Identifying sites to remove: done in 0.00050693 secs using 637.2% CPU
Identifying sites to remove: done in 0.000324264 secs using 179.5% CPU
Identifying sites to remove: done in 0.000284709 secs using 99.4% CPU
Identifying sites to remove: done in 0.000512645 secs using 297.7% CPU
Identifying sites to remove: done in 0.000545032 secs using 3.261e+04% CPU
Identifying sites to remove: done in 0.000277832 secs using 186.4% CPU
Identifying sites to remove: done in 0.000370972 secs using 945.6% CPU
Identifying sites to remove: done in 0.000562198 secs using 918.9% CPU
Identifying sites to remove: done in 0.000581317 secs using 859.9% CPU
Identifying sites to remove: done in 0.000315294 secs using 382.2% CPU
Identifying sites to remove: done in 0.000523269 secs using 515% CPU
Identifying sites to remove: done in 0.000268526 secs using 849.1% CPU
Identifying sites to remove: done in 0.000260539 secs using 312.4% CPU
Identifying sites to remove: done in 0.000585616 secs using 965.1% CPU
Identifying sites to remove: done in 0.000547327 secs using 647.1% CPU
Identifying sites to remove: done in 0.000561692 secs using 1275% CPU
Identifying sites to remove: done in 0.000495948 secs using 1692% CPU
Identifying sites to remove: done in 0.000591904 secs using 2.811e+04% CPU
Identifying sites to remove: done in 0.00058838 secs using 2.771e+04% CPU
Identifying sites to remove: done in 0.000585631 secs using 285.8% CPU
Identifying sites to remove: done in 0.000578567 secs using 175.6% CPU
Identifying sites to remove: done in 0.000295013 secs using 99.32% CPU
Identifying sites to remove: done in 0.000513926 secs using 3.495e+04% CPU
Identifying sites to remove: done in 0.000437915 secs using 371.1% CPU
Identifying sites to remove: done in 0.000750028 secs using 517% CPU
Identifying sites to remove: done in 0.000621073 secs using 120.4% CPU
Identifying sites to remove: done in 0.000579901 secs using 2.975e+04% CPU
Identifying sites to remove: done in 0.000294417 secs using 184.1% CPU
Identifying sites to remove: done in 0.000356652 secs using 99.54% CPU
Identifying sites to remove: done in 0.000657663 secs using 2.513e+04% CPU
Identifying sites to remove: done in 0.000241533 secs using 112.2% CPU
Identifying sites to remove: done in 0.000299767 secs using 99.41% CPU
Identifying sites to remove: done in 0.00114108 secs using 7184% CPU
Identifying sites to remove: done in 0.0012154 secs using 7649% CPU
Identifying sites to remove: done in 0.0012375 secs using 7037% CPU
Identifying sites to remove: done in 0.00131553 secs using 6457% CPU
Identifying sites to remove: done in 0.00145318 secs using 5775% CPU
Identifying sites to remove: done in 0.00153833 secs using 5516% CPU
Identifying sites to remove: done in 0.0017242 secs using 5051% CPU
Identifying sites to remove: done in 0.0018314 secs using 5740% CPU
Identifying sites to remove: done in 0.0018082 secs using 4889% CPU
Identifying sites to remove: done in 0.00186211 secs using 4791% CPU
Identifying sites to remove: done in 0.00184315 secs using 4826% CPU
Identifying sites to remove: done in 0.00189844 secs using 4890% CPU
Identifying sites to remove: done in 0.00186662 secs using 4769% CPU
Identifying sites to remove: done in 0.00201531 secs using 4503% CPU
Identifying sites to remove: done in 0.00213729 secs using 4759% CPU
Identifying sites to remove: done in 0.00213794 secs using 4288% CPU
Identifying sites to remove: done in 0.00219361 secs using 4182% CPU
Identifying sites to remove: done in 0.00242425 secs using 4242% CPU
Identifying sites to remove: done in 0.00248976 secs using 4534% CPU
Identifying sites to remove: done in 0.000912912 secs using 463.8% CPU
Identifying sites to remove: done in 0.00164519 secs using 263.1% CPU
Identifying sites to remove: done in 0.00109745 secs using 185.6% CPU
Identifying sites to remove: done in 0.00102612 secs using 99.79% CPU
Identifying sites to remove: done in 0.000842974 secs using 99.77% CPU
Identifying sites to remove: done in 0.000899568 secs using 821.4% CPU
Identifying sites to remove: done in 0.00119682 secs using 801.6% CPU
Identifying sites to remove: done in 0.00211706 secs using 8798% CPU
Identifying sites to remove: done in 0.00209039 secs using 8815% CPU
Identifying sites to remove: done in 0.00165751 secs using 463.5% CPU
Identifying sites to remove: done in 0.00207697 secs using 454.1% CPU
Identifying sites to remove: done in 0.00118452 secs using 159.2% CPU
Identifying sites to remove: done in 0.000944465 secs using 553.5% CPU
Identifying sites to remove: done in 0.00176435 secs using 520% CPU
Identifying sites to remove: done in 0.0010344 secs using 378% CPU
Identifying sites to remove: done in 0.00220484 secs using 581.9% CPU
Identifying sites to remove: done in 0.000914 secs using 1.939e+04% CPU
Identifying sites to remove: done in 0.00126731 secs using 1.416e+04% CPU
Identifying sites to remove: done in 0.00211405 secs using 8759% CPU
Identifying sites to remove: done in 0.000888623 secs using 291.5% CPU
Identifying sites to remove: done in 0.00218771 secs using 8158% CPU
Identifying sites to remove: done in 0.00188798 secs using 430.7% CPU
Identifying sites to remove: done in 0.00213035 secs using 8533% CPU
Identifying sites to remove: done in 0.00209257 secs using 8530% CPU
Identifying sites to remove: done in 0.00209223 secs using 8366% CPU
Identifying sites to remove: done in 0.00169052 secs using 404.1% CPU
Identifying sites to remove: done in 0.00205377 secs using 498.3% CPU
Identifying sites to remove: done in 0.000950515 secs using 1.845e+04% CPU
Identifying sites to remove: done in 0.00204976 secs using 8832% CPU
Identifying sites to remove: done in 0.00130405 secs using 145.5% CPU
Identifying sites to remove: done in 0.000873528 secs using 201.5% CPU
Identifying sites to remove: done in 0.00165864 secs using 271.7% CPU
Identifying sites to remove: done in 0.00200431 secs using 8180% CPU
Identifying sites to remove: done in 0.00178117 secs using 9093% CPU
Identifying sites to remove: done in 0.00211998 secs using 7500% CPU
Identifying sites to remove: done in 0.000963829 secs using 383.4% CPU
Identifying sites to remove: done in 0.000444673 secs using 99.62% CPU
Identifying sites to remove: done in 0.00179479 secs using 384.2% CPU
Identifying sites to remove: done in 0.000954516 secs using 786.1% CPU
Identifying sites to remove: done in 0.000153489 secs using 878.9% CPU
Identifying sites to remove: done in 0.000237174 secs using 779.6% CPU
Identifying sites to remove: done in 0.000265785 secs using 799.9% CPU
Identifying sites to remove: done in 0.000349909 secs using 939.4% CPU
Identifying sites to remove: done in 0.000332229 secs using 1058% CPU
Identifying sites to remove: done in 0.000355549 secs using 987.8% CPU
Identifying sites to remove: done in 0.00035505 secs using 1028% CPU
Identifying sites to remove: done in 0.000399515 secs using 988.2% CPU
Identifying sites to remove: done in 0.000453062 secs using 950% CPU
Identifying sites to remove: done in 0.000477947 secs using 1035% CPU
Identifying sites to remove: done in 0.000501275 secs using 981.1% CPU
Identifying sites to remove: done in 0.00049755 secs using 1033% CPU
Identifying sites to remove: done in 0.000264265 secs using 805.6% CPU
Identifying sites to remove: done in 0.000248775 secs using 715.1% CPU
Identifying sites to remove: done in 0.000401124 secs using 848.4% CPU
Identifying sites to remove: done in 0.000176042 secs using 644.7% CPU
Identifying sites to remove: done in 0.000158869 secs using 208.3% CPU
Identifying sites to remove: done in 0.000160992 secs using 98.76% CPU
Identifying sites to remove: done in 0.000162937 secs using 473.2% CPU
Identifying sites to remove: done in 0.000168286 secs using 1111% CPU
Identifying sites to remove: done in 0.000114314 secs using 7.472e+04% CPU
Identifying sites to remove: done in 0.000119627 secs using 816.7% CPU
Identifying sites to remove: done in 0.000144228 secs using 931.2% CPU
Identifying sites to remove: done in 0.000206463 secs using 634% CPU
Identifying sites to remove: done in 0.00019192 secs using 549.2% CPU
Identifying sites to remove: done in 0.000254638 secs using 682.5% CPU
Identifying sites to remove: done in 0.000182234 secs using 408.3% CPU
Identifying sites to remove: done in 9.99644e-05 secs using 873.3% CPU
Identifying sites to remove: done in 0.000121444 secs using 178.7% CPU
Identifying sites to remove: done in 6.19367e-05 secs using 1503% CPU
Identifying sites to remove: done in 8.00192e-05 secs using 166.2% CPU
Identifying sites to remove: done in 0.00016541 secs using 266.6% CPU
Identifying sites to remove: done in 0.000154495 secs using 847.9% CPU
Identifying sites to remove: done in 0.000159882 secs using 193.3% CPU
Identifying sites to remove: done in 6.22347e-05 secs using 2712% CPU
Identifying sites to remove: done in 0.00010962 secs using 250% CPU
Identifying sites to remove: done in 0.000164472 secs using 2058% CPU
Identifying sites to remove: done in 0.000154234 secs using 98.55% CPU
Identifying sites to remove: done in 0.000132143 secs using 98.38% CPU
Identifying sites to remove: done in 0.000175066 secs using 3577% CPU
Identifying sites to remove: done in 9.17315e-05 secs using 3515% CPU
Identifying sites to remove: done in 0.000131778 secs using 207.2% CPU
Identifying sites to remove: done in 0.000179686 secs using 1476% CPU
Identifying sites to remove: done in 0.000156403 secs using 211.6% CPU
Identifying sites to remove: done in 6.15194e-05 secs using 97.53% CPU
Identifying sites to remove: done in 8.91685e-05 secs using 98.69% CPU
Identifying sites to remove: done in 0.000176251 secs using 2.057e+04% CPU
Identifying sites to remove: done in 0.000198342 secs using 2.116e+04% CPU
Identifying sites to remove: done in 0.000224315 secs using 2.117e+04% CPU
Identifying sites to remove: done in 0.000247523 secs using 1.833e+04% CPU
Identifying sites to remove: done in 0.000247419 secs using 1.627e+04% CPU
Identifying sites to remove: done in 0.000273243 secs using 6100% CPU
Identifying sites to remove: done in 0.000275783 secs using 1.172e+04% CPU
Identifying sites to remove: done in 0.000277795 secs using 1.071e+04% CPU
Identifying sites to remove: done in 0.000282951 secs using 9646% CPU
Identifying sites to remove: done in 0.000332102 secs using 1.089e+04% CPU
Identifying sites to remove: done in 0.000340566 secs using 6716% CPU
Identifying sites to remove: done in 0.000334561 secs using 6025% CPU
Identifying sites to remove: done in 0.000338614 secs using 9981% CPU
Identifying sites to remove: done in 0.000332944 secs using 4471% CPU
Identifying sites to remove: done in 0.000331014 secs using 3697% CPU
Identifying sites to remove: done in 0.000333786 secs using 2920% CPU
Identifying sites to remove: done in 0.000333302 secs using 1383% CPU
Identifying sites to remove: done in 0.000342824 secs using 7449% CPU
Identifying sites to remove: done in 0.000434466 secs using 1762% CPU
Identifying sites to remove: done in 0.000186101 secs using 183.2% CPU
Identifying sites to remove: done in 0.000227027 secs using 351.9% CPU
Identifying sites to remove: done in 0.000176281 secs using 161.7% CPU
Identifying sites to remove: done in 0.000222683 secs using 6.239e+04% CPU
Identifying sites to remove: done in 0.000143565 secs using 1468% CPU
Identifying sites to remove: done in 0.000194475 secs using 260.7% CPU
Identifying sites to remove: done in 0.000259057 secs using 1574% CPU
Identifying sites to remove: done in 0.00013724 secs using 97.64% CPU
Identifying sites to remove: done in 0.000274032 secs using 323.3% CPU
Identifying sites to remove: done in 0.000245973 secs using 132.9% CPU
Identifying sites to remove: done in 0.000244863 secs using 4121% CPU
Identifying sites to remove: done in 0.000220962 secs using 323.6% CPU
Identifying sites to remove: done in 0.000261769 secs using 2760% CPU
Identifying sites to remove: done in 0.000297517 secs using 3727% CPU
Identifying sites to remove: done in 0.00011462 secs using 3298% CPU
Identifying sites to remove: done in 0.000153959 secs using 168.2% CPU
Identifying sites to remove: done in 0.00010059 secs using 3910% CPU
Identifying sites to remove: done in 0.000261694 secs using 6.264e+04% CPU
Identifying sites to remove: done in 0.000128545 secs using 99.58% CPU
Identifying sites to remove: done in 0.000107646 secs using 899.2% CPU
Identifying sites to remove: done in 0.000188515 secs using 995.7% CPU
Identifying sites to remove: done in 0.000270016 secs using 993.3% CPU
Identifying sites to remove: done in 0.000276595 secs using 536.2% CPU
Identifying sites to remove: done in 0.000287101 secs using 277.3% CPU
Identifying sites to remove: done in 0.000242084 secs using 703.9% CPU
Identifying sites to remove: done in 0.000262864 secs using 1105% CPU
Identifying sites to remove: done in 0.00024876 secs using 205.8% CPU
Identifying sites to remove: done in 0.000118367 secs using 98.84% CPU
Identifying sites to remove: done in 9.05246e-05 secs using 3790% CPU
Identifying sites to remove: done in 0.000259675 secs using 1503% CPU
Identifying sites to remove: done in 0.000213251 secs using 157.6% CPU
Identifying sites to remove: done in 0.000206135 secs using 98.96% CPU
Identifying sites to remove: done in 0.000247054 secs using 99.57% CPU
Identifying sites to remove: done in 0.000309497 secs using 99.19% CPU
Identifying sites to remove: done in 0.000266187 secs using 889.6% CPU
Identifying sites to remove: done in 0.000157848 secs using 148.2% CPU
Identifying sites to remove: done in 9.04724e-05 secs using 98.37% CPU
Identifying sites to remove: done in 0.000378124 secs using 4.625e+04% CPU
Identifying sites to remove: done in 0.000190191 secs using 1380% CPU
Identifying sites to remove: done in 0.000306487 secs using 8950% CPU
Identifying sites to remove: done in 0.000367135 secs using 7545% CPU
Identifying sites to remove: done in 0.000365242 secs using 2009% CPU
Identifying sites to remove: done in 0.000417084 secs using 7126% CPU
Identifying sites to remove: done in 0.000499263 secs using 3810% CPU
Identifying sites to remove: done in 0.000502221 secs using 2629% CPU
Identifying sites to remove: done in 0.000523925 secs using 5181% CPU
Identifying sites to remove: done in 0.000543058 secs using 2181% CPU
Identifying sites to remove: done in 0.000551619 secs using 2297% CPU
Identifying sites to remove: done in 0.000556588 secs using 2397% CPU
Identifying sites to remove: done in 0.000554278 secs using 4025% CPU
Identifying sites to remove: done in 0.000534132 secs using 1718% CPU
Identifying sites to remove: done in 0.000552222 secs using 3460% CPU
Identifying sites to remove: done in 0.000541344 secs using 1963% CPU
Identifying sites to remove: done in 0.00053817 secs using 1603% CPU
Identifying sites to remove: done in 0.000671886 secs using 1756% CPU
Identifying sites to remove: done in 0.0006852 secs using 2526% CPU
Identifying sites to remove: done in 0.000687271 secs using 3734% CPU
Identifying sites to remove: done in 0.00068561 secs using 4485% CPU
Identifying sites to remove: done in 0.000279874 secs using 199% CPU
Identifying sites to remove: done in 0.000425644 secs using 238.5% CPU
Identifying sites to remove: done in 0.000430502 secs using 2.593e+04% CPU
Identifying sites to remove: done in 0.00037352 secs using 99.59% CPU
Identifying sites to remove: done in 0.000281274 secs using 1067% CPU
Identifying sites to remove: done in 0.000259459 secs using 1357% CPU
Identifying sites to remove: done in 0.000471614 secs using 2083% CPU
Identifying sites to remove: done in 0.000483856 secs using 851.1% CPU
Identifying sites to remove: done in 0.000443526 secs using 202.7% CPU
Identifying sites to remove: done in 0.000424035 secs using 99.52% CPU
Identifying sites to remove: done in 0.000397995 secs using 393% CPU
Identifying sites to remove: done in 0.000468604 secs using 419.8% CPU
Identifying sites to remove: done in 0.000434607 secs using 445.7% CPU
Identifying sites to remove: done in 0.00023479 secs using 168.7% CPU
Identifying sites to remove: done in 0.000289336 secs using 765.2% CPU
Identifying sites to remove: done in 0.000227638 secs using 878.2% CPU
Identifying sites to remove: done in 0.000492156 secs using 914.8% CPU
Identifying sites to remove: done in 0.000252455 secs using 1093% CPU
Identifying sites to remove: done in 0.00051038 secs using 1431% CPU
Identifying sites to remove: done in 0.000238411 secs using 1147% CPU
Identifying sites to remove: done in 0.000456817 secs using 1409% CPU
Identifying sites to remove: done in 0.000394143 secs using 980.4% CPU
Identifying sites to remove: done in 0.000481896 secs using 1339% CPU
Identifying sites to remove: done in 0.000488639 secs using 856.5% CPU
Identifying sites to remove: done in 0.000479572 secs using 839.9% CPU
Identifying sites to remove: done in 0.000468872 secs using 161.9% CPU
Identifying sites to remove: done in 0.000482254 secs using 430.1% CPU
Identifying sites to remove: done in 0.000251576 secs using 134% CPU
Identifying sites to remove: done in 0.000486411 secs using 593.3% CPU
Identifying sites to remove: done in 0.00038214 secs using 168.5% CPU
Identifying sites to remove: done in 0.000191689 secs using 99.64% CPU
Identifying sites to remove: done in 0.000463061 secs using 3.85e+04% CPU
Identifying sites to remove: done in 0.000473805 secs using 253.9% CPU
Identifying sites to remove: done in 0.000516914 secs using 499.3% CPU
Identifying sites to remove: done in 0.00065431 secs using 178.2% CPU
Identifying sites to remove: done in 0.000334196 secs using 1641% CPU
Identifying sites to remove: done in 0.00018391 secs using 98.96% CPU
Identifying sites to remove: done in 0.00048735 secs using 490% CPU
Identifying sites to remove: done in 0.000335924 secs using 99.72% CPU
Identifying sites to remove: done in 0.000130661 secs using 1.989e+04% CPU
Identifying sites to remove: done in 0.000164144 secs using 1.438e+04% CPU
Identifying sites to remove: done in 0.00017038 secs using 1.743e+04% CPU
Identifying sites to remove: done in 0.000193693 secs using 1.309e+04% CPU
Identifying sites to remove: done in 0.000178106 secs using 3087% CPU
Identifying sites to remove: done in 0.00019142 secs using 6181% CPU
Identifying sites to remove: done in 0.00019706 secs using 1.066e+04% CPU
Identifying sites to remove: done in 0.000188686 secs using 7052% CPU
Identifying sites to remove: done in 0.000195153 secs using 1.151e+04% CPU
Identifying sites to remove: done in 0.00019221 secs using 8501% CPU
Identifying sites to remove: done in 0.000190966 secs using 9312% CPU
Identifying sites to remove: done in 0.00026574 secs using 1729% CPU
Identifying sites to remove: done in 0.000195451 secs using 3698% CPU
Identifying sites to remove: done in 0.000189826 secs using 1.015e+04% CPU
Identifying sites to remove: done in 0.000294507 secs using 9945% CPU
Identifying sites to remove: done in 0.000363789 secs using 3096% CPU
Identifying sites to remove: done in 0.000404492 secs using 4051% CPU
Identifying sites to remove: done in 0.000428349 secs using 2442% CPU
Identifying sites to remove: done in 0.000418939 secs using 1041% CPU
Identifying sites to remove: done in 0.000170492 secs using 715% CPU
Identifying sites to remove: done in 0.000129081 secs using 715.1% CPU
Identifying sites to remove: done in 0.000131384 secs using 98.95% CPU
Identifying sites to remove: done in 0.000130884 secs using 2059% CPU
Identifying sites to remove: done in 8.66801e-05 secs using 9209% CPU
Identifying sites to remove: done in 0.000121899 secs using 4555% CPU
Identifying sites to remove: done in 0.00013487 secs using 2224% CPU
Identifying sites to remove: done in 0.000148177 secs using 325.3% CPU
Identifying sites to remove: done in 0.000102691 secs using 98.35% CPU
Identifying sites to remove: done in 0.000127934 secs using 2483% CPU
Identifying sites to remove: done in 0.000141926 secs using 5571% CPU
Identifying sites to remove: done in 8.32379e-05 secs using 5714% CPU
Identifying sites to remove: done in 8.85874e-05 secs using 321.7% CPU
Identifying sites to remove: done in 0.000112042 secs using 1535% CPU
Identifying sites to remove: done in 0.000105403 secs using 3695% CPU
Identifying sites to remove: done in 0.000128739 secs using 1838% CPU
Identifying sites to remove: done in 0.000144079 secs using 1920% CPU
Identifying sites to remove: done in 0.000116885 secs using 6263% CPU
Identifying sites to remove: done in 0.000128455 secs using 4432% CPU
Identifying sites to remove: done in 0.000140078 secs using 5259% CPU
Identifying sites to remove: done in 0.000125535 secs using 321.8% CPU
Identifying sites to remove: done in 0.000174634 secs using 1283% CPU
Identifying sites to remove: done in 0.000123687 secs using 1749% CPU
Identifying sites to remove: done in 6.87614e-05 secs using 5602% CPU
Identifying sites to remove: done in 0.00011953 secs using 1023% CPU
Identifying sites to remove: done in 0.000147261 secs using 144% CPU
Identifying sites to remove: done in 0.000146881 secs using 413.9% CPU
Identifying sites to remove: done in 0.000117071 secs using 590.2% CPU
Identifying sites to remove: done in 9.16123e-05 secs using 1442% CPU
Identifying sites to remove: done in 0.00013084 secs using 249.2% CPU
Identifying sites to remove: done in 0.000135541 secs using 650.7% CPU
Identifying sites to remove: done in 5.05894e-05 secs using 96.86% CPU
Identifying sites to remove: done in 0.000142939 secs using 782.1% CPU
Identifying sites to remove: done in 0.000132941 secs using 905.7% CPU
Identifying sites to remove: done in 0.000162072 secs using 144.4% CPU
Identifying sites to remove: done in 7.32914e-05 secs using 98.24% CPU
Identifying sites to remove: done in 5.1342e-05 secs using 97.39% CPU
Identifying sites to remove: done in 9.7461e-05 secs using 917.3% CPU
Identifying sites to remove: done in 0.000114128 secs using 115.7% CPU
Identifying sites to remove: done in 0.000881754 secs using 1.911e+04% CPU
Identifying sites to remove: done in 0.00118627 secs using 1.499e+04% CPU
Identifying sites to remove: done in 0.00123539 secs using 1.329e+04% CPU
Identifying sites to remove: done in 0.00126921 secs using 1.441e+04% CPU
Identifying sites to remove: done in 0.00144753 secs using 1.184e+04% CPU
Identifying sites to remove: done in 0.00146556 secs using 9753% CPU
Identifying sites to remove: done in 0.00152732 secs using 9163% CPU
Identifying sites to remove: done in 0.00155277 secs using 9514% CPU
Identifying sites to remove: done in 0.00157359 secs using 1.122e+04% CPU
Identifying sites to remove: done in 0.00160255 secs using 1.033e+04% CPU
Identifying sites to remove: done in 0.00162282 secs using 7524% CPU
Identifying sites to remove: done in 0.00165728 secs using 9176% CPU
Identifying sites to remove: done in 0.00168611 secs using 9261% CPU
Identifying sites to remove: done in 0.00171388 secs using 7828% CPU
Identifying sites to remove: done in 0.00175551 secs using 7438% CPU
Identifying sites to remove: done in 0.00180782 secs using 9141% CPU
Identifying sites to remove: done in 0.00192239 secs using 7275% CPU
Identifying sites to remove: done in 0.00204778 secs using 7929% CPU
Identifying sites to remove: done in 0.00206855 secs using 6233% CPU
Identifying sites to remove: done in 0.00105257 secs using 365.6% CPU
Identifying sites to remove: done in 0.00158823 secs using 399.1% CPU
Identifying sites to remove: done in 0.00124523 secs using 214.3% CPU
Identifying sites to remove: done in 0.000988238 secs using 99.77% CPU
Identifying sites to remove: done in 0.0011205 secs using 99.69% CPU
Identifying sites to remove: done in 0.00100282 secs using 1.883e+04% CPU
Identifying sites to remove: done in 0.00206975 secs using 9553% CPU
Identifying sites to remove: done in 0.00170889 secs using 459.4% CPU
Identifying sites to remove: done in 0.00213411 secs using 386.6% CPU
Identifying sites to remove: done in 0.00201927 secs using 436.7% CPU
Identifying sites to remove: done in 0.0015921 secs using 1.155e+04% CPU
Identifying sites to remove: done in 0.00160765 secs using 145.8% CPU
Identifying sites to remove: done in 0.000912897 secs using 606.9% CPU
Identifying sites to remove: done in 0.00213987 secs using 8818% CPU
Identifying sites to remove: done in 0.000982597 secs using 1.814e+04% CPU
Identifying sites to remove: done in 0.00213109 secs using 8731% CPU
Identifying sites to remove: done in 0.00109103 secs using 517.1% CPU
Identifying sites to remove: done in 0.00140126 secs using 468.6% CPU
Identifying sites to remove: done in 0.00200674 secs using 477.4% CPU
Identifying sites to remove: done in 0.00084962 secs using 286.5% CPU
Identifying sites to remove: done in 0.00201298 secs using 323.9% CPU
Identifying sites to remove: done in 0.00197309 secs using 524.3% CPU
Identifying sites to remove: done in 0.00196738 secs using 471.5% CPU
Identifying sites to remove: done in 0.0016403 secs using 447.5% CPU
Identifying sites to remove: done in 0.0019673 secs using 484.4% CPU
Identifying sites to remove: done in 0.00238655 secs using 7565% CPU
Identifying sites to remove: done in 0.00212015 secs using 229.1% CPU
Identifying sites to remove: done in 0.000933126 secs using 1.903e+04% CPU
Identifying sites to remove: done in 0.00199283 secs using 9147% CPU
Identifying sites to remove: done in 0.000507109 secs using 702.4% CPU
Identifying sites to remove: done in 0.00129783 secs using 362.1% CPU
Identifying sites to remove: done in 0.00164143 secs using 1.065e+04% CPU
Identifying sites to remove: done in 0.00225713 secs using 521.8% CPU
Identifying sites to remove: done in 0.00196295 secs using 457.2% CPU
Identifying sites to remove: done in 0.00194725 secs using 260.8% CPU
Identifying sites to remove: done in 0.000790216 secs using 231.3% CPU
Identifying sites to remove: done in 0.000450894 secs using 99.14% CPU
Identifying sites to remove: done in 0.00140737 secs using 288% CPU
Identifying sites to remove: done in 0.000916399 secs using 540.8% CPU
Identifying sites to remove: done in 0.00120326 secs using 981.4% CPU
Identifying sites to remove: done in 0.00166029 secs using 963.6% CPU
Identifying sites to remove: done in 0.00170454 secs using 952% CPU
Identifying sites to remove: done in 0.00179215 secs using 924.4% CPU
Identifying sites to remove: done in 0.00188041 secs using 933.1% CPU
Identifying sites to remove: done in 0.00211217 secs using 886.6% CPU
Identifying sites to remove: done in 0.00212274 secs using 927.8% CPU
Identifying sites to remove: done in 0.00217416 secs using 912.6% CPU
Identifying sites to remove: done in 0.00223208 secs using 907.9% CPU
Identifying sites to remove: done in 0.00287398 secs using 4739% CPU
Identifying sites to remove: done in 0.000848874 secs using 1.37e+04% CPU
Identifying sites to remove: done in 0.00155849 secs using 486.2% CPU
Identifying sites to remove: done in 0.00136402 secs using 420.2% CPU
Identifying sites to remove: done in 0.00132578 secs using 229% CPU
Identifying sites to remove: done in 0.0011152 secs using 461.4% CPU
Identifying sites to remove: done in 0.0017974 secs using 485.3% CPU
Identifying sites to remove: done in 0.000863999 secs using 288.2% CPU
Identifying sites to remove: done in 0.00181852 secs using 342.8% CPU
Identifying sites to remove: done in 0.001808 secs using 210.2% CPU
Identifying sites to remove: done in 0.00161967 secs using 895.4% CPU
Identifying sites to remove: done in 0.00101475 secs using 1138% CPU
Identifying sites to remove: done in 0.00128277 secs using 793.7% CPU
Identifying sites to remove: done in 0.00132918 secs using 1.385e+04% CPU
Identifying sites to remove: done in 0.00182246 secs using 1.034e+04% CPU
Identifying sites to remove: done in 0.00109141 secs using 675.2% CPU
Identifying sites to remove: done in 0.00192319 secs using 543.5% CPU
Identifying sites to remove: done in 0.00189021 secs using 510.7% CPU
Identifying sites to remove: done in 0.0019537 secs using 582.9% CPU
Identifying sites to remove: done in 0.00204159 secs using 782.1% CPU
Identifying sites to remove: done in 0.00201727 secs using 9236% CPU
Identifying sites to remove: done in 0.00202785 secs using 9022% CPU
Identifying sites to remove: done in 0.00193608 secs using 191.7% CPU
Identifying sites to remove: done in 0.000707634 secs using 2.557e+04% CPU
Identifying sites to remove: done in 0.00165106 secs using 223.9% CPU
Identifying sites to remove: done in 0.00162279 secs using 1.102e+04% CPU
Identifying sites to remove: done in 0.0011711 secs using 367.7% CPU
Identifying sites to remove: done in 0.00200941 secs using 8540% CPU
Identifying sites to remove: done in 0.00196914 secs using 8541% CPU
Identifying sites to remove: done in 0.000839755 secs using 235.7% CPU
Identifying sites to remove: done in 0.00240462 secs using 665.3% CPU
Identifying sites to remove: done in 0.00105733 secs using 1.288e+04% CPU
Identifying sites to remove: done in 0.000643462 secs using 1889% CPU
Identifying sites to remove: done in 0.000815138 secs using 1765% CPU
Identifying sites to remove: done in 0.000777893 secs using 1856% CPU
Identifying sites to remove: done in 0.000863649 secs using 1797% CPU
Identifying sites to remove: done in 0.000937283 secs using 1741% CPU
Identifying sites to remove: done in 0.00102759 secs using 1724% CPU
Identifying sites to remove: done in 0.00102895 secs using 1755% CPU
Identifying sites to remove: done in 0.00107307 secs using 1725% CPU
Identifying sites to remove: done in 0.00111876 secs using 1709% CPU
Identifying sites to remove: done in 0.00108981 secs using 1723% CPU
Identifying sites to remove: done in 0.00107481 secs using 1731% CPU
Identifying sites to remove: done in 0.00116993 secs using 1614% CPU
Identifying sites to remove: done in 0.00120485 secs using 1637% CPU
Identifying sites to remove: done in 0.00131048 secs using 1585% CPU
Identifying sites to remove: done in 0.00129438 secs using 1536% CPU
Identifying sites to remove: done in 0.00133551 secs using 1560% CPU
Identifying sites to remove: done in 0.00138802 secs using 1516% CPU
Identifying sites to remove: done in 0.00155998 secs using 1418% CPU
Identifying sites to remove: done in 0.00165005 secs using 1416% CPU
Identifying sites to remove: done in 0.000613935 secs using 361% CPU
Identifying sites to remove: done in 0.00112464 secs using 8530% CPU
Identifying sites to remove: done in 0.000743188 secs using 155.9% CPU
Identifying sites to remove: done in 0.000663422 secs using 99.79% CPU
Identifying sites to remove: done in 0.000824049 secs using 401.8% CPU
Identifying sites to remove: done in 0.000510961 secs using 1399% CPU
Identifying sites to remove: done in 0.000681251 secs using 753.2% CPU
Identifying sites to remove: done in 0.00116266 secs using 974.8% CPU
Identifying sites to remove: done in 0.00108346 secs using 241.4% CPU
Identifying sites to remove: done in 0.000836372 secs using 423.6% CPU
Identifying sites to remove: done in 0.000477627 secs using 489.3% CPU
Identifying sites to remove: done in 0.000993036 secs using 213.3% CPU
Identifying sites to remove: done in 0.00100655 secs using 1262% CPU
Identifying sites to remove: done in 0.000897862 secs using 1567% CPU
Identifying sites to remove: done in 0.00048852 secs using 371.1% CPU
Identifying sites to remove: done in 0.00110743 secs using 858% CPU
Identifying sites to remove: done in 0.00116649 secs using 560.1% CPU
Identifying sites to remove: done in 0.000453964 secs using 201.1% CPU
Identifying sites to remove: done in 0.00066945 secs using 194.3% CPU
Identifying sites to remove: done in 0.000476949 secs using 376.8% CPU
Identifying sites to remove: done in 0.000999823 secs using 327.4% CPU
Identifying sites to remove: done in 0.00107364 secs using 398.1% CPU
Identifying sites to remove: done in 0.00102216 secs using 792.5% CPU
Identifying sites to remove: done in 0.000952944 secs using 1.88e+04% CPU
Identifying sites to remove: done in 0.00110622 secs using 1.651e+04% CPU
Identifying sites to remove: done in 0.00102562 secs using 99.84% CPU
Identifying sites to remove: done in 0.000495575 secs using 529.5% CPU
Identifying sites to remove: done in 0.00105163 secs using 400.2% CPU
Identifying sites to remove: done in 0.00107746 secs using 1.352e+04% CPU
Identifying sites to remove: done in 0.000269189 secs using 99.56% CPU
Identifying sites to remove: done in 0.000775859 secs using 521.4% CPU
Identifying sites to remove: done in 0.000954255 secs using 149.2% CPU
Identifying sites to remove: done in 0.00132705 secs using 390.7% CPU
Identifying sites to remove: done in 0.00103096 secs using 1.613e+04% CPU
Identifying sites to remove: done in 0.00101709 secs using 219.7% CPU
Identifying sites to remove: done in 0.000468731 secs using 636% CPU
Identifying sites to remove: done in 0.000272572 secs using 99.42% CPU
Identifying sites to remove: done in 0.000905462 secs using 720.1% CPU
Identifying sites to remove: done in 0.00051491 secs using 562.6% CPU
Identifying sites to remove: done in 0.00012517 secs using 1.327e+04% CPU
Identifying sites to remove: done in 0.000175118 secs using 1.78e+04% CPU
Identifying sites to remove: done in 0.00022728 secs using 6.995e+04% CPU
Identifying sites to remove: done in 0.000293307 secs using 5.559e+04% CPU
Identifying sites to remove: done in 0.000224665 secs using 6.813e+04% CPU
Identifying sites to remove: done in 0.000239596 secs using 5.812e+04% CPU
Identifying sites to remove: done in 0.00031393 secs using 5e+04% CPU
Identifying sites to remove: done in 0.000290483 secs using 4.936e+04% CPU
Identifying sites to remove: done in 0.000257611 secs using 5.287e+04% CPU
Identifying sites to remove: done in 0.000302769 secs using 4.969e+04% CPU
Identifying sites to remove: done in 0.000300214 secs using 4.898e+04% CPU
Identifying sites to remove: done in 0.000328839 secs using 3.933e+04% CPU
Identifying sites to remove: done in 0.00035616 secs using 3.732e+04% CPU
Identifying sites to remove: done in 0.000463568 secs using 458.2% CPU
Identifying sites to remove: done in 6.26966e-05 secs using 170.7% CPU
Identifying sites to remove: done in 0.000605166 secs using 2613% CPU
Identifying sites to remove: done in 0.000663631 secs using 4594% CPU
Identifying sites to remove: done in 0.000682168 secs using 4123% CPU
Identifying sites to remove: done in 0.000723302 secs using 3773% CPU
Identifying sites to remove: done in 0.000744469 secs using 4860% CPU
Identifying sites to remove: done in 0.000766926 secs using 4004% CPU
Identifying sites to remove: done in 0.00078655 secs using 4491% CPU
Identifying sites to remove: done in 0.000800982 secs using 3037% CPU
Identifying sites to remove: done in 0.000803754 secs using 3369% CPU
Identifying sites to remove: done in 0.000802323 secs using 2855% CPU
Identifying sites to remove: done in 0.000805646 secs using 4223% CPU
Identifying sites to remove: done in 0.000847876 secs using 2584% CPU
Identifying sites to remove: done in 0.000888258 secs using 2350% CPU
Identifying sites to remove: done in 0.000987254 secs using 1841% CPU
Identifying sites to remove: done in 0.000992417 secs using 4014% CPU
Identifying sites to remove: done in 0.00102318 secs using 1928% CPU
Identifying sites to remove: done in 0.00104572 secs using 2619% CPU
Identifying sites to remove: done in 0.00103527 secs using 1503% CPU
Identifying sites to remove: done in 0.00131422 secs using 1362% CPU
Identifying sites to remove: done in 0.000519082 secs using 337.5% CPU
Identifying sites to remove: done in 0.000901327 secs using 283.4% CPU
Identifying sites to remove: done in 0.000731185 secs using 2.077e+04% CPU
Identifying sites to remove: done in 0.00062719 secs using 99.81% CPU
Identifying sites to remove: done in 0.000417136 secs using 348.6% CPU
Identifying sites to remove: done in 0.000913613 secs using 685.6% CPU
Identifying sites to remove: done in 0.00056944 secs using 605.2% CPU
Identifying sites to remove: done in 0.0009005 secs using 617% CPU
Identifying sites to remove: done in 0.000779189 secs using 293.3% CPU
Identifying sites to remove: done in 0.000711925 secs using 270.4% CPU
Identifying sites to remove: done in 0.000896335 secs using 2.081e+04% CPU
Identifying sites to remove: done in 0.000885926 secs using 538.4% CPU
Identifying sites to remove: done in 0.000428602 secs using 594.3% CPU
Identifying sites to remove: done in 0.000798546 secs using 528.3% CPU
Identifying sites to remove: done in 0.000958413 secs using 701.6% CPU
Identifying sites to remove: done in 0.000473477 secs using 800.5% CPU
Identifying sites to remove: done in 0.000610165 secs using 991.2% CPU
Identifying sites to remove: done in 0.000946835 secs using 1165% CPU
Identifying sites to remove: done in 0.000387192 secs using 200.7% CPU
Identifying sites to remove: done in 0.000876769 secs using 616.9% CPU
Identifying sites to remove: done in 0.000381537 secs using 122.9% CPU
Identifying sites to remove: done in 0.000901267 secs using 347% CPU
Identifying sites to remove: done in 0.000762321 secs using 346.3% CPU
Identifying sites to remove: done in 0.000898905 secs using 586.7% CPU
Identifying sites to remove: done in 0.000932306 secs using 674.6% CPU
Identifying sites to remove: done in 0.000908218 secs using 520.8% CPU
Identifying sites to remove: done in 0.00094609 secs using 129.4% CPU
Identifying sites to remove: done in 0.000463702 secs using 3.793e+04% CPU
Identifying sites to remove: done in 0.000930145 secs using 135% CPU
Identifying sites to remove: done in 0.000276551 secs using 212.3% CPU
Identifying sites to remove: done in 0.000799194 secs using 106.4% CPU
Identifying sites to remove: done in 0.000655271 secs using 538.4% CPU
Identifying sites to remove: done in 0.0012349 secs using 218.9% CPU
Identifying sites to remove: done in 0.00102016 secs using 325.7% CPU
Identifying sites to remove: done in 0.000936918 secs using 144.1% CPU
Identifying sites to remove: done in 0.000392452 secs using 1061% CPU
Identifying sites to remove: done in 0.000218064 secs using 1229% CPU
Identifying sites to remove: done in 0.000886053 secs using 1.533e+04% CPU
Identifying sites to remove: done in 0.000465281 secs using 1450% CPU
Identifying sites to remove: done in 0.000160053 secs
Identifying sites to remove: done in 0.000206448 secs
Identifying sites to remove: done in 0.000221543 secs
Identifying sites to remove: done in 0.000224255 secs
Identifying sites to remove: done in 0.000206843 secs
Identifying sites to remove: done in 0.000224896 secs
Identifying sites to remove: done in 0.000273101 secs
Identifying sites to remove: done in 0.000215761 secs
Identifying sites to remove: done in 0.000217691 secs
Identifying sites to remove: done in 0.000211038 secs
Identifying sites to remove: done in 0.000351071 secs
Identifying sites to remove: done in 0.000220723 secs
Identifying sites to remove: done in 0.000220299 secs
Identifying sites to remove: done in 0.000209697 secs
Identifying sites to remove: done in 0.000218004 secs
Identifying sites to remove: done in 0.000458889 secs
Identifying sites to remove: done in 0.0004666 secs
Identifying sites to remove: done in 0.000460222 secs
Identifying sites to remove: done in 0.000568472 secs
Identifying sites to remove: done in 0.00022801 secs
Identifying sites to remove: done in 0.000129864 secs
Identifying sites to remove: done in 9.29907e-05 secs
Identifying sites to remove: done in 6.91488e-05 secs
Identifying sites to remove: done in 8.42884e-05 secs
Identifying sites to remove: done in 0.000106871 secs
Identifying sites to remove: done in 0.000108697 secs
Identifying sites to remove: done in 0.000107609 secs
Identifying sites to remove: done in 0.000101112 secs
Identifying sites to remove: done in 8.78051e-05 secs
Identifying sites to remove: done in 8.96826e-05 secs
Identifying sites to remove: done in 0.000113867 secs
Identifying sites to remove: done in 7.72923e-05 secs
Identifying sites to remove: done in 6.08489e-05 secs using 2577% CPU
Identifying sites to remove: done in 0.000136048 secs using 2817% CPU
Identifying sites to remove: done in 9.15676e-05 secs using 2008% CPU
Identifying sites to remove: done in 8.59797e-05 secs using 232.6% CPU
Identifying sites to remove: done in 8.32379e-05 secs using 2199% CPU
Identifying sites to remove: done in 0.000105582 secs using 304% CPU
Identifying sites to remove: done in 7.1086e-05 secs using 3444% CPU
Identifying sites to remove: done in 0.000102393 secs using 1220% CPU
Identifying sites to remove: done in 0.000125319 secs using 2555% CPU
Identifying sites to remove: done in 0.000105992 secs using 1660% CPU
Identifying sites to remove: done in 7.81193e-05 secs using 2832% CPU
Identifying sites to remove: done in 0.000107959 secs using 2144% CPU
Identifying sites to remove: done in 0.000112236 secs using 192.5% CPU
Identifying sites to remove: done in 5.30779e-05 secs using 2089% CPU
Identifying sites to remove: done in 8.67844e-05 secs using 2745% CPU
Identifying sites to remove: done in 5.79134e-05 secs using 170.9% CPU
Identifying sites to remove: done in 9.22829e-05 secs using 5058% CPU
Identifying sites to remove: done in 0.000103265 secs using 2686% CPU
Identifying sites to remove: done in 0.000104941 secs using 238.2% CPU
Identifying sites to remove: done in 4.6514e-05 secs using 94.6% CPU
Identifying sites to remove: done in 8.98466e-05 secs using 97.94% CPU
Identifying sites to remove: done in 0.000100024 secs using 747.8% CPU
Identifying sites to remove: done in 8.36775e-05 secs using 158.9% CPU
Identifying sites to remove: done in 6.63847e-05 secs using 97.91% CPU
Identifying sites to remove: done in 4.4547e-05 secs using 96.53% CPU
Identifying sites to remove: done in 5.67287e-05 secs using 96.95% CPU
Identifying sites to remove: done in 0.000174552 secs using 9943% CPU
Identifying sites to remove: done in 0.000238165 secs using 8483% CPU
Identifying sites to remove: done in 0.00023859 secs using 8069% CPU
Identifying sites to remove: done in 0.000253223 secs using 6836% CPU
Identifying sites to remove: done in 0.000278942 secs using 1944% CPU
Identifying sites to remove: done in 0.000281312 secs using 3416% CPU
Identifying sites to remove: done in 0.00028944 secs using 4829% CPU
Identifying sites to remove: done in 0.000289194 secs using 5536% CPU
Identifying sites to remove: done in 0.000323713 secs using 4182% CPU
Identifying sites to remove: done in 0.000335962 secs using 5256% CPU
Identifying sites to remove: done in 0.00034941 secs using 3626% CPU
Identifying sites to remove: done in 0.000371926 secs using 2648% CPU
Identifying sites to remove: done in 0.000374392 secs using 2384% CPU
Identifying sites to remove: done in 0.000372604 secs using 1530% CPU
Identifying sites to remove: done in 0.000373274 secs using 1272% CPU
Identifying sites to remove: done in 0.000406742 secs using 1989% CPU
Identifying sites to remove: done in 0.000378571 secs using 3196% CPU
Identifying sites to remove: done in 0.000449941 secs using 3650% CPU
Identifying sites to remove: done in 0.000157297 secs using 443.7% CPU
Identifying sites to remove: done in 0.000258982 secs using 350.6% CPU
Identifying sites to remove: done in 0.000219628 secs using 163.9% CPU
Identifying sites to remove: done in 0.000185683 secs using 99.09% CPU
Identifying sites to remove: done in 0.000145145 secs using 201.9% CPU
Identifying sites to remove: done in 0.000218958 secs using 1894% CPU
Identifying sites to remove: done in 0.000171535 secs using 99.11% CPU
Identifying sites to remove: done in 0.000240393 secs using 99.42% CPU
Identifying sites to remove: done in 0.000217699 secs using 1803% CPU
Identifying sites to remove: done in 0.00017146 secs using 1606% CPU
Identifying sites to remove: done in 0.000161931 secs using 1286% CPU
Identifying sites to remove: done in 0.000241138 secs using 1473% CPU
Identifying sites to remove: done in 0.000136748 secs using 1396% CPU
Identifying sites to remove: done in 0.000260212 secs using 1551% CPU
Identifying sites to remove: done in 0.0002122 secs using 342.1% CPU
Identifying sites to remove: done in 0.000243627 secs using 1071% CPU
Identifying sites to remove: done in 0.000129268 secs using 225.9% CPU
Identifying sites to remove: done in 0.000216767 secs using 319.7% CPU
Identifying sites to remove: done in 0.000106931 secs using 2272% CPU
Identifying sites to remove: done in 0.000220001 secs using 1252% CPU
Identifying sites to remove: done in 0.000268467 secs using 1134% CPU
Identifying sites to remove: done in 0.000227541 secs using 189% CPU
Identifying sites to remove: done in 0.000267595 secs using 99.4% CPU
Identifying sites to remove: done in 0.000149153 secs using 98.56% CPU
Identifying sites to remove: done in 0.000248685 secs using 99.72% CPU
Identifying sites to remove: done in 0.000120103 secs using 1169% CPU
Identifying sites to remove: done in 0.000219889 secs using 804.5% CPU
Identifying sites to remove: done in 0.0002601 secs using 141.5% CPU
Identifying sites to remove: done in 0.000248283 secs using 1032% CPU
Identifying sites to remove: done in 0.000243738 secs using 200.6% CPU
Identifying sites to remove: done in 0.000390247 secs using 99.42% CPU
Identifying sites to remove: done in 0.000113852 secs using 98.37% CPU
Identifying sites to remove: done in 0.000170253 secs using 98.68% CPU
Identifying sites to remove: done in 0.000313267 secs using 99.6% CPU
Identifying sites to remove: done in 0.000182554 secs using 1339% CPU
Identifying sites to remove: done in 0.000261337 secs using 6561% CPU
Identifying sites to remove: done in 0.000288144 secs using 1.056e+04% CPU
Identifying sites to remove: done in 0.000293195 secs using 8635% CPU
Identifying sites to remove: done in 0.000276051 secs using 2016% CPU
Identifying sites to remove: done in 0.000342697 secs using 8461% CPU
Identifying sites to remove: done in 0.000363037 secs using 5316% CPU
Identifying sites to remove: done in 0.000364751 secs using 4496% CPU
Identifying sites to remove: done in 0.000373304 secs using 3841% CPU
Identifying sites to remove: done in 0.000366241 secs using 3668% CPU
Identifying sites to remove: done in 0.000365399 secs using 3529% CPU
Identifying sites to remove: done in 0.000415511 secs using 2452% CPU
Identifying sites to remove: done in 0.000364862 secs using 6577% CPU
Identifying sites to remove: done in 0.000438951 secs using 1347% CPU
Identifying sites to remove: done in 0.000457026 secs using 4885% CPU
Identifying sites to remove: done in 0.000371955 secs using 8684% CPU
Identifying sites to remove: done in 0.000365995 secs using 2899% CPU
Identifying sites to remove: done in 0.000545703 secs using 1551% CPU
Identifying sites to remove: done in 0.000557579 secs using 5080% CPU
Identifying sites to remove: done in 0.000575162 secs using 1301% CPU
Identifying sites to remove: done in 0.000194304 secs using 628.4% CPU
Identifying sites to remove: done in 0.000269145 secs using 106.3% CPU
Identifying sites to remove: done in 0.00028567 secs using 99.07% CPU
Identifying sites to remove: done in 0.000301987 secs using 4.601e+04% CPU
Identifying sites to remove: done in 0.000175111 secs using 831.5% CPU
Identifying sites to remove: done in 0.000290409 secs using 1163% CPU
Identifying sites to remove: done in 0.000309221 secs using 860.2% CPU
Identifying sites to remove: done in 0.000207253 secs using 305.9% CPU
Identifying sites to remove: done in 0.000283867 secs using 99.69% CPU
Identifying sites to remove: done in 0.000289343 secs using 733.7% CPU
Identifying sites to remove: done in 0.000290312 secs using 1555% CPU
Identifying sites to remove: done in 0.00027702 secs using 1744% CPU
Identifying sites to remove: done in 0.00015156 secs using 1724% CPU
Identifying sites to remove: done in 0.00026755 secs using 1892% CPU
Identifying sites to remove: done in 0.00031881 secs using 1020% CPU
Identifying sites to remove: done in 0.00014957 secs using 1926% CPU
Identifying sites to remove: done in 0.000207379 secs using 1498% CPU
Identifying sites to remove: done in 0.00012818 secs using 195% CPU
Identifying sites to remove: done in 0.000275381 secs using 1160% CPU
Identifying sites to remove: done in 0.000276685 secs using 2519% CPU
Identifying sites to remove: done in 0.000282846 secs using 2582% CPU
Identifying sites to remove: done in 0.000182383 secs using 2101% CPU
Identifying sites to remove: done in 0.000236906 secs using 160.8% CPU
Identifying sites to remove: done in 0.000335887 secs using 4.638e+04% CPU
Identifying sites to remove: done in 0.000329942 secs using 4.61e+04% CPU
Identifying sites to remove: done in 0.000369929 secs using 4.042e+04% CPU
Identifying sites to remove: done in 0.000284925 secs using 98.97% CPU
Identifying sites to remove: done in 0.000226013 secs using 99.11% CPU
Identifying sites to remove: done in 0.00016465 secs using 974.2% CPU
Identifying sites to remove: done in 0.000119947 secs using 209.3% CPU
Identifying sites to remove: done in 0.000301473 secs using 654.1% CPU
Identifying sites to remove: done in 0.000292093 secs using 1053% CPU
Identifying sites to remove: done in 0.000251167 secs using 124.6% CPU
Identifying sites to remove: done in 0.000186592 secs using 1824% CPU
Identifying sites to remove: done in 0.000143699 secs using 1.204e+05% CPU
Identifying sites to remove: done in 0.000379816 secs using 4.672e+04% CPU
Identifying sites to remove: done in 0.000326589 secs using 262.7% CPU
Identifying sites to remove: done in 0.000275835 secs using 99.33% CPU
Identifying sites to remove: done in 0.000236444 secs using 6.838e+04% CPU
Identifying sites to remove: done in 0.000456996 secs using 2016% CPU
Identifying sites to remove: done in 0.000538893 secs using 1735% CPU
Identifying sites to remove: done in 0.000611834 secs using 1965% CPU
Identifying sites to remove: done in 0.000612438 secs using 1953% CPU
Identifying sites to remove: done in 0.000712857 secs using 1734% CPU
Identifying sites to remove: done in 0.000775494 secs using 1760% CPU
Identifying sites to remove: done in 0.000836432 secs using 1755% CPU
Identifying sites to remove: done in 0.000843413 secs using 1786% CPU
Identifying sites to remove: done in 0.000842355 secs using 1748% CPU
Identifying sites to remove: done in 0.000840455 secs using 1702% CPU
Identifying sites to remove: done in 0.000841007 secs using 1771% CPU
Identifying sites to remove: done in 0.000877872 secs using 1601% CPU
Identifying sites to remove: done in 0.000833176 secs using 1642% CPU
Identifying sites to remove: done in 0.000943214 secs using 1643% CPU
Identifying sites to remove: done in 0.000946902 secs using 1683% CPU
Identifying sites to remove: done in 0.000979103 secs using 1550% CPU
Identifying sites to remove: done in 0.00100377 secs using 1573% CPU
Identifying sites to remove: done in 0.00101785 secs using 1506% CPU
Identifying sites to remove: done in 0.00107709 secs using 1496% CPU
Identifying sites to remove: done in 0.000470765 secs using 337.5% CPU
Identifying sites to remove: done in 0.00076811 secs using 274.3% CPU
Identifying sites to remove: done in 0.000629179 secs using 107.3% CPU
Identifying sites to remove: done in 0.000555672 secs using 99.7% CPU
Identifying sites to remove: done in 0.000570677 secs using 3.376e+04% CPU
Identifying sites to remove: done in 0.000468343 secs using 456.1% CPU
Identifying sites to remove: done in 0.000886492 secs using 578% CPU
Identifying sites to remove: done in 0.000958964 secs using 409.1% CPU
Identifying sites to remove: done in 0.00077571 secs using 446% CPU
Identifying sites to remove: done in 0.000853248 secs using 131.7% CPU
Identifying sites to remove: done in 0.000735246 secs using 625.2% CPU
Identifying sites to remove: done in 0.000813611 secs using 2.266e+04% CPU
Identifying sites to remove: done in 0.000431769 secs using 198.5% CPU
Identifying sites to remove: done in 0.000964798 secs using 307.1% CPU
Identifying sites to remove: done in 0.000395693 secs using 1406% CPU
Identifying sites to remove: done in 0.000471339 secs using 813% CPU
Identifying sites to remove: done in 0.000951119 secs using 728.4% CPU
Identifying sites to remove: done in 0.000638187 secs using 1176% CPU
Identifying sites to remove: done in 0.000435337 secs using 1020% CPU
Identifying sites to remove: done in 0.000857778 secs using 280.6% CPU
Identifying sites to remove: done in 0.000885688 secs using 175% CPU
Identifying sites to remove: done in 0.000883669 secs using 797.7% CPU
Identifying sites to remove: done in 0.000977285 secs using 651.3% CPU
Identifying sites to remove: done in 0.0008834 secs using 808.1% CPU
Identifying sites to remove: done in 0.000970699 secs using 752.4% CPU
Identifying sites to remove: done in 0.000888757 secs using 144.1% CPU
Identifying sites to remove: done in 0.000937529 secs using 1.872e+04% CPU
Identifying sites to remove: done in 0.000891782 secs using 468.4% CPU
Identifying sites to remove: done in 0.000473261 secs using 121.1% CPU
Identifying sites to remove: done in 0.000274882 secs using 99.32% CPU
Identifying sites to remove: done in 0.000663348 secs using 436.6% CPU
Identifying sites to remove: done in 0.000803046 secs using 2.159e+04% CPU
Identifying sites to remove: done in 0.000832438 secs using 99.71% CPU
Identifying sites to remove: done in 0.000880659 secs using 294.4% CPU
Identifying sites to remove: done in 0.00130823 secs using 1.248e+04% CPU
Identifying sites to remove: done in 0.000407726 secs using 98.84% CPU
Identifying sites to remove: done in 0.000257879 secs using 168.7% CPU
Identifying sites to remove: done in 0.000778832 secs using 1.571e+04% CPU
Identifying sites to remove: done in 0.000437923 secs using 777.3% CPU
Identifying sites to remove: done in 0.000157617 secs using 2.505e+04% CPU
Identifying sites to remove: done in 0.000221886 secs using 6.591e+04% CPU
Identifying sites to remove: done in 0.000230916 secs using 6.671e+04% CPU
Identifying sites to remove: done in 0.000246301 secs using 6.885e+04% CPU
Identifying sites to remove: done in 0.000208072 secs using 6.468e+04% CPU
Identifying sites to remove: done in 0.000252731 secs using 6.407e+04% CPU
Identifying sites to remove: done in 0.00024379 secs using 6.479e+04% CPU
Identifying sites to remove: done in 0.000253558 secs using 6.541e+04% CPU
Identifying sites to remove: done in 0.000402346 secs using 3.478e+04% CPU
Identifying sites to remove: done in 0.0005069 secs using 2.693e+04% CPU
Identifying sites to remove: done in 0.000530191 secs using 2.726e+04% CPU
Identifying sites to remove: done in 0.000537954 secs using 2.836e+04% CPU
Identifying sites to remove: done in 0.000170179 secs using 849.7% CPU
Identifying sites to remove: done in 0.000359416 secs using 742% CPU
Identifying sites to remove: done in 0.000274926 secs using 1144% CPU
Identifying sites to remove: done in 0.00025066 secs using 1099% CPU
Identifying sites to remove: done in 0.000105217 secs using 323.1% CPU
Identifying sites to remove: done in 0.000123762 secs using 1289% CPU
Identifying sites to remove: done in 9.84445e-05 secs using 736.5% CPU
Identifying sites to remove: done in 7.55265e-05 secs using 1306% CPU
Identifying sites to remove: done in 0.000101879 secs using 200.2% CPU
Identifying sites to remove: done in 0.000141688 secs using 1225% CPU
Identifying sites to remove: done in 8.82894e-05 secs using 536.9% CPU
Identifying sites to remove: done in 0.000106931 secs using 1973% CPU
Identifying sites to remove: done in 8.50186e-05 secs using 475.2% CPU
Identifying sites to remove: done in 0.000156723 secs using 1933% CPU
Identifying sites to remove: done in 0.000127204 secs using 1084% CPU
Identifying sites to remove: done in 5.47245e-05 secs using 1301% CPU
Identifying sites to remove: done in 0.000138626 secs using 1968% CPU
Identifying sites to remove: done in 0.000104509 secs using 318.6% CPU
Identifying sites to remove: done in 0.000166923 secs using 1155% CPU
Identifying sites to remove: done in 8.39829e-05 secs using 2743% CPU
Identifying sites to remove: done in 6.97747e-05 secs using 1551% CPU
Identifying sites to remove: done in 0.000154682 secs using 2042% CPU
Identifying sites to remove: done in 6.85975e-05 secs using 1274% CPU
Identifying sites to remove: done in 0.000102609 secs using 2371% CPU
Identifying sites to remove: done in 6.99908e-05 secs using 308.6% CPU
Identifying sites to remove: done in 0.000110455 secs using 403.8% CPU
Identifying sites to remove: done in 9.37507e-05 secs using 98.13% CPU
Identifying sites to remove: done in 5.24148e-05 secs using 3999% CPU
Identifying sites to remove: done in 5.53131e-05 secs using 3945% CPU
Identifying sites to remove: done in 7.75605e-05 secs using 118.6% CPU
Identifying sites to remove: done in 9.46596e-05 secs using 3809% CPU
Identifying sites to remove: done in 0.000121392 secs using 1170% CPU
Identifying sites to remove: done in 8.70377e-05 secs using 230.9% CPU
Identifying sites to remove: done in 5.3823e-05 secs using 98.47% CPU
Identifying sites to remove: done in 3.85195e-05 secs using 96.06% CPU
Identifying sites to remove: done in 6.76736e-05 secs using 9599% CPU
Identifying sites to remove: done in 6.98715e-05 secs using 273.4% CPU
Identifying sites to remove: done in 0.000135258 secs using 5730% CPU
Identifying sites to remove: done in 0.000100233 secs using 1.573e+04% CPU
Identifying sites to remove: done in 8.72687e-05 secs using 1.682e+04% CPU
Identifying sites to remove: done in 8.61436e-05 secs using 1.269e+04% CPU
Identifying sites to remove: done in 7.86707e-05 secs using 7936% CPU
Identifying sites to remove: done in 8.59052e-05 secs using 9997% CPU
Identifying sites to remove: done in 0.000109345 secs using 4385% CPU
Identifying sites to remove: done in 9.36389e-05 secs using 717.7% CPU
Identifying sites to remove: done in 0.000109427 secs using 2344% CPU
Identifying sites to remove: done in 0.000105947 secs using 1.245e+05% CPU
Identifying sites to remove: done in 0.000116453 secs using 4841% CPU
Identifying sites to remove: done in 0.000146903 secs using 4675% CPU
Identifying sites to remove: done in 0.000167787 secs using 6005% CPU
Identifying sites to remove: done in 0.000151232 secs using 7825% CPU
Identifying sites to remove: done in 0.000162788 secs using 7865% CPU
Identifying sites to remove: done in 0.00019861 secs using 5644% CPU
Identifying sites to remove: done in 0.000175007 secs using 5571% CPU
Identifying sites to remove: done in 0.000176452 secs using 4984% CPU
Identifying sites to remove: done in 0.000170954 secs using 4034% CPU
Identifying sites to remove: done in 0.000190221 secs using 4197% CPU
Identifying sites to remove: done in 0.000221156 secs using 5007% CPU
Identifying sites to remove: done in 0.000196964 secs using 2639% CPU
Identifying sites to remove: done in 0.000213854 secs using 2898% CPU
Identifying sites to remove: done in 0.000193052 secs using 2049% CPU
Identifying sites to remove: done in 0.000192642 secs using 1442% CPU
Identifying sites to remove: done in 0.000139631 secs using 620.2% CPU
Identifying sites to remove: done in 0.000325583 secs using 587.6% CPU
Identifying sites to remove: done in 0.000333212 secs using 1.021e+04% CPU
Identifying sites to remove: done in 0.000368543 secs using 9750% CPU
Identifying sites to remove: done in 0.000490867 secs using 5926% CPU
Identifying sites to remove: done in 0.000513002 secs using 7993% CPU
Identifying sites to remove: done in 0.000529617 secs using 6365% CPU
Identifying sites to remove: done in 0.000531077 secs using 5087% CPU
Identifying sites to remove: done in 0.000549003 secs using 5223% CPU
Identifying sites to remove: done in 0.000562318 secs using 6310% CPU
Identifying sites to remove: done in 0.00058458 secs using 2275% CPU
Identifying sites to remove: done in 0.000607602 secs using 4314% CPU
Identifying sites to remove: done in 0.000609517 secs using 5419% CPU
Identifying sites to remove: done in 0.000613786 secs using 7074% CPU
Identifying sites to remove: done in 0.000645638 secs using 2547% CPU
Identifying sites to remove: done in 0.000646941 secs using 1945% CPU
Identifying sites to remove: done in 0.000662692 secs using 3842% CPU
Identifying sites to remove: done in 0.000700861 secs using 3104% CPU
Identifying sites to remove: done in 0.000701986 secs using 2746% CPU
Identifying sites to remove: done in 0.000732124 secs using 3228% CPU
Identifying sites to remove: done in 0.000752129 secs using 1442% CPU
Identifying sites to remove: done in 0.000341207 secs using 337.3% CPU
Identifying sites to remove: done in 0.000594586 secs using 289.8% CPU
Identifying sites to remove: done in 0.000481375 secs using 2.76e+04% CPU
Identifying sites to remove: done in 0.000415698 secs using 99.83% CPU
Identifying sites to remove: done in 0.000243157 secs using 99.94% CPU
Identifying sites to remove: done in 0.000293612 secs using 552.1% CPU
Identifying sites to remove: done in 0.000645317 secs using 410.7% CPU
Identifying sites to remove: done in 0.000607416 secs using 376.8% CPU
Identifying sites to remove: done in 0.00036978 secs using 303.7% CPU
Identifying sites to remove: done in 0.000447907 secs using 352.5% CPU
Identifying sites to remove: done in 0.000564545 secs using 126.7% CPU
Identifying sites to remove: done in 0.000631027 secs using 1655% CPU
Identifying sites to remove: done in 0.000581197 secs using 2538% CPU
Identifying sites to remove: done in 0.000429191 secs using 2708% CPU
Identifying sites to remove: done in 0.000420377 secs using 1987% CPU
Identifying sites to remove: done in 0.000466488 secs using 321.8% CPU
Identifying sites to remove: done in 0.000709064 secs using 2.501e+04% CPU
Identifying sites to remove: done in 0.000275731 secs using 297.4% CPU
Identifying sites to remove: done in 0.000633731 secs using 2.733e+04% CPU
Identifying sites to remove: done in 0.000556812 secs using 260.6% CPU
Identifying sites to remove: done in 0.00050088 secs using 282.7% CPU
Identifying sites to remove: done in 0.000593938 secs using 531.9% CPU
Identifying sites to remove: done in 0.000649683 secs using 735.6% CPU
Identifying sites to remove: done in 0.000604771 secs using 562.5% CPU
Identifying sites to remove: done in 0.000581399 secs using 676.6% CPU
Identifying sites to remove: done in 0.000585876 secs using 133.6% CPU
Identifying sites to remove: done in 0.000290364 secs using 99.19% CPU
Identifying sites to remove: done in 0.000590019 secs using 99.66% CPU
Identifying sites to remove: done in 0.000185214 secs using 98.8% CPU
Identifying sites to remove: done in 0.000508755 secs using 99.46% CPU
Identifying sites to remove: done in 0.000467934 secs using 3.77e+04% CPU
Identifying sites to remove: done in 0.000469111 secs using 99.55% CPU
Identifying sites to remove: done in 0.000764199 secs using 357.4% CPU
Identifying sites to remove: done in 0.000583008 secs using 1167% CPU
Identifying sites to remove: done in 0.000586793 secs using 692.4% CPU
Identifying sites to remove: done in 0.000357665 secs using 99.81% CPU
Identifying sites to remove: done in 0.000215359 secs using 99.37% CPU
Identifying sites to remove: done in 0.000609584 secs using 1077% CPU
Identifying sites to remove: done in 0.000292584 secs using 99.46% CPU
Identifying sites to remove: done in 0.000350304 secs using 9588% CPU
Identifying sites to remove: done in 0.000437923 secs using 8335% CPU
Identifying sites to remove: done in 0.000442103 secs using 3150% CPU
Identifying sites to remove: done in 0.000464134 secs using 6622% CPU
Identifying sites to remove: done in 0.000496574 secs using 5308% CPU
Identifying sites to remove: done in 0.000519931 secs using 2537% CPU
Identifying sites to remove: done in 0.000541516 secs using 4632% CPU
Identifying sites to remove: done in 0.000519946 secs using 1555% CPU
Identifying sites to remove: done in 0.000562035 secs using 2206% CPU
Identifying sites to remove: done in 0.000632808 secs using 4666% CPU
Identifying sites to remove: done in 0.000624716 secs using 1756% CPU
Identifying sites to remove: done in 0.000622444 secs using 3658% CPU
Identifying sites to remove: done in 0.000673316 secs using 3694% CPU
Identifying sites to remove: done in 0.000684552 secs using 3145% CPU
Identifying sites to remove: done in 0.000715174 secs using 4899% CPU
Identifying sites to remove: done in 0.00074394 secs using 2751% CPU
Identifying sites to remove: done in 0.000763148 secs using 4880% CPU
Identifying sites to remove: done in 0.000763051 secs using 4251% CPU
Identifying sites to remove: done in 0.00080315 secs using 2444% CPU
Identifying sites to remove: done in 0.000298418 secs using 217.1% CPU
Identifying sites to remove: done in 0.000535995 secs using 433% CPU
Identifying sites to remove: done in 0.000450268 secs using 129.7% CPU
Identifying sites to remove: done in 0.000208743 secs using 355.9% CPU
Identifying sites to remove: done in 0.00042145 secs using 3.598e+04% CPU
Identifying sites to remove: done in 0.000277534 secs using 5.319e+04% CPU
Identifying sites to remove: done in 0.000463456 secs using 244.5% CPU
Identifying sites to remove: done in 0.000440493 secs using 167.1% CPU
Identifying sites to remove: done in 0.00031513 secs using 99.64% CPU
Identifying sites to remove: done in 0.000205465 secs using 1481% CPU
Identifying sites to remove: done in 0.000405855 secs using 1119% CPU
Identifying sites to remove: done in 0.000392951 secs using 1685% CPU
Identifying sites to remove: done in 0.000445761 secs using 1821% CPU
Identifying sites to remove: done in 0.000232197 secs using 1492% CPU
Identifying sites to remove: done in 0.000371471 secs using 1499% CPU
Identifying sites to remove: done in 0.00032419 secs using 488.6% CPU
Identifying sites to remove: done in 0.000373639 secs using 1034% CPU
Identifying sites to remove: done in 0.000462942 secs using 1639% CPU
Identifying sites to remove: done in 0.000200808 secs using 1285% CPU
Identifying sites to remove: done in 0.000416912 secs using 1348% CPU
Identifying sites to remove: done in 0.000358209 secs using 914% CPU
Identifying sites to remove: done in 0.000393614 secs using 1380% CPU
Identifying sites to remove: done in 0.000407197 secs using 751.7% CPU
Identifying sites to remove: done in 0.000398494 secs using 146.6% CPU
Identifying sites to remove: done in 0.000351757 secs using 99.5% CPU
Identifying sites to remove: done in 0.000245757 secs using 6.663e+04% CPU
Identifying sites to remove: done in 0.000466153 secs using 3.433e+04% CPU
Identifying sites to remove: done in 0.00016851 secs using 1268% CPU
Identifying sites to remove: done in 0.000405513 secs using 1092% CPU
Identifying sites to remove: done in 0.000355512 secs using 852.6% CPU
Identifying sites to remove: done in 0.000392459 secs using 543.2% CPU
Identifying sites to remove: done in 0.000331335 secs using 256.5% CPU
Identifying sites to remove: done in 0.000394717 secs using 564.5% CPU
Identifying sites to remove: done in 0.000310525 secs using 184.2% CPU
Identifying sites to remove: done in 0.000419617 secs using 99.61% CPU
Identifying sites to remove: done in 0.000256404 secs using 1341% CPU
Identifying sites to remove: done in 0.000165269 secs using 99.23% CPU
Identifying sites to remove: done in 0.000364341 secs using 267.1% CPU
Identifying sites to remove: done in 0.000330195 secs using 194.7% CPU
Identifying sites to remove: done in 0.000418134 secs using 7025% CPU
Identifying sites to remove: done in 0.000522532 secs using 6245% CPU
Identifying sites to remove: done in 0.000542156 secs using 2157% CPU
Identifying sites to remove: done in 0.00066001 secs using 3056% CPU
Identifying sites to remove: done in 0.000684842 secs using 3798% CPU
Identifying sites to remove: done in 0.000686228 secs using 2617% CPU
Identifying sites to remove: done in 0.0007305 secs using 4536% CPU
Identifying sites to remove: done in 0.000752464 secs using 4258% CPU
Identifying sites to remove: done in 0.000743389 secs using 1599% CPU
Identifying sites to remove: done in 0.00075271 secs using 3735% CPU
Identifying sites to remove: done in 0.000791535 secs using 2074% CPU
Identifying sites to remove: done in 0.000793092 secs using 1734% CPU
Identifying sites to remove: done in 0.00083375 secs using 2820% CPU
Identifying sites to remove: done in 0.000835821 secs using 2982% CPU
Identifying sites to remove: done in 0.000885673 secs using 2077% CPU
Identifying sites to remove: done in 0.000892662 secs using 3429% CPU
Identifying sites to remove: done in 0.000908509 secs using 2362% CPU
Identifying sites to remove: done in 0.000940993 secs using 2859% CPU
Identifying sites to remove: done in 0.000970326 secs using 3328% CPU
Identifying sites to remove: done in 0.00038749 secs using 202.3% CPU
Identifying sites to remove: done in 0.000652254 secs using 358.8% CPU
Identifying sites to remove: done in 0.000572108 secs using 111% CPU
Identifying sites to remove: done in 0.000556447 secs using 99.74% CPU
Identifying sites to remove: done in 0.000339158 secs using 99.66% CPU
Identifying sites to remove: done in 0.000408165 secs using 99.47% CPU
Identifying sites to remove: done in 0.000420921 secs using 4.481e+04% CPU
Identifying sites to remove: done in 0.000838488 secs using 2.31e+04% CPU
Identifying sites to remove: done in 0.000783928 secs using 309.5% CPU
Identifying sites to remove: done in 0.000797205 secs using 291% CPU
Identifying sites to remove: done in 0.000626639 secs using 417.5% CPU
Identifying sites to remove: done in 0.000636198 secs using 137.4% CPU
Identifying sites to remove: done in 0.000388637 secs using 1950% CPU
Identifying sites to remove: done in 0.000869878 secs using 1303% CPU
Identifying sites to remove: done in 0.000461623 secs using 1814% CPU
Identifying sites to remove: done in 0.000914745 secs using 1.979e+04% CPU
Identifying sites to remove: done in 0.000437692 secs using 3.925e+04% CPU
Identifying sites to remove: done in 0.000611775 secs using 2.826e+04% CPU
Identifying sites to remove: done in 0.000872932 secs using 2.031e+04% CPU
Identifying sites to remove: done in 0.00084538 secs using 341.4% CPU
Identifying sites to remove: done in 0.000774167 secs using 993.6% CPU
Identifying sites to remove: done in 0.000870131 secs using 1128% CPU
Identifying sites to remove: done in 0.000829287 secs using 926.1% CPU
Identifying sites to remove: done in 0.000711992 secs using 717.4% CPU
Identifying sites to remove: done in 0.000839129 secs using 583.2% CPU
Identifying sites to remove: done in 0.000806265 secs using 178.6% CPU
Identifying sites to remove: done in 0.000383437 secs using 218.3% CPU
Identifying sites to remove: done in 0.000881501 secs using 340.1% CPU
Identifying sites to remove: done in 0.000267006 secs using 6.87e+04% CPU
Identifying sites to remove: done in 0.000557207 secs using 99.42% CPU
Identifying sites to remove: done in 0.00067462 secs using 409.3% CPU
Identifying sites to remove: done in 0.000599429 secs using 99.76% CPU
Identifying sites to remove: done in 0.000834271 secs using 2.052e+04% CPU
Identifying sites to remove: done in 0.000799768 secs using 212.8% CPU
Identifying sites to remove: done in 0.00111992 secs using 244% CPU
Identifying sites to remove: done in 0.000458695 secs using 99.63% CPU
Identifying sites to remove: done in 0.000259131 secs using 209.9% CPU
Identifying sites to remove: done in 0.00070107 secs using 499.8% CPU
Identifying sites to remove: done in 0.000408582 secs using 99.37% CPU
Identifying sites to remove: done in 0.000969589 secs using 9882% CPU
Identifying sites to remove: done in 0.00108786 secs using 1.068e+04% CPU
Identifying sites to remove: done in 0.00133424 secs using 8462% CPU
Identifying sites to remove: done in 0.00146537 secs using 7582% CPU
Identifying sites to remove: done in 0.00150704 secs using 6172% CPU
Identifying sites to remove: done in 0.00150689 secs using 5928% CPU
Identifying sites to remove: done in 0.00173 secs using 5802% CPU
Identifying sites to remove: done in 0.00176945 secs using 5055% CPU
Identifying sites to remove: done in 0.00181556 secs using 4943% CPU
Identifying sites to remove: done in 0.00181606 secs using 4945% CPU
Identifying sites to remove: done in 0.00189502 secs using 5977% CPU
Identifying sites to remove: done in 0.00193702 secs using 6820% CPU
Identifying sites to remove: done in 0.00197719 secs using 6330% CPU
Identifying sites to remove: done in 0.00198605 secs using 6860% CPU
Identifying sites to remove: done in 0.00198269 secs using 5185% CPU
Identifying sites to remove: done in 0.00204074 secs using 4495% CPU
Identifying sites to remove: done in 0.00210826 secs using 5080% CPU
Identifying sites to remove: done in 0.00243367 secs using 5043% CPU
Identifying sites to remove: done in 0.000853255 secs using 674.6% CPU
Identifying sites to remove: done in 0.00148849 secs using 250.5% CPU
Identifying sites to remove: done in 0.00111032 secs using 1.49e+04% CPU
Identifying sites to remove: done in 0.000350602 secs using 200.5% CPU
Identifying sites to remove: done in 0.000996262 secs using 282.5% CPU
Identifying sites to remove: done in 0.000697561 secs using 99.63% CPU
Identifying sites to remove: done in 0.000979066 secs using 455.7% CPU
Identifying sites to remove: done in 0.00178492 secs using 1.08e+04% CPU
Identifying sites to remove: done in 0.00143211 secs using 385.4% CPU
Identifying sites to remove: done in 0.00178677 secs using 1.068e+04% CPU
Identifying sites to remove: done in 0.00167648 secs using 304.1% CPU
Identifying sites to remove: done in 0.00135616 secs using 424.2% CPU
Identifying sites to remove: done in 0.00142061 secs using 263.1% CPU
Identifying sites to remove: done in 0.000800118 secs using 993.5% CPU
Identifying sites to remove: done in 0.000888802 secs using 674.8% CPU
Identifying sites to remove: done in 0.00197981 secs using 649.9% CPU
Identifying sites to remove: done in 0.000748694 secs using 2.327e+04% CPU
Identifying sites to remove: done in 0.00195668 secs using 9308% CPU
Identifying sites to remove: done in 0.00108339 secs using 1.624e+04% CPU
Identifying sites to remove: done in 0.0017435 secs using 323.4% CPU
Identifying sites to remove: done in 0.00166626 secs using 227.6% CPU
Identifying sites to remove: done in 0.00169901 secs using 474.9% CPU
Identifying sites to remove: done in 0.00144184 secs using 496.2% CPU
Identifying sites to remove: done in 0.0017652 secs using 547.4% CPU
Identifying sites to remove: done in 0.00179573 secs using 382.5% CPU
Identifying sites to remove: done in 0.00184202 secs using 9596% CPU
Identifying sites to remove: done in 0.000782862 secs using 230.4% CPU
Identifying sites to remove: done in 0.0017148 secs using 99.78% CPU
Identifying sites to remove: done in 0.000398494 secs using 99.63% CPU
Identifying sites to remove: done in 0.00136982 secs using 1.243e+04% CPU
Identifying sites to remove: done in 0.00107729 secs using 319% CPU
Identifying sites to remove: done in 0.0012302 secs using 656.6% CPU
Identifying sites to remove: done in 0.0016093 secs using 9638% CPU
Identifying sites to remove: done in 0.00174937 secs using 220.5% CPU
Identifying sites to remove: done in 0.00154199 secs using 140.7% CPU
Identifying sites to remove: done in 0.000671238 secs using 535.6% CPU
Identifying sites to remove: done in 0.00073263 secs using 1.7e+04% CPU
Identifying sites to remove: done in 0.00135553 secs using 8970% CPU
Identifying sites to remove: done in 0.00108504 secs using 263.7% CPU
Identifying sites to remove: done in 0.000771016 secs using 2693% CPU
Identifying sites to remove: done in 0.000401758 secs using 1710% CPU
Identifying sites to remove: done in 0.000556707 secs using 4235% CPU
Identifying sites to remove: done in 0.000695489 secs using 3660% CPU
Identifying sites to remove: done in 0.000694156 secs using 3773% CPU
Identifying sites to remove: done in 0.000731155 secs using 3695% CPU
Identifying sites to remove: done in 0.000710666 secs using 3739% CPU
Identifying sites to remove: done in 0.000731997 secs using 3687% CPU
Identifying sites to remove: done in 0.000720926 secs using 3677% CPU
Identifying sites to remove: done in 0.000878565 secs using 3263% CPU
Identifying sites to remove: done in 0.000838488 secs using 3296% CPU
Identifying sites to remove: done in 0.000876039 secs using 3265% CPU
Identifying sites to remove: done in 0.000942163 secs using 3026% CPU
Identifying sites to remove: done in 0.000975393 secs using 3000% CPU
Identifying sites to remove: done in 0.00100779 secs using 2903% CPU
Identifying sites to remove: done in 0.00103012 secs using 2912% CPU
Identifying sites to remove: done in 0.00108177 secs using 2821% CPU
Identifying sites to remove: done in 0.00113596 secs using 2745% CPU
Identifying sites to remove: done in 0.00106447 secs using 2832% CPU
Identifying sites to remove: done in 0.00106198 secs using 2825% CPU
Identifying sites to remove: done in 0.000359036 secs using 415.3% CPU
Identifying sites to remove: done in 0.000690803 secs using 305.4% CPU
Identifying sites to remove: done in 0.000460289 secs using 187.7% CPU
Identifying sites to remove: done in 0.000386454 secs using 99.36% CPU
Identifying sites to remove: done in 0.000280976 secs using 6.52e+04% CPU
Identifying sites to remove: done in 0.000151671 secs using 99.56% CPU
Identifying sites to remove: done in 0.000348859 secs using 936.5% CPU
Identifying sites to remove: done in 0.000557147 secs using 129.9% CPU
Identifying sites to remove: done in 0.00058943 secs using 3.235e+04% CPU
Identifying sites to remove: done in 0.000489093 secs using 237% CPU
Identifying sites to remove: done in 0.000546962 secs using 293.6% CPU
Identifying sites to remove: done in 0.000505298 secs using 1304% CPU
Identifying sites to remove: done in 0.00037571 secs using 1418% CPU
Identifying sites to remove: done in 0.00069198 secs using 1123% CPU
Identifying sites to remove: done in 0.000462107 secs using 265.5% CPU
Identifying sites to remove: done in 0.000681281 secs using 618% CPU
Identifying sites to remove: done in 0.000259586 secs using 1243% CPU
Identifying sites to remove: done in 0.00057067 secs using 767.7% CPU
Identifying sites to remove: done in 0.000302628 secs using 152.7% CPU
Identifying sites to remove: done in 0.000612341 secs using 345.9% CPU
Identifying sites to remove: done in 0.000613637 secs using 329.2% CPU
Identifying sites to remove: done in 0.000617638 secs using 255.3% CPU
Identifying sites to remove: done in 0.000574432 secs using 99.58% CPU
Identifying sites to remove: done in 0.000504129 secs using 99.58% CPU
Identifying sites to remove: done in 0.000596166 secs using 680.7% CPU
Identifying sites to remove: done in 0.000595316 secs using 775.2% CPU
Identifying sites to remove: done in 0.000609733 secs using 374.8% CPU
Identifying sites to remove: done in 0.000361368 secs using 120.9% CPU
Identifying sites to remove: done in 0.000176907 secs using 98.92% CPU
Identifying sites to remove: done in 0.000453949 secs using 99.35% CPU
Identifying sites to remove: done in 0.000531547 secs using 351.8% CPU
Identifying sites to remove: done in 0.000462294 secs using 148.8% CPU
Identifying sites to remove: done in 0.000569582 secs using 99.72% CPU
Identifying sites to remove: done in 0.000494778 secs using 180.5% CPU
Identifying sites to remove: done in 0.000941567 secs using 1087% CPU
Identifying sites to remove: done in 0.000337206 secs using 99.05% CPU
Identifying sites to remove: done in 0.000264116 secs using 99.58% CPU
Identifying sites to remove: done in 0.000581212 secs using 362% CPU
Identifying sites to remove: done in 0.00038524 secs using 99.42% CPU
Identifying sites to remove: done in 0.000502847 secs using 6330% CPU
Identifying sites to remove: done in 0.000573508 secs using 1930% CPU
Identifying sites to remove: done in 0.000604294 secs using 4754% CPU
Identifying sites to remove: done in 0.000708938 secs using 4351% CPU
Identifying sites to remove: done in 0.000712842 secs using 4521% CPU
Identifying sites to remove: done in 0.000760511 secs using 3550% CPU
Identifying sites to remove: done in 0.000828423 secs using 2879% CPU
Identifying sites to remove: done in 0.000817627 secs using 2074% CPU
Identifying sites to remove: done in 0.000861138 secs using 2331% CPU
Identifying sites to remove: done in 0.000870764 secs using 2525% CPU
Identifying sites to remove: done in 0.000880569 secs using 3375% CPU
Identifying sites to remove: done in 0.000879847 secs using 4102% CPU
Identifying sites to remove: done in 0.000868887 secs using 2664% CPU
Identifying sites to remove: done in 0.000884801 secs using 3531% CPU
Identifying sites to remove: done in 0.000926793 secs using 2981% CPU
Identifying sites to remove: done in 0.000926815 secs using 2844% CPU
Identifying sites to remove: done in 0.00100219 secs using 1711% CPU
Identifying sites to remove: done in 0.00102002 secs using 1477% CPU
Identifying sites to remove: done in 0.00105511 secs using 1951% CPU
Identifying sites to remove: done in 0.000654832 secs using 242.5% CPU
Identifying sites to remove: done in 0.000391446 secs using 206.9% CPU
Identifying sites to remove: done in 0.000511438 secs using 99.33% CPU
Identifying sites to remove: done in 0.00017298 secs using 200% CPU
Identifying sites to remove: done in 0.000285499 secs using 1391% CPU
Identifying sites to remove: done in 0.000610448 secs using 2.411e+04% CPU
Identifying sites to remove: done in 0.000562996 secs using 2.605e+04% CPU
Identifying sites to remove: done in 0.000608861 secs using 267.7% CPU
Identifying sites to remove: done in 0.000427574 secs using 1264% CPU
Identifying sites to remove: done in 0.000555463 secs using 1196% CPU
Identifying sites to remove: done in 0.000541836 secs using 1358% CPU
Identifying sites to remove: done in 0.00062076 secs using 1312% CPU
Identifying sites to remove: done in 0.000351109 secs using 1812% CPU
Identifying sites to remove: done in 0.0005759 secs using 2042% CPU
Identifying sites to remove: done in 0.000357389 secs using 1912% CPU
Identifying sites to remove: done in 0.000404611 secs using 1853% CPU
Identifying sites to remove: done in 0.000602797 secs using 2266% CPU
Identifying sites to remove: done in 0.000584669 secs using 1906% CPU
Identifying sites to remove: done in 0.000289433 secs using 2499% CPU
Identifying sites to remove: done in 0.000466272 secs using 1022% CPU
Identifying sites to remove: done in 0.000538759 secs using 1454% CPU
Identifying sites to remove: done in 0.000594936 secs using 1368% CPU
Identifying sites to remove: done in 0.000562444 secs using 2856% CPU
Identifying sites to remove: done in 0.000451446 secs using 2746% CPU
Identifying sites to remove: done in 0.000324816 secs using 4.615e+04% CPU
Identifying sites to remove: done in 0.000585549 secs using 2.701e+04% CPU
Identifying sites to remove: done in 0.000624694 secs using 2.475e+04% CPU
Identifying sites to remove: done in 0.00045272 secs using 127.2% CPU
Identifying sites to remove: done in 0.000545442 secs using 794.4% CPU
Identifying sites to remove: done in 0.000231162 secs using 1128% CPU
Identifying sites to remove: done in 0.000416346 secs using 1136% CPU
Identifying sites to remove: done in 0.000564002 secs using 592.6% CPU
Identifying sites to remove: done in 0.000566475 secs using 1164% CPU
Identifying sites to remove: done in 0.000464469 secs using 845.5% CPU
Identifying sites to remove: done in 0.000461519 secs using 171.8% CPU
Identifying sites to remove: done in 0.000381231 secs using 4.703e+04% CPU
Identifying sites to remove: done in 0.000301629 secs using 190.6% CPU
Identifying sites to remove: done in 0.000468865 secs using 315.2% CPU
Identifying sites to remove: done in 0.000408895 secs using 99.29% CPU
Identifying sites to remove: done in 0.000263274 secs using 6.366e+04% CPU
Identifying sites to remove: done in 0.000289641 secs
Identifying sites to remove: done in 0.000304006 secs using 4.927e+04% CPU
Identifying sites to remove: done in 0.000340484 secs using 4.808e+04% CPU
Identifying sites to remove: done in 0.000339374 secs
Identifying sites to remove: done in 0.000359148 secs
Identifying sites to remove: done in 0.000359923 secs using 3.943e+04% CPU
Identifying sites to remove: done in 0.000374153 secs
Identifying sites to remove: done in 0.000389762 secs using 3.899e+04% CPU
Identifying sites to remove: done in 0.000405774 secs using 3.938e+04% CPU
Identifying sites to remove: done in 0.000427015 secs
Identifying sites to remove: done in 0.000456646 secs
Identifying sites to remove: done in 0.000462279 secs
Identifying sites to remove: done in 0.000463352 secs
Identifying sites to remove: done in 0.000442393 secs
Identifying sites to remove: done in 0.000504367 secs
Identifying sites to remove: done in 0.000462681 secs
Identifying sites to remove: done in 0.000468455 secs using 3.328e+04% CPU
Identifying sites to remove: done in 0.000544876 secs
Identifying sites to remove: done in 0.000197195 secs
Identifying sites to remove: done in 0.000258781 secs
Identifying sites to remove: done in 0.000258915 secs
Identifying sites to remove: done in 0.000241049 secs
Identifying sites to remove: done in 0.000120565 secs
Identifying sites to remove: done in 6.93277e-05 secs
Identifying sites to remove: done in 0.000175118 secs using 3450% CPU
Identifying sites to remove: done in 0.000274673 secs using 1278% CPU
Identifying sites to remove: done in 0.000303306 secs using 204.4% CPU
Identifying sites to remove: done in 0.00029216 secs using 1296% CPU
Identifying sites to remove: done in 0.000238664 secs using 158.8% CPU
Identifying sites to remove: done in 0.000268996 secs using 262.1% CPU
Identifying sites to remove: done in 0.000159539 secs using 1048% CPU
Identifying sites to remove: done in 0.000266396 secs using 888.5% CPU
Identifying sites to remove: done in 0.000168659 secs using 685.4% CPU
Identifying sites to remove: done in 0.000322245 secs using 289.2% CPU
Identifying sites to remove: done in 0.00017488 secs using 1475% CPU
Identifying sites to remove: done in 0.000164881 secs using 912.8% CPU
Identifying sites to remove: done in 0.000267975 secs using 994.9% CPU
Identifying sites to remove: done in 0.000283018 secs using 217.7% CPU
Identifying sites to remove: done in 0.000275195 secs using 699.5% CPU
Identifying sites to remove: done in 0.000233881 secs using 906.9% CPU
Identifying sites to remove: done in 0.00026603 secs using 887.9% CPU
Identifying sites to remove: done in 0.000298522 secs using 1657% CPU
Identifying sites to remove: done in 0.000280418 secs using 1017% CPU
Identifying sites to remove: done in 0.000303693 secs using 190% CPU
Identifying sites to remove: done in 0.000137016 secs using 99.26% CPU
Identifying sites to remove: done in 0.000261694 secs using 99.35% CPU
Identifying sites to remove: done in 0.000205815 secs using 99.12% CPU
Identifying sites to remove: done in 0.000232719 secs using 338.6% CPU
Identifying sites to remove: done in 0.000145704 secs using 116% CPU
Identifying sites to remove: done in 0.000204191 secs using 812% CPU
Identifying sites to remove: done in 0.000222653 secs using 188.6% CPU
Identifying sites to remove: done in 0.000289276 secs using 788.9% CPU
Identifying sites to remove: done in 0.000181742 secs using 178.3% CPU
Identifying sites to remove: done in 0.000323303 secs using 935.7% CPU
Identifying sites to remove: done in 0.000143163 secs using 98.49% CPU
Identifying sites to remove: done in 0.000354126 secs using 452.4% CPU
Identifying sites to remove: done in 0.000208616 secs using 1463% CPU
Identifying sites to remove: done in 0.000413306 secs using 8370% CPU
Identifying sites to remove: done in 0.000517629 secs using 1849% CPU
Identifying sites to remove: done in 0.000601083 secs using 1981% CPU
Identifying sites to remove: done in 0.000635006 secs using 3253% CPU
Identifying sites to remove: done in 0.000703603 secs using 5725% CPU
Identifying sites to remove: done in 0.000719041 secs using 2914% CPU
Identifying sites to remove: done in 0.000701971 secs using 1669% CPU
Identifying sites to remove: done in 0.000721946 secs using 4839% CPU
Identifying sites to remove: done in 0.000718944 secs using 2258% CPU
Identifying sites to remove: done in 0.000717878 secs using 2036% CPU
Identifying sites to remove: done in 0.000771351 secs using 4992% CPU
Identifying sites to remove: done in 0.000803351 secs using 2320% CPU
Identifying sites to remove: done in 0.000807919 secs using 4055% CPU
Identifying sites to remove: done in 0.00083141 secs using 2176% CPU
Identifying sites to remove: done in 0.000869036 secs using 4625% CPU
Identifying sites to remove: done in 0.000867791 secs using 3126% CPU
Identifying sites to remove: done in 0.000869088 secs using 3488% CPU
Identifying sites to remove: done in 0.000870243 secs using 2780% CPU
Identifying sites to remove: done in 0.00090614 secs using 1855% CPU
Identifying sites to remove: done in 0.000407554 secs using 192.9% CPU
Identifying sites to remove: done in 0.000620395 secs using 169.4% CPU
Identifying sites to remove: done in 0.000541911 secs using 99.28% CPU
Identifying sites to remove: done in 0.000491776 secs using 593% CPU
Identifying sites to remove: done in 0.000161812 secs using 195.3% CPU
Identifying sites to remove: done in 0.00032001 secs using 948.4% CPU
Identifying sites to remove: done in 0.000439122 secs using 741.7% CPU
Identifying sites to remove: done in 0.000702873 secs using 405.1% CPU
Identifying sites to remove: done in 0.00066901 secs using 208.2% CPU
Identifying sites to remove: done in 0.000663839 secs using 593.5% CPU
Identifying sites to remove: done in 0.000543647 secs using 165% CPU
Identifying sites to remove: done in 0.00067994 secs using 2.755e+04% CPU
Identifying sites to remove: done in 0.000331014 secs using 226.3% CPU
Identifying sites to remove: done in 0.000742935 secs using 382.9% CPU
Identifying sites to remove: done in 0.000362255 secs using 772.9% CPU
Identifying sites to remove: done in 0.000771321 secs using 602.6% CPU
Identifying sites to remove: done in 0.00036034 secs using 695.7% CPU
Identifying sites to remove: done in 0.000639841 secs using 571.7% CPU
Identifying sites to remove: done in 0.000691727 secs using 600.4% CPU
Identifying sites to remove: done in 0.000721812 secs using 849.7% CPU
Identifying sites to remove: done in 0.000800371 secs using 2.259e+04% CPU
Identifying sites to remove: done in 0.000683457 secs using 2.597e+04% CPU
Identifying sites to remove: done in 0.000867285 secs using 2.023e+04% CPU
Identifying sites to remove: done in 0.000766404 secs using 433.5% CPU
Identifying sites to remove: done in 0.000753731 secs using 401.1% CPU
Identifying sites to remove: done in 0.00076171 secs using 235.7% CPU
Identifying sites to remove: done in 0.000358805 secs using 197.3% CPU
Identifying sites to remove: done in 0.000798188 secs using 538.5% CPU
Identifying sites to remove: done in 0.000206694 secs using 781.8% CPU
Identifying sites to remove: done in 0.000533476 secs using 492.2% CPU
Identifying sites to remove: done in 0.000714734 secs using 173.9% CPU
Identifying sites to remove: done in 0.000539809 secs using 99.66% CPU
Identifying sites to remove: done in 0.000560775 secs using 99.68% CPU
Identifying sites to remove: done in 0.00102039 secs using 354.4% CPU
Identifying sites to remove: done in 0.00081116 secs using 175.1% CPU
Identifying sites to remove: done in 0.000439905 secs using 3.664e+04% CPU
Identifying sites to remove: done in 0.000360727 secs using 3.786e+04% CPU
Identifying sites to remove: done in 0.000737965 secs using 1.905e+04% CPU
Identifying sites to remove: done in 0.000476986 secs using 2.093e+04% CPU
Identifying sites to remove: done in 0.000840172 secs using 2004% CPU
Identifying sites to remove: done in 0.000973895 secs using 1781% CPU
Identifying sites to remove: done in 0.00110901 secs using 1749% CPU
Identifying sites to remove: done in 0.00122364 secs using 1840% CPU
Identifying sites to remove: done in 0.00130517 secs using 1834% CPU
Identifying sites to remove: done in 0.00138164 secs using 1884% CPU
Identifying sites to remove: done in 0.00141501 secs using 1823% CPU
Identifying sites to remove: done in 0.00141251 secs using 1789% CPU
Identifying sites to remove: done in 0.00140235 secs using 1757% CPU
Identifying sites to remove: done in 0.00145401 secs using 1665% CPU
Identifying sites to remove: done in 0.00151587 secs using 1820% CPU
Identifying sites to remove: done in 0.00150318 secs using 1720% CPU
Identifying sites to remove: done in 0.00155763 secs using 1745% CPU
Identifying sites to remove: done in 0.00158107 secs using 1768% CPU
Identifying sites to remove: done in 0.00165507 secs using 1646% CPU
Identifying sites to remove: done in 0.00168991 secs using 1645% CPU
Identifying sites to remove: done in 0.00172081 secs using 1699% CPU
Identifying sites to remove: done in 0.00171918 secs using 1538% CPU
Identifying sites to remove: done in 0.00197186 secs using 1379% CPU
Identifying sites to remove: done in 0.000700347 secs using 99.81% CPU
Identifying sites to remove: done in 0.000926882 secs using 1.743e+04% CPU
Identifying sites to remove: done in 0.00136532 secs using 1.197e+04% CPU
Identifying sites to remove: done in 0.000810891 secs using 99.52% CPU
Identifying sites to remove: done in 0.000382528 secs using 199.2% CPU
Identifying sites to remove: done in 0.000735208 secs using 301.1% CPU
Identifying sites to remove: done in 0.000942625 secs using 2.089e+04% CPU
Identifying sites to remove: done in 0.001501 secs using 1.302e+04% CPU
Identifying sites to remove: done in 0.001509 secs using 1.269e+04% CPU
Identifying sites to remove: done in 0.00124361 secs using 1.512e+04% CPU
Identifying sites to remove: done in 0.00139131 secs using 1.378e+04% CPU
Identifying sites to remove: done in 0.000796355 secs using 2.375e+04% CPU
Identifying sites to remove: done in 0.000757642 secs using 470.4% CPU
Identifying sites to remove: done in 0.00159594 secs using 1.228e+04% CPU
Identifying sites to remove: done in 0.00107922 secs using 436.2% CPU
Identifying sites to remove: done in 0.00130141 secs using 409.1% CPU
Identifying sites to remove: done in 0.000603162 secs using 217.5% CPU
Identifying sites to remove: done in 0.00134866 secs using 261.6% CPU
Identifying sites to remove: done in 0.00119542 secs using 348.2% CPU
Identifying sites to remove: done in 0.00135342 secs using 646.8% CPU
Identifying sites to remove: done in 0.00146151 secs using 1.286e+04% CPU
Identifying sites to remove: done in 0.00152213 secs using 1.219e+04% CPU
Identifying sites to remove: done in 0.00126668 secs using 321.3% CPU
Identifying sites to remove: done in 0.00145248 secs using 167.9% CPU
Identifying sites to remove: done in 0.00136553 secs using 99.81% CPU
Identifying sites to remove: done in 0.000721864 secs using 99.33% CPU
Identifying sites to remove: done in 0.000381336 secs using 99.65% CPU
Identifying sites to remove: done in 0.00135288 secs using 513.3% CPU
Identifying sites to remove: done in 0.00118443 secs using 99.71% CPU
Identifying sites to remove: done in 0.00101949 secs using 1.669e+04% CPU
Identifying sites to remove: done in 0.00109529 secs using 99.79% CPU
Identifying sites to remove: done in 0.0011466 secs using 418.3% CPU
Identifying sites to remove: done in 0.00225828 secs using 500.8% CPU
Identifying sites to remove: done in 0.00157311 secs using 9659% CPU
Identifying sites to remove: done in 0.000666589 secs using 2.112e+04% CPU
Identifying sites to remove: done in 0.000724867 secs using 1.615e+04% CPU
Identifying sites to remove: done in 0.00160751 secs using 7556% CPU
Identifying sites to remove: done in 0.000598267 secs using 280.6% CPU
Identifying sites to remove: done in 0.000578813 secs using 2817% CPU
Identifying sites to remove: done in 0.000738882 secs using 2261% CPU
Identifying sites to remove: done in 0.000742652 secs using 1923% CPU
Identifying sites to remove: done in 0.0007402 secs using 1811% CPU
Identifying sites to remove: done in 0.000744 secs using 2146% CPU
Identifying sites to remove: done in 0.000885896 secs using 2942% CPU
Identifying sites to remove: done in 0.00101969 secs using 2519% CPU
Identifying sites to remove: done in 0.00102061 secs using 2331% CPU
Identifying sites to remove: done in 0.00105691 secs using 2667% CPU
Identifying sites to remove: done in 0.00108135 secs using 2236% CPU
Identifying sites to remove: done in 0.00106957 secs using 1562% CPU
Identifying sites to remove: done in 0.00113614 secs using 2761% CPU
Identifying sites to remove: done in 0.00114475 secs using 2066% CPU
Identifying sites to remove: done in 0.00113592 secs using 1491% CPU
Identifying sites to remove: done in 0.00114493 secs using 1779% CPU
Identifying sites to remove: done in 0.00128236 secs using 2268% CPU
Identifying sites to remove: done in 0.00134496 secs using 2102% CPU
Identifying sites to remove: done in 0.00140338 secs using 1806% CPU
Identifying sites to remove: done in 0.00155703 secs using 2071% CPU
Identifying sites to remove: done in 0.000392407 secs using 315.5% CPU
Identifying sites to remove: done in 0.000722595 secs using 350% CPU
Identifying sites to remove: done in 0.000464357 secs using 99.28% CPU
Identifying sites to remove: done in 0.000491373 secs using 3.304e+04% CPU
Identifying sites to remove: done in 0.000172399 secs using 194.3% CPU
Identifying sites to remove: done in 0.000294469 secs using 424.2% CPU
Identifying sites to remove: done in 0.00037729 secs using 1189% CPU
Identifying sites to remove: done in 0.000709832 secs using 2.687e+04% CPU
Identifying sites to remove: done in 0.000326499 secs using 206.1% CPU
Identifying sites to remove: done in 0.000763386 secs using 2.415e+04% CPU
Identifying sites to remove: done in 0.000557601 secs using 738.2% CPU
Identifying sites to remove: done in 0.000284947 secs using 468.2% CPU
Identifying sites to remove: done in 0.000664212 secs using 633.7% CPU
Identifying sites to remove: done in 0.000693813 secs using 506.5% CPU
Identifying sites to remove: done in 0.000698082 secs using 388.6% CPU
Identifying sites to remove: done in 0.000533178 secs using 99.4% CPU
Identifying sites to remove: done in 0.000431225 secs using 846.9% CPU
Identifying sites to remove: done in 0.000591211 secs using 1055% CPU
Identifying sites to remove: done in 0.000395775 secs using 202.9% CPU
Identifying sites to remove: done in 0.000675887 secs using 806.6% CPU
Identifying sites to remove: done in 0.000732735 secs using 2.389e+04% CPU
Identifying sites to remove: done in 0.000682727 secs using 2.502e+04% CPU
Identifying sites to remove: done in 0.000653185 secs using 287.8% CPU
Identifying sites to remove: done in 0.000585414 secs using 123.7% CPU
Identifying sites to remove: done in 0.000721455 secs using 876.6% CPU
Identifying sites to remove: done in 0.000709116 secs using 598.6% CPU
Identifying sites to remove: done in 0.000360422 secs using 225.6% CPU
Identifying sites to remove: done in 0.000751831 secs using 2.401e+04% CPU
Identifying sites to remove: done in 0.000583537 secs using 319.9% CPU
Identifying sites to remove: done in 0.000424773 secs using 121% CPU
Identifying sites to remove: done in 0.000199087 secs using 99.45% CPU
Identifying sites to remove: done in 0.000497557 secs using 99.29% CPU
Identifying sites to remove: done in 0.000595354 secs using 2.959e+04% CPU
Identifying sites to remove: done in 0.000899874 secs using 1.924e+04% CPU
Identifying sites to remove: done in 0.000745788 secs using 217.6% CPU
Identifying sites to remove: done in 0.000362888 secs using 99.48% CPU
Identifying sites to remove: done in 0.000406154 secs using 99.72% CPU
Identifying sites to remove: done in 0.000671886 secs using 478.5% CPU
Identifying sites to remove: done in 0.000242196 secs using 98.68% CPU
Identifying sites to remove: done in 0.000318535 secs using 1.711e+04% CPU
Identifying sites to remove: done in 0.000369914 secs using 3712% CPU
Identifying sites to remove: done in 0.000487037 secs using 1.049e+04% CPU
Identifying sites to remove: done in 0.000484593 secs using 7144% CPU
Identifying sites to remove: done in 0.000489518 secs using 5992% CPU
Identifying sites to remove: done in 0.000512473 secs using 2682% CPU
Identifying sites to remove: done in 0.000500724 secs using 1.084e+04% CPU
Identifying sites to remove: done in 0.000567384 secs using 8813% CPU
Identifying sites to remove: done in 0.000577234 secs using 7789% CPU
Identifying sites to remove: done in 0.000560507 secs using 5003% CPU
Identifying sites to remove: done in 0.000572339 secs using 6860% CPU
Identifying sites to remove: done in 0.000599675 secs using 3332% CPU
Identifying sites to remove: done in 0.000613935 secs using 5567% CPU
Identifying sites to remove: done in 0.000617571 secs using 6866% CPU
Identifying sites to remove: done in 0.000543602 secs using 2046% CPU
Identifying sites to remove: done in 0.000553623 secs using 4026% CPU
Identifying sites to remove: done in 0.000703 secs using 6878% CPU
Identifying sites to remove: done in 0.000688031 secs using 3769% CPU
Identifying sites to remove: done in 0.000752658 secs using 1360% CPU
Identifying sites to remove: done in 0.000314385 secs using 375.7% CPU
Identifying sites to remove: done in 0.000415586 secs using 211.5% CPU
Identifying sites to remove: done in 0.000307687 secs using 99.45% CPU
Identifying sites to remove: done in 9.92566e-05 secs using 98.73% CPU
Identifying sites to remove: done in 0.000182293 secs using 348.3% CPU
Identifying sites to remove: done in 0.000320174 secs using 154.6% CPU
Identifying sites to remove: done in 0.000371851 secs using 529.2% CPU
Identifying sites to remove: done in 0.000377193 secs using 184.3% CPU
Identifying sites to remove: done in 0.000268556 secs using 99.42% CPU
Identifying sites to remove: done in 0.000169702 secs using 1933% CPU
Identifying sites to remove: done in 0.000425935 secs using 2122% CPU
Identifying sites to remove: done in 0.00040891 secs using 2412% CPU
Identifying sites to remove: done in 0.000155553 secs using 2364% CPU
Identifying sites to remove: done in 0.000440285 secs using 1755% CPU
Identifying sites to remove: done in 0.000357829 secs using 2182% CPU
Identifying sites to remove: done in 0.000420816 secs using 1903% CPU
Identifying sites to remove: done in 0.00030008 secs using 2581% CPU
Identifying sites to remove: done in 0.000411116 secs using 2037% CPU
Identifying sites to remove: done in 0.000288695 secs using 2874% CPU
Identifying sites to remove: done in 0.000216611 secs using 2029% CPU
Identifying sites to remove: done in 0.000400983 secs using 3.905e+04% CPU
Identifying sites to remove: done in 0.000407442 secs using 3.758e+04% CPU
Identifying sites to remove: done in 0.00037729 secs using 445% CPU
Identifying sites to remove: done in 0.000294365 secs using 326.1% CPU
Identifying sites to remove: done in 0.000403471 secs using 392.8% CPU
Identifying sites to remove: done in 0.000360616 secs using 99.55% CPU
Identifying sites to remove: done in 0.000165805 secs using 98.91% CPU
Identifying sites to remove: done in 0.000287756 secs using 1045% CPU
Identifying sites to remove: done in 0.000315219 secs using 1647% CPU
Identifying sites to remove: done in 0.000133187 secs using 191.5% CPU
Identifying sites to remove: done in 0.000378333 secs using 884.9% CPU
Identifying sites to remove: done in 0.000259705 secs using 99.34% CPU
Identifying sites to remove: done in 0.000269257 secs using 99.16% CPU
Identifying sites to remove: done in 0.000228234 secs using 172.2% CPU
Identifying sites to remove: done in 0.000390276 secs using 299.5% CPU
Identifying sites to remove: done in 0.000383534 secs using 158.8% CPU
Identifying sites to remove: done in 0.000243872 secs using 1713% CPU
Identifying sites to remove: done in 0.000141047 secs using 143.2% CPU
Identifying sites to remove: done in 0.000386968 secs using 99.75% CPU
Identifying sites to remove: done in 0.00017105 secs using 3.048e+04% CPU
Identifying sites to remove: done in 0.000221044 secs using 2.549e+04% CPU
Identifying sites to remove: done in 0.000220254 secs using 2.112e+04% CPU
Identifying sites to remove: done in 0.000221394 secs using 1.954e+04% CPU
Identifying sites to remove: done in 0.000212535 secs using 2210% CPU
Identifying sites to remove: done in 0.000268102 secs using 1.884e+04% CPU
Identifying sites to remove: done in 0.000285804 secs using 3845% CPU
Identifying sites to remove: done in 0.000286005 secs using 7323% CPU
Identifying sites to remove: done in 0.000313342 secs using 1.097e+04% CPU
Identifying sites to remove: done in 0.000285454 secs using 8488% CPU
Identifying sites to remove: done in 0.000329234 secs using 8454% CPU
Identifying sites to remove: done in 0.000269525 secs using 1.51e+04% CPU
Identifying sites to remove: done in 0.000372909 secs using 4872% CPU
Identifying sites to remove: done in 0.000327058 secs using 1214% CPU
Identifying sites to remove: done in 0.000264287 secs using 1.411e+04% CPU
Identifying sites to remove: done in 0.000346407 secs using 9050% CPU
Identifying sites to remove: done in 0.000438616 secs using 3429% CPU
Identifying sites to remove: done in 0.000461482 secs using 2195% CPU
Identifying sites to remove: done in 0.000461027 secs using 1855% CPU
Identifying sites to remove: done in 0.000117853 secs using 462.4% CPU
Identifying sites to remove: done in 0.000167027 secs using 167.6% CPU
Identifying sites to remove: done in 0.000181593 secs using 99.67% CPU
Identifying sites to remove: done in 5.63264e-05 secs using 99.42% CPU
Identifying sites to remove: done in 0.000102267 secs using 426.3% CPU
Identifying sites to remove: done in 0.000180297 secs using 133.7% CPU
Identifying sites to remove: done in 0.000194564 secs using 99.2% CPU
Identifying sites to remove: done in 0.000209726 secs using 99.18% CPU
Identifying sites to remove: done in 0.000189245 secs using 99.34% CPU
Identifying sites to remove: done in 0.000134796 secs using 99.41% CPU
Identifying sites to remove: done in 0.000195958 secs using 99% CPU
Identifying sites to remove: done in 0.000123769 secs using 4757% CPU
Identifying sites to remove: done in 0.000125125 secs using 692.9% CPU
Identifying sites to remove: done in 0.000220776 secs using 1786% CPU
Identifying sites to remove: done in 0.000187047 secs using 1981% CPU
Identifying sites to remove: done in 9.98229e-05 secs using 3562% CPU
Identifying sites to remove: done in 0.000185497 secs using 2140% CPU
Identifying sites to remove: done in 0.000209063 secs using 1801% CPU
Identifying sites to remove: done in 0.00018318 secs using 267% CPU
Identifying sites to remove: done in 0.000148371 secs using 2616% CPU
Identifying sites to remove: done in 0.000161335 secs using 2500% CPU
Identifying sites to remove: done in 0.000181392 secs using 157.1% CPU
Identifying sites to remove: done in 0.000204355 secs using 237.3% CPU
Identifying sites to remove: done in 0.000193104 secs using 142.9% CPU
Identifying sites to remove: done in 0.000198312 secs using 98.83% CPU
Identifying sites to remove: done in 0.000117332 secs using 1300% CPU
Identifying sites to remove: done in 0.000149712 secs using 1150% CPU
Identifying sites to remove: done in 8.31485e-05 secs using 166% CPU
Identifying sites to remove: done in 0.000140384 secs using 99.01% CPU
Identifying sites to remove: done in 0.000169918 secs using 98.87% CPU
Identifying sites to remove: done in 0.000142202 secs using 99.15% CPU
Identifying sites to remove: done in 0.00013338 secs using 98.97% CPU
Identifying sites to remove: done in 0.000198528 secs using 1949% CPU
Identifying sites to remove: done in 0.000254124 secs using 176.3% CPU
Identifying sites to remove: done in 0.000143327 secs using 98.38% CPU
Identifying sites to remove: done in 9.63807e-05 secs using 1358% CPU
Identifying sites to remove: done in 0.000240155 secs using 138.7% CPU
Identifying sites to remove: done in 0.00045526 secs using 4217% CPU
Identifying sites to remove: done in 0.000580758 secs using 1798% CPU
Identifying sites to remove: done in 0.000736631 secs using 3359% CPU
Identifying sites to remove: done in 0.000736959 secs using 3449% CPU
Identifying sites to remove: done in 0.00076738 secs using 2464% CPU
Identifying sites to remove: done in 0.000803992 secs using 1953% CPU
Identifying sites to remove: done in 0.000810497 secs using 2490% CPU
Identifying sites to remove: done in 0.000847243 secs using 1657% CPU
Identifying sites to remove: done in 0.000860803 secs using 2249% CPU
Identifying sites to remove: done in 0.00086461 secs using 2586% CPU
Identifying sites to remove: done in 0.000862621 secs using 2504% CPU
Identifying sites to remove: done in 0.000919051 secs using 1919% CPU
Identifying sites to remove: done in 0.000945866 secs using 2496% CPU
Identifying sites to remove: done in 0.00097324 secs using 1938% CPU
Identifying sites to remove: done in 0.000984982 secs using 2594% CPU
Identifying sites to remove: done in 0.000982463 secs using 2527% CPU
Identifying sites to remove: done in 0.000973791 secs using 1707% CPU
Identifying sites to remove: done in 0.000978425 secs using 2010% CPU
Identifying sites to remove: done in 0.00098595 secs using 2665% CPU
Identifying sites to remove: done in 0.000437036 secs using 334.5% CPU
Identifying sites to remove: done in 0.000792511 secs using 281.6% CPU
Identifying sites to remove: done in 0.000651859 secs using 133.3% CPU
Identifying sites to remove: done in 0.000655331 secs using 2.552e+04% CPU
Identifying sites to remove: done in 0.000215493 secs using 197.2% CPU
Identifying sites to remove: done in 0.000398271 secs using 428.9% CPU
Identifying sites to remove: done in 0.000606187 secs using 3.198e+04% CPU
Identifying sites to remove: done in 0.000890136 secs using 290.2% CPU
Identifying sites to remove: done in 0.000882886 secs using 200.4% CPU
Identifying sites to remove: done in 0.000853799 secs using 421.3% CPU
Identifying sites to remove: done in 0.000757039 secs using 170.1% CPU
Identifying sites to remove: done in 0.000823945 secs using 2.275e+04% CPU
Identifying sites to remove: done in 0.000423707 secs using 626.8% CPU
Identifying sites to remove: done in 0.000987478 secs using 971.4% CPU
Identifying sites to remove: done in 0.000462517 secs using 917.6% CPU
Identifying sites to remove: done in 0.00107633 secs using 959.6% CPU
Identifying sites to remove: done in 0.000515372 secs using 877.8% CPU
Identifying sites to remove: done in 0.000652216 secs using 408.3% CPU
Identifying sites to remove: done in 0.000998117 secs using 654.2% CPU
Identifying sites to remove: done in 0.000955611 secs using 168.6% CPU
Identifying sites to remove: done in 0.000753447 secs using 419.9% CPU
Identifying sites to remove: done in 0.000927329 secs using 476.3% CPU
Identifying sites to remove: done in 0.00083974 secs using 479.1% CPU
Identifying sites to remove: done in 0.000927977 secs using 723.9% CPU
Identifying sites to remove: done in 0.000930272 secs using 799.8% CPU
Identifying sites to remove: done in 0.000934608 secs using 442.1% CPU
Identifying sites to remove: done in 0.000938535 secs using 369.4% CPU
Identifying sites to remove: done in 0.000519507 secs using 175.6% CPU
Identifying sites to remove: done in 0.000303425 secs using 3.749e+04% CPU
Identifying sites to remove: done in 0.00067436 secs using 1455% CPU
Identifying sites to remove: done in 0.000585698 secs using 700.9% CPU
Identifying sites to remove: done in 0.00092227 secs using 1232% CPU
Identifying sites to remove: done in 0.000734419 secs using 2.232e+04% CPU
Identifying sites to remove: done in 0.000918135 secs using 570.2% CPU
Identifying sites to remove: done in 0.00126676 secs using 662.6% CPU
Identifying sites to remove: done in 0.000411972 secs using 99.04% CPU
Identifying sites to remove: done in 0.00048957 secs using 99.27% CPU
Identifying sites to remove: done in 0.000328012 secs using 797.2% CPU
Identifying sites to remove: done in 0.000830047 secs using 457.7% CPU
Identifying sites to remove: done in 0.000472166 secs using 4945% CPU
Identifying sites to remove: done in 0.000620842 secs using 1763% CPU
Identifying sites to remove: done in 0.000633195 secs using 2301% CPU
Identifying sites to remove: done in 0.000810347 secs using 4261% CPU
Identifying sites to remove: done in 0.000814512 secs using 4839% CPU
Identifying sites to remove: done in 0.000858657 secs using 3793% CPU
Identifying sites to remove: done in 0.000848562 secs using 3040% CPU
Identifying sites to remove: done in 0.000861958 secs using 2252% CPU
Identifying sites to remove: done in 0.000928789 secs using 3055% CPU
Identifying sites to remove: done in 0.000907727 secs using 1453% CPU
Identifying sites to remove: done in 0.000954479 secs using 3676% CPU
Identifying sites to remove: done in 0.000980139 secs using 2636% CPU
Identifying sites to remove: done in 0.000969589 secs using 1770% CPU
Identifying sites to remove: done in 0.000994451 secs using 4060% CPU
Identifying sites to remove: done in 0.00103906 secs using 3772% CPU
Identifying sites to remove: done in 0.00105566 secs using 3106% CPU
Identifying sites to remove: done in 0.00107881 secs using 2280% CPU
Identifying sites to remove: done in 0.00121586 secs using 1904% CPU
Identifying sites to remove: done in 0.000455081 secs using 194.5% CPU
Identifying sites to remove: done in 0.00081268 secs using 374.6% CPU
Identifying sites to remove: done in 0.000672951 secs using 135.7% CPU
Identifying sites to remove: done in 0.000413075 secs using 99.26% CPU
Identifying sites to remove: done in 0.00017564 secs using 195.9% CPU
Identifying sites to remove: done in 0.000345491 secs using 789.6% CPU
Identifying sites to remove: done in 0.000669234 secs using 99.67% CPU
Identifying sites to remove: done in 0.000410855 secs using 99.79% CPU
Identifying sites to remove: done in 0.000595003 secs using 553.3% CPU
Identifying sites to remove: done in 0.000462562 secs using 2459% CPU
Identifying sites to remove: done in 0.000401445 secs using 1303% CPU
Identifying sites to remove: done in 0.000747807 secs using 1814% CPU
Identifying sites to remove: done in 0.000778146 secs using 1320% CPU
Identifying sites to remove: done in 0.000831038 secs using 1424% CPU
Identifying sites to remove: done in 0.00040967 secs using 4.26e+04% CPU
Identifying sites to remove: done in 0.000772439 secs using 2.285e+04% CPU
Identifying sites to remove: done in 0.000445113 secs using 191.2% CPU
Identifying sites to remove: done in 0.000760734 secs using 2.295e+04% CPU
Identifying sites to remove: done in 0.000711061 secs using 463.3% CPU
Identifying sites to remove: done in 0.000677057 secs using 1047% CPU
Identifying sites to remove: done in 0.000651002 secs using 1222% CPU
Identifying sites to remove: done in 0.000766382 secs using 682% CPU
Identifying sites to remove: done in 0.000832163 secs using 2.147e+04% CPU
Identifying sites to remove: done in 0.000722729 secs using 253.2% CPU
Identifying sites to remove: done in 0.000352204 secs using 167.8% CPU
Identifying sites to remove: done in 0.000739053 secs using 421.2% CPU
Identifying sites to remove: done in 0.000670344 secs using 239.9% CPU
Identifying sites to remove: done in 0.000477552 secs using 397.7% CPU
Identifying sites to remove: done in 0.000214636 secs using 202.2% CPU
Identifying sites to remove: done in 0.000565581 secs using 591.1% CPU
Identifying sites to remove: done in 0.000563689 secs using 133.9% CPU
Identifying sites to remove: done in 0.0011148 secs using 1.578e+04% CPU
Identifying sites to remove: done in 0.000732973 secs using 247.2% CPU
Identifying sites to remove: done in 0.000363603 secs using 99.56% CPU
Identifying sites to remove: done in 0.000466093 secs using 823% CPU
Identifying sites to remove: done in 0.000856772 secs using 408.5% CPU
Identifying sites to remove: done in 0.00032907 secs using 167.1% CPU
Identifying sites to remove: done in 0.000266977 secs using 1763% CPU
Identifying sites to remove: done in 0.000324093 secs using 1673% CPU
Identifying sites to remove: done in 0.000337869 secs using 1846% CPU
Identifying sites to remove: done in 0.000390641 secs using 1868% CPU
Identifying sites to remove: done in 0.000394754 secs using 1853% CPU
Identifying sites to remove: done in 0.000376903 secs using 1635% CPU
Identifying sites to remove: done in 0.000380836 secs using 1741% CPU
Identifying sites to remove: done in 0.000366881 secs using 1569% CPU
Identifying sites to remove: done in 0.000511013 secs using 1310% CPU
Identifying sites to remove: done in 0.000474818 secs using 1394% CPU
Identifying sites to remove: done in 0.000524879 secs using 1443% CPU
Identifying sites to remove: done in 0.000523828 secs using 1438% CPU
Identifying sites to remove: done in 0.000566728 secs using 1334% CPU
Identifying sites to remove: done in 0.000515513 secs using 1359% CPU
Identifying sites to remove: done in 0.000539295 secs using 1574% CPU
Identifying sites to remove: done in 0.00052397 secs using 1488% CPU
Identifying sites to remove: done in 0.000521921 secs using 1467% CPU
Identifying sites to remove: done in 0.000585318 secs using 1539% CPU
Identifying sites to remove: done in 0.000706576 secs using 1203% CPU
Identifying sites to remove: done in 0.000181653 secs using 218.5% CPU
Identifying sites to remove: done in 0.000346586 secs using 396.4% CPU
Identifying sites to remove: done in 0.000219755 secs using 99.2% CPU
Identifying sites to remove: done in 0.000222124 secs using 937.3% CPU
Identifying sites to remove: done in 0.000128232 secs using 189.5% CPU
Identifying sites to remove: done in 9.1359e-05 secs using 99.61% CPU
Identifying sites to remove: done in 0.000259981 secs using 1062% CPU
Identifying sites to remove: done in 0.00024429 secs using 181.3% CPU
Identifying sites to remove: done in 0.000187367 secs using 98.74% CPU
Identifying sites to remove: done in 0.000236049 secs using 3145% CPU
Identifying sites to remove: done in 0.000236221 secs using 1912% CPU
Identifying sites to remove: done in 0.000239007 secs using 2008% CPU
Identifying sites to remove: done in 0.000287503 secs using 1545% CPU
Identifying sites to remove: done in 0.000164382 secs using 258.5% CPU
Identifying sites to remove: done in 0.00015007 secs using 98.62% CPU
Identifying sites to remove: done in 0.000183515 secs using 8.639e+04% CPU
Identifying sites to remove: done in 0.000295177 secs using 5.284e+04% CPU
Identifying sites to remove: done in 0.000247188 secs using 663.1% CPU
Identifying sites to remove: done in 0.000139005 secs using 633.8% CPU
Identifying sites to remove: done in 0.000265777 secs using 573.8% CPU
Identifying sites to remove: done in 0.000212349 secs using 538.3% CPU
Identifying sites to remove: done in 0.000286654 secs using 519.4% CPU
Identifying sites to remove: done in 0.000224613 secs using 309.9% CPU
Identifying sites to remove: done in 0.000268944 secs using 523.9% CPU
Identifying sites to remove: done in 0.000202008 secs using 99.5% CPU
Identifying sites to remove: done in 0.000140153 secs using 4739% CPU
Identifying sites to remove: done in 0.000209793 secs using 1329% CPU
Identifying sites to remove: done in 0.000249878 secs using 1986% CPU
Identifying sites to remove: done in 0.00025326 secs using 313.5% CPU
Identifying sites to remove: done in 9.21935e-05 secs using 326.5% CPU
Identifying sites to remove: done in 0.000197202 secs using 2799% CPU
Identifying sites to remove: done in 0.000181109 secs using 1840% CPU
Identifying sites to remove: done in 0.000283003 secs using 1346% CPU
Identifying sites to remove: done in 0.000205643 secs using 173.1% CPU
Identifying sites to remove: done in 0.000227332 secs using 99.41% CPU
Identifying sites to remove: done in 0.00015419 secs using 98.58% CPU
Identifying sites to remove: done in 0.00024768 secs using 98.92% CPU
Identifying sites to remove: done in 0.000102974 secs using 190.3% CPU
Identifying sites to remove: done in 0.000198096 secs using 1105% CPU
Identifying sites to remove: done in 0.000358254 secs using 6003% CPU
Identifying sites to remove: done in 0.00044366 secs using 1839% CPU
Identifying sites to remove: done in 0.000551909 secs using 4391% CPU
Identifying sites to remove: done in 0.000555165 secs using 2789% CPU
Identifying sites to remove: done in 0.000580803 secs using 1962% CPU
Identifying sites to remove: done in 0.000586361 secs using 3503% CPU
Identifying sites to remove: done in 0.00059019 secs using 3790% CPU
Identifying sites to remove: done in 0.000595465 secs using 1622% CPU
Identifying sites to remove: done in 0.00062719 secs using 3469% CPU
Identifying sites to remove: done in 0.000670724 secs using 2776% CPU
Identifying sites to remove: done in 0.00069119 secs using 2846% CPU
Identifying sites to remove: done in 0.000707872 secs using 3535% CPU
Identifying sites to remove: done in 0.000728771 secs using 1872% CPU
Identifying sites to remove: done in 0.000750206 secs using 2205% CPU
Identifying sites to remove: done in 0.000752084 secs using 2445% CPU
Identifying sites to remove: done in 0.000768214 secs using 1959% CPU
Identifying sites to remove: done in 0.000805177 secs using 3115% CPU
Identifying sites to remove: done in 0.000805281 secs using 2679% CPU
Identifying sites to remove: done in 0.00082396 secs using 1963% CPU
Identifying sites to remove: done in 0.000337534 secs using 330.9% CPU
Identifying sites to remove: done in 0.000549681 secs using 298.2% CPU
Identifying sites to remove: done in 0.000435479 secs using 110.5% CPU
Identifying sites to remove: done in 0.000396773 secs using 99.3% CPU
Identifying sites to remove: done in 0.000297993 secs using 207.4% CPU
Identifying sites to remove: done in 0.000174813 secs using 187.1% CPU
Identifying sites to remove: done in 0.000385083 secs using 99.46% CPU
Identifying sites to remove: done in 0.00063175 secs using 677.8% CPU
Identifying sites to remove: done in 0.000645898 secs using 186.1% CPU
Identifying sites to remove: done in 0.000645645 secs using 224.1% CPU
Identifying sites to remove: done in 0.000566848 secs using 192.6% CPU
Identifying sites to remove: done in 0.000565253 secs using 99.78% CPU
Identifying sites to remove: done in 0.000335716 secs using 1101% CPU
Identifying sites to remove: done in 0.000713721 secs using 1256% CPU
Identifying sites to remove: done in 0.000774309 secs using 915% CPU
Identifying sites to remove: done in 0.000501238 secs using 858.1% CPU
Identifying sites to remove: done in 0.000295892 secs using 207.8% CPU
Identifying sites to remove: done in 0.000505865 secs using 338.4% CPU
Identifying sites to remove: done in 0.000740908 secs using 2.435e+04% CPU
Identifying sites to remove: done in 0.000724234 secs using 2.44e+04% CPU
Identifying sites to remove: done in 0.000572219 secs using 643.6% CPU
Identifying sites to remove: done in 0.000719719 secs using 420.6% CPU
Identifying sites to remove: done in 0.000613064 secs using 517.9% CPU
Identifying sites to remove: done in 0.000705451 secs using 829.1% CPU
Identifying sites to remove: done in 0.000692695 secs using 559.4% CPU
Identifying sites to remove: done in 0.000698365 secs using 223.2% CPU
Identifying sites to remove: done in 0.000341766 secs using 385.6% CPU
Identifying sites to remove: done in 0.000711828 secs using 124.7% CPU
Identifying sites to remove: done in 0.00021182 secs using 99.61% CPU
Identifying sites to remove: done in 0.00054919 secs using 3.19e+04% CPU
Identifying sites to remove: done in 0.000642255 secs using 2.142e+04% CPU
Identifying sites to remove: done in 0.000440501 secs using 338.3% CPU
Identifying sites to remove: done in 0.000509463 secs using 159.4% CPU
Identifying sites to remove: done in 0.000705488 secs using 191.6% CPU
Identifying sites to remove: done in 0.00108076 secs using 1.575e+04% CPU
Identifying sites to remove: done in 0.000388823 secs using 99.27% CPU
Identifying sites to remove: done in 0.000371091 secs using 1792% CPU
Identifying sites to remove: done in 0.000242524 secs using 625.1% CPU
Identifying sites to remove: done in 0.000638336 secs using 102.6% CPU
Identifying sites to remove: done in 0.000380464 secs using 1.385e+04% CPU
Identifying sites to remove: done in 0.000442587 secs using 3215% CPU
Identifying sites to remove: done in 0.000533603 secs using 6763% CPU
Identifying sites to remove: done in 0.000528462 secs using 5913% CPU
Identifying sites to remove: done in 0.000534587 secs using 7251% CPU
Identifying sites to remove: done in 0.00054048 secs using 9692% CPU
Identifying sites to remove: done in 0.000575483 secs using 1460% CPU
Identifying sites to remove: done in 0.000613168 secs using 4847% CPU
Identifying sites to remove: done in 0.000538394 secs using 8262% CPU
Identifying sites to remove: done in 0.000615798 secs using 2312% CPU
Identifying sites to remove: done in 0.000598058 secs using 5784% CPU
Identifying sites to remove: done in 0.000600599 secs using 6984% CPU
Identifying sites to remove: done in 0.000677742 secs using 3281% CPU
Identifying sites to remove: done in 0.000589572 secs using 4580% CPU
Identifying sites to remove: done in 0.000722185 secs using 3475% CPU
Identifying sites to remove: done in 0.000743814 secs using 6522% CPU
Identifying sites to remove: done in 0.000770777 secs using 2776% CPU
Identifying sites to remove: done in 0.000760831 secs using 1741% CPU
Identifying sites to remove: done in 0.00084015 secs using 6304% CPU
Identifying sites to remove: done in 0.000245377 secs using 550.2% CPU
Identifying sites to remove: done in 0.000380129 secs using 474.6% CPU
Identifying sites to remove: done in 0.000347525 secs using 3.704e+04% CPU
Identifying sites to remove: done in 0.000243552 secs using 99.77% CPU
Identifying sites to remove: done in 8.97124e-05 secs using 1698% CPU
Identifying sites to remove: done in 0.000159696 secs using 126.5% CPU
Identifying sites to remove: done in 0.000319906 secs using 895.6% CPU
Identifying sites to remove: done in 0.000338174 secs using 978.8% CPU
Identifying sites to remove: done in 0.000189304 secs using 159% CPU
Identifying sites to remove: done in 0.00031621 secs using 99.62% CPU
Identifying sites to remove: done in 0.000139512 secs using 3234% CPU
Identifying sites to remove: done in 0.000346154 secs using 5.197e+04% CPU
Identifying sites to remove: done in 0.00034406 secs using 5.123e+04% CPU
Identifying sites to remove: done in 0.000361457 secs using 4.772e+04% CPU
Identifying sites to remove: done in 0.000361964 secs using 4.561e+04% CPU
Identifying sites to remove: done in 0.000134833 secs using 155.7% CPU
Identifying sites to remove: done in 0.000197627 secs using 172% CPU
Identifying sites to remove: done in 0.000322789 secs using 293.1% CPU
Identifying sites to remove: done in 0.000147611 secs using 98.91% CPU
Identifying sites to remove: done in 0.000262029 secs using 625.5% CPU
Identifying sites to remove: done in 0.00032153 secs using 285.8% CPU
Identifying sites to remove: done in 0.000314221 secs using 226% CPU
Identifying sites to remove: done in 0.000295706 secs using 99.08% CPU
Identifying sites to remove: done in 0.000308797 secs using 847.5% CPU
Identifying sites to remove: done in 0.000272579 secs using 188.6% CPU
Identifying sites to remove: done in 0.000157543 secs using 198% CPU
Identifying sites to remove: done in 0.000332355 secs using 1168% CPU
Identifying sites to remove: done in 0.000317648 secs using 5.558e+04% CPU
Identifying sites to remove: done in 0.000321932 secs using 137.3% CPU
Identifying sites to remove: done in 0.000247851 secs using 99.25% CPU
Identifying sites to remove: done in 0.000123434 secs using 98.84% CPU
Identifying sites to remove: done in 0.000259385 secs using 660.8% CPU
Identifying sites to remove: done in 0.000259809 secs using 148.6% CPU
Identifying sites to remove: done in 0.000505805 secs using 551% CPU
Identifying sites to remove: done in 0.000343964 secs using 136.6% CPU
Identifying sites to remove: done in 0.000190228 secs using 99.35% CPU
Identifying sites to remove: done in 0.000215657 secs using 640.8% CPU
Identifying sites to remove: done in 0.00036975 secs using 115.2% CPU
Identifying sites to remove: done in 0.000116639 secs using 1601% CPU
Identifying sites to remove: done in 0.000338458 secs using 1.043e+04% CPU
Identifying sites to remove: done in 0.000417762 secs using 1917% CPU
Identifying sites to remove: done in 0.000472508 secs using 8681% CPU
Identifying sites to remove: done in 0.000493512 secs using 6797% CPU
Identifying sites to remove: done in 0.000489034 secs using 1678% CPU
Identifying sites to remove: done in 0.000539668 secs using 6774% CPU
Identifying sites to remove: done in 0.000535846 secs using 3507% CPU
Identifying sites to remove: done in 0.000555575 secs using 5039% CPU
Identifying sites to remove: done in 0.000542603 secs using 2265% CPU
Identifying sites to remove: done in 0.00056804 secs using 2410% CPU
Identifying sites to remove: done in 0.000535674 secs using 2879% CPU
Identifying sites to remove: done in 0.000619613 secs using 1903% CPU
Identifying sites to remove: done in 0.000637844 secs using 5191% CPU
Identifying sites to remove: done in 0.000638574 secs using 4144% CPU
Identifying sites to remove: done in 0.000669837 secs using 3689% CPU
Identifying sites to remove: done in 0.000687063 secs using 4597% CPU
Identifying sites to remove: done in 0.000700302 secs using 2773% CPU
Identifying sites to remove: done in 0.000737824 secs using 3095% CPU
Identifying sites to remove: done in 0.000742704 secs using 5620% CPU
Identifying sites to remove: done in 0.000312358 secs using 381% CPU
Identifying sites to remove: done in 0.000495754 secs using 440.3% CPU
Identifying sites to remove: done in 0.00041943 secs using 188.8% CPU
Identifying sites to remove: done in 0.000238068 secs using 336.5% CPU
Identifying sites to remove: done in 0.000135258 secs using 296.5% CPU
Identifying sites to remove: done in 0.000416204 secs using 268.1% CPU
Identifying sites to remove: done in 0.000329912 secs using 1135% CPU
Identifying sites to remove: done in 0.000490755 secs using 552.4% CPU
Identifying sites to remove: done in 0.000517733 secs using 196% CPU
Identifying sites to remove: done in 0.00042773 secs using 330.8% CPU
Identifying sites to remove: done in 0.000491045 secs using 1395% CPU
Identifying sites to remove: done in 0.0002646 secs using 2648% CPU
Identifying sites to remove: done in 0.000419967 secs using 2698% CPU
Identifying sites to remove: done in 0.000521816 secs using 1687% CPU
Identifying sites to remove: done in 0.000280768 secs using 448.8% CPU
Identifying sites to remove: done in 0.000521876 secs using 1025% CPU
Identifying sites to remove: done in 0.000532344 secs using 3.214e+04% CPU
Identifying sites to remove: done in 0.000248224 secs using 369.8% CPU
Identifying sites to remove: done in 0.000499621 secs using 300.6% CPU
Identifying sites to remove: done in 0.000339031 secs using 218% CPU
Identifying sites to remove: done in 0.000514895 secs using 574.5% CPU
Identifying sites to remove: done in 0.000459902 secs using 464.7% CPU
Identifying sites to remove: done in 0.0005036 secs using 799.4% CPU
Identifying sites to remove: done in 0.000572048 secs using 800.1% CPU
Identifying sites to remove: done in 0.000541881 secs using 560.5% CPU
Identifying sites to remove: done in 0.000546508 secs using 241.4% CPU
Identifying sites to remove: done in 0.000263445 secs using 189% CPU
Identifying sites to remove: done in 0.000538722 secs using 678.1% CPU
Identifying sites to remove: done in 0.000424102 secs using 4.106e+04% CPU
Identifying sites to remove: done in 0.000207722 secs using 99.17% CPU
Identifying sites to remove: done in 0.000473224 secs using 99.53% CPU
Identifying sites to remove: done in 0.000427336 secs using 490% CPU
Identifying sites to remove: done in 0.000429355 secs using 190.3% CPU
Identifying sites to remove: done in 0.000545442 secs using 956.5% CPU
Identifying sites to remove: done in 0.000656903 secs using 112% CPU
Identifying sites to remove: done in 0.000328459 secs using 99.56% CPU
Identifying sites to remove: done in 0.000201814 secs using 194.2% CPU
Identifying sites to remove: done in 0.00031396 secs using 617.6% CPU
Identifying sites to remove: done in 0.000511169 secs using 1017% CPU
Identifying sites to remove: done in 8.01086e-05 secs using 3464% CPU
Identifying sites to remove: done in 0.00010635 secs using 2162% CPU
Identifying sites to remove: done in 0.000106931 secs using 945.5% CPU
Identifying sites to remove: done in 0.000160553 secs using 2084% CPU
Identifying sites to remove: done in 6.65188e-05 secs using 2796% CPU
Identifying sites to remove: done in 0.000151962 secs using 2955% CPU
Identifying sites to remove: done in 8.79243e-05 secs using 3156% CPU
Identifying sites to remove: done in 7.60108e-05 secs using 3817% CPU
Identifying sites to remove: done in 9.14335e-05 secs using 4221% CPU
Identifying sites to remove: done in 7.3947e-05 secs using 2833% CPU
Identifying sites to remove: done in 7.36117e-05 secs using 1724% CPU
Identifying sites to remove: done in 0.000101864 secs using 1378% CPU
Identifying sites to remove: done in 7.02366e-05 secs using 3037% CPU
Identifying sites to remove: done in 5.97164e-05 secs using 1969% CPU
Identifying sites to remove: done in 0.000140309 secs using 143.3% CPU
Identifying sites to remove: done in 0.000265725 secs using 8344% CPU
Identifying sites to remove: done in 0.000307135 secs using 8600% CPU
Identifying sites to remove: done in 0.000412866 secs using 6357% CPU
Identifying sites to remove: done in 0.000429623 secs using 5590% CPU
Identifying sites to remove: done in 0.000450045 secs using 5187% CPU
Identifying sites to remove: done in 0.000454657 secs using 5747% CPU
Identifying sites to remove: done in 0.00047984 secs using 3233% CPU
Identifying sites to remove: done in 0.000480495 secs using 4717% CPU
Identifying sites to remove: done in 0.000505239 secs using 5653% CPU
Identifying sites to remove: done in 0.000507131 secs using 3833% CPU
Identifying sites to remove: done in 0.000539273 secs using 3333% CPU
Identifying sites to remove: done in 0.000541903 secs using 2818% CPU
Identifying sites to remove: done in 0.000579357 secs using 1893% CPU
Identifying sites to remove: done in 0.000582241 secs using 2362% CPU
Identifying sites to remove: done in 0.000613414 secs using 1386% CPU
Identifying sites to remove: done in 0.000629954 secs using 1492% CPU
Identifying sites to remove: done in 0.000632241 secs using 2061% CPU
Identifying sites to remove: done in 0.000633992 secs using 3490% CPU
Identifying sites to remove: done in 0.000229843 secs using 182.7% CPU
Identifying sites to remove: done in 0.000461355 secs using 223.9% CPU
Identifying sites to remove: done in 0.000404343 secs using 99.42% CPU
Identifying sites to remove: done in 0.00038974 secs using 3.944e+04% CPU
Identifying sites to remove: done in 0.00013487 secs using 198% CPU
Identifying sites to remove: done in 0.000223652 secs using 299.6% CPU
Identifying sites to remove: done in 0.000294626 secs using 99.45% CPU
Identifying sites to remove: done in 0.000480436 secs using 715.8% CPU
Identifying sites to remove: done in 0.000466228 secs using 187.2% CPU
Identifying sites to remove: done in 0.000457168 secs using 99.74% CPU
Identifying sites to remove: done in 0.000422806 secs using 202.9% CPU
Identifying sites to remove: done in 0.000412717 secs using 188.3% CPU
Identifying sites to remove: done in 0.000221051 secs using 1933% CPU
Identifying sites to remove: done in 0.000286497 secs using 838.8% CPU
Identifying sites to remove: done in 0.000549763 secs using 1152% CPU
Identifying sites to remove: done in 0.000381902 secs using 849.7% CPU
Identifying sites to remove: done in 0.000587694 secs using 1133% CPU
Identifying sites to remove: done in 0.000251852 secs using 400.2% CPU
Identifying sites to remove: done in 0.000470996 secs using 376.4% CPU
Identifying sites to remove: done in 0.000513099 secs using 203.5% CPU
Identifying sites to remove: done in 0.000426568 secs using 1624% CPU
Identifying sites to remove: done in 0.000510015 secs using 845.9% CPU
Identifying sites to remove: done in 0.000505678 secs using 2378% CPU
Identifying sites to remove: done in 0.000555597 secs using 3.136e+04% CPU
Identifying sites to remove: done in 0.000550635 secs using 3.101e+04% CPU
Identifying sites to remove: done in 0.000561386 secs using 2.975e+04% CPU
Identifying sites to remove: done in 0.000225589 secs using 99.3% CPU
Identifying sites to remove: done in 0.000526711 secs using 99.49% CPU
Identifying sites to remove: done in 0.000129797 secs using 98.62% CPU
Identifying sites to remove: done in 0.000381641 secs using 99.57% CPU
Identifying sites to remove: done in 0.000471346 secs using 220.6% CPU
Identifying sites to remove: done in 0.000457063 secs using 186.4% CPU
Identifying sites to remove: done in 0.000404947 secs using 99.52% CPU
Identifying sites to remove: done in 0.000692494 secs using 900.9% CPU
Identifying sites to remove: done in 0.000556521 secs using 699.7% CPU
Identifying sites to remove: done in 0.000335567 secs using 99.53% CPU
Identifying sites to remove: done in 0.000291899 secs using 99.35% CPU
Identifying sites to remove: done in 0.000168547 secs using 180.4% CPU
Identifying sites to remove: done in 0.000543922 secs using 1175% CPU
Identifying sites to remove: done in 0.000403136 secs using 2032% CPU
Identifying sites to remove: done in 0.000464462 secs using 1744% CPU
Identifying sites to remove: done in 0.000624545 secs using 1854% CPU
Identifying sites to remove: done in 0.000632733 secs using 1941% CPU
Identifying sites to remove: done in 0.00064256 secs using 1673% CPU
Identifying sites to remove: done in 0.000693083 secs using 1751% CPU
Identifying sites to remove: done in 0.000701651 secs using 1858% CPU
Identifying sites to remove: done in 0.000710458 secs using 1661% CPU
Identifying sites to remove: done in 0.000737369 secs using 1824% CPU
Identifying sites to remove: done in 0.000748605 secs using 1728% CPU
Identifying sites to remove: done in 0.000746384 secs using 1582% CPU
Identifying sites to remove: done in 0.000791319 secs using 1630% CPU
Identifying sites to remove: done in 0.000794709 secs using 1653% CPU
Identifying sites to remove: done in 0.000796683 secs using 1679% CPU
Identifying sites to remove: done in 0.000845857 secs using 1645% CPU
Identifying sites to remove: done in 0.000829339 secs using 1570% CPU
Identifying sites to remove: done in 0.000848629 secs using 1673% CPU
Identifying sites to remove: done in 0.000852644 secs using 1695% CPU
Identifying sites to remove: done in 0.00085254 secs using 1699% CPU
Identifying sites to remove: done in 0.000391312 secs using 301.3% CPU
Identifying sites to remove: done in 0.000610419 secs using 157.4% CPU
Identifying sites to remove: done in 0.000423379 secs using 99.2% CPU
Identifying sites to remove: done in 0.000437349 secs using 99.23% CPU
Identifying sites to remove: done in 0.000153214 secs using 98.56% CPU
Identifying sites to remove: done in 0.000262953 secs using 99.26% CPU
Identifying sites to remove: done in 0.000363953 secs using 1278% CPU
Identifying sites to remove: done in 0.000599071 secs using 560% CPU
Identifying sites to remove: done in 0.000665337 secs using 192.8% CPU
Identifying sites to remove: done in 0.000611253 secs using 725.4% CPU
Identifying sites to remove: done in 0.000499055 secs using 190% CPU
Identifying sites to remove: done in 0.000315495 secs using 98.89% CPU
Identifying sites to remove: done in 0.0005318 secs using 889.2% CPU
Identifying sites to remove: done in 0.000308946 secs using 462.9% CPU
Identifying sites to remove: done in 0.000707693 secs using 670.6% CPU
Identifying sites to remove: done in 0.000659443 secs using 769.9% CPU
Identifying sites to remove: done in 0.000751138 secs using 753.7% CPU
Identifying sites to remove: done in 0.000277586 secs using 944.9% CPU
Identifying sites to remove: done in 0.000706434 secs using 566.1% CPU
Identifying sites to remove: done in 0.000437818 secs using 237.5% CPU
Identifying sites to remove: done in 0.000533 secs using 2301% CPU
Identifying sites to remove: done in 0.000664197 secs using 2.659e+04% CPU
Identifying sites to remove: done in 0.00061743 secs using 2.741e+04% CPU
Identifying sites to remove: done in 0.000750348 secs using 2.313e+04% CPU
Identifying sites to remove: done in 0.00074777 secs using 277.1% CPU
Identifying sites to remove: done in 0.000642754 secs using 390% CPU
Identifying sites to remove: done in 0.000332892 secs using 136.7% CPU
Identifying sites to remove: done in 0.000627875 secs using 534.8% CPU
Identifying sites to remove: done in 0.00055781 secs using 753.1% CPU
Identifying sites to remove: done in 0.000466481 secs using 105% CPU
Identifying sites to remove: done in 0.000405982 secs using 99.51% CPU
Identifying sites to remove: done in 0.000510111 secs using 99.78% CPU
Identifying sites to remove: done in 0.000630684 secs using 2.707e+04% CPU
Identifying sites to remove: done in 0.000278123 secs using 622.4% CPU
Identifying sites to remove: done in 0.000804186 secs using 99.48% CPU
Identifying sites to remove: done in 0.000391677 secs using 99.57% CPU
Identifying sites to remove: done in 0.000345193 secs using 99.65% CPU
Identifying sites to remove: done in 0.000247419 secs using 214.6% CPU
Identifying sites to remove: done in 0.000641525 secs using 920.6% CPU
Identifying sites to remove: done in 0.000199452 secs using 2.598e+04% CPU
Identifying sites to remove: done in 0.000222571 secs using 5927% CPU
Identifying sites to remove: done in 0.000286601 secs using 1.638e+04% CPU
Identifying sites to remove: done in 0.000289463 secs using 1.404e+04% CPU
Identifying sites to remove: done in 0.000286095 secs using 9346% CPU
Identifying sites to remove: done in 0.000287727 secs using 1.324e+04% CPU
Identifying sites to remove: done in 0.000293463 secs using 1.718e+04% CPU
Identifying sites to remove: done in 0.000331834 secs using 5934% CPU
Identifying sites to remove: done in 0.000318281 secs using 1320% CPU
Identifying sites to remove: done in 0.000395015 secs using 8224% CPU
Identifying sites to remove: done in 0.000379138 secs using 4537% CPU
Identifying sites to remove: done in 0.000455678 secs using 5015% CPU
Identifying sites to remove: done in 0.000473097 secs using 9617% CPU
Identifying sites to remove: done in 0.00047382 secs using 6678% CPU
Identifying sites to remove: done in 0.000455141 secs using 2429% CPU
Identifying sites to remove: done in 0.000473514 secs using 7809% CPU
Identifying sites to remove: done in 0.00044819 secs using 1795% CPU
Identifying sites to remove: done in 0.000462376 secs using 5534% CPU
Identifying sites to remove: done in 0.000560343 secs using 2594% CPU
Identifying sites to remove: done in 0.000200063 secs using 1186% CPU
Identifying sites to remove: done in 0.000176229 secs using 344.4% CPU
Identifying sites to remove: done in 0.000212923 secs using 99.1% CPU
Identifying sites to remove: done in 0.000182733 secs using 1093% CPU
Identifying sites to remove: done in 6.86496e-05 secs using 246.2% CPU
Identifying sites to remove: done in 0.000110209 secs using 1021% CPU
Identifying sites to remove: done in 0.000227764 secs using 925.5% CPU
Identifying sites to remove: done in 0.000235073 secs using 137.8% CPU
Identifying sites to remove: done in 0.000150874 secs using 98.09% CPU
Identifying sites to remove: done in 0.000197552 secs using 98.71% CPU
Identifying sites to remove: done in 0.000111356 secs using 745.4% CPU
Identifying sites to remove: done in 0.000202507 secs using 3254% CPU
Identifying sites to remove: done in 0.000227869 secs using 1752% CPU
Identifying sites to remove: done in 0.00022804 secs using 304.8% CPU
Identifying sites to remove: done in 0.000108734 secs using 6025% CPU
Identifying sites to remove: done in 0.000123069 secs using 2795% CPU
Identifying sites to remove: done in 0.000168309 secs using 184.8% CPU
Identifying sites to remove: done in 0.000153027 secs using 2551% CPU
Identifying sites to remove: done in 0.000125282 secs using 3214% CPU
Identifying sites to remove: done in 0.000222564 secs using 7.183e+04% CPU
Identifying sites to remove: done in 0.00021752 secs using 7.176e+04% CPU
Identifying sites to remove: done in 0.000206888 secs using 150.8% CPU
Identifying sites to remove: done in 0.00020422 secs using 600.3% CPU
Identifying sites to remove: done in 0.000211492 secs using 440.2% CPU
Identifying sites to remove: done in 0.000168309 secs using 238.3% CPU
Identifying sites to remove: done in 0.000194959 secs using 903.8% CPU
Identifying sites to remove: done in 0.000104263 secs using 134.3% CPU
Identifying sites to remove: done in 0.000172287 secs using 1313% CPU
Identifying sites to remove: done in 0.00019943 secs using 184.5% CPU
Identifying sites to remove: done in 0.000154115 secs using 99.28% CPU
Identifying sites to remove: done in 0.000171356 secs using 99.21% CPU
Identifying sites to remove: done in 0.000155985 secs using 98.73% CPU
Identifying sites to remove: done in 0.000197485 secs using 98.74% CPU
Identifying sites to remove: done in 0.000110157 secs using 240.6% CPU
Identifying sites to remove: done in 0.000294656 secs using 5.912e+04% CPU
Identifying sites to remove: done in 0.000139393 secs using 99% CPU
Identifying sites to remove: done in 9.33036e-05 secs using 1888% CPU
Identifying sites to remove: done in 0.00016173 secs using 155.8% CPU
Identifying sites to remove: done in 0.000216343 secs using 959.6% CPU
Identifying sites to remove: done in 0.000347838 secs using 7902% CPU
Identifying sites to remove: done in 0.000372745 secs using 1799% CPU
Identifying sites to remove: done in 0.000491954 secs using 5790% CPU
Identifying sites to remove: done in 0.000494257 secs using 6390% CPU
Identifying sites to remove: done in 0.000517592 secs using 4106% CPU
Identifying sites to remove: done in 0.000545837 secs using 6184% CPU
Identifying sites to remove: done in 0.000542 secs using 3068% CPU
Identifying sites to remove: done in 0.0005401 secs using 2041% CPU
Identifying sites to remove: done in 0.000595309 secs using 4494% CPU
Identifying sites to remove: done in 0.000598736 secs using 4735% CPU
Identifying sites to remove: done in 0.00061433 secs using 1816% CPU
Identifying sites to remove: done in 0.000613227 secs using 2334% CPU
Identifying sites to remove: done in 0.000600591 secs using 1552% CPU
Identifying sites to remove: done in 0.000643194 secs using 2040% CPU
Identifying sites to remove: done in 0.000648111 secs using 3987% CPU
Identifying sites to remove: done in 0.000616774 secs using 3362% CPU
Identifying sites to remove: done in 0.000724174 secs using 2757% CPU
Identifying sites to remove: done in 0.000742286 secs using 2277% CPU
Identifying sites to remove: done in 0.00079105 secs using 3169% CPU
Identifying sites to remove: done in 0.000293955 secs using 454.8% CPU
Identifying sites to remove: done in 0.000506103 secs using 276.2% CPU
Identifying sites to remove: done in 0.000438526 secs using 105.1% CPU
Identifying sites to remove: done in 0.000400558 secs using 3.873e+04% CPU
Identifying sites to remove: done in 0.00014583 secs using 513.6% CPU
Identifying sites to remove: done in 0.000250377 secs using 110.2% CPU
Identifying sites to remove: done in 0.000310227 secs using 98.96% CPU
Identifying sites to remove: done in 0.000500254 secs using 765% CPU
Identifying sites to remove: done in 0.000526033 secs using 352.8% CPU
Identifying sites to remove: done in 0.000564814 secs using 3.337e+04% CPU
Identifying sites to remove: done in 0.000469185 secs using 3.932e+04% CPU
Identifying sites to remove: done in 0.000455186 secs using 99.52% CPU
Identifying sites to remove: done in 0.000287451 secs using 280% CPU
Identifying sites to remove: done in 0.000575714 secs using 953.1% CPU
Identifying sites to remove: done in 0.000656776 secs using 979.8% CPU
Identifying sites to remove: done in 0.00039921 secs using 812.6% CPU
Identifying sites to remove: done in 0.000444897 secs using 862.7% CPU
Identifying sites to remove: done in 0.000543714 secs using 710.3% CPU
Identifying sites to remove: done in 0.000511289 secs using 309% CPU
Identifying sites to remove: done in 0.000235744 secs using 235.8% CPU
Identifying sites to remove: done in 0.00061322 secs using 2.967e+04% CPU
Identifying sites to remove: done in 0.000593737 secs using 3.012e+04% CPU
Identifying sites to remove: done in 0.000642844 secs using 2.726e+04% CPU
Identifying sites to remove: done in 0.000571199 secs using 321.4% CPU
Identifying sites to remove: done in 0.000559211 secs using 338.7% CPU
Identifying sites to remove: done in 0.000572287 secs using 127.9% CPU
Identifying sites to remove: done in 0.000289142 secs using 192.6% CPU
Identifying sites to remove: done in 0.000596836 secs using 642.7% CPU
Identifying sites to remove: done in 0.00042291 secs using 521.2% CPU
Identifying sites to remove: done in 0.000517987 secs using 180.5% CPU
Identifying sites to remove: done in 0.000325628 secs using 943.7% CPU
Identifying sites to remove: done in 0.00045336 secs using 163.4% CPU
Identifying sites to remove: done in 0.000293307 secs using 1410% CPU
Identifying sites to remove: done in 0.000600651 secs using 2.866e+04% CPU
Identifying sites to remove: done in 0.000737563 secs using 228.6% CPU
Identifying sites to remove: done in 0.00033962 secs using 99.52% CPU
Identifying sites to remove: done in 0.000324875 secs using 4.926e+04% CPU
Identifying sites to remove: done in 0.000241414 secs using 1586% CPU
Identifying sites to remove: done in 0.000551768 secs using 354.7% CPU
Identifying sites to remove: done in 0.000282094 secs using 6967% CPU
Identifying sites to remove: done in 0.000326745 secs using 2630% CPU
Identifying sites to remove: done in 0.000402488 secs using 6293% CPU
Identifying sites to remove: done in 0.000393964 secs using 3770% CPU
Identifying sites to remove: done in 0.000406824 secs using 5038% CPU
Identifying sites to remove: done in 0.00044544 secs using 6203% CPU
Identifying sites to remove: done in 0.000408754 secs using 7205% CPU
Identifying sites to remove: done in 0.000439659 secs using 4483% CPU
Identifying sites to remove: done in 0.000434987 secs using 4186% CPU
Identifying sites to remove: done in 0.000415951 secs using 2133% CPU
Identifying sites to remove: done in 0.000436261 secs using 3897% CPU
Identifying sites to remove: done in 0.000413083 secs using 1782% CPU
Identifying sites to remove: done in 0.000438184 secs using 3315% CPU
Identifying sites to remove: done in 0.000584491 secs using 5060% CPU
Identifying sites to remove: done in 0.000581153 secs using 4169% CPU
Identifying sites to remove: done in 0.000422336 secs using 1535% CPU
Identifying sites to remove: done in 0.000433125 secs using 3083% CPU
Identifying sites to remove: done in 0.000608444 secs using 2125% CPU
Identifying sites to remove: done in 0.000687741 secs using 3904% CPU
Identifying sites to remove: done in 0.000236362 secs using 300.8% CPU
Identifying sites to remove: done in 0.000341073 secs using 382.3% CPU
Identifying sites to remove: done in 0.000268526 secs using 99.43% CPU
Identifying sites to remove: done in 0.000240721 secs using 99.29% CPU
Identifying sites to remove: done in 9.37879e-05 secs using 207.9% CPU
Identifying sites to remove: done in 0.000151977 secs using 2517% CPU
Identifying sites to remove: done in 0.000199899 secs using 99.05% CPU
Identifying sites to remove: done in 0.000333466 secs using 459.4% CPU
Identifying sites to remove: done in 0.000337787 secs using 180.6% CPU
Identifying sites to remove: done in 0.000322476 secs using 99.54% CPU
Identifying sites to remove: done in 0.000296235 secs using 1600% CPU
Identifying sites to remove: done in 0.000265591 secs using 1050% CPU
Identifying sites to remove: done in 0.000180759 secs using 1539% CPU
Identifying sites to remove: done in 0.000324331 secs using 1014% CPU
Identifying sites to remove: done in 0.000337474 secs using 1073% CPU
Identifying sites to remove: done in 0.000150889 secs using 2047% CPU
Identifying sites to remove: done in 0.000300497 secs using 143.1% CPU
Identifying sites to remove: done in 0.000191279 secs using 99.33% CPU
Identifying sites to remove: done in 0.000151865 secs using 196.2% CPU
Identifying sites to remove: done in 0.000254825 secs using 1473% CPU
Identifying sites to remove: done in 0.000332177 secs using 5.112e+04% CPU
Identifying sites to remove: done in 0.000325218 secs using 5.109e+04% CPU
Identifying sites to remove: done in 0.000305437 secs using 247.2% CPU
Identifying sites to remove: done in 0.000265501 secs using 377.8% CPU
Identifying sites to remove: done in 0.000306509 secs using 143.2% CPU
Identifying sites to remove: done in 0.000307024 secs using 99.34% CPU
Identifying sites to remove: done in 0.000148818 secs using 98.78% CPU
Identifying sites to remove: done in 0.000318833 secs using 1696% CPU
Identifying sites to remove: done in 0.000266038 secs using 138.3% CPU
Identifying sites to remove: done in 0.000239983 secs using 99.17% CPU
Identifying sites to remove: done in 0.000247173 secs using 99.12% CPU
Identifying sites to remove: done in 0.000235319 secs using 99.01% CPU
Identifying sites to remove: done in 0.000174031 secs using 855% CPU
Identifying sites to remove: done in 0.000353515 secs using 249.8% CPU
Identifying sites to remove: done in 0.000481173 secs using 631.8% CPU
Identifying sites to remove: done in 0.000189215 secs using 99.36% CPU
Identifying sites to remove: done in 0.000182219 secs using 99.33% CPU
Identifying sites to remove: done in 0.000141487 secs using 1.171e+05% CPU
Identifying sites to remove: done in 0.000358865 secs using 99.48% CPU
Identifying sites to remove: done in 0.000359342 secs using 8511% CPU
Identifying sites to remove: done in 0.000447147 secs using 2180% CPU
Identifying sites to remove: done in 0.000514135 secs using 5910% CPU
Identifying sites to remove: done in 0.000516526 secs using 6170% CPU
Identifying sites to remove: done in 0.000556417 secs using 2972% CPU
Identifying sites to remove: done in 0.000564151 secs using 5277% CPU
Identifying sites to remove: done in 0.000558637 secs using 3458% CPU
Identifying sites to remove: done in 0.000548989 secs using 2344% CPU
Identifying sites to remove: done in 0.00060036 secs using 1592% CPU
Identifying sites to remove: done in 0.000623852 secs using 3441% CPU
Identifying sites to remove: done in 0.000629179 secs using 4604% CPU
Identifying sites to remove: done in 0.000626959 secs using 3680% CPU
Identifying sites to remove: done in 0.000659339 secs using 4195% CPU
Identifying sites to remove: done in 0.00069695 secs using 2375% CPU
Identifying sites to remove: done in 0.000705071 secs using 2725% CPU
Identifying sites to remove: done in 0.000733092 secs using 3663% CPU
Identifying sites to remove: done in 0.000726037 secs using 2162% CPU
Identifying sites to remove: done in 0.000689194 secs using 1683% CPU
Identifying sites to remove: done in 0.000731342 secs using 3459% CPU
Identifying sites to remove: done in 0.000322297 secs using 194.5% CPU
Identifying sites to remove: done in 0.000511862 secs using 356.9% CPU
Identifying sites to remove: done in 0.000461504 secs using 121.1% CPU
Identifying sites to remove: done in 0.000460789 secs using 3.39e+04% CPU
Identifying sites to remove: done in 0.000156954 secs using 233.8% CPU
Identifying sites to remove: done in 0.000257984 secs using 218.6% CPU
Identifying sites to remove: done in 0.00033427 secs using 99.62% CPU
Identifying sites to remove: done in 0.000526346 secs using 99.74% CPU
Identifying sites to remove: done in 0.000540026 secs using 324.4% CPU
Identifying sites to remove: done in 0.000492208 secs using 865.1% CPU
Identifying sites to remove: done in 0.000449307 secs using 121.5% CPU
Identifying sites to remove: done in 0.000483349 secs using 3.786e+04% CPU
Identifying sites to remove: done in 0.000550367 secs using 406.5% CPU
Identifying sites to remove: done in 0.00031732 secs using 896.6% CPU
Identifying sites to remove: done in 0.000583373 secs using 719.1% CPU
Identifying sites to remove: done in 0.000337087 secs using 696% CPU
Identifying sites to remove: done in 0.000564292 secs using 722.1% CPU
Identifying sites to remove: done in 0.000401258 secs using 389.3% CPU
Identifying sites to remove: done in 0.000253469 secs using 356.3% CPU
Identifying sites to remove: done in 0.00051827 secs using 125.2% CPU
Identifying sites to remove: done in 0.000533342 secs using 1098% CPU
Identifying sites to remove: done in 0.000494696 secs using 740.3% CPU
Identifying sites to remove: done in 0.000544086 secs using 792.3% CPU
Identifying sites to remove: done in 0.000538506 secs using 1434% CPU
Identifying sites to remove: done in 0.000539728 secs using 859.7% CPU
Identifying sites to remove: done in 0.000548266 secs using 926% CPU
Identifying sites to remove: done in 0.000294313 secs using 191.3% CPU
Identifying sites to remove: done in 0.000582017 secs using 334.4% CPU
Identifying sites to remove: done in 0.000436388 secs using 770.9% CPU
Identifying sites to remove: done in 0.00048589 secs using 908.2% CPU
Identifying sites to remove: done in 0.000507332 secs using 3.455e+04% CPU
Identifying sites to remove: done in 0.00049217 secs using 3.481e+04% CPU
Identifying sites to remove: done in 0.000338271 secs using 525.9% CPU
Identifying sites to remove: done in 0.000736363 secs using 404.6% CPU
Identifying sites to remove: done in 0.000574075 secs using 161.7% CPU
Identifying sites to remove: done in 0.00035093 secs using 99.17% CPU
Identifying sites to remove: done in 0.000332944 secs using 99.42% CPU
Identifying sites to remove: done in 0.000221208 secs using 200.3% CPU
Identifying sites to remove: done in 0.000543013 secs using 895.4% CPU
Identifying sites to remove: done in 0.000141785 secs using 2.039e+04% CPU
Identifying sites to remove: done in 0.000186212 secs using 1.526e+04% CPU
Identifying sites to remove: done in 0.000186995 secs using 1.032e+04% CPU
Identifying sites to remove: done in 0.000221178 secs using 9585% CPU
Identifying sites to remove: done in 0.000223868 secs using 1.02e+04% CPU
Identifying sites to remove: done in 0.000221193 secs using 6802% CPU
Identifying sites to remove: done in 0.000220619 secs using 1.234e+04% CPU
Identifying sites to remove: done in 0.000217773 secs using 1.108e+04% CPU
Identifying sites to remove: done in 0.000315294 secs using 3967% CPU
Identifying sites to remove: done in 0.000336073 secs using 1505% CPU
Identifying sites to remove: done in 0.00022427 secs using 8149% CPU
Identifying sites to remove: done in 0.000376903 secs using 3111% CPU
Identifying sites to remove: done in 0.000340596 secs using 7860% CPU
Identifying sites to remove: done in 0.000410862 secs using 3815% CPU
Identifying sites to remove: done in 0.000373952 secs using 2250% CPU
Identifying sites to remove: done in 0.00039684 secs using 4678% CPU
Identifying sites to remove: done in 0.000393271 secs using 2674% CPU
Identifying sites to remove: done in 0.000498749 secs using 1648% CPU
Identifying sites to remove: done in 0.000189334 secs using 997.2% CPU
Identifying sites to remove: done in 0.000497952 secs using 1082% CPU
Identifying sites to remove: done in 0.000173934 secs using 880.8% CPU
Identifying sites to remove: done in 0.000118196 secs using 3773% CPU
Identifying sites to remove: done in 4.85703e-05 secs using 245% CPU
Identifying sites to remove: done in 7.37533e-05 secs using 3140% CPU
Identifying sites to remove: done in 0.000119053 secs using 2192% CPU
Identifying sites to remove: done in 0.000140108 secs using 110.6% CPU
Identifying sites to remove: done in 0.000129819 secs using 98.6% CPU
Identifying sites to remove: done in 0.000124909 secs using 3564% CPU
Identifying sites to remove: done in 0.000121966 secs using 6126% CPU
Identifying sites to remove: done in 7.84844e-05 secs using 1774% CPU
Identifying sites to remove: done in 0.000147298 secs using 3105% CPU
Identifying sites to remove: done in 0.000128888 secs using 319.7% CPU
Identifying sites to remove: done in 5.62891e-05 secs using 2974% CPU
Identifying sites to remove: done in 8.65832e-05 secs using 3407% CPU
Identifying sites to remove: done in 9.48533e-05 secs using 8830% CPU
Identifying sites to remove: done in 0.000119969 secs using 5990% CPU
Identifying sites to remove: done in 9.67979e-05 secs using 698.4% CPU
Identifying sites to remove: done in 0.000142299 secs using 3006% CPU
Identifying sites to remove: done in 0.000108711 secs using 1973% CPU
Identifying sites to remove: done in 0.000125848 secs using 1675% CPU
Identifying sites to remove: done in 0.000145778 secs using 2742% CPU
Identifying sites to remove: done in 0.00012771 secs using 3982% CPU
Identifying sites to remove: done in 0.000106566 secs using 3805% CPU
Identifying sites to remove: done in 0.00011877 secs using 244.2% CPU
Identifying sites to remove: done in 0.000126801 secs using 99.37% CPU
Identifying sites to remove: done in 7.61375e-05 secs using 1610% CPU
Identifying sites to remove: done in 0.000136212 secs using 1347% CPU
Identifying sites to remove: done in 9.31397e-05 secs using 862.1% CPU
Identifying sites to remove: done in 0.00011681 secs using 271.4% CPU
Identifying sites to remove: done in 0.000105843 secs using 98.26% CPU
Identifying sites to remove: done in 0.000127025 secs using 934.5% CPU
Identifying sites to remove: done in 7.21142e-05 secs using 277.3% CPU
Identifying sites to remove: done in 0.000153847 secs using 919.1% CPU
Identifying sites to remove: done in 0.000101663 secs using 98.36% CPU
Identifying sites to remove: done in 6.80014e-05 secs using 98.53% CPU
Identifying sites to remove: done in 8.6315e-05 secs using 97.32% CPU
Identifying sites to remove: done in 0.000103578 secs using 98.48% CPU
Identifying sites to remove: done in 5.09396e-05 secs using 98.16% CPU
Identifying sites to remove: done in 0.000168778 secs using 3.291e+04% CPU
Identifying sites to remove: done in 0.000194676 secs using 2.366e+04% CPU
Identifying sites to remove: done in 0.000235043 secs using 2.138e+04% CPU
Identifying sites to remove: done in 0.000252768 secs using 1.035e+04% CPU
Identifying sites to remove: done in 0.000254661 secs using 4976% CPU
Identifying sites to remove: done in 0.000256449 secs using 2756% CPU
Identifying sites to remove: done in 0.00028003 secs using 5741% CPU
Identifying sites to remove: done in 0.00025858 secs using 1.41e+04% CPU
Identifying sites to remove: done in 0.000307664 secs using 1.318e+04% CPU
Identifying sites to remove: done in 0.000322305 secs using 9394% CPU
Identifying sites to remove: done in 0.000333607 secs using 6019% CPU
Identifying sites to remove: done in 0.000311114 secs using 1.755e+04% CPU
Identifying sites to remove: done in 0.000323862 secs using 1.89e+04% CPU
Identifying sites to remove: done in 0.00036224 secs using 3244% CPU
Identifying sites to remove: done in 0.000319637 secs using 1.055e+04% CPU
Identifying sites to remove: done in 0.000418276 secs using 5712% CPU
Identifying sites to remove: done in 0.000417992 secs using 1154% CPU
Identifying sites to remove: done in 0.000422448 secs using 1.062e+04% CPU
Identifying sites to remove: done in 0.000185162 secs using 6.535e+04% CPU
Identifying sites to remove: done in 0.000249706 secs using 4.844e+04% CPU
Identifying sites to remove: done in 0.000118978 secs using 590.9% CPU
Identifying sites to remove: done in 7.51019e-05 secs using 342.2% CPU
Identifying sites to remove: done in 0.00023485 secs using 268.3% CPU
Identifying sites to remove: done in 0.000245877 secs using 250.1% CPU
Identifying sites to remove: done in 0.000176437 secs using 188.7% CPU
Identifying sites to remove: done in 0.000179105 secs using 659.4% CPU
Identifying sites to remove: done in 0.000222132 secs using 1192% CPU
Identifying sites to remove: done in 0.00025288 secs using 1862% CPU
Identifying sites to remove: done in 0.000255987 secs using 1429% CPU
Identifying sites to remove: done in 0.000135869 secs using 1269% CPU
Identifying sites to remove: done in 0.000224568 secs using 2172% CPU
Identifying sites to remove: done in 0.000203639 secs using 1868% CPU
Identifying sites to remove: done in 0.000129998 secs using 2855% CPU
Identifying sites to remove: done in 0.00017713 secs using 1291% CPU
Identifying sites to remove: done in 0.000139177 secs using 1588% CPU
Identifying sites to remove: done in 0.000234969 secs using 1114% CPU
Identifying sites to remove: done in 0.000197902 secs using 2856% CPU
Identifying sites to remove: done in 0.000203051 secs using 1858% CPU
Identifying sites to remove: done in 0.000232659 secs using 2468% CPU
Identifying sites to remove: done in 0.000249252 secs using 834.5% CPU
Identifying sites to remove: done in 0.000243269 secs using 360.1% CPU
Identifying sites to remove: done in 0.000218734 secs using 99.21% CPU
Identifying sites to remove: done in 0.000120603 secs using 98.67% CPU
Identifying sites to remove: done in 0.000254102 secs using 1233% CPU
Identifying sites to remove: done in 0.000201426 secs using 3114% CPU
Identifying sites to remove: done in 0.000167474 secs using 1982% CPU
Identifying sites to remove: done in 0.000181802 secs using 158.4% CPU
Identifying sites to remove: done in 0.000123672 secs using 2807% CPU
Identifying sites to remove: done in 0.000191011 secs using 1336% CPU
Identifying sites to remove: done in 0.000245243 secs using 2443% CPU
Identifying sites to remove: done in 0.000245094 secs using 188.1% CPU
Identifying sites to remove: done in 0.000142708 secs using 98.8% CPU
Identifying sites to remove: done in 0.000100553 secs using 749.9% CPU
Identifying sites to remove: done in 0.000197299 secs using 667.5% CPU
Identifying sites to remove: done in 0.000170723 secs using 164% CPU
Identifying sites to remove: done in 0.000256263 secs using 2.528e+04% CPU
Identifying sites to remove: done in 0.000297956 secs using 1.407e+04% CPU
Identifying sites to remove: done in 0.000360504 secs using 1.659e+04% CPU
Identifying sites to remove: done in 0.000366651 secs using 1.729e+04% CPU
Identifying sites to remove: done in 0.000391498 secs using 5018% CPU
Identifying sites to remove: done in 0.000395052 secs using 9301% CPU
Identifying sites to remove: done in 0.000391088 secs using 2414% CPU
Identifying sites to remove: done in 0.00039912 secs using 1.262e+04% CPU
Identifying sites to remove: done in 0.000416666 secs using 9731% CPU
Identifying sites to remove: done in 0.000443764 secs using 6121% CPU
Identifying sites to remove: done in 0.000442393 secs using 6900% CPU
Identifying sites to remove: done in 0.000471286 secs using 1.155e+04% CPU
Identifying sites to remove: done in 0.00047271 secs using 5088% CPU
Identifying sites to remove: done in 0.000472344 secs using 1.011e+04% CPU
Identifying sites to remove: done in 0.00042785 secs using 3132% CPU
Identifying sites to remove: done in 0.000523224 secs using 1366% CPU
Identifying sites to remove: done in 0.000487551 secs using 1.19e+04% CPU
Identifying sites to remove: done in 0.000549972 secs using 6295% CPU
Identifying sites to remove: done in 0.00054919 secs using 3186% CPU
Identifying sites to remove: done in 0.000257999 secs using 4.899e+04% CPU
Identifying sites to remove: done in 0.000389166 secs using 3.247e+04% CPU
Identifying sites to remove: done in 0.000325359 secs using 177% CPU
Identifying sites to remove: done in 0.000102639 secs using 1181% CPU
Identifying sites to remove: done in 0.000175595 secs using 250.6% CPU
Identifying sites to remove: done in 0.000324748 secs using 754.1% CPU
Identifying sites to remove: done in 0.000251062 secs using 2113% CPU
Identifying sites to remove: done in 0.000383414 secs using 859.9% CPU
Identifying sites to remove: done in 0.000390403 secs using 161.9% CPU
Identifying sites to remove: done in 0.000373006 secs using 1090% CPU
Identifying sites to remove: done in 0.000355437 secs using 3335% CPU
Identifying sites to remove: done in 0.000408359 secs using 4.411e+04% CPU
Identifying sites to remove: done in 0.00038036 secs using 4.547e+04% CPU
Identifying sites to remove: done in 0.000406004 secs using 4.348e+04% CPU
Identifying sites to remove: done in 0.000233598 secs using 167.8% CPU
Identifying sites to remove: done in 0.000277475 secs using 715.7% CPU
Identifying sites to remove: done in 0.0002269 secs using 714.4% CPU
Identifying sites to remove: done in 0.000368312 secs using 553.9% CPU
Identifying sites to remove: done in 0.00038588 secs using 604.6% CPU
Identifying sites to remove: done in 0.000352353 secs using 663.5% CPU
Identifying sites to remove: done in 0.000235371 secs using 752.4% CPU
Identifying sites to remove: done in 0.000314228 secs using 660% CPU
Identifying sites to remove: done in 0.000402316 secs using 1060% CPU
Identifying sites to remove: done in 0.000409693 secs using 672.2% CPU
Identifying sites to remove: done in 0.000330582 secs using 833.1% CPU
Identifying sites to remove: done in 0.000349022 secs using 122.1% CPU
Identifying sites to remove: done in 0.000195719 secs using 1834% CPU
Identifying sites to remove: done in 0.000386141 secs using 149.9% CPU
Identifying sites to remove: done in 0.000320517 secs using 223.7% CPU
Identifying sites to remove: done in 0.000304826 secs using 172.6% CPU
Identifying sites to remove: done in 0.000204183 secs using 830.6% CPU
Identifying sites to remove: done in 0.000294864 secs using 974.3% CPU
Identifying sites to remove: done in 0.000304431 secs using 212.9% CPU
Identifying sites to remove: done in 0.000421114 secs using 556.9% CPU
Identifying sites to remove: done in 0.000401191 secs using 183.7% CPU
Identifying sites to remove: done in 0.000232063 secs using 99.54% CPU
Identifying sites to remove: done in 0.000149034 secs using 98.64% CPU
Identifying sites to remove: done in 0.000329293 secs using 234.1% CPU
Identifying sites to remove: done in 0.000207566 secs using 818.1% CPU
Identifying sites to remove: done in 0.000807703 secs using 3639% CPU
Identifying sites to remove: done in 0.00109452 secs using 1862% CPU
Identifying sites to remove: done in 0.00123497 secs using 2924% CPU
Identifying sites to remove: done in 0.00126541 secs using 3107% CPU
Identifying sites to remove: done in 0.00130068 secs using 2193% CPU
Identifying sites to remove: done in 0.00129268 secs using 1902% CPU
Identifying sites to remove: done in 0.00142723 secs using 2654% CPU
Identifying sites to remove: done in 0.00144625 secs using 2170% CPU
Identifying sites to remove: done in 0.0014728 secs using 2026% CPU
Identifying sites to remove: done in 0.00149703 secs using 1691% CPU
Identifying sites to remove: done in 0.0015226 secs using 2498% CPU
Identifying sites to remove: done in 0.00156612 secs using 2256% CPU
Identifying sites to remove: done in 0.00159808 secs using 1871% CPU
Identifying sites to remove: done in 0.00160874 secs using 2286% CPU
Identifying sites to remove: done in 0.00161076 secs using 2343% CPU
Identifying sites to remove: done in 0.00166267 secs using 2108% CPU
Identifying sites to remove: done in 0.00166473 secs using 2340% CPU
Identifying sites to remove: done in 0.0017032 secs using 2567% CPU
Identifying sites to remove: done in 0.00176912 secs using 1783% CPU
Identifying sites to remove: done in 0.000848718 secs using 333.2% CPU
Identifying sites to remove: done in 0.00135974 secs using 383.3% CPU
Identifying sites to remove: done in 0.00117868 secs using 1.293e+04% CPU
Identifying sites to remove: done in 0.000389993 secs using 369.8% CPU
Identifying sites to remove: done in 0.000637807 secs using 141.7% CPU
Identifying sites to remove: done in 0.00103325 secs using 99.88% CPU
Identifying sites to remove: done in 0.000939608 secs using 2.022e+04% CPU
Identifying sites to remove: done in 0.00150899 secs using 1.29e+04% CPU
Identifying sites to remove: done in 0.00147718 secs using 185.6% CPU
Identifying sites to remove: done in 0.00131963 secs using 911.5% CPU
Identifying sites to remove: done in 0.00151462 secs using 928.1% CPU
Identifying sites to remove: done in 0.000779971 secs using 2.282e+04% CPU
Identifying sites to remove: done in 0.00169612 secs using 1.123e+04% CPU
Identifying sites to remove: done in 0.00172005 secs using 1.094e+04% CPU
Identifying sites to remove: done in 0.00154965 secs using 1.192e+04% CPU
Identifying sites to remove: done in 0.000818789 secs using 538.4% CPU
Identifying sites to remove: done in 0.000808924 secs using 384.8% CPU
Identifying sites to remove: done in 0.00108219 secs using 415.6% CPU
Identifying sites to remove: done in 0.00162332 secs using 564.9% CPU
Identifying sites to remove: done in 0.00159591 secs using 1100% CPU
Identifying sites to remove: done in 0.00133254 secs using 1064% CPU
Identifying sites to remove: done in 0.00165013 secs using 1038% CPU
Identifying sites to remove: done in 0.00143696 secs using 1094% CPU
Identifying sites to remove: done in 0.00174838 secs using 1.03e+04% CPU
Identifying sites to remove: done in 0.00172128 secs using 9910% CPU
Identifying sites to remove: done in 0.00163307 secs using 217.7% CPU
Identifying sites to remove: done in 0.000782512 secs using 434.6% CPU
Identifying sites to remove: done in 0.00163695 secs using 1.119e+04% CPU
Identifying sites to remove: done in 0.00106748 secs using 339% CPU
Identifying sites to remove: done in 0.00145118 secs using 369.2% CPU
Identifying sites to remove: done in 0.000898175 secs using 1244% CPU
Identifying sites to remove: done in 0.00124099 secs using 1.39e+04% CPU
Identifying sites to remove: done in 0.000823408 secs using 429.9% CPU
Identifying sites to remove: done in 0.00182734 secs using 343.5% CPU
Identifying sites to remove: done in 0.00161242 secs using 327.8% CPU
Identifying sites to remove: done in 0.000949606 secs using 1.698e+04% CPU
Identifying sites to remove: done in 0.000827499 secs using 377.6% CPU
Identifying sites to remove: done in 0.000547774 secs using 1413% CPU
Identifying sites to remove: done in 0.00125202 secs using 1.134e+04% CPU
Identifying sites to remove: done in 0.000122257 secs using 732.1% CPU
Identifying sites to remove: done in 0.000118934 secs using 687.8% CPU
Identifying sites to remove: done in 0.000233799 secs using 458.9% CPU
Identifying sites to remove: done in 0.000148788 secs using 621% CPU
Identifying sites to remove: done in 0.000230938 secs using 969.1% CPU
Identifying sites to remove: done in 0.000242941 secs using 865.6% CPU
Identifying sites to remove: done in 0.000114687 secs using 728.1% CPU
Identifying sites to remove: done in 0.000176109 secs using 1478% CPU
Identifying sites to remove: done in 0.000164434 secs using 1514% CPU
Identifying sites to remove: done in 0.0002148 secs using 1030% CPU
Identifying sites to remove: done in 0.000133902 secs using 948.5% CPU
Identifying sites to remove: done in 0.000139289 secs using 575.1% CPU
Identifying sites to remove: done in 0.000157587 secs using 319.8% CPU
Identifying sites to remove: done in 0.000107765 secs using 340.6% CPU
Identifying sites to remove: done in 0.000125423 secs using 177.8% CPU
Identifying sites to remove: done in 0.000106245 secs using 761.4% CPU
Identifying sites to remove: done in 0.000100277 secs using 620.3% CPU
Identifying sites to remove: done in 0.000162557 secs using 810.2% CPU
Identifying sites to remove: done in 9.62839e-05 secs using 1211% CPU
Identifying sites to remove: done in 9.34303e-05 secs using 857.3% CPU
Identifying sites to remove: done in 7.62045e-05 secs using 207.3% CPU
Identifying sites to remove: done in 0.000223063 secs using 99.08% CPU
Identifying sites to remove: done in 0.000127859 secs using 7260% CPU
Identifying sites to remove: done in 0.000204124 secs using 2074% CPU
Identifying sites to remove: done in 0.000208475 secs using 2752% CPU
Identifying sites to remove: done in 0.000239782 secs using 2898% CPU
Identifying sites to remove: done in 0.000240766 secs using 579.4% CPU
Identifying sites to remove: done in 0.000305183 secs using 2813% CPU
Identifying sites to remove: done in 0.000306152 secs using 1002% CPU
Identifying sites to remove: done in 0.000209205 secs using 860.4% CPU
Identifying sites to remove: done in 0.000160068 secs using 1063% CPU
Identifying sites to remove: done in 0.000116199 secs using 2339% CPU
Identifying sites to remove: done in 0.000127226 secs using 209.9% CPU
Identifying sites to remove: done in 0.000444464 secs using 1138% CPU
Identifying sites to remove: done in 0.000290878 secs using 4883% CPU
Identifying sites to remove: done in 0.000321053 secs using 5001% CPU
Identifying sites to remove: done in 0.000378035 secs using 1892% CPU
Identifying sites to remove: done in 0.000398785 secs using 2984% CPU
Identifying sites to remove: done in 0.000432394 secs using 3693% CPU
Identifying sites to remove: done in 0.000435524 secs using 3253% CPU
Identifying sites to remove: done in 0.000450701 secs using 2963% CPU
Identifying sites to remove: done in 0.000462241 secs using 3450% CPU
Identifying sites to remove: done in 0.000504769 secs using 3096% CPU
Identifying sites to remove: done in 0.000505209 secs using 2861% CPU
Identifying sites to remove: done in 0.000508256 secs using 2131% CPU
Identifying sites to remove: done in 0.000531428 secs using 1589% CPU
Identifying sites to remove: done in 0.000507243 secs using 2249% CPU
Identifying sites to remove: done in 0.000529684 secs using 1831% CPU
Identifying sites to remove: done in 0.000574842 secs using 3266% CPU
Identifying sites to remove: done in 0.000592455 secs using 2252% CPU
Identifying sites to remove: done in 0.000594318 secs using 2146% CPU
Identifying sites to remove: done in 0.000595249 secs using 1834% CPU
Identifying sites to remove: done in 0.000641458 secs using 1319% CPU
Identifying sites to remove: done in 0.000198469 secs using 99.26% CPU
Identifying sites to remove: done in 0.000277743 secs using 99.73% CPU
Identifying sites to remove: done in 0.000363685 secs using 99.81% CPU
Identifying sites to remove: done in 0.000205599 secs using 98.74% CPU
Identifying sites to remove: done in 0.00046514 secs using 99.75% CPU
Identifying sites to remove: done in 0.000218377 secs using 98.91% CPU
Identifying sites to remove: done in 0.000296019 secs using 98.98% CPU
Identifying sites to remove: done in 0.00025963 secs using 1987% CPU
Identifying sites to remove: done in 0.000463627 secs using 2475% CPU
Identifying sites to remove: done in 0.000347927 secs using 1667% CPU
Identifying sites to remove: done in 0.000502169 secs using 2446% CPU
Identifying sites to remove: done in 0.000276409 secs using 435.6% CPU
Identifying sites to remove: done in 0.000502482 secs using 1086% CPU
Identifying sites to remove: done in 0.000264362 secs using 6.652e+04% CPU
Identifying sites to remove: done in 0.00053677 secs using 3.291e+04% CPU
Identifying sites to remove: done in 0.000445582 secs using 347.9% CPU
Identifying sites to remove: done in 0.000368163 secs using 202.9% CPU
Identifying sites to remove: done in 0.000342704 secs using 99.21% CPU
Identifying sites to remove: done in 0.000455707 secs using 587% CPU
Identifying sites to remove: done in 0.000464305 secs using 103.2% CPU
Identifying sites to remove: done in 0.000336774 secs using 98.88% CPU
Identifying sites to remove: done in 0.000473186 secs using 328% CPU
Identifying sites to remove: done in 0.000478864 secs using 198.2% CPU
Identifying sites to remove: done in 0.000309668 secs using 507.3% CPU
Identifying sites to remove: done in 0.000351511 secs using 637.2% CPU
Identifying sites to remove: done in 0.000366986 secs using 140.1% CPU
Identifying sites to remove: done in 0.000359118 secs using 2082% CPU
Identifying sites to remove: done in 0.000792399 secs using 1413% CPU
Identifying sites to remove: done in 0.000617042 secs using 1123% CPU
Identifying sites to remove: done in 0.000403091 secs using 4.146e+04% CPU
Identifying sites to remove: done in 0.000725143 secs using 1667% CPU
Identifying sites to remove: done in 0.000303142 secs using 1178% CPU
Identifying sites to remove: done in 0.000234447 secs using 99.38% CPU
Identifying sites to remove: done in 0.00050395 secs using 6626% CPU
Identifying sites to remove: done in 0.000537343 secs using 2697% CPU
Identifying sites to remove: done in 0.000625327 secs using 5414% CPU
Identifying sites to remove: done in 0.000808001 secs using 4229% CPU
Identifying sites to remove: done in 0.00081265 secs using 4380% CPU
Identifying sites to remove: done in 0.000820629 secs using 1659% CPU
Identifying sites to remove: done in 0.000875369 secs using 3376% CPU
Identifying sites to remove: done in 0.000888966 secs using 2591% CPU
Identifying sites to remove: done in 0.000887223 secs using 1945% CPU
Identifying sites to remove: done in 0.000906236 secs using 2705% CPU
Identifying sites to remove: done in 0.000935994 secs using 1749% CPU
Identifying sites to remove: done in 0.000961699 secs using 3052% CPU
Identifying sites to remove: done in 0.00101598 secs using 2228% CPU
Identifying sites to remove: done in 0.00105087 secs using 3250% CPU
Identifying sites to remove: done in 0.00104937 secs using 2586% CPU
Identifying sites to remove: done in 0.00109784 secs using 1844% CPU
Identifying sites to remove: done in 0.0011118 secs using 2597% CPU
Identifying sites to remove: done in 0.00116739 secs using 2902% CPU
Identifying sites to remove: done in 0.00116999 secs using 3137% CPU
Identifying sites to remove: done in 0.000909232 secs using 250.2% CPU
Identifying sites to remove: done in 0.000513643 secs using 193.7% CPU
Identifying sites to remove: done in 0.000747718 secs using 2.053e+04% CPU
Identifying sites to remove: done in 0.000382513 secs using 99.87% CPU
Identifying sites to remove: done in 0.000435337 secs using 99.23% CPU
Identifying sites to remove: done in 0.000389941 secs using 4.902e+04% CPU
Identifying sites to remove: done in 0.00083632 secs using 353.8% CPU
Identifying sites to remove: done in 0.000774771 secs using 331.1% CPU
Identifying sites to remove: done in 0.000779085 secs using 181.2% CPU
Identifying sites to remove: done in 0.000731319 secs using 99.82% CPU
Identifying sites to remove: done in 0.000317283 secs using 1506% CPU
Identifying sites to remove: done in 0.000419214 secs using 349.7% CPU
Identifying sites to remove: done in 0.00143403 secs using 1.31e+04% CPU
Identifying sites to remove: done in 0.00124013 secs using 1.502e+04% CPU
Identifying sites to remove: done in 0.000543207 secs using 519.3% CPU
Identifying sites to remove: done in 0.000507109 secs using 301.9% CPU
Identifying sites to remove: done in 0.000875108 secs using 291.5% CPU
Identifying sites to remove: done in 0.000684232 secs using 994% CPU
Identifying sites to remove: done in 0.000819117 secs using 1024% CPU
Identifying sites to remove: done in 0.000832863 secs using 656.8% CPU
Identifying sites to remove: done in 0.000819556 secs using 732% CPU
Identifying sites to remove: done in 0.000935875 secs using 1.859e+04% CPU
Identifying sites to remove: done in 0.000851437 secs using 425.4% CPU
Identifying sites to remove: done in 0.000389941 secs using 178.5% CPU
Identifying sites to remove: done in 0.00068666 secs using 710.1% CPU
Identifying sites to remove: done in 0.000873186 secs using 442.3% CPU
Identifying sites to remove: done in 0.000613995 secs using 228.7% CPU
Identifying sites to remove: done in 0.000612073 secs using 615.6% CPU
Identifying sites to remove: done in 0.000392534 secs using 99.1% CPU
Identifying sites to remove: done in 0.000870399 secs using 189.1% CPU
Identifying sites to remove: done in 0.0013021 secs using 233.6% CPU
Identifying sites to remove: done in 0.000588253 secs using 99.62% CPU
Identifying sites to remove: done in 0.000460967 secs using 354% CPU
Identifying sites to remove: done in 0.000228055 secs using 99.1% CPU
Identifying sites to remove: done in 0.00100031 secs using 1.436e+04% CPU
Identifying sites to remove: done in 0.000383168 secs using 5379% CPU
Identifying sites to remove: done in 0.000468709 secs using 8724% CPU
Identifying sites to remove: done in 0.000470303 secs using 6125% CPU
Identifying sites to remove: done in 0.000546247 secs using 1984% CPU
Identifying sites to remove: done in 0.000575893 secs using 9092% CPU
Identifying sites to remove: done in 0.000572689 secs using 6205% CPU
Identifying sites to remove: done in 0.000707731 secs using 5908% CPU
Identifying sites to remove: done in 0.000723489 secs using 4131% CPU
Identifying sites to remove: done in 0.000723317 secs using 3817% CPU
Identifying sites to remove: done in 0.000729784 secs using 7084% CPU
Identifying sites to remove: done in 0.000735521 secs using 6728% CPU
Identifying sites to remove: done in 0.000720479 secs using 3161% CPU
Identifying sites to remove: done in 0.000780635 secs using 5279% CPU
Identifying sites to remove: done in 0.00079567 secs using 2123% CPU
Identifying sites to remove: done in 0.000804886 secs using 1496% CPU
Identifying sites to remove: done in 0.000813983 secs using 4480% CPU
Identifying sites to remove: done in 0.000904784 secs using 5405% CPU
Identifying sites to remove: done in 0.000888273 secs using 2225% CPU
Identifying sites to remove: done in 0.000963993 secs using 2389% CPU
Identifying sites to remove: done in 0.000430606 secs using 633.8% CPU
Identifying sites to remove: done in 0.000576347 secs using 308.8% CPU
Identifying sites to remove: done in 0.000489525 secs using 2.862e+04% CPU
Identifying sites to remove: done in 0.000220962 secs using 182.8% CPU
Identifying sites to remove: done in 0.000406563 secs using 716.7% CPU
Identifying sites to remove: done in 0.000476807 secs using 712.2% CPU
Identifying sites to remove: done in 0.000249624 secs using 313.7% CPU
Identifying sites to remove: done in 0.000498176 secs using 684.7% CPU
Identifying sites to remove: done in 0.000371672 secs using 1520% CPU
Identifying sites to remove: done in 0.000228494 secs using 364.1% CPU
Identifying sites to remove: done in 0.000412293 secs using 1189% CPU
Identifying sites to remove: done in 0.000478186 secs using 1380% CPU
Identifying sites to remove: done in 0.00020349 secs using 1329% CPU
Identifying sites to remove: done in 0.000423208 secs using 938.3% CPU
Identifying sites to remove: done in 0.000299923 secs using 1262% CPU
Identifying sites to remove: done in 0.000444278 secs using 2621% CPU
Identifying sites to remove: done in 0.000322476 secs using 2783% CPU
Identifying sites to remove: done in 0.000361636 secs using 2754% CPU
Identifying sites to remove: done in 0.000470236 secs using 2742% CPU
Identifying sites to remove: done in 0.000424258 secs using 1806% CPU
Identifying sites to remove: done in 0.000242472 secs using 357.2% CPU
Identifying sites to remove: done in 0.000439286 secs using 908.3% CPU
Identifying sites to remove: done in 0.0004199 secs using 1107% CPU
Identifying sites to remove: done in 0.000440449 secs using 1046% CPU
Identifying sites to remove: done in 0.000365198 secs using 209.2% CPU
Identifying sites to remove: done in 0.000210956 secs using 99.07% CPU
Identifying sites to remove: done in 0.000368476 secs using 304.5% CPU
Identifying sites to remove: done in 0.000436321 secs using 172.4% CPU
Identifying sites to remove: done in 0.000333048 secs using 534.2% CPU
Identifying sites to remove: done in 0.000426449 secs using 539.6% CPU
Identifying sites to remove: done in 0.000330999 secs using 200% CPU
Identifying sites to remove: done in 0.000444457 secs using 1179% CPU
Identifying sites to remove: done in 0.000220269 secs using 1398% CPU
Identifying sites to remove: done in 0.000445075 secs using 1299% CPU
Identifying sites to remove: done in 0.00037571 secs using 185.8% CPU
Identifying sites to remove: done in 0.000272729 secs using 99.37% CPU
Identifying sites to remove: done in 0.0002001 secs using 8.82e+04% CPU
Identifying sites to remove: done in 0.000399873 secs using 4.389e+04% CPU
Identifying sites to remove: done in 0.000337817 secs using 125.8% CPU
Identifying sites to remove: done in 0.000225708 secs using 6257% CPU
Identifying sites to remove: done in 0.000267118 secs using 5123% CPU
Identifying sites to remove: done in 0.000303902 secs using 1637% CPU
Identifying sites to remove: done in 0.000333346 secs using 2678% CPU
Identifying sites to remove: done in 0.000339769 secs using 4212% CPU
Identifying sites to remove: done in 0.000342116 secs using 4560% CPU
Identifying sites to remove: done in 0.000411466 secs using 2018% CPU
Identifying sites to remove: done in 0.00041344 secs using 3306% CPU
Identifying sites to remove: done in 0.000433289 secs using 2720% CPU
Identifying sites to remove: done in 0.000459664 secs using 3255% CPU
Identifying sites to remove: done in 0.000457756 secs using 1816% CPU
Identifying sites to remove: done in 0.000477947 secs using 2061% CPU
Identifying sites to remove: done in 0.000481158 secs using 2899% CPU
Identifying sites to remove: done in 0.00047791 secs using 2485% CPU
Identifying sites to remove: done in 0.000496358 secs using 1578% CPU
Identifying sites to remove: done in 0.000536308 secs using 1233% CPU
Identifying sites to remove: done in 0.000544377 secs using 2089% CPU
Identifying sites to remove: done in 0.00059177 secs using 2307% CPU
Identifying sites to remove: done in 0.000200763 secs using 195.8% CPU
Identifying sites to remove: done in 0.000306994 secs using 258.6% CPU
Identifying sites to remove: done in 0.000287868 secs using 99.7% CPU
Identifying sites to remove: done in 0.000218101 secs using 1226% CPU
Identifying sites to remove: done in 0.000162959 secs using 116.6% CPU
Identifying sites to remove: done in 0.000226952 secs using 99.14% CPU
Identifying sites to remove: done in 0.000391573 secs using 4.365e+04% CPU
Identifying sites to remove: done in 0.000231348 secs using 472.9% CPU
Identifying sites to remove: done in 0.000387095 secs using 338.7% CPU
Identifying sites to remove: done in 0.000375688 secs using 315.4% CPU
Identifying sites to remove: done in 0.000283264 secs using 99.55% CPU
Identifying sites to remove: done in 0.000302657 secs using 1058% CPU
Identifying sites to remove: done in 0.000323534 secs using 213% CPU
Identifying sites to remove: done in 0.000355162 secs using 1117% CPU
Identifying sites to remove: done in 0.000197157 secs using 120.7% CPU
Identifying sites to remove: done in 0.000172876 secs using 422.3% CPU
Identifying sites to remove: done in 0.000165395 secs using 293.8% CPU
Identifying sites to remove: done in 0.000241064 secs using 1251% CPU
Identifying sites to remove: done in 0.000337698 secs using 1990% CPU
Identifying sites to remove: done in 0.000289679 secs using 299.6% CPU
Identifying sites to remove: done in 0.000319399 secs using 1218% CPU
Identifying sites to remove: done in 0.000346549 secs using 1068% CPU
Identifying sites to remove: done in 0.000355095 secs using 196.6% CPU
Identifying sites to remove: done in 0.000394307 secs using 4.182e+04% CPU
Identifying sites to remove: done in 0.000184879 secs using 99.52% CPU
Identifying sites to remove: done in 0.000267155 secs using 99.57% CPU
Identifying sites to remove: done in 0.000294529 secs using 949.7% CPU
Identifying sites to remove: done in 0.000290379 secs using 124.3% CPU
Identifying sites to remove: done in 0.00027515 secs using 99.22% CPU
Identifying sites to remove: done in 0.00018464 secs using 99.11% CPU
Identifying sites to remove: done in 0.000434756 secs using 4.048e+04% CPU
Identifying sites to remove: done in 0.000549272 secs using 3.138e+04% CPU
Identifying sites to remove: done in 0.000213571 secs using 99.26% CPU
Identifying sites to remove: done in 0.000142403 secs using 3810% CPU
Identifying sites to remove: done in 0.000196174 secs using 1500% CPU
Identifying sites to remove: done in 0.00039839 secs using 99.65% CPU
Identifying sites to remove: done in 0.00014466 secs using 3126% CPU
Identifying sites to remove: done in 0.000170641 secs using 2530% CPU
Identifying sites to remove: done in 0.000188105 secs using 1883% CPU
Identifying sites to remove: done in 0.000192061 secs using 1994% CPU
Identifying sites to remove: done in 0.000198528 secs using 2499% CPU
Identifying sites to remove: done in 0.000198163 secs using 2219% CPU
Identifying sites to remove: done in 0.000190876 secs using 2304% CPU
Identifying sites to remove: done in 0.000238918 secs using 1381% CPU
Identifying sites to remove: done in 0.000239491 secs using 1917% CPU
Identifying sites to remove: done in 0.000324331 secs using 946.6% CPU
Identifying sites to remove: done in 0.000253685 secs using 1457% CPU
Identifying sites to remove: done in 0.000350125 secs using 980.5% CPU
Identifying sites to remove: done in 0.000235178 secs using 1624% CPU
Identifying sites to remove: done in 0.000197195 secs using 2677% CPU
Identifying sites to remove: done in 0.000196129 secs using 2579% CPU
Identifying sites to remove: done in 0.000236705 secs using 1544% CPU
Identifying sites to remove: done in 0.000425965 secs using 853.1% CPU
Identifying sites to remove: done in 0.00011123 secs using 407.3% CPU
Identifying sites to remove: done in 0.000141226 secs using 470.2% CPU
Identifying sites to remove: done in 6.29425e-05 secs using 174.8% CPU
Identifying sites to remove: done in 0.000114858 secs using 808.8% CPU
Identifying sites to remove: done in 8.48323e-05 secs using 1471% CPU
Identifying sites to remove: done in 0.000124805 secs using 1125% CPU
Identifying sites to remove: done in 7.92667e-05 secs using 121.1% CPU
Identifying sites to remove: done in 0.000103794 secs using 98.27% CPU
Identifying sites to remove: done in 0.00011643 secs using 3261% CPU
Identifying sites to remove: done in 8.22768e-05 secs using 295.3% CPU
Identifying sites to remove: done in 0.000140823 secs using 2371% CPU
Identifying sites to remove: done in 0.000117153 secs using 1870% CPU
Identifying sites to remove: done in 0.000105076 secs using 725.2% CPU
Identifying sites to remove: done in 7.98628e-05 secs using 2881% CPU
Identifying sites to remove: done in 0.000107951 secs using 3967% CPU
Identifying sites to remove: done in 7.15926e-05 secs using 257% CPU
Identifying sites to remove: done in 0.000112846 secs using 1788% CPU
Identifying sites to remove: done in 0.000102967 secs using 3463% CPU
Identifying sites to remove: done in 0.000119582 secs using 2195% CPU
Identifying sites to remove: done in 0.000108153 secs using 297.7% CPU
Identifying sites to remove: done in 0.000128858 secs using 99.33% CPU
Identifying sites to remove: done in 0.000119306 secs using 98.91% CPU
Identifying sites to remove: done in 7.5534e-05 secs using 8583% CPU
Identifying sites to remove: done in 8.93623e-05 secs using 3781% CPU
Identifying sites to remove: done in 0.000105724 secs using 189.2% CPU
Identifying sites to remove: done in 0.000119857 secs using 99.28% CPU
Identifying sites to remove: done in 7.03633e-05 secs using 98.06% CPU
Identifying sites to remove: done in 0.000109345 secs using 150% CPU
Identifying sites to remove: done in 0.000147156 secs using 2476% CPU
Identifying sites to remove: done in 7.82236e-05 secs using 98.44% CPU
Identifying sites to remove: done in 8.6464e-05 secs using 98.31% CPU
Identifying sites to remove: done in 0.000114955 secs using 99.17% CPU
Identifying sites to remove: done in 5.2765e-05 secs using 96.65% CPU
Identifying sites to remove: done in 0.00014247 secs using 6222% CPU
Identifying sites to remove: done in 0.000161462 secs using 1.198e+04% CPU
Identifying sites to remove: done in 0.000182413 secs using 1.629e+04% CPU
Identifying sites to remove: done in 0.000185594 secs using 6480% CPU
Identifying sites to remove: done in 0.000184625 secs using 9264% CPU
Identifying sites to remove: done in 0.000204794 secs using 876.5% CPU
Identifying sites to remove: done in 0.000183605 secs using 1.207e+04% CPU
Identifying sites to remove: done in 0.000233397 secs using 1.192e+04% CPU
Identifying sites to remove: done in 0.000183351 secs using 1.484e+04% CPU
Identifying sites to remove: done in 0.00022807 secs using 3172% CPU
Identifying sites to remove: done in 0.000227869 secs using 7649% CPU
Identifying sites to remove: done in 0.000230804 secs using 4277% CPU
Identifying sites to remove: done in 0.000208735 secs using 226.6% CPU
Identifying sites to remove: done in 8.65832e-05 secs using 628.3% CPU
Identifying sites to remove: done in 0.000110909 secs using 155.1% CPU
Identifying sites to remove: done in 0.000157662 secs using 2374% CPU
Identifying sites to remove: done in 0.000144072 secs using 778.1% CPU
Identifying sites to remove: done in 0.00017453 secs using 125.5% CPU
Identifying sites to remove: done in 0.000158824 secs using 9.188e+04% CPU
Identifying sites to remove: done in 0.000106476 secs using 408.5% CPU
Identifying sites to remove: done in 0.000195988 secs using 7.418e+04% CPU
Identifying sites to remove: done in 0.000168636 secs using 419.2% CPU
Identifying sites to remove: done in 0.000190981 secs using 487.5% CPU
Identifying sites to remove: done in 0.000154249 secs using 710.5% CPU
Identifying sites to remove: done in 0.000100397 secs using 642.5% CPU
Identifying sites to remove: done in 0.000103317 secs using 966.9% CPU
Identifying sites to remove: done in 0.000148684 secs using 901.2% CPU
Identifying sites to remove: done in 0.000158459 secs using 498.6% CPU
Identifying sites to remove: done in 0.000158526 secs using 213.8% CPU
Identifying sites to remove: done in 0.000131406 secs using 1043% CPU
Identifying sites to remove: done in 0.000104964 secs using 1415% CPU
Identifying sites to remove: done in 0.000171818 secs using 127.5% CPU
Identifying sites to remove: done in 8.85576e-05 secs using 97.11% CPU
Identifying sites to remove: done in 0.00016728 secs using 2167% CPU
Identifying sites to remove: done in 0.000179529 secs using 260.1% CPU
Identifying sites to remove: done in 0.000236757 secs using 917% CPU
Identifying sites to remove: done in 9.63882e-05 secs using 98.56% CPU
Identifying sites to remove: done in 8.04812e-05 secs using 3217% CPU
Identifying sites to remove: done in 0.000145242 secs using 631.4% CPU
Identifying sites to remove: done in 0.000403211 secs using 126.5% CPU
Identifying sites to remove: done in 0.00188226 secs using 2082% CPU
Identifying sites to remove: done in 0.00216585 secs using 2351% CPU
Identifying sites to remove: done in 0.00225817 secs using 2310% CPU
Identifying sites to remove: done in 0.00278749 secs using 1929% CPU
Identifying sites to remove: done in 0.00289994 secs using 2134% CPU
Identifying sites to remove: done in 0.00292391 secs using 2065% CPU
Identifying sites to remove: done in 0.00296378 secs using 2108% CPU
Identifying sites to remove: done in 0.00298727 secs using 1849% CPU
Identifying sites to remove: done in 0.00300965 secs using 1861% CPU
Identifying sites to remove: done in 0.00303311 secs using 2068% CPU
Identifying sites to remove: done in 0.00312942 secs using 1953% CPU
Identifying sites to remove: done in 0.00315249 secs using 1965% CPU
Identifying sites to remove: done in 0.0032008 secs using 1896% CPU
Identifying sites to remove: done in 0.00366977 secs using 4954% CPU
Identifying sites to remove: done in 0.00367612 secs using 4931% CPU
Identifying sites to remove: done in 0.00374919 secs using 4892% CPU
Identifying sites to remove: done in 0.00383894 secs using 4853% CPU
Identifying sites to remove: done in 0.00388693 secs using 4773% CPU
Identifying sites to remove: done in 0.00392936 secs using 4611% CPU
Identifying sites to remove: done in 0.00171571 secs using 290.7% CPU
Identifying sites to remove: done in 0.00294624 secs using 273.4% CPU
Identifying sites to remove: done in 0.00191855 secs using 173.4% CPU
Identifying sites to remove: done in 0.00195531 secs using 267.4% CPU
Identifying sites to remove: done in 0.0016817 secs using 164.1% CPU
Identifying sites to remove: done in 0.0021649 secs using 463.9% CPU
Identifying sites to remove: done in 0.00183612 secs using 1.007e+04% CPU
Identifying sites to remove: done in 0.00380429 secs using 5151% CPU
Identifying sites to remove: done in 0.003963 secs using 4972% CPU
Identifying sites to remove: done in 0.0039644 secs using 4836% CPU
Identifying sites to remove: done in 0.00318194 secs using 5824% CPU
Identifying sites to remove: done in 0.00301747 secs using 322.5% CPU
Identifying sites to remove: done in 0.00368468 secs using 5121% CPU
Identifying sites to remove: done in 0.00380129 secs using 5020% CPU
Identifying sites to remove: done in 0.00181783 secs using 627.5% CPU
Identifying sites to remove: done in 0.0018533 secs using 559.4% CPU
Identifying sites to remove: done in 0.00244926 secs using 7693% CPU
Identifying sites to remove: done in 0.00163928 secs using 302.3% CPU
Identifying sites to remove: done in 0.00353788 secs using 5343% CPU
Identifying sites to remove: done in 0.00357764 secs using 222.2% CPU
Identifying sites to remove: done in 0.00286742 secs using 417.2% CPU
Identifying sites to remove: done in 0.00310857 secs using 6101% CPU
Identifying sites to remove: done in 0.00371393 secs using 5181% CPU
Identifying sites to remove: done in 0.00371576 secs using 5108% CPU
Identifying sites to remove: done in 0.00379746 secs using 4906% CPU
Identifying sites to remove: done in 0.00371511 secs using 4948% CPU
Identifying sites to remove: done in 0.00168631 secs using 136.1% CPU
Identifying sites to remove: done in 0.0036071 secs using 5132% CPU
Identifying sites to remove: done in 0.00194617 secs using 361.8% CPU
Identifying sites to remove: done in 0.00281832 secs using 333.3% CPU
Identifying sites to remove: done in 0.00308563 secs using 409.4% CPU
Identifying sites to remove: done in 0.0026707 secs using 6086% CPU
Identifying sites to remove: done in 0.00158691 secs using 9802% CPU
Identifying sites to remove: done in 0.00345994 secs using 4424% CPU
Identifying sites to remove: done in 0.00372938 secs using 4101% CPU
Identifying sites to remove: done in 0.00172426 secs using 8354% CPU
Identifying sites to remove: done in 0.00180333 secs using 8069% CPU
Identifying sites to remove: done in 0.00111251 secs using 440.6% CPU
Identifying sites to remove: done in 0.0024912 secs using 632.1% CPU
Identifying sites to remove: done in 0.000479475 secs using 1616% CPU
Identifying sites to remove: done in 0.000477538 secs using 1612% CPU
Identifying sites to remove: done in 0.000533164 secs using 1524% CPU
Identifying sites to remove: done in 0.000585228 secs using 1447% CPU
Identifying sites to remove: done in 0.000689499 secs using 1591% CPU
Identifying sites to remove: done in 0.000751734 secs using 1441% CPU
Identifying sites to remove: done in 0.000704691 secs using 1472% CPU
Identifying sites to remove: done in 0.000781156 secs using 1449% CPU
Identifying sites to remove: done in 0.000828996 secs using 1505% CPU
Identifying sites to remove: done in 0.000850581 secs using 1492% CPU
Identifying sites to remove: done in 0.000837535 secs using 1490% CPU
Identifying sites to remove: done in 0.000894867 secs using 1469% CPU
Identifying sites to remove: done in 0.000887901 secs using 1427% CPU
Identifying sites to remove: done in 0.00090678 secs using 1388% CPU
Identifying sites to remove: done in 0.000979677 secs using 1431% CPU
Identifying sites to remove: done in 0.00111189 secs using 1374% CPU
Identifying sites to remove: done in 0.00101471 secs using 1352% CPU
Identifying sites to remove: done in 0.00104667 secs using 1357% CPU
Identifying sites to remove: done in 0.000306502 secs using 180.1% CPU
Identifying sites to remove: done in 0.000364214 secs using 207.8% CPU
Identifying sites to remove: done in 0.000460207 secs using 294% CPU
Identifying sites to remove: done in 0.000173025 secs using 99.41% CPU
Identifying sites to remove: done in 0.000346527 secs using 3.057e+04% CPU
Identifying sites to remove: done in 0.000365697 secs using 99.26% CPU
Identifying sites to remove: done in 0.000232212 secs using 1036% CPU
Identifying sites to remove: done in 0.000365026 secs using 1543% CPU
Identifying sites to remove: done in 0.000326134 secs using 317% CPU
Identifying sites to remove: done in 0.000480838 secs using 924.6% CPU
Identifying sites to remove: done in 0.000348516 secs using 755.8% CPU
Identifying sites to remove: done in 0.000418127 secs using 748.1% CPU
Identifying sites to remove: done in 0.000224233 secs using 534.7% CPU
Identifying sites to remove: done in 0.000452459 secs using 878.5% CPU
Identifying sites to remove: done in 0.000277452 secs using 1490% CPU
Identifying sites to remove: done in 0.000214338 secs using 1765% CPU
Identifying sites to remove: done in 0.000353806 secs using 2140% CPU
Identifying sites to remove: done in 0.000248827 secs using 1632% CPU
Identifying sites to remove: done in 0.000408433 secs using 1181% CPU
Identifying sites to remove: done in 0.000340573 secs using 4.728e+04% CPU
Identifying sites to remove: done in 0.000423923 secs using 3.712e+04% CPU
Identifying sites to remove: done in 0.00046356 secs using 3.482e+04% CPU
Identifying sites to remove: done in 0.000342831 secs using 381.8% CPU
Identifying sites to remove: done in 0.000302345 secs using 102.2% CPU
Identifying sites to remove: done in 0.000374235 secs using 99.14% CPU
Identifying sites to remove: done in 0.000185169 secs using 98.83% CPU
Identifying sites to remove: done in 0.000308879 secs using 198.5% CPU
Identifying sites to remove: done in 0.000384383 secs using 713.6% CPU
Identifying sites to remove: done in 0.000304259 secs using 991.3% CPU
Identifying sites to remove: done in 0.000442572 secs using 146.4% CPU
Identifying sites to remove: done in 0.000274934 secs using 189.5% CPU
Identifying sites to remove: done in 0.000344239 secs using 2002% CPU
Identifying sites to remove: done in 0.000387207 secs using 99.69% CPU
Identifying sites to remove: done in 0.000205152 secs using 98.95% CPU
Identifying sites to remove: done in 0.00041081 secs using 486.6% CPU
Identifying sites to remove: done in 0.000243917 secs using 986.8% CPU
Identifying sites to remove: done in 0.000151508 secs using 2085% CPU
Identifying sites to remove: done in 0.000224955 secs using 153.8% CPU
Identifying sites to remove: done in 0.000767328 secs using 2.332e+04% CPU
Identifying sites to remove: done in 0.000867613 secs using 2.162e+04% CPU
Identifying sites to remove: done in 0.000926711 secs using 1.495e+04% CPU
Identifying sites to remove: done in 0.00108967 secs using 1.771e+04% CPU
Identifying sites to remove: done in 0.00108846 secs using 1.663e+04% CPU
Identifying sites to remove: done in 0.00115442 secs using 1.261e+04% CPU
Identifying sites to remove: done in 0.00119283 secs using 1.587e+04% CPU
Identifying sites to remove: done in 0.00122142 secs using 1.212e+04% CPU
Identifying sites to remove: done in 0.00122683 secs using 1.236e+04% CPU
Identifying sites to remove: done in 0.00127678 secs using 1.328e+04% CPU
Identifying sites to remove: done in 0.0012533 secs using 1.129e+04% CPU
Identifying sites to remove: done in 0.00127852 secs using 1.272e+04% CPU
Identifying sites to remove: done in 0.00135478 secs using 1.076e+04% CPU
Identifying sites to remove: done in 0.00143262 secs using 1.094e+04% CPU
Identifying sites to remove: done in 0.0014395 secs using 1.21e+04% CPU
Identifying sites to remove: done in 0.00143661 secs using 1.115e+04% CPU
Identifying sites to remove: done in 0.00149605 secs using 1.212e+04% CPU
Identifying sites to remove: done in 0.00149822 secs using 1.187e+04% CPU
Identifying sites to remove: done in 0.00149801 secs using 1.118e+04% CPU
Identifying sites to remove: done in 0.000687763 secs using 318% CPU
Identifying sites to remove: done in 0.00118709 secs using 283.1% CPU
Identifying sites to remove: done in 0.000895336 secs using 148% CPU
Identifying sites to remove: done in 0.000930637 secs using 1.957e+04% CPU
Identifying sites to remove: done in 0.000573196 secs using 161.6% CPU
Identifying sites to remove: done in 0.000850111 secs using 2.187e+04% CPU
Identifying sites to remove: done in 0.000736371 secs using 2.472e+04% CPU
Identifying sites to remove: done in 0.00136843 secs using 1.394e+04% CPU
Identifying sites to remove: done in 0.00136428 secs using 237.6% CPU
Identifying sites to remove: done in 0.00106801 secs using 336.7% CPU
Identifying sites to remove: done in 0.00123112 secs using 182.3% CPU
Identifying sites to remove: done in 0.00116905 secs using 1.608e+04% CPU
Identifying sites to remove: done in 0.00137465 secs using 1.399e+04% CPU
Identifying sites to remove: done in 0.00140176 secs using 553.9% CPU
Identifying sites to remove: done in 0.000778548 secs using 846.6% CPU
Identifying sites to remove: done in 0.000809148 secs using 628.4% CPU
Identifying sites to remove: done in 0.000900686 secs using 521.8% CPU
Identifying sites to remove: done in 0.000654705 secs using 394.8% CPU
Identifying sites to remove: done in 0.00124884 secs using 344.9% CPU
Identifying sites to remove: done in 0.00127371 secs using 192.4% CPU
Identifying sites to remove: done in 0.00135308 secs using 1.339e+04% CPU
Identifying sites to remove: done in 0.00116451 secs using 436.7% CPU
Identifying sites to remove: done in 0.00112413 secs using 408.2% CPU
Identifying sites to remove: done in 0.00135624 secs using 391.2% CPU
Identifying sites to remove: done in 0.0012901 secs using 569.5% CPU
Identifying sites to remove: done in 0.00132816 secs using 1.355e+04% CPU
Identifying sites to remove: done in 0.000646845 secs using 374.9% CPU
Identifying sites to remove: done in 0.00131042 secs using 334.9% CPU
Identifying sites to remove: done in 0.000955693 secs using 300.8% CPU
Identifying sites to remove: done in 0.00117642 secs using 369.2% CPU
Identifying sites to remove: done in 0.000768036 secs using 848.4% CPU
Identifying sites to remove: done in 0.00105167 secs using 393.4% CPU
Identifying sites to remove: done in 0.000628524 secs using 99.44% CPU
Identifying sites to remove: done in 0.00151268 secs using 741.4% CPU
Identifying sites to remove: done in 0.00132604 secs using 534.7% CPU
Identifying sites to remove: done in 0.000579588 secs using 99.55% CPU
Identifying sites to remove: done in 0.00068403 secs using 560.5% CPU
Identifying sites to remove: done in 0.000463642 secs using 591% CPU
Identifying sites to remove: done in 0.0010976 secs using 428.5% CPU
Identifying sites to remove: done in 0.000636779 secs using 2.744e+04% CPU
Identifying sites to remove: done in 0.000784941 secs using 2.316e+04% CPU
Identifying sites to remove: done in 0.000768334 secs using 1.723e+04% CPU
Identifying sites to remove: done in 0.00087861 secs using 1.485e+04% CPU
Identifying sites to remove: done in 0.000958554 secs using 1.483e+04% CPU
Identifying sites to remove: done in 0.000976987 secs using 1.96e+04% CPU
Identifying sites to remove: done in 0.00103677 secs using 1.45e+04% CPU
Identifying sites to remove: done in 0.00105086 secs using 1.601e+04% CPU
Identifying sites to remove: done in 0.00107519 secs using 1.6e+04% CPU
Identifying sites to remove: done in 0.00112745 secs using 1.407e+04% CPU
Identifying sites to remove: done in 0.00113302 secs using 1.431e+04% CPU
Identifying sites to remove: done in 0.00117107 secs using 1.328e+04% CPU
Identifying sites to remove: done in 0.00120532 secs using 1.584e+04% CPU
Identifying sites to remove: done in 0.00119209 secs using 1.247e+04% CPU
Identifying sites to remove: done in 0.00125401 secs using 1.468e+04% CPU
Identifying sites to remove: done in 0.0012457 secs using 1.337e+04% CPU
Identifying sites to remove: done in 0.00126868 secs using 1.034e+04% CPU
Identifying sites to remove: done in 0.00133127 secs using 1.337e+04% CPU
Identifying sites to remove: done in 0.0014983 secs using 9599% CPU
Identifying sites to remove: done in 0.000519916 secs using 365.4% CPU
Identifying sites to remove: done in 0.000900686 secs using 268.9% CPU
Identifying sites to remove: done in 0.000663303 secs using 112.6% CPU
Identifying sites to remove: done in 0.000602908 secs using 99.52% CPU
Identifying sites to remove: done in 0.000378758 secs using 4.76e+04% CPU
Identifying sites to remove: done in 0.000539206 secs using 1697% CPU
Identifying sites to remove: done in 0.000440009 secs using 323.2% CPU
Identifying sites to remove: done in 0.000952989 secs using 833.5% CPU
Identifying sites to remove: done in 0.000919536 secs using 533% CPU
Identifying sites to remove: done in 0.00087028 secs using 2.165e+04% CPU
Identifying sites to remove: done in 0.000725463 secs using 295.8% CPU
Identifying sites to remove: done in 0.000704154 secs using 220% CPU
Identifying sites to remove: done in 0.00039722 secs using 204.4% CPU
Identifying sites to remove: done in 0.000963293 secs using 504.1% CPU
Identifying sites to remove: done in 0.000364363 secs using 891.7% CPU
Identifying sites to remove: done in 0.000937335 secs using 522.9% CPU
Identifying sites to remove: done in 0.000938065 secs using 533.4% CPU
Identifying sites to remove: done in 0.000577912 secs using 773.1% CPU
Identifying sites to remove: done in 0.000470705 secs using 3.71e+04% CPU
Identifying sites to remove: done in 0.000742711 secs using 319.8% CPU
Identifying sites to remove: done in 0.000911884 secs using 463.8% CPU
Identifying sites to remove: done in 0.000923946 secs using 398.3% CPU
Identifying sites to remove: done in 0.000891201 secs using 641.4% CPU
Identifying sites to remove: done in 0.000793189 secs using 468% CPU
Identifying sites to remove: done in 0.000975125 secs using 185% CPU
Identifying sites to remove: done in 0.000394702 secs using 99.06% CPU
Identifying sites to remove: done in 0.000961974 secs using 1.847e+04% CPU
Identifying sites to remove: done in 0.000930667 secs using 99.71% CPU
Identifying sites to remove: done in 0.000846684 secs using 2.154e+04% CPU
Identifying sites to remove: done in 0.000525527 secs using 275.5% CPU
Identifying sites to remove: done in 0.000649959 secs using 121.4% CPU
Identifying sites to remove: done in 0.000685722 secs using 472.5% CPU
Identifying sites to remove: done in 0.00113422 secs using 653.5% CPU
Identifying sites to remove: done in 0.000422291 secs using 336% CPU
Identifying sites to remove: done in 0.000997297 secs using 1.655e+04% CPU
Identifying sites to remove: done in 0.000510812 secs using 815% CPU
Identifying sites to remove: done in 0.000488997 secs using 926.2% CPU
Identifying sites to remove: done in 0.000834733 secs using 317.3% CPU
Identifying sites to remove: done in 0.000285856 secs using 99% CPU
Identifying sites to remove: done in 0.00121061 secs using 2188% CPU
Identifying sites to remove: done in 0.00129683 secs using 1930% CPU
Identifying sites to remove: done in 0.00158038 secs using 2489% CPU
Identifying sites to remove: done in 0.00181575 secs using 1820% CPU
Identifying sites to remove: done in 0.00191068 secs using 2066% CPU
Identifying sites to remove: done in 0.00191875 secs using 2200% CPU
Identifying sites to remove: done in 0.00201583 secs using 1920% CPU
Identifying sites to remove: done in 0.00204064 secs using 1740% CPU
Identifying sites to remove: done in 0.00207493 secs using 2215% CPU
Identifying sites to remove: done in 0.00209021 secs using 2053% CPU
Identifying sites to remove: done in 0.00206505 secs using 2001% CPU
Identifying sites to remove: done in 0.00212967 secs using 1894% CPU
Identifying sites to remove: done in 0.00214069 secs using 2077% CPU
Identifying sites to remove: done in 0.00227129 secs using 1702% CPU
Identifying sites to remove: done in 0.00238085 secs using 2137% CPU
Identifying sites to remove: done in 0.00245275 secs using 1987% CPU
Identifying sites to remove: done in 0.00248024 secs using 1893% CPU
Identifying sites to remove: done in 0.00259426 secs using 1948% CPU
Identifying sites to remove: done in 0.00266341 secs using 1657% CPU
Identifying sites to remove: done in 0.000983201 secs using 429% CPU
Identifying sites to remove: done in 0.00184304 secs using 7840% CPU
Identifying sites to remove: done in 0.00137749 secs using 151.4% CPU
Identifying sites to remove: done in 0.00116414 secs using 1.684e+04% CPU
Identifying sites to remove: done in 0.0010611 secs using 99.52% CPU
Identifying sites to remove: done in 0.00131091 secs using 99.7% CPU
Identifying sites to remove: done in 0.00103437 secs using 447.3% CPU
Identifying sites to remove: done in 0.00215165 secs using 545.6% CPU
Identifying sites to remove: done in 0.00224452 secs using 400.4% CPU
Identifying sites to remove: done in 0.00212406 secs using 8517% CPU
Identifying sites to remove: done in 0.00177752 secs using 99.52% CPU
Identifying sites to remove: done in 0.00178494 secs using 99.56% CPU
Identifying sites to remove: done in 0.00216119 secs using 9131% CPU
Identifying sites to remove: done in 0.00102052 secs using 473% CPU
Identifying sites to remove: done in 0.00104686 secs using 375.8% CPU
Identifying sites to remove: done in 0.00223304 secs using 442.6% CPU
Identifying sites to remove: done in 0.000900172 secs using 389% CPU
Identifying sites to remove: done in 0.00148942 secs using 1.22e+04% CPU
Identifying sites to remove: done in 0.00211771 secs using 8564% CPU
Identifying sites to remove: done in 0.00205637 secs using 8544% CPU
Identifying sites to remove: done in 0.00166808 secs using 99.88% CPU
Identifying sites to remove: done in 0.00212152 secs using 8762% CPU
Identifying sites to remove: done in 0.00187735 secs using 9590% CPU
Identifying sites to remove: done in 0.00216344 secs using 8525% CPU
Identifying sites to remove: done in 0.00211388 secs using 230.7% CPU
Identifying sites to remove: done in 0.0020924 secs using 99.89% CPU
Identifying sites to remove: done in 0.000954129 secs using 99.46% CPU
Identifying sites to remove: done in 0.00211322 secs using 8484% CPU
Identifying sites to remove: done in 0.00120003 secs using 99.75% CPU
Identifying sites to remove: done in 0.00173128 secs using 9974% CPU
Identifying sites to remove: done in 0.0016707 secs using 137.3% CPU
Identifying sites to remove: done in 0.00163899 secs using 9668% CPU
Identifying sites to remove: done in 0.000944026 secs using 657.5% CPU
Identifying sites to remove: done in 0.00226459 secs using 6967% CPU
Identifying sites to remove: done in 0.00282025 secs using 5537% CPU
Identifying sites to remove: done in 0.0011006 secs using 275.7% CPU
Identifying sites to remove: done in 0.000980593 secs using 161.9% CPU
Identifying sites to remove: done in 0.0012868 secs using 8330% CPU
Identifying sites to remove: done in 0.000632212 secs using 98.86% CPU
Identifying sites to remove: done in 0.000464484 secs using 1637% CPU
Identifying sites to remove: done in 0.000619777 secs using 1468% CPU
Identifying sites to remove: done in 0.000577964 secs using 1499% CPU
Identifying sites to remove: done in 0.000809051 secs using 1410% CPU
Identifying sites to remove: done in 0.000833236 secs using 1484% CPU
Identifying sites to remove: done in 0.000888154 secs using 1502% CPU
Identifying sites to remove: done in 0.000932485 secs using 1432% CPU
Identifying sites to remove: done in 0.000959598 secs using 1485% CPU
Identifying sites to remove: done in 0.000984341 secs using 1466% CPU
Identifying sites to remove: done in 0.000962272 secs using 1481% CPU
Identifying sites to remove: done in 0.000969477 secs using 1469% CPU
Identifying sites to remove: done in 0.00109257 secs using 1411% CPU
Identifying sites to remove: done in 0.00108363 secs using 1421% CPU
Identifying sites to remove: done in 0.00113939 secs using 1403% CPU
Identifying sites to remove: done in 0.00108811 secs using 1339% CPU
Identifying sites to remove: done in 0.00119121 secs using 1333% CPU
Identifying sites to remove: done in 0.00123025 secs using 1305% CPU
Identifying sites to remove: done in 0.000431485 secs using 383.1% CPU
Identifying sites to remove: done in 0.000775792 secs using 149.7% CPU
Identifying sites to remove: done in 0.000535436 secs using 99.73% CPU
Identifying sites to remove: done in 0.000365354 secs using 99.63% CPU
Identifying sites to remove: done in 0.00053174 secs using 99.3% CPU
Identifying sites to remove: done in 0.000271268 secs using 98.8% CPU
Identifying sites to remove: done in 0.00055749 secs using 200.5% CPU
Identifying sites to remove: done in 0.000642762 secs using 319.7% CPU
Identifying sites to remove: done in 0.000662193 secs using 503.8% CPU
Identifying sites to remove: done in 0.000438124 secs using 287.8% CPU
Identifying sites to remove: done in 0.000661761 secs using 381.1% CPU
Identifying sites to remove: done in 0.000360981 secs using 783.7% CPU
Identifying sites to remove: done in 0.000381961 secs using 837.8% CPU
Identifying sites to remove: done in 0.000382073 secs using 679.7% CPU
Identifying sites to remove: done in 0.00033842 secs using 251.8% CPU
Identifying sites to remove: done in 0.000637971 secs using 801.1% CPU
Identifying sites to remove: done in 0.000604481 secs using 269% CPU
Identifying sites to remove: done in 0.000672966 secs using 2.67e+04% CPU
Identifying sites to remove: done in 0.000644274 secs using 105.2% CPU
Identifying sites to remove: done in 0.000578582 secs using 384.6% CPU
Identifying sites to remove: done in 0.000679709 secs using 447.5% CPU
Identifying sites to remove: done in 0.000671312 secs using 543% CPU
Identifying sites to remove: done in 0.000443853 secs using 143.1% CPU
Identifying sites to remove: done in 0.000642635 secs using 99.75% CPU
Identifying sites to remove: done in 0.000466354 secs using 99.5% CPU
Identifying sites to remove: done in 0.000652954 secs using 99.55% CPU
Identifying sites to remove: done in 0.000406235 secs using 212.7% CPU
Identifying sites to remove: done in 0.000557117 secs using 784.4% CPU
Identifying sites to remove: done in 0.00100672 secs using 99.53% CPU
Identifying sites to remove: done in 0.000687607 secs using 405.8% CPU
Identifying sites to remove: done in 0.000411585 secs using 153.1% CPU
Identifying sites to remove: done in 0.000510149 secs using 644.5% CPU
Identifying sites to remove: done in 0.00044816 secs using 211.5% CPU
Identifying sites to remove: done in 0.000943303 secs using 534.2% CPU
Identifying sites to remove: done in 0.000276364 secs using 2818% CPU
Identifying sites to remove: done in 0.000169709 secs using 1.911e+04% CPU
Identifying sites to remove: done in 0.000224613 secs using 5249% CPU
Identifying sites to remove: done in 0.000248328 secs using 1.213e+04% CPU
Identifying sites to remove: done in 0.000224665 secs using 7829% CPU
Identifying sites to remove: done in 0.000246674 secs using 1.149e+04% CPU
Identifying sites to remove: done in 0.000230335 secs using 1.354e+04% CPU
Identifying sites to remove: done in 0.00023827 secs using 1.085e+04% CPU
Identifying sites to remove: done in 0.000240028 secs using 9215% CPU
Identifying sites to remove: done in 0.000245616 secs using 1.448e+04% CPU
Identifying sites to remove: done in 0.000231251 secs using 1846% CPU
Identifying sites to remove: done in 0.000246592 secs using 1.523e+04% CPU
Identifying sites to remove: done in 0.000230812 secs using 8578% CPU
Identifying sites to remove: done in 0.000234045 secs using 1.015e+04% CPU
Identifying sites to remove: done in 0.000393599 secs using 1861% CPU
Identifying sites to remove: done in 0.0003547 secs using 4786% CPU
Identifying sites to remove: done in 0.000554711 secs using 2883% CPU
Identifying sites to remove: done in 0.000557423 secs using 1874% CPU
Identifying sites to remove: done in 0.000535086 secs using 907.9% CPU
Identifying sites to remove: done in 0.000599578 secs using 2198% CPU
Identifying sites to remove: done in 0.000148125 secs using 1128% CPU
Identifying sites to remove: done in 0.000117794 secs using 326.8% CPU
Identifying sites to remove: done in 7.44015e-05 secs using 173.4% CPU
Identifying sites to remove: done in 0.000141464 secs using 2262% CPU
Identifying sites to remove: done in 9.79826e-05 secs using 166.4% CPU
Identifying sites to remove: done in 5.59986e-05 secs using 5941% CPU
Identifying sites to remove: done in 0.000101991 secs using 116.7% CPU
Identifying sites to remove: done in 0.000101872 secs using 1597% CPU
Identifying sites to remove: done in 6.80983e-05 secs using 190.9% CPU
Identifying sites to remove: done in 0.000120811 secs using 3239% CPU
Identifying sites to remove: done in 6.9432e-05 secs using 8369% CPU
Identifying sites to remove: done in 7.68676e-05 secs using 258.9% CPU
Identifying sites to remove: done in 0.000146292 secs using 8.911e+04% CPU
Identifying sites to remove: done in 0.000124142 secs using 380.2% CPU
Identifying sites to remove: done in 0.000102662 secs using 396.4% CPU
Identifying sites to remove: done in 0.000105359 secs using 988.1% CPU
Identifying sites to remove: done in 0.000127435 secs using 700.8% CPU
Identifying sites to remove: done in 0.000106581 secs using 581.7% CPU
Identifying sites to remove: done in 0.000120744 secs using 328% CPU
Identifying sites to remove: done in 6.33523e-05 secs using 96.29% CPU
Identifying sites to remove: done in 0.000110164 secs using 97.13% CPU
Identifying sites to remove: done in 0.000112399 secs using 850.5% CPU
Identifying sites to remove: done in 0.00012023 secs using 142.2% CPU
Identifying sites to remove: done in 0.000101611 secs using 97.43% CPU
Identifying sites to remove: done in 8.43704e-05 secs using 1496% CPU
Identifying sites to remove: done in 8.68514e-05 secs using 146.2% CPU
Identifying sites to remove: done in 0.000113904 secs using 1445% CPU
Identifying sites to remove: done in 0.000126489 secs using 185.8% CPU
Identifying sites to remove: done in 0.000142843 secs using 2821% CPU
Identifying sites to remove: done in 0.000120699 secs using 1832% CPU
Identifying sites to remove: done in 9.93162e-05 secs using 356.4% CPU
Identifying sites to remove: done in 6.80014e-05 secs using 97.06% CPU
Identifying sites to remove: done in 8.62554e-05 secs using 97.39% CPU
Identifying sites to remove: done in 0.000110164 secs using 903.2% CPU
Identifying sites to remove: done in 9.1359e-05 secs using 1759% CPU
Identifying sites to remove: done in 8.82819e-05 secs using 3553% CPU
Identifying sites to remove: done in 5.88521e-05 secs using 166.5% CPU
Identifying sites to remove: done in 0.000444248 secs using 6070% CPU
Identifying sites to remove: done in 0.00052166 secs using 5016% CPU
Identifying sites to remove: done in 0.000643969 secs using 3499% CPU
Identifying sites to remove: done in 0.000665158 secs using 2539% CPU
Identifying sites to remove: done in 0.00070098 secs using 3475% CPU
Identifying sites to remove: done in 0.000725992 secs using 3752% CPU
Identifying sites to remove: done in 0.000729166 secs using 4520% CPU
Identifying sites to remove: done in 0.000728801 secs using 4214% CPU
Identifying sites to remove: done in 0.000768021 secs using 3758% CPU
Identifying sites to remove: done in 0.000786208 secs using 2937% CPU
Identifying sites to remove: done in 0.000810176 secs using 2750% CPU
Identifying sites to remove: done in 0.000811145 secs using 1568% CPU
Identifying sites to remove: done in 0.000810184 secs using 2163% CPU
Identifying sites to remove: done in 0.000854984 secs using 2373% CPU
Identifying sites to remove: done in 0.000874005 secs using 1792% CPU
Identifying sites to remove: done in 0.000920862 secs using 1861% CPU
Identifying sites to remove: done in 0.000922225 secs using 2377% CPU
Identifying sites to remove: done in 0.000954464 secs using 1601% CPU
Identifying sites to remove: done in 0.000958182 secs using 2957% CPU
Identifying sites to remove: done in 0.000428043 secs using 325.4% CPU
Identifying sites to remove: done in 0.000639558 secs using 312.4% CPU
Identifying sites to remove: done in 0.000521131 secs using 155.2% CPU
Identifying sites to remove: done in 0.000494435 secs using 3.236e+04% CPU
Identifying sites to remove: done in 0.000432551 secs using 99.41% CPU
Identifying sites to remove: done in 0.000345916 secs using 1292% CPU
Identifying sites to remove: done in 0.000853293 secs using 2.283e+04% CPU
Identifying sites to remove: done in 0.000895038 secs using 2.1e+04% CPU
Identifying sites to remove: done in 0.000718221 secs using 2.554e+04% CPU
Identifying sites to remove: done in 0.000778913 secs using 305.3% CPU
Identifying sites to remove: done in 0.000608534 secs using 387.7% CPU
Identifying sites to remove: done in 0.000678182 secs using 134.8% CPU
Identifying sites to remove: done in 0.000385799 secs using 952.6% CPU
Identifying sites to remove: done in 0.000366047 secs using 1211% CPU
Identifying sites to remove: done in 0.000920288 secs using 2.035e+04% CPU
Identifying sites to remove: done in 0.000908911 secs using 1.998e+04% CPU
Identifying sites to remove: done in 0.000641227 secs using 2.764e+04% CPU
Identifying sites to remove: done in 0.000907063 secs using 2.005e+04% CPU
Identifying sites to remove: done in 0.000438377 secs using 534% CPU
Identifying sites to remove: done in 0.000789434 secs using 393.3% CPU
Identifying sites to remove: done in 0.000687748 secs using 604.7% CPU
Identifying sites to remove: done in 0.000821598 secs using 797.8% CPU
Identifying sites to remove: done in 0.000766054 secs using 645.9% CPU
Identifying sites to remove: done in 0.00082124 secs using 1044% CPU
Identifying sites to remove: done in 0.000897422 secs using 1.981e+04% CPU
Identifying sites to remove: done in 0.000944756 secs using 1.843e+04% CPU
Identifying sites to remove: done in 0.000372693 secs using 207.7% CPU
Identifying sites to remove: done in 0.000826992 secs using 488.9% CPU
Identifying sites to remove: done in 0.000611395 secs using 3.016e+04% CPU
Identifying sites to remove: done in 0.0006302 secs using 385.9% CPU
Identifying sites to remove: done in 0.000770487 secs using 438.3% CPU
Identifying sites to remove: done in 0.00051406 secs using 144.7% CPU
Identifying sites to remove: done in 0.000397563 secs using 99.1% CPU
Identifying sites to remove: done in 0.00106765 secs using 590.5% CPU
Identifying sites to remove: done in 0.000897586 secs using 531.8% CPU
Identifying sites to remove: done in 0.000483237 secs using 3.376e+04% CPU
Identifying sites to remove: done in 0.000431202 secs using 99.72% CPU
Identifying sites to remove: done in 0.000281177 secs using 205.6% CPU
Identifying sites to remove: done in 0.00075195 secs using 1043% CPU
Identifying sites to remove: done in 0.000507757 secs using 6895% CPU
Identifying sites to remove: done in 0.000544734 secs using 2932% CPU
Identifying sites to remove: done in 0.000643492 secs using 7186% CPU
Identifying sites to remove: done in 0.000722863 secs using 7133% CPU
Identifying sites to remove: done in 0.000746399 secs using 6691% CPU
Identifying sites to remove: done in 0.000759318 secs using 3153% CPU
Identifying sites to remove: done in 0.000782177 secs using 5642% CPU
Identifying sites to remove: done in 0.000813641 secs using 3551% CPU
Identifying sites to remove: done in 0.000817068 secs using 3817% CPU
Identifying sites to remove: done in 0.000821851 secs using 4618% CPU
Identifying sites to remove: done in 0.000860319 secs using 1595% CPU
Identifying sites to remove: done in 0.00086461 secs using 2121% CPU
Identifying sites to remove: done in 0.000927277 secs using 4645% CPU
Identifying sites to remove: done in 0.000912264 secs using 3022% CPU
Identifying sites to remove: done in 0.000906199 secs using 1816% CPU
Identifying sites to remove: done in 0.000929408 secs using 3942% CPU
Identifying sites to remove: done in 0.00103178 secs using 3391% CPU
Identifying sites to remove: done in 0.00103264 secs using 4653% CPU
Identifying sites to remove: done in 0.00119804 secs using 2058% CPU
Identifying sites to remove: done in 0.000438564 secs using 382.6% CPU
Identifying sites to remove: done in 0.00085333 secs using 1.665e+04% CPU
Identifying sites to remove: done in 0.000553861 secs using 136.3% CPU
Identifying sites to remove: done in 0.000493959 secs using 99.81% CPU
Identifying sites to remove: done in 0.000530206 secs using 99.4% CPU
Identifying sites to remove: done in 0.000332206 secs using 1324% CPU
Identifying sites to remove: done in 0.000479311 secs using 573.1% CPU
Identifying sites to remove: done in 0.000710271 secs using 618.8% CPU
Identifying sites to remove: done in 0.000773437 secs using 275.4% CPU
Identifying sites to remove: done in 0.000612684 secs using 380.5% CPU
Identifying sites to remove: done in 0.000702113 secs using 171.8% CPU
Identifying sites to remove: done in 0.000406384 secs using 4.523e+04% CPU
Identifying sites to remove: done in 0.000709586 secs using 525% CPU
Identifying sites to remove: done in 0.000759125 secs using 638.6% CPU
Identifying sites to remove: done in 0.000744864 secs using 633.7% CPU
Identifying sites to remove: done in 0.000389159 secs using 824.6% CPU
Identifying sites to remove: done in 0.000520468 secs using 504.5% CPU
Identifying sites to remove: done in 0.000422046 secs using 239.5% CPU
Identifying sites to remove: done in 0.000339299 secs using 999.1% CPU
Identifying sites to remove: done in 0.000739805 secs using 1331% CPU
Identifying sites to remove: done in 0.000755996 secs using 845.8% CPU
Identifying sites to remove: done in 0.000626087 secs using 641.4% CPU
Identifying sites to remove: done in 0.000739366 secs using 1110% CPU
Identifying sites to remove: done in 0.000646196 secs using 2.635e+04% CPU
Identifying sites to remove: done in 0.000855006 secs using 1.956e+04% CPU
Identifying sites to remove: done in 0.000770144 secs using 274.6% CPU
Identifying sites to remove: done in 0.000764281 secs using 118.2% CPU
Identifying sites to remove: done in 0.000364594 secs using 99.01% CPU
Identifying sites to remove: done in 0.000789754 secs using 2.297e+04% CPU
Identifying sites to remove: done in 0.000683092 secs using 99.4% CPU
Identifying sites to remove: done in 0.000448063 secs using 708.2% CPU
Identifying sites to remove: done in 0.000539593 secs using 117.7% CPU
Identifying sites to remove: done in 0.000857048 secs using 225.4% CPU
Identifying sites to remove: done in 0.00036639 secs using 702.5% CPU
Identifying sites to remove: done in 0.000748314 secs using 109.8% CPU
Identifying sites to remove: done in 0.000435606 secs using 388.7% CPU
Identifying sites to remove: done in 0.000429429 secs using 112.5% CPU
Identifying sites to remove: done in 0.000746265 secs using 790.9% CPU
Identifying sites to remove: done in 0.000254259 secs using 99.11% CPU
Identifying sites to remove: done in 0.000479899 secs using 8060% CPU
Identifying sites to remove: done in 0.000550836 secs using 2865% CPU
Identifying sites to remove: done in 0.000657462 secs using 8060% CPU
Identifying sites to remove: done in 0.0006992 secs using 7354% CPU
Identifying sites to remove: done in 0.00071831 secs using 5656% CPU
Identifying sites to remove: done in 0.000700273 secs using 3061% CPU
Identifying sites to remove: done in 0.000773296 secs using 6541% CPU
Identifying sites to remove: done in 0.000803933 secs using 5759% CPU
Identifying sites to remove: done in 0.000785351 secs using 1636% CPU
Identifying sites to remove: done in 0.000877261 secs using 3184% CPU
Identifying sites to remove: done in 0.000899911 secs using 5509% CPU
Identifying sites to remove: done in 0.000891849 secs using 4219% CPU
Identifying sites to remove: done in 0.000950083 secs using 3777% CPU
Identifying sites to remove: done in 0.000888877 secs using 3432% CPU
Identifying sites to remove: done in 0.00100093 secs using 3371% CPU
Identifying sites to remove: done in 0.000985987 secs using 1958% CPU
Identifying sites to remove: done in 0.00102241 secs using 1674% CPU
Identifying sites to remove: done in 0.00102988 secs using 2606% CPU
Identifying sites to remove: done in 0.00109106 secs using 3790% CPU
Identifying sites to remove: done in 0.000365674 secs using 373.6% CPU
Identifying sites to remove: done in 0.000718467 secs using 1.934e+04% CPU
Identifying sites to remove: done in 0.000502244 secs using 99.75% CPU
Identifying sites to remove: done in 0.000471137 secs using 99.55% CPU
Identifying sites to remove: done in 0.000328831 secs using 333% CPU
Identifying sites to remove: done in 0.000673078 secs using 309.9% CPU
Identifying sites to remove: done in 0.000584528 secs using 184.4% CPU
Identifying sites to remove: done in 0.000387907 secs using 99.25% CPU
Identifying sites to remove: done in 0.00053446 secs using 1480% CPU
Identifying sites to remove: done in 0.000663511 secs using 2110% CPU
Identifying sites to remove: done in 0.000336669 secs using 2373% CPU
Identifying sites to remove: done in 0.000745207 secs using 2058% CPU
Identifying sites to remove: done in 0.000416614 secs using 1214% CPU
Identifying sites to remove: done in 0.000786535 secs using 1619% CPU
Identifying sites to remove: done in 0.000669524 secs using 2.606e+04% CPU
Identifying sites to remove: done in 0.000362106 secs using 4.795e+04% CPU
Identifying sites to remove: done in 0.000441179 secs using 350% CPU
Identifying sites to remove: done in 0.000691019 secs using 318.4% CPU
Identifying sites to remove: done in 0.000666551 secs using 236.3% CPU
Identifying sites to remove: done in 0.000297815 secs using 99.73% CPU
Identifying sites to remove: done in 0.000577576 secs using 1477% CPU
Identifying sites to remove: done in 0.000717618 secs using 1389% CPU
Identifying sites to remove: done in 0.000712432 secs using 1190% CPU
Identifying sites to remove: done in 0.000708558 secs using 973% CPU
Identifying sites to remove: done in 0.000637807 secs using 698.2% CPU
Identifying sites to remove: done in 0.000732951 secs using 195.9% CPU
Identifying sites to remove: done in 0.000384606 secs using 4.508e+04% CPU
Identifying sites to remove: done in 0.000702597 secs using 99.77% CPU
Identifying sites to remove: done in 0.000594214 secs using 741.8% CPU
Identifying sites to remove: done in 0.000506073 secs using 99.2% CPU
Identifying sites to remove: done in 0.000414431 secs using 99.65% CPU
Identifying sites to remove: done in 0.000412211 secs using 2111% CPU
Identifying sites to remove: done in 0.000804596 secs using 551.1% CPU
Identifying sites to remove: done in 0.000940517 secs using 202.4% CPU
Identifying sites to remove: done in 0.000407472 secs using 99.64% CPU
Identifying sites to remove: done in 0.000387639 secs using 99.84% CPU
Identifying sites to remove: done in 0.000694506 secs using 2.297e+04% CPU
Identifying sites to remove: done in 0.000275552 secs using 261.3% CPU
Identifying sites to remove: done in 0.000389263 secs using 7652% CPU
Identifying sites to remove: done in 0.000452191 secs using 2955% CPU
Identifying sites to remove: done in 0.000482485 secs using 7386% CPU
Identifying sites to remove: done in 0.000614412 secs using 5218% CPU
Identifying sites to remove: done in 0.000644505 secs using 5781% CPU
Identifying sites to remove: done in 0.000644505 secs using 5546% CPU
Identifying sites to remove: done in 0.000661485 secs using 4013% CPU
Identifying sites to remove: done in 0.000640705 secs using 2135% CPU
Identifying sites to remove: done in 0.000684358 secs using 2317% CPU
Identifying sites to remove: done in 0.000705749 secs using 4516% CPU
Identifying sites to remove: done in 0.000726551 secs using 1587% CPU
Identifying sites to remove: done in 0.000772841 secs using 2968% CPU
Identifying sites to remove: done in 0.000782132 secs using 3770% CPU
Identifying sites to remove: done in 0.000777051 secs using 3164% CPU
Identifying sites to remove: done in 0.000779152 secs using 3367% CPU
Identifying sites to remove: done in 0.000755906 secs using 1766% CPU
Identifying sites to remove: done in 0.000829078 secs using 2430% CPU
Identifying sites to remove: done in 0.00088238 secs using 2478% CPU
Identifying sites to remove: done in 0.000935152 secs using 3375% CPU
Identifying sites to remove: done in 0.000301406 secs using 396.1% CPU
Identifying sites to remove: done in 0.000573061 secs using 294.4% CPU
Identifying sites to remove: done in 0.000399038 secs using 131.3% CPU
Identifying sites to remove: done in 0.000440463 secs using 3.503e+04% CPU
Identifying sites to remove: done in 0.000250436 secs using 1138% CPU
Identifying sites to remove: done in 0.000562109 secs using 1768% CPU
Identifying sites to remove: done in 0.000369333 secs using 1892% CPU
Identifying sites to remove: done in 0.000485986 secs using 914.8% CPU
Identifying sites to remove: done in 0.000547878 secs using 283.6% CPU
Identifying sites to remove: done in 0.000460178 secs using 3.932e+04% CPU
Identifying sites to remove: done in 0.000501603 secs using 133% CPU
Identifying sites to remove: done in 0.000275619 secs using 617.2% CPU
Identifying sites to remove: done in 0.000618748 secs using 968.7% CPU
Identifying sites to remove: done in 0.000287592 secs using 801.1% CPU
Identifying sites to remove: done in 0.000600047 secs using 985.4% CPU
Identifying sites to remove: done in 0.000380345 secs using 830% CPU
Identifying sites to remove: done in 0.000249922 secs using 377.7% CPU
Identifying sites to remove: done in 0.000473998 secs using 397.5% CPU
Identifying sites to remove: done in 0.000525996 secs using 154.9% CPU
Identifying sites to remove: done in 0.000233546 secs using 1250% CPU
Identifying sites to remove: done in 0.000490129 secs using 1996% CPU
Identifying sites to remove: done in 0.000448585 secs using 1591% CPU
Identifying sites to remove: done in 0.00057786 secs using 1381% CPU
Identifying sites to remove: done in 0.000585362 secs using 852.1% CPU
Identifying sites to remove: done in 0.000485264 secs using 203.4% CPU
Identifying sites to remove: done in 0.000561342 secs using 99.76% CPU
Identifying sites to remove: done in 0.000295304 secs using 187.3% CPU
Identifying sites to remove: done in 0.000560947 secs using 458.7% CPU
Identifying sites to remove: done in 0.000544772 secs using 3.364e+04% CPU
Identifying sites to remove: done in 0.00043945 secs using 98.99% CPU
Identifying sites to remove: done in 0.000437573 secs using 99.64% CPU
Identifying sites to remove: done in 0.000338949 secs using 1646% CPU
Identifying sites to remove: done in 0.00063251 secs using 718.1% CPU
Identifying sites to remove: done in 0.000825308 secs using 897.4% CPU
Identifying sites to remove: done in 0.000364758 secs using 99.79% CPU
Identifying sites to remove: done in 0.000292532 secs using 99.48% CPU
Identifying sites to remove: done in 0.000222012 secs using 186.9% CPU
Identifying sites to remove: done in 0.000598826 secs using 1222% CPU
Identifying sites to remove: done in 0.000122763 secs using 2194% CPU
Identifying sites to remove: done in 0.000205718 secs using 1752% CPU
Identifying sites to remove: done in 0.000212379 secs using 1634% CPU
Identifying sites to remove: done in 0.000218771 secs using 1843% CPU
Identifying sites to remove: done in 0.000217326 secs using 1767% CPU
Identifying sites to remove: done in 0.000271112 secs using 1214% CPU
Identifying sites to remove: done in 0.000263847 secs using 934.3% CPU
Identifying sites to remove: done in 0.000205897 secs using 1679% CPU
Identifying sites to remove: done in 0.000208013 secs using 1667% CPU
Identifying sites to remove: done in 0.000265658 secs using 996.8% CPU
Identifying sites to remove: done in 0.000343539 secs using 903% CPU
Identifying sites to remove: done in 0.000365429 secs using 922.5% CPU
Identifying sites to remove: done in 0.000369772 secs using 1180% CPU
Identifying sites to remove: done in 0.000417642 secs using 1236% CPU
Identifying sites to remove: done in 0.000397757 secs using 974.2% CPU
Identifying sites to remove: done in 0.000450745 secs using 1188% CPU
Identifying sites to remove: done in 0.000464685 secs using 1196% CPU
Identifying sites to remove: done in 0.000164464 secs using 805% CPU
Identifying sites to remove: done in 0.000537284 secs using 1272% CPU
Identifying sites to remove: done in 0.000534505 secs using 1057% CPU
Identifying sites to remove: done in 8.37669e-05 secs using 290.1% CPU
Identifying sites to remove: done in 6.60121e-05 secs using 222.7% CPU
Identifying sites to remove: done in 8.4281e-05 secs using 1366% CPU
Identifying sites to remove: done in 6.95661e-05 secs using 215.6% CPU
Identifying sites to remove: done in 9.94503e-05 secs using 1326% CPU
Identifying sites to remove: done in 8.67844e-05 secs using 209.7% CPU
Identifying sites to remove: done in 9.89959e-05 secs using 97.98% CPU
Identifying sites to remove: done in 8.45343e-05 secs using 3103% CPU
Identifying sites to remove: done in 8.86694e-05 secs using 3601% CPU
Identifying sites to remove: done in 8.67248e-05 secs using 2142% CPU
Identifying sites to remove: done in 0.000100084 secs using 1942% CPU
Identifying sites to remove: done in 6.10873e-05 secs using 158.8% CPU
Identifying sites to remove: done in 4.334e-05 secs using 96.91% CPU
Identifying sites to remove: done in 8.9258e-05 secs using 6247% CPU
Identifying sites to remove: done in 7.46474e-05 secs using 2344% CPU
Identifying sites to remove: done in 0.000101924 secs using 3781% CPU
Identifying sites to remove: done in 7.5236e-05 secs using 219.3% CPU
Identifying sites to remove: done in 7.02217e-05 secs using 98.26% CPU
Identifying sites to remove: done in 5.06416e-05 secs using 4640% CPU
Identifying sites to remove: done in 9.99123e-05 secs using 3588% CPU
Identifying sites to remove: done in 0.000104435 secs using 4595% CPU
Identifying sites to remove: done in 0.000103623 secs using 2500% CPU
Identifying sites to remove: done in 5.22435e-05 secs using 581.9% CPU
Identifying sites to remove: done in 8.88631e-05 secs using 3009% CPU
Identifying sites to remove: done in 8.22619e-05 secs using 203% CPU
Identifying sites to remove: done in 6.12661e-05 secs using 6673% CPU
Identifying sites to remove: done in 9.69023e-05 secs using 2930% CPU
Identifying sites to remove: done in 8.98913e-05 secs using 269.2% CPU
Identifying sites to remove: done in 7.65026e-05 secs using 3901% CPU
Identifying sites to remove: done in 5.70342e-05 secs using 6047% CPU
Identifying sites to remove: done in 6.84112e-05 secs using 178.3% CPU
Identifying sites to remove: done in 8.01608e-05 secs using 97.3% CPU
Identifying sites to remove: done in 5.40987e-05 secs using 7237% CPU
Identifying sites to remove: done in 0.000111453 secs using 145.4% CPU
Identifying sites to remove: done in 5.4881e-05 secs using 96.57% CPU
Identifying sites to remove: done in 6.75544e-05 secs using 97.7% CPU
Identifying sites to remove: done in 4.33251e-05 secs using 249.3% CPU
Identifying sites to remove: done in 9.7774e-05 secs using 968.6% CPU
Identifying sites to remove: done in 0.00063625 secs using 8368% CPU
Identifying sites to remove: done in 0.000707969 secs using 6964% CPU
Identifying sites to remove: done in 0.000904255 secs using 6986% CPU
Identifying sites to remove: done in 0.00103974 secs using 4275% CPU
Identifying sites to remove: done in 0.00106526 secs using 4702% CPU
Identifying sites to remove: done in 0.00106731 secs using 4446% CPU
Identifying sites to remove: done in 0.00110625 secs using 5289% CPU
Identifying sites to remove: done in 0.00113672 secs using 2858% CPU
Identifying sites to remove: done in 0.00114405 secs using 3552% CPU
Identifying sites to remove: done in 0.001182 secs using 5463% CPU
Identifying sites to remove: done in 0.00125439 secs using 3575% CPU
Identifying sites to remove: done in 0.00127376 secs using 2288% CPU
Identifying sites to remove: done in 0.00129022 secs using 2063% CPU
Identifying sites to remove: done in 0.00136368 secs using 2953% CPU
Identifying sites to remove: done in 0.00148606 secs using 9699% CPU
Identifying sites to remove: done in 0.00151172 secs using 1.026e+04% CPU
Identifying sites to remove: done in 0.0015367 secs using 1.164e+04% CPU
Identifying sites to remove: done in 0.00155722 secs using 1.031e+04% CPU
Identifying sites to remove: done in 0.00157771 secs using 9342% CPU
Identifying sites to remove: done in 0.000600182 secs using 2.073e+04% CPU
Identifying sites to remove: done in 0.00112838 secs using 263.2% CPU
Identifying sites to remove: done in 0.000847079 secs using 150.3% CPU
Identifying sites to remove: done in 0.000745915 secs using 99.61% CPU
Identifying sites to remove: done in 0.000839941 secs using 2.344e+04% CPU
Identifying sites to remove: done in 0.000664875 secs using 1191% CPU
Identifying sites to remove: done in 0.00148192 secs using 1044% CPU
Identifying sites to remove: done in 0.0014886 secs using 905.8% CPU
Identifying sites to remove: done in 0.00129182 secs using 1.439e+04% CPU
Identifying sites to remove: done in 0.00167544 secs using 1.13e+04% CPU
Identifying sites to remove: done in 0.00114347 secs using 240% CPU
Identifying sites to remove: done in 0.00119267 secs using 180.3% CPU
Identifying sites to remove: done in 0.000556856 secs using 556.3% CPU
Identifying sites to remove: done in 0.00147729 secs using 609.4% CPU
Identifying sites to remove: done in 0.000749245 secs using 631.8% CPU
Identifying sites to remove: done in 0.00151581 secs using 593.7% CPU
Identifying sites to remove: done in 0.000847735 secs using 427% CPU
Identifying sites to remove: done in 0.000643246 secs using 378.2% CPU
Identifying sites to remove: done in 0.00146527 secs using 563.8% CPU
Identifying sites to remove: done in 0.00157645 secs using 696.9% CPU
Identifying sites to remove: done in 0.000617094 secs using 131.9% CPU
Identifying sites to remove: done in 0.00118154 secs using 674.1% CPU
Identifying sites to remove: done in 0.00120031 secs using 578.4% CPU
Identifying sites to remove: done in 0.00142916 secs using 701.6% CPU
Identifying sites to remove: done in 0.00152244 secs using 1.19e+04% CPU
Identifying sites to remove: done in 0.00150622 secs using 1.176e+04% CPU
Identifying sites to remove: done in 0.00158608 secs using 142.7% CPU
Identifying sites to remove: done in 0.000531346 secs using 99.56% CPU
Identifying sites to remove: done in 0.00143982 secs using 1.226e+04% CPU
Identifying sites to remove: done in 0.000861011 secs using 478.6% CPU
Identifying sites to remove: done in 0.00100745 secs using 880.7% CPU
Identifying sites to remove: done in 0.00119285 secs using 1.427e+04% CPU
Identifying sites to remove: done in 0.000525765 secs using 244% CPU
Identifying sites to remove: done in 0.00160876 secs using 401.1% CPU
Identifying sites to remove: done in 0.00148247 secs using 342.1% CPU
Identifying sites to remove: done in 0.000587426 secs using 99.42% CPU
Identifying sites to remove: done in 0.000754289 secs using 99.56% CPU
Identifying sites to remove: done in 0.00113034 secs using 1.106e+04% CPU
Identifying sites to remove: done in 0.000467688 secs using 2.497e+04% CPU
Identifying sites to remove: done in 0.00055588 secs using 3578% CPU
Identifying sites to remove: done in 0.000704505 secs using 4088% CPU
Identifying sites to remove: done in 0.000753738 secs using 1880% CPU
Identifying sites to remove: done in 0.000776894 secs using 3727% CPU
Identifying sites to remove: done in 0.000777438 secs using 3612% CPU
Identifying sites to remove: done in 0.000900127 secs using 2124% CPU
Identifying sites to remove: done in 0.000915974 secs using 3174% CPU
Identifying sites to remove: done in 0.000947095 secs using 2338% CPU
Identifying sites to remove: done in 0.000938915 secs using 1712% CPU
Identifying sites to remove: done in 0.000950791 secs using 1619% CPU
Identifying sites to remove: done in 0.000980109 secs using 2906% CPU
Identifying sites to remove: done in 0.00107963 secs using 2078% CPU
Identifying sites to remove: done in 0.00109433 secs using 2605% CPU
Identifying sites to remove: done in 0.00109646 secs using 2783% CPU
Identifying sites to remove: done in 0.00118606 secs using 2112% CPU
Identifying sites to remove: done in 0.00119349 secs using 2280% CPU
Identifying sites to remove: done in 0.0012194 secs using 1661% CPU
Identifying sites to remove: done in 0.00125907 secs using 1705% CPU
Identifying sites to remove: done in 0.00129509 secs using 2051% CPU
Identifying sites to remove: done in 0.000429519 secs using 389% CPU
Identifying sites to remove: done in 0.000775099 secs using 312.5% CPU
Identifying sites to remove: done in 0.000539415 secs using 132.6% CPU
Identifying sites to remove: done in 0.00048916 secs using 99.56% CPU
Identifying sites to remove: done in 0.000651062 secs using 99.38% CPU
Identifying sites to remove: done in 0.000420995 secs using 1533% CPU
Identifying sites to remove: done in 0.000546046 secs using 1687% CPU
Identifying sites to remove: done in 0.000815399 secs using 607.2% CPU
Identifying sites to remove: done in 0.00085976 secs using 217% CPU
Identifying sites to remove: done in 0.000652015 secs using 99.23% CPU
Identifying sites to remove: done in 0.000713944 secs using 99.45% CPU
Identifying sites to remove: done in 0.0006795 secs using 1014% CPU
Identifying sites to remove: done in 0.000805557 secs using 1116% CPU
Identifying sites to remove: done in 0.000476092 secs using 256.5% CPU
Identifying sites to remove: done in 0.00087142 secs using 895.9% CPU
Identifying sites to remove: done in 0.000542067 secs using 261.6% CPU
Identifying sites to remove: done in 0.000323482 secs using 197.2% CPU
Identifying sites to remove: done in 0.000391141 secs using 99.2% CPU
Identifying sites to remove: done in 0.000366591 secs using 660.4% CPU
Identifying sites to remove: done in 0.000748567 secs using 370.6% CPU
Identifying sites to remove: done in 0.000742234 secs using 207.6% CPU
Identifying sites to remove: done in 0.000617556 secs using 99.59% CPU
Identifying sites to remove: done in 0.000771575 secs using 1071% CPU
Identifying sites to remove: done in 0.000812367 secs using 670.5% CPU
Identifying sites to remove: done in 0.000762381 secs using 2.233e+04% CPU
Identifying sites to remove: done in 0.000754811 secs using 99.36% CPU
Identifying sites to remove: done in 0.00076434 secs using 99.3% CPU
Identifying sites to remove: done in 0.000400692 secs using 268.3% CPU
Identifying sites to remove: done in 0.000818983 secs using 112.8% CPU
Identifying sites to remove: done in 0.000515439 secs using 3.542e+04% CPU
Identifying sites to remove: done in 0.000671737 secs using 150.7% CPU
Identifying sites to remove: done in 0.0005669 secs using 372.9% CPU
Identifying sites to remove: done in 0.00111537 secs using 264.4% CPU
Identifying sites to remove: done in 0.000436738 secs using 200.6% CPU
Identifying sites to remove: done in 0.000937358 secs using 510.2% CPU
Identifying sites to remove: done in 0.000424504 secs using 1002% CPU
Identifying sites to remove: done in 0.000414692 secs using 130% CPU
Identifying sites to remove: done in 0.00036034 secs using 499% CPU
Identifying sites to remove: done in 0.000705227 secs using 422.8% CPU
Identifying sites to remove: done in 0.000740483 secs using 3697% CPU
Identifying sites to remove: done in 0.000831082 secs using 5066% CPU
Identifying sites to remove: done in 0.000938646 secs using 2289% CPU
Identifying sites to remove: done in 0.00110866 secs using 4034% CPU
Identifying sites to remove: done in 0.00114334 secs using 3268% CPU
Identifying sites to remove: done in 0.00113466 secs using 2584% CPU
Identifying sites to remove: done in 0.00113202 secs using 2410% CPU
Identifying sites to remove: done in 0.00122236 secs using 2607% CPU
Identifying sites to remove: done in 0.00129959 secs using 1916% CPU
Identifying sites to remove: done in 0.00136584 secs using 3178% CPU
Identifying sites to remove: done in 0.00136854 secs using 3035% CPU
Identifying sites to remove: done in 0.00141933 secs using 3637% CPU
Identifying sites to remove: done in 0.00141312 secs using 2679% CPU
Identifying sites to remove: done in 0.00149247 secs using 1465% CPU
Identifying sites to remove: done in 0.0015007 secs using 1598% CPU
Identifying sites to remove: done in 0.00157679 secs using 2939% CPU
Identifying sites to remove: done in 0.00159713 secs using 1264% CPU
Identifying sites to remove: done in 0.000447027 secs using 3.16e+04% CPU
Identifying sites to remove: done in 0.00114417 secs using 1.24e+04% CPU
Identifying sites to remove: done in 0.000681661 secs using 109.4% CPU
Identifying sites to remove: done in 0.000656717 secs using 560.1% CPU
Identifying sites to remove: done in 0.000273682 secs using 175.8% CPU
Identifying sites to remove: done in 0.000925787 secs using 771.2% CPU
Identifying sites to remove: done in 0.000745192 secs using 619.7% CPU
Identifying sites to remove: done in 0.00117736 secs using 1.592e+04% CPU
Identifying sites to remove: done in 0.00107209 secs using 592.5% CPU
Identifying sites to remove: done in 0.000991687 secs using 572.2% CPU
Identifying sites to remove: done in 0.00117531 secs using 1302% CPU
Identifying sites to remove: done in 0.000694655 secs using 1236% CPU
Identifying sites to remove: done in 0.000931442 secs using 1.851e+04% CPU
Identifying sites to remove: done in 0.000549614 secs using 802.2% CPU
Identifying sites to remove: done in 0.000599712 secs using 563.1% CPU
Identifying sites to remove: done in 0.00101712 secs using 558.6% CPU
Identifying sites to remove: done in 0.000582978 secs using 339.6% CPU
Identifying sites to remove: done in 0.00113323 secs using 472.7% CPU
Identifying sites to remove: done in 0.00101575 secs using 1156% CPU
Identifying sites to remove: done in 0.00102095 secs using 932.5% CPU
Identifying sites to remove: done in 0.00102843 secs using 1.626e+04% CPU
Identifying sites to remove: done in 0.0012752 secs using 1.343e+04% CPU
Identifying sites to remove: done in 0.00101653 secs using 99.46% CPU
Identifying sites to remove: done in 0.000590876 secs using 99.34% CPU
Identifying sites to remove: done in 0.00103542 secs using 1.751e+04% CPU
Identifying sites to remove: done in 0.000791207 secs using 216.3% CPU
Identifying sites to remove: done in 0.00104546 secs using 166.7% CPU
Identifying sites to remove: done in 0.00151185 secs using 1.117e+04% CPU
Identifying sites to remove: done in 0.000736691 secs using 291.7% CPU
Identifying sites to remove: done in 0.00124761 secs using 221% CPU
Identifying sites to remove: done in 0.00053215 secs using 161% CPU
Identifying sites to remove: done in 0.00109641 secs using 703.5% CPU
Identifying sites to remove: done in 0.00053028 secs using 2.49e+04% CPU
Identifying sites to remove: done in 0.000937484 secs using 389.1% CPU
Identifying sites to remove: done in 0.00063201 secs using 506.6% CPU
Identifying sites to remove: done in 0.000245005 secs using 1.776e+04% CPU
Identifying sites to remove: done in 0.000278994 secs using 1125% CPU
Identifying sites to remove: done in 0.000294201 secs using 4638% CPU
Identifying sites to remove: done in 0.000327095 secs using 1.05e+04% CPU
Identifying sites to remove: done in 0.000331432 secs using 1.137e+04% CPU
Identifying sites to remove: done in 0.000407845 secs using 1.271e+04% CPU
Identifying sites to remove: done in 0.000329256 secs using 9445% CPU
Identifying sites to remove: done in 0.000317477 secs using 3274% CPU
Identifying sites to remove: done in 0.000490233 secs using 5108% CPU
Identifying sites to remove: done in 0.000469021 secs using 4562% CPU
Identifying sites to remove: done in 0.000384852 secs using 4538% CPU
Identifying sites to remove: done in 0.000406653 secs using 1.188e+04% CPU
Identifying sites to remove: done in 0.000576437 secs using 7458% CPU
Identifying sites to remove: done in 0.000654191 secs using 2986% CPU
Identifying sites to remove: done in 0.000676408 secs using 2.234e+04% CPU
Identifying sites to remove: done in 0.00069505 secs using 2.565e+04% CPU
Identifying sites to remove: done in 0.000297099 secs using 4.128e+04% CPU
Identifying sites to remove: done in 0.000347689 secs using 3.537e+04% CPU
Identifying sites to remove: done in 0.000298493 secs using 4.09e+04% CPU
Identifying sites to remove: done in 0.000163123 secs using 454.9% CPU
Identifying sites to remove: done in 5.60731e-05 secs using 139.1% CPU
Identifying sites to remove: done in 0.000217229 secs using 1328% CPU
Identifying sites to remove: done in 0.000204377 secs using 871.9% CPU
Identifying sites to remove: done in 0.000117451 secs using 1442% CPU
Identifying sites to remove: done in 0.00019943 secs using 109.3% CPU
Identifying sites to remove: done in 0.000202581 secs using 98.23% CPU
Identifying sites to remove: done in 0.000100851 secs using 4642% CPU
Identifying sites to remove: done in 9.84743e-05 secs using 2618% CPU
Identifying sites to remove: done in 0.000184253 secs using 3788% CPU
Identifying sites to remove: done in 0.000171632 secs using 165.5% CPU
Identifying sites to remove: done in 9.34452e-05 secs using 98.45% CPU
Identifying sites to remove: done in 0.000185467 secs using 4422% CPU
Identifying sites to remove: done in 0.000188217 secs using 4727% CPU
Identifying sites to remove: done in 0.000191204 secs using 3259% CPU
Identifying sites to remove: done in 0.000188112 secs using 1860% CPU
Identifying sites to remove: done in 0.00012362 secs using 334.9% CPU
Identifying sites to remove: done in 0.000180274 secs using 245.2% CPU
Identifying sites to remove: done in 0.00018011 secs using 1977% CPU
Identifying sites to remove: done in 0.000185691 secs using 140.6% CPU
Identifying sites to remove: done in 0.000167049 secs using 325.1% CPU
Identifying sites to remove: done in 0.000174478 secs using 423% CPU
Identifying sites to remove: done in 0.000102818 secs using 223.7% CPU
Identifying sites to remove: done in 0.000157148 secs using 99.27% CPU
Identifying sites to remove: done in 0.000185587 secs using 97.53% CPU
Identifying sites to remove: done in 0.000127949 secs using 207.1% CPU
Identifying sites to remove: done in 0.00025598 secs using 1255% CPU
Identifying sites to remove: done in 7.55638e-05 secs using 248.8% CPU
Identifying sites to remove: done in 0.000107445 secs using 98.66% CPU
Identifying sites to remove: done in 0.00015007 secs using 1078% CPU
Identifying sites to remove: done in 0.000209086 secs using 149.7% CPU
Identifying sites to remove: done in 0.000104606 secs using 98.46% CPU
Identifying sites to remove: done in 9.22605e-05 secs using 1.207e+04% CPU
Identifying sites to remove: done in 0.000571661 secs using 4076% CPU
Identifying sites to remove: done in 0.000640497 secs using 3684% CPU
Identifying sites to remove: done in 0.000818379 secs using 3601% CPU
Identifying sites to remove: done in 0.000848457 secs using 2943% CPU
Identifying sites to remove: done in 0.000867598 secs using 2765% CPU
Identifying sites to remove: done in 0.000871673 secs using 3394% CPU
Identifying sites to remove: done in 0.000898689 secs using 1659% CPU
Identifying sites to remove: done in 0.000896104 secs using 1574% CPU
Identifying sites to remove: done in 0.000907898 secs using 3235% CPU
Identifying sites to remove: done in 0.00095553 secs using 2877% CPU
Identifying sites to remove: done in 0.000956208 secs using 2348% CPU
Identifying sites to remove: done in 0.000957206 secs using 2214% CPU
Identifying sites to remove: done in 0.00100347 secs using 2017% CPU
Identifying sites to remove: done in 0.00100307 secs using 1944% CPU
Identifying sites to remove: done in 0.00109699 secs using 1614% CPU
Identifying sites to remove: done in 0.00111533 secs using 1532% CPU
Identifying sites to remove: done in 0.00115792 secs using 2135% CPU
Identifying sites to remove: done in 0.00119434 secs using 1578% CPU
Identifying sites to remove: done in 0.000486411 secs using 325.9% CPU
Identifying sites to remove: done in 0.000925563 secs using 286.9% CPU
Identifying sites to remove: done in 0.000688523 secs using 159.9% CPU
Identifying sites to remove: done in 0.000545278 secs using 275.5% CPU
Identifying sites to remove: done in 0.000232689 secs using 141% CPU
Identifying sites to remove: done in 0.000581414 secs using 99.76% CPU
Identifying sites to remove: done in 0.000932097 secs using 413.3% CPU
Identifying sites to remove: done in 0.000960149 secs using 422.3% CPU
Identifying sites to remove: done in 0.000881679 secs using 351% CPU
Identifying sites to remove: done in 0.00100609 secs using 201% CPU
Identifying sites to remove: done in 0.000856794 secs using 469.9% CPU
Identifying sites to remove: done in 0.000861555 secs using 190.2% CPU
Identifying sites to remove: done in 0.000565059 secs using 3.059e+04% CPU
Identifying sites to remove: done in 0.00108451 secs using 1.643e+04% CPU
Identifying sites to remove: done in 0.000683434 secs using 450.1% CPU
Identifying sites to remove: done in 0.00100906 secs using 430.4% CPU
Identifying sites to remove: done in 0.00048729 secs using 515.7% CPU
Identifying sites to remove: done in 0.000500493 secs using 125.9% CPU
Identifying sites to remove: done in 0.00101386 secs using 747.1% CPU
Identifying sites to remove: done in 0.00102109 secs using 872.7% CPU
Identifying sites to remove: done in 0.000951394 secs using 644.8% CPU
Identifying sites to remove: done in 0.00106718 secs using 1.668e+04% CPU
Identifying sites to remove: done in 0.00108685 secs using 1.604e+04% CPU
Identifying sites to remove: done in 0.00107725 secs using 187.8% CPU
Identifying sites to remove: done in 0.000501774 secs using 99.45% CPU
Identifying sites to remove: done in 0.000725955 secs using 99.59% CPU
Identifying sites to remove: done in 0.000902444 secs using 442.5% CPU
Identifying sites to remove: done in 0.000808842 secs using 2.162e+04% CPU
Identifying sites to remove: done in 0.000542723 secs using 468.6% CPU
Identifying sites to remove: done in 0.00107475 secs using 603.1% CPU
Identifying sites to remove: done in 0.00106426 secs using 627.9% CPU
Identifying sites to remove: done in 0.000299543 secs using 287.1% CPU
Identifying sites to remove: done in 0.00135455 secs using 575.8% CPU
Identifying sites to remove: done in 0.000432588 secs using 99.4% CPU
Identifying sites to remove: done in 0.000947088 secs using 285% CPU
Identifying sites to remove: done in 0.00062751 secs using 1.603e+04% CPU
Identifying sites to remove: done in 0.000445783 secs using 1994% CPU
Identifying sites to remove: done in 0.000556417 secs using 4619% CPU
Identifying sites to remove: done in 0.000617944 secs using 2413% CPU
Identifying sites to remove: done in 0.000826016 secs using 4254% CPU
Identifying sites to remove: done in 0.000819437 secs using 3277% CPU
Identifying sites to remove: done in 0.000832208 secs using 5013% CPU
Identifying sites to remove: done in 0.000893161 secs using 2900% CPU
Identifying sites to remove: done in 0.000910893 secs using 4136% CPU
Identifying sites to remove: done in 0.000893511 secs using 2532% CPU
Identifying sites to remove: done in 0.000961736 secs using 4145% CPU
Identifying sites to remove: done in 0.000950254 secs using 2295% CPU
Identifying sites to remove: done in 0.000961006 secs using 3481% CPU
Identifying sites to remove: done in 0.00096444 secs using 4306% CPU
Identifying sites to remove: done in 0.000971325 secs using 4640% CPU
Identifying sites to remove: done in 0.00101914 secs using 2518% CPU
Identifying sites to remove: done in 0.0010675 secs using 2893% CPU
Identifying sites to remove: done in 0.00105266 secs using 1823% CPU
Identifying sites to remove: done in 0.0010826 secs using 1465% CPU
Identifying sites to remove: done in 0.00111017 secs using 3247% CPU
Identifying sites to remove: done in 0.000443406 secs using 334.9% CPU
Identifying sites to remove: done in 0.000823922 secs using 143.5% CPU
Identifying sites to remove: done in 0.000588112 secs using 2.544e+04% CPU
Identifying sites to remove: done in 0.000526182 secs using 99.78% CPU
Identifying sites to remove: done in 0.000564292 secs using 1102% CPU
Identifying sites to remove: done in 0.000720635 secs using 593.2% CPU
Identifying sites to remove: done in 0.000667773 secs using 727.9% CPU
Identifying sites to remove: done in 0.000170618 secs using 194.6% CPU
Identifying sites to remove: done in 0.000472635 secs using 907.9% CPU
Identifying sites to remove: done in 0.000349537 secs using 231.4% CPU
Identifying sites to remove: done in 0.000556156 secs using 281.4% CPU
Identifying sites to remove: done in 0.000659578 secs using 519% CPU
Identifying sites to remove: done in 0.000673316 secs using 629.6% CPU
Identifying sites to remove: done in 0.000690684 secs using 713.6% CPU
Identifying sites to remove: done in 0.000585869 secs using 533.7% CPU
Identifying sites to remove: done in 0.000423297 secs using 206.9% CPU
Identifying sites to remove: done in 0.000334911 secs using 1692% CPU
Identifying sites to remove: done in 0.000386842 secs using 1032% CPU
Identifying sites to remove: done in 0.000762276 secs using 1607% CPU
Identifying sites to remove: done in 0.000741482 secs using 1106% CPU
Identifying sites to remove: done in 0.000315391 secs using 426.5% CPU
Identifying sites to remove: done in 0.000689216 secs using 878.7% CPU
Identifying sites to remove: done in 0.000699759 secs using 1243% CPU
Identifying sites to remove: done in 0.000743657 secs using 2.303e+04% CPU
Identifying sites to remove: done in 0.000647567 secs using 2.588e+04% CPU
Identifying sites to remove: done in 0.000718191 secs using 246.6% CPU
Identifying sites to remove: done in 0.000702247 secs using 269.4% CPU
Identifying sites to remove: done in 0.000708774 secs using 99.75% CPU
Identifying sites to remove: done in 0.00062459 secs using 99.59% CPU
Identifying sites to remove: done in 0.000536285 secs using 99.39% CPU
Identifying sites to remove: done in 0.000592873 secs using 409.4% CPU
Identifying sites to remove: done in 0.00085406 secs using 719% CPU
Identifying sites to remove: done in 0.000824578 secs using 1173% CPU
Identifying sites to remove: done in 0.000444137 secs using 1456% CPU
Identifying sites to remove: done in 0.000760421 secs using 132.3% CPU
Identifying sites to remove: done in 0.000189595 secs using 199.4% CPU
Identifying sites to remove: done in 0.000460476 secs using 710.6% CPU
Identifying sites to remove: done in 0.000646681 secs using 99.74% CPU
Identifying sites to remove: done in 0.00049255 secs using 953% CPU
Identifying sites to remove: done in 0.000668034 secs using 3637% CPU
Identifying sites to remove: done in 0.000739448 secs using 3763% CPU
Identifying sites to remove: done in 0.000817835 secs using 1937% CPU
Identifying sites to remove: done in 0.00118061 secs using 2205% CPU
Identifying sites to remove: done in 0.00119344 secs using 1777% CPU
Identifying sites to remove: done in 0.00122922 secs using 1681% CPU
Identifying sites to remove: done in 0.00126258 secs using 2773% CPU
Identifying sites to remove: done in 0.00133727 secs using 2048% CPU
Identifying sites to remove: done in 0.00136176 secs using 1958% CPU
Identifying sites to remove: done in 0.00140999 secs using 2360% CPU
Identifying sites to remove: done in 0.0014092 secs using 2485% CPU
Identifying sites to remove: done in 0.00142774 secs using 1787% CPU
Identifying sites to remove: done in 0.00147051 secs using 2355% CPU
Identifying sites to remove: done in 0.00151256 secs using 1841% CPU
Identifying sites to remove: done in 0.0015472 secs using 2206% CPU
Identifying sites to remove: done in 0.00160878 secs using 2197% CPU
Identifying sites to remove: done in 0.00167209 secs using 2439% CPU
Identifying sites to remove: done in 0.00166728 secs using 1982% CPU
Identifying sites to remove: done in 0.00181489 secs using 1901% CPU
Identifying sites to remove: done in 0.000710651 secs using 329.8% CPU
Identifying sites to remove: done in 0.00115468 secs using 443.6% CPU
Identifying sites to remove: done in 0.00091543 secs using 1.656e+04% CPU
Identifying sites to remove: done in 0.000858575 secs using 99.58% CPU
Identifying sites to remove: done in 0.000800125 secs using 99.23% CPU
Identifying sites to remove: done in 0.000666797 secs using 349.3% CPU
Identifying sites to remove: done in 0.00148221 secs using 520.1% CPU
Identifying sites to remove: done in 0.0014707 secs using 486.2% CPU
Identifying sites to remove: done in 0.00141717 secs using 402.9% CPU
Identifying sites to remove: done in 0.0012942 secs using 290.6% CPU
Identifying sites to remove: done in 0.00130235 secs using 1.428e+04% CPU
Identifying sites to remove: done in 0.000350192 secs using 319.8% CPU
Identifying sites to remove: done in 0.00115906 secs using 116.1% CPU
Identifying sites to remove: done in 0.000630572 secs using 1256% CPU
Identifying sites to remove: done in 0.000743851 secs using 2.413e+04% CPU
Identifying sites to remove: done in 0.00149306 secs using 1.275e+04% CPU
Identifying sites to remove: done in 0.00158468 secs using 1.171e+04% CPU
Identifying sites to remove: done in 0.00153288 secs using 1.174e+04% CPU
Identifying sites to remove: done in 0.000607833 secs using 374.9% CPU
Identifying sites to remove: done in 0.000934593 secs using 405.8% CPU
Identifying sites to remove: done in 0.00157128 secs using 1.138e+04% CPU
Identifying sites to remove: done in 0.00149848 secs using 1.22e+04% CPU
Identifying sites to remove: done in 0.00147551 secs using 433.5% CPU
Identifying sites to remove: done in 0.00134926 secs using 531.5% CPU
Identifying sites to remove: done in 0.00138595 secs using 399.9% CPU
Identifying sites to remove: done in 0.00145125 secs using 435.3% CPU
Identifying sites to remove: done in 0.00149669 secs using 1.162e+04% CPU
Identifying sites to remove: done in 0.00145719 secs using 1.24e+04% CPU
Identifying sites to remove: done in 0.000987388 secs using 260% CPU
Identifying sites to remove: done in 0.00116652 secs using 145.6% CPU
Identifying sites to remove: done in 0.00105359 secs using 1.599e+04% CPU
Identifying sites to remove: done in 0.000356808 secs using 1557% CPU
Identifying sites to remove: done in 0.00065387 secs using 1660% CPU
Identifying sites to remove: done in 0.00144151 secs using 822.5% CPU
Identifying sites to remove: done in 0.00131995 secs using 690.2% CPU
Identifying sites to remove: done in 0.00181123 secs using 8519% CPU
Identifying sites to remove: done in 0.000596866 secs using 99.02% CPU
Identifying sites to remove: done in 0.00111459 secs using 836.8% CPU
Identifying sites to remove: done in 0.000683025 secs using 99.12% CPU
Identifying sites to remove: done in 0.000464559 secs using 4238% CPU
Identifying sites to remove: done in 0.000564963 secs using 6431% CPU
Identifying sites to remove: done in 0.000646085 secs using 2447% CPU
Identifying sites to remove: done in 0.000671558 secs using 5269% CPU
Identifying sites to remove: done in 0.000662617 secs using 3768% CPU
Identifying sites to remove: done in 0.000816628 secs using 3624% CPU
Identifying sites to remove: done in 0.000825681 secs using 5227% CPU
Identifying sites to remove: done in 0.000890449 secs using 3881% CPU
Identifying sites to remove: done in 0.000894099 secs using 3691% CPU
Identifying sites to remove: done in 0.00088302 secs using 2538% CPU
Identifying sites to remove: done in 0.000884272 secs using 2347% CPU
Identifying sites to remove: done in 0.000898324 secs using 4452% CPU
Identifying sites to remove: done in 0.000880428 secs using 1960% CPU
Identifying sites to remove: done in 0.000882529 secs using 2733% CPU
Identifying sites to remove: done in 0.00102264 secs using 4319% CPU
Identifying sites to remove: done in 0.00102292 secs using 1436% CPU
Identifying sites to remove: done in 0.00107011 secs using 3529% CPU
Identifying sites to remove: done in 0.00103199 secs using 1602% CPU
Identifying sites to remove: done in 0.00113685 secs using 2720% CPU
Identifying sites to remove: done in 0.000331141 secs using 415.2% CPU
Identifying sites to remove: done in 0.00068447 secs using 136.6% CPU
Identifying sites to remove: done in 0.000480816 secs using 3.098e+04% CPU
Identifying sites to remove: done in 0.000407137 secs using 99.48% CPU
Identifying sites to remove: done in 0.000517666 secs using 99.29% CPU
Identifying sites to remove: done in 0.000399068 secs using 1261% CPU
Identifying sites to remove: done in 0.00064902 secs using 955.1% CPU
Identifying sites to remove: done in 0.000276856 secs using 278.1% CPU
Identifying sites to remove: done in 0.000696279 secs using 573.5% CPU
Identifying sites to remove: done in 0.000597887 secs using 3.094e+04% CPU
Identifying sites to remove: done in 0.000701636 secs using 2.617e+04% CPU
Identifying sites to remove: done in 0.000191763 secs using 162.7% CPU
Identifying sites to remove: done in 0.000682108 secs using 239.7% CPU
Identifying sites to remove: done in 0.000559948 secs using 1115% CPU
Identifying sites to remove: done in 0.000426754 secs using 1170% CPU
Identifying sites to remove: done in 0.000662751 secs using 1099% CPU
Identifying sites to remove: done in 0.000361226 secs using 243.6% CPU
Identifying sites to remove: done in 0.000266172 secs using 194.6% CPU
Identifying sites to remove: done in 0.000339419 secs using 310.5% CPU
Identifying sites to remove: done in 0.000664204 secs using 2.71e+04% CPU
Identifying sites to remove: done in 0.000666805 secs using 2.649e+04% CPU
Identifying sites to remove: done in 0.000668757 secs using 117.5% CPU
Identifying sites to remove: done in 0.000637919 secs using 694.6% CPU
Identifying sites to remove: done in 0.000644773 secs using 500.5% CPU
Identifying sites to remove: done in 0.000566535 secs using 164.3% CPU
Identifying sites to remove: done in 0.000637054 secs using 99.68% CPU
Identifying sites to remove: done in 0.000690907 secs using 2.569e+04% CPU
Identifying sites to remove: done in 0.000658475 secs using 522.9% CPU
Identifying sites to remove: done in 0.000606209 secs using 99.31% CPU
Identifying sites to remove: done in 0.000499144 secs using 99.17% CPU
Identifying sites to remove: done in 0.000528514 secs using 757.8% CPU
Identifying sites to remove: done in 0.00100318 secs using 243.2% CPU
Identifying sites to remove: done in 0.000725687 secs using 405.3% CPU
Identifying sites to remove: done in 0.000210866 secs using 331% CPU
Identifying sites to remove: done in 0.000358135 secs using 762.8% CPU
Identifying sites to remove: done in 0.000747427 secs using 665.2% CPU
Identifying sites to remove: done in 0.000310324 secs using 98.61% CPU
Identifying sites to remove: done in 0.000611633 secs using 2.519e+04% CPU
Identifying sites to remove: done in 0.000448674 secs using 807.5% CPU
Identifying sites to remove: done in 0.00062035 secs using 5430% CPU
Identifying sites to remove: done in 0.000685379 secs using 1958% CPU
Identifying sites to remove: done in 0.00092417 secs using 3788% CPU
Identifying sites to remove: done in 0.00102351 secs using 3640% CPU
Identifying sites to remove: done in 0.0010305 secs using 2494% CPU
Identifying sites to remove: done in 0.00106344 secs using 1898% CPU
Identifying sites to remove: done in 0.00108168 secs using 2950% CPU
Identifying sites to remove: done in 0.0010813 secs using 3096% CPU
Identifying sites to remove: done in 0.00114699 secs using 1954% CPU
Identifying sites to remove: done in 0.00116059 secs using 2658% CPU
Identifying sites to remove: done in 0.00125109 secs using 1453% CPU
Identifying sites to remove: done in 0.001302 secs using 2844% CPU
Identifying sites to remove: done in 0.0013268 secs using 2035% CPU
Identifying sites to remove: done in 0.0013271 secs using 1913% CPU
Identifying sites to remove: done in 0.00137847 secs using 2215% CPU
Identifying sites to remove: done in 0.00140937 secs using 1203% CPU
Identifying sites to remove: done in 0.000688255 secs using 2.071e+04% CPU
Identifying sites to remove: done in 0.00094296 secs using 239.9% CPU
Identifying sites to remove: done in 0.000663638 secs using 182% CPU
Identifying sites to remove: done in 0.000418209 secs using 99.71% CPU
Identifying sites to remove: done in 0.000733383 secs using 2.631e+04% CPU
Identifying sites to remove: done in 0.000483498 secs using 3.905e+04% CPU
Identifying sites to remove: done in 0.000287943 secs using 99.67% CPU
Identifying sites to remove: done in 0.00072258 secs using 99.78% CPU
Identifying sites to remove: done in 0.000901021 secs using 1229% CPU
Identifying sites to remove: done in 0.000883594 secs using 971.7% CPU
Identifying sites to remove: done in 0.000611678 secs using 2023% CPU
Identifying sites to remove: done in 0.000709705 secs using 2.568e+04% CPU
Identifying sites to remove: done in 0.000542879 secs using 3.215e+04% CPU
Identifying sites to remove: done in 0.000687517 secs using 2.598e+04% CPU
Identifying sites to remove: done in 0.000894293 secs using 400.7% CPU
Identifying sites to remove: done in 0.000894099 secs using 359.8% CPU
Identifying sites to remove: done in 0.000873923 secs using 894.6% CPU
Identifying sites to remove: done in 0.000803195 secs using 491.3% CPU
Identifying sites to remove: done in 0.000917569 secs using 648.5% CPU
Identifying sites to remove: done in 0.000904277 secs using 99.86% CPU
Identifying sites to remove: done in 0.000937611 secs using 1.9e+04% CPU
Identifying sites to remove: done in 0.000942484 secs using 99.63% CPU
Identifying sites to remove: done in 0.000685632 secs using 99.32% CPU
Identifying sites to remove: done in 0.000828139 secs using 783.1% CPU
Identifying sites to remove: done in 0.00104756 secs using 768.5% CPU
Identifying sites to remove: done in 0.00142679 secs using 879.4% CPU
Identifying sites to remove: done in 0.000742942 secs using 325.7% CPU
Identifying sites to remove: done in 0.00115943 secs using 505.6% CPU
Identifying sites to remove: done in 0.000321947 secs using 200% CPU
Identifying sites to remove: done in 0.00064221 secs using 268.9% CPU
Identifying sites to remove: done in 0.00108453 secs using 601.4% CPU
Identifying sites to remove: done in 0.000674352 secs using 1.743e+04% CPU
Identifying sites to remove: done in 0.000213563 secs using 1408% CPU
Identifying sites to remove: done in 0.000292115 secs using 2458% CPU
Identifying sites to remove: done in 0.000293881 secs using 1195% CPU
Identifying sites to remove: done in 0.00031694 secs using 2045% CPU
Identifying sites to remove: done in 0.000308752 secs using 1771% CPU
Identifying sites to remove: done in 0.000317477 secs using 720.4% CPU
Identifying sites to remove: done in 0.0003056 secs using 760.5% CPU
Identifying sites to remove: done in 0.000118695 secs using 1462% CPU
Identifying sites to remove: done in 0.000138342 secs using 469.8% CPU
Identifying sites to remove: done in 0.000141889 secs using 145.2% CPU
Identifying sites to remove: done in 0.000151992 secs using 98.69% CPU
Identifying sites to remove: done in 7.67559e-05 secs using 2707% CPU
Identifying sites to remove: done in 0.000220418 secs using 1140% CPU
Identifying sites to remove: done in 0.000178061 secs using 645.3% CPU
Identifying sites to remove: done in 0.00023897 secs using 154.4% CPU
Identifying sites to remove: done in 8.69706e-05 secs using 97.73% CPU
Identifying sites to remove: done in 0.00016816 secs using 5658% CPU
Identifying sites to remove: done in 0.000172704 secs using 6707% CPU
Identifying sites to remove: done in 0.00019934 secs using 5800% CPU
Identifying sites to remove: done in 0.000201389 secs using 5517% CPU
Identifying sites to remove: done in 0.000202529 secs using 5259% CPU
Identifying sites to remove: done in 0.000230074 secs using 3884% CPU
Identifying sites to remove: done in 0.000231892 secs using 4325% CPU
Identifying sites to remove: done in 0.000233017 secs using 4098% CPU
Identifying sites to remove: done in 0.000261478 secs using 2785% CPU
Identifying sites to remove: done in 0.00028336 secs using 1670% CPU
Identifying sites to remove: done in 0.000263035 secs using 2995% CPU
Identifying sites to remove: done in 0.000282452 secs using 1859% CPU
Identifying sites to remove: done in 0.000312723 secs using 1168% CPU
Identifying sites to remove: done in 0.000331081 secs using 2197% CPU
Identifying sites to remove: done in 0.000317194 secs using 1915% CPU
Identifying sites to remove: done in 0.000383817 secs using 1200% CPU
Identifying sites to remove: done in 0.000423901 secs using 1709% CPU
Identifying sites to remove: done in 0.000316024 secs using 2753% CPU
Identifying sites to remove: done in 0.000492208 secs using 2075% CPU
Identifying sites to remove: done in 0.000147834 secs using 630.4% CPU
Identifying sites to remove: done in 0.000198849 secs using 123.2% CPU
Identifying sites to remove: done in 0.000181101 secs using 98.84% CPU
Identifying sites to remove: done in 0.000176817 secs using 98.97% CPU
Identifying sites to remove: done in 0.000141568 secs using 98.89% CPU
Identifying sites to remove: done in 0.000199191 secs using 2936% CPU
Identifying sites to remove: done in 0.000191189 secs using 1694% CPU
Identifying sites to remove: done in 0.000122733 secs using 277.8% CPU
Identifying sites to remove: done in 0.000182077 secs using 4771% CPU
Identifying sites to remove: done in 0.000170454 secs using 3590% CPU
Identifying sites to remove: done in 0.000185683 secs using 3670% CPU
Identifying sites to remove: done in 7.91103e-05 secs using 260.4% CPU
Identifying sites to remove: done in 0.000202678 secs using 1660% CPU
Identifying sites to remove: done in 5.07087e-05 secs using 7859% CPU
Identifying sites to remove: done in 0.000114247 secs using 471.8% CPU
Identifying sites to remove: done in 0.000211477 secs using 3556% CPU
Identifying sites to remove: done in 0.000205107 secs using 1801% CPU
Identifying sites to remove: done in 0.000160396 secs using 8.755e+04% CPU
Identifying sites to remove: done in 8.70898e-05 secs using 165.3% CPU
Identifying sites to remove: done in 0.000167415 secs using 422.9% CPU
Identifying sites to remove: done in 0.000214547 secs using 1113% CPU
Identifying sites to remove: done in 0.000199452 secs using 1018% CPU
Identifying sites to remove: done in 0.000239648 secs using 972.7% CPU
Identifying sites to remove: done in 0.000210188 secs using 736% CPU
Identifying sites to remove: done in 0.000187695 secs using 138.5% CPU
Identifying sites to remove: done in 0.000196971 secs using 97.48% CPU
Identifying sites to remove: done in 0.000149116 secs using 1845% CPU
Identifying sites to remove: done in 0.000171818 secs using 131.5% CPU
Identifying sites to remove: done in 8.98838e-05 secs using 96.79% CPU
Identifying sites to remove: done in 0.000162683 secs using 98.97% CPU
Identifying sites to remove: done in 0.000171311 secs using 98.65% CPU
Identifying sites to remove: done in 7.28071e-05 secs using 347.5% CPU
Identifying sites to remove: done in 0.000272989 secs using 6.352e+04% CPU
Identifying sites to remove: done in 0.000207096 secs using 365% CPU
Identifying sites to remove: done in 0.00014928 secs using 268% CPU
Identifying sites to remove: done in 0.000198953 secs using 992.2% CPU
Identifying sites to remove: done in 0.000136517 secs using 98.89% CPU
Identifying sites to remove: done in 6.28904e-05 secs using 2.539e+04% CPU
Identifying sites to remove: done in 6.21155e-05 secs using 2.19e+04% CPU
Identifying sites to remove: done in 6.49244e-05 secs using 2.826e+04% CPU
Identifying sites to remove: done in 6.82101e-05 secs using 1.511e+04% CPU
Identifying sites to remove: done in 9.57772e-05 secs using 350.8% CPU
Identifying sites to remove: done in 9.83775e-05 secs using 5880% CPU
Identifying sites to remove: done in 9.66489e-05 secs using 5264% CPU
Identifying sites to remove: done in 0.000114135 secs using 2506% CPU
Identifying sites to remove: done in 6.41942e-05 secs using 1.687e+04% CPU
Identifying sites to remove: done in 0.000169322 secs using 4912% CPU
Identifying sites to remove: done in 6.75693e-05 secs using 1.954e+04% CPU
Identifying sites to remove: done in 4.36381e-05 secs using 531.6% CPU
Identifying sites to remove: done in 3.56957e-05 secs using 207.3% CPU
Identifying sites to remove: done in 3.5651e-05 secs using 7756% CPU
Identifying sites to remove: done in 6.8374e-05 secs using 703.5% CPU
Identifying sites to remove: done in 5.71832e-05 secs using 208.1% CPU
Identifying sites to remove: done in 2.9102e-05 secs using 92.78% CPU
Identifying sites to remove: done in 6.96331e-05 secs using 831.5% CPU
Identifying sites to remove: done in 2.57418e-05 secs using 93.23% CPU
Identifying sites to remove: done in 0.000121981 secs using 6036% CPU
Identifying sites to remove: done in 0.000171565 secs using 3481% CPU
Identifying sites to remove: done in 0.000190042 secs using 2673% CPU
Identifying sites to remove: done in 0.000192583 secs using 3059% CPU
Identifying sites to remove: done in 0.00018996 secs using 1808% CPU
Identifying sites to remove: done in 0.000233941 secs using 793.4% CPU
Identifying sites to remove: done in 0.000197954 secs using 167.2% CPU
Identifying sites to remove: done in 0.000138246 secs using 6826% CPU
Identifying sites to remove: done in 0.000224799 secs using 5.912e+04% CPU
Identifying sites to remove: done in 0.000219159 secs using 5.876e+04% CPU
Identifying sites to remove: done in 0.000234626 secs using 5.507e+04% CPU
Identifying sites to remove: done in 0.00019557 secs using 6.565e+04% CPU
Identifying sites to remove: done in 0.000226349 secs using 5.576e+04% CPU
Identifying sites to remove: done in 0.000176951 secs using 392.2% CPU
Identifying sites to remove: done in 0.000127032 secs using 640.8% CPU
Identifying sites to remove: done in 0.000173815 secs using 827.3% CPU
Identifying sites to remove: done in 0.000193648 secs using 632.6% CPU
Identifying sites to remove: done in 0.000188224 secs using 481.3% CPU
Identifying sites to remove: done in 0.000135891 secs using 137.6% CPU
Identifying sites to remove: done in 6.22198e-05 secs using 3.479e+04% CPU
Identifying sites to remove: done in 6.5133e-05 secs using 2.609e+04% CPU
Identifying sites to remove: done in 8.64416e-05 secs using 1.722e+04% CPU
Identifying sites to remove: done in 8.74922e-05 secs using 2.504e+04% CPU
Identifying sites to remove: done in 8.92282e-05 secs using 1.941e+04% CPU
Identifying sites to remove: done in 0.000124924 secs using 8200% CPU
Identifying sites to remove: done in 0.00012932 secs using 9833% CPU
Identifying sites to remove: done in 0.000127047 secs using 4351% CPU
Identifying sites to remove: done in 0.000157081 secs using 2098% CPU
Identifying sites to remove: done in 0.000190996 secs using 5673% CPU
Identifying sites to remove: done in 0.000120543 secs using 2652% CPU
Identifying sites to remove: done in 7.62567e-05 secs using 3651% CPU
Identifying sites to remove: done in 7.12276e-05 secs using 435.2% CPU
Identifying sites to remove: done in 6.52969e-05 secs using 3444% CPU
Identifying sites to remove: done in 8.88556e-05 secs using 8842% CPU
Identifying sites to remove: done in 9.56953e-05 secs using 3537% CPU
Identifying sites to remove: done in 8.55401e-05 secs using 579.8% CPU
Identifying sites to remove: done in 7.81566e-05 secs using 3093% CPU
Identifying sites to remove: done in 5.61252e-05 secs using 4522% CPU
Identifying sites to remove: done in 6.37174e-05 secs using 183.6% CPU
Identifying sites to remove: done in 4.82425e-05 secs using 97.42% CPU
Identifying sites to remove: done in 5.87553e-05 secs using 646.8% CPU
Identifying sites to remove: done in 7.30976e-05 secs using 764.7% CPU
Identifying sites to remove: done in 8.36253e-05 secs using 248.7% CPU

Analysis results written to: 
  IQ-TREE report:                avian20_Q_search.iqtree
  Maximum-likelihood tree:       avian20_Q_search.treefile
  Partition trees:               avian20_Q_search.parttrees
  Screen log file:               avian20_Q_search.log

Date and Time: Tue May  6 13:43:52 2025
