IQ-TREE multicore version 2.4.0 for Linux x86 64-bit built Mar 19 2025
Developed by Bui Quang Minh, Nguyen Lam Tung, Olga Chernomor, Heiko Schmidt,
Dominik Schrempf, Michael Woodhams, Ly Trong Nhan, Thomas Wong

Host:    dayhoff.uds.anu.edu.au (AVX2, FMA3, 1007 GB RAM)
Command: ../../../iqtree2 -s 5_concated.nex -Q Ascomycota5_Q_mf.best_model.nex -t Ascomycota5_Q_mf.treefile -bb 1000 --wbtl -T 21 -pre Ascomycota5_Q_search
Seed:    458074 (Using SPRNG - Scalable Parallel Random Number Generator)
Time:    Fri May  9 16:37:41 2025
Kernel:  AVX+FMA - 21 threads (22 CPU cores detected)

Reading partition model file Ascomycota5_Q_mf.best_model.nex ...
Reading alignment file 5_concated.nex ... Nexus format detected
Skipping unknown block (sets)...
WARNING: 8171 sites contain only gaps or ambiguous characters.
Alignment has 5 sequences with 270328 columns, 106611 distinct patterns
24146 parsimony-informative, 166695 singleton sites, 79487 constant sites
                             Gap/Ambiguity  Composition  p-value
Analyzing sequences: done in 0.0234948 secs using 608.8% CPU
   1  Huntiella_omanensis           16.48%    failed      0.00%
   2  Kazachstania_transvaalensis   18.08%    failed      0.00%
   3  Metschnikowia_bowlesiae       18.27%    failed      0.00%
   4  Saturnispora_silvae           24.16%    failed      0.00%
   5  Starmerella_apicola           32.88%    failed      0.00%
****  TOTAL                         21.97%  5 sequences failed composition chi2 test (p-value<5%; df=19)

Loading 228 partitions...
Identifying sites to remove: done in 0.000369877 secs using 99.49% CPU
Identifying sites to remove: done in 0.000636213 secs using 92.74% CPU
Identifying sites to remove: done in 0.000612691 secs using 93.03% CPU
Identifying sites to remove: done in 0.000361569 secs using 93.48% CPU
Identifying sites to remove: done in 0.00036598 secs using 94.27% CPU
Identifying sites to remove: done in 0.000686817 secs using 403.6% CPU
Identifying sites to remove: done in 0.000548802 secs using 99.12% CPU
Identifying sites to remove: done in 0.000881732 secs using 95.61% CPU
Identifying sites to remove: done in 0.000507951 secs using 99.81% CPU
Identifying sites to remove: done in 0.0012585 secs using 96.15% CPU
Identifying sites to remove: done in 0.000120141 secs using 99.05% CPU
Identifying sites to remove: done in 0.000173122 secs using 99.35% CPU
Identifying sites to remove: done in 0.000194572 secs using 99.71% CPU
Identifying sites to remove: done in 0.000504211 secs using 99.76% CPU
Identifying sites to remove: done in 0.000302613 secs using 99.8% CPU
Identifying sites to remove: done in 0.000139572 secs using 98.87% CPU
Identifying sites to remove: done in 0.000221938 secs using 99.13% CPU
Identifying sites to remove: done in 7.52211e-05 secs using 99.71% CPU
Identifying sites to remove: done in 0.000293501 secs using 96.08% CPU
Identifying sites to remove: done in 0.000288211 secs using 96.8% CPU
Identifying sites to remove: done in 0.000216357 secs using 96.6% CPU
Identifying sites to remove: done in 0.000169098 secs using 99.35% CPU
Identifying sites to remove: done in 0.000169359 secs using 99.2% CPU
Identifying sites to remove: done in 0.00023406 secs using 99.97% CPU
Identifying sites to remove: done in 0.000140637 secs using 99.55% CPU
Identifying sites to remove: done in 0.000264168 secs using 99.94% CPU
Identifying sites to remove: done in 0.000228398 secs using 99.39% CPU
Identifying sites to remove: done in 0.000175968 secs using 100% CPU
Identifying sites to remove: done in 0.000482544 secs using 99.89% CPU
Identifying sites to remove: done in 0.000150047 secs using 5.344e+04% CPU
Identifying sites to remove: done in 0.000219539 secs using 99.75% CPU
Identifying sites to remove: done in 0.000119679 secs using 98.6% CPU
Identifying sites to remove: done in 9.76101e-05 secs using 99.38% CPU
Identifying sites to remove: done in 0.000172183 secs using 96.99% CPU
Identifying sites to remove: done in 0.000175409 secs using 96.35% CPU
Identifying sites to remove: done in 7.84099e-05 secs using 96.93% CPU
Identifying sites to remove: done in 0.000127994 secs using 99.22% CPU
Identifying sites to remove: done in 0.000132471 secs using 99.64% CPU
Identifying sites to remove: done in 0.000139587 secs using 97.43% CPU
Identifying sites to remove: done in 0.000118829 secs using 95.94% CPU
Identifying sites to remove: done in 0.000196211 secs using 96.83% CPU
Identifying sites to remove: done in 0.000123151 secs using 95.82% CPU
Identifying sites to remove: done in 0.000118792 secs using 99.33% CPU
Identifying sites to remove: done in 0.000175841 secs using 99.52% CPU
Identifying sites to remove: done in 8.86694e-05 secs using 99.25% CPU
Identifying sites to remove: done in 0.000118196 secs using 98.99% CPU
Identifying sites to remove: done in 0.000145361 secs using 99.75% CPU
Identifying sites to remove: done in 0.000157043 secs using 99.97% CPU
Identifying sites to remove: done in 0.000156663 secs using 96.39% CPU
Identifying sites to remove: done in 0.000144437 secs using 96.93% CPU
Identifying sites to remove: done in 0.000130035 secs using 99.2% CPU
Identifying sites to remove: done in 3.78564e-05 secs using 97.74% CPU
Identifying sites to remove: done in 0.000121027 secs using 99.98% CPU
Identifying sites to remove: done in 0.000112526 secs using 98.64% CPU
Identifying sites to remove: done in 0.000105113 secs using 99.89% CPU
Identifying sites to remove: done in 0.000113688 secs using 99.39% CPU
Identifying sites to remove: done in 0.000243224 secs using 99.5% CPU
Identifying sites to remove: done in 0.000105299 secs using 98.77% CPU
Identifying sites to remove: done in 7.21216e-05 secs using 99.83% CPU
Subset	Type	Seqs	Sites	Infor	Invar	Model	Name
1	AA	5	4322	545	501	LG+F+R3{0.133827,0.115993,0.580891,0.736788,0.285282,1.95064}	GENE_EOG092D0072.nex
2	AA	5	2347	282	808	Q.YEAST+F+I{0.174266}+R2{0.55958,0.571441,0.266154,2.55579}	GENE_EOG092D00LL.nex
3	AA	5	2595	255	297	Q.YEAST+F+I{0.0233707}+G4{2.18931}	GENE_EOG092D0124.nex_GENE_EOG092D0JYM.nex
4	AA	5	2611	389	310	Q.YEAST+F+I{0.0281253}+G4{2.8852}	GENE_EOG092D01J4.nex
5	AA	5	2901	377	424	Q.YEAST+F+G4{1.73059}	GENE_EOG092D01QP.nex_GENE_EOG092D0PTK.nex
6	AA	5	1119	117	163	Q.YEAST+G4{3.20116}	GENE_EOG092D01WH.nex
7	AA	5	1795	280	688	Q.YEAST+F+I{0.152658}+G4{1.90686}	GENE_EOG092D01YA.nex_GENE_EOG092D2R1Y.nex
8	AA	5	1473	174	141	Q.YEAST+F+I{0.038775}+G4{2.42663}	GENE_EOG092D02MN.nex
9	AA	5	1354	156	359	Q.YEAST+F+G4{1.06655}	GENE_EOG092D02YC.nex_GENE_EOG092D2B2Y.nex
10	AA	5	2712	397	791	LG+F+I{0.142797}+R2{0.448601,0.475399,0.408602,1.92543}	GENE_EOG092D03AT.nex_GENE_EOG092D09TB.nex_GENE_EOG092D2HI6.nex
11	AA	5	1783	266	275	Q.PFAM+F+G4{2.32687}	GENE_EOG092D03HZ.nex
12	AA	3	1401	0	570	LG+F+G4{2.46392}	GENE_EOG092D041E.nex
WARNING: No parsimony-informative sites in partition GENE_EOG092D041E.nex
13	AA	5	1311	152	158	LG+F+I{0.0533348}+R2{0.270757,0.271105,0.675909,1.37089}	GENE_EOG092D042R.nex
14	AA	5	504	101	70	LG+F+G4{1.95271}	GENE_EOG092D0454.nex
15	AA	5	1979	219	360	Q.YEAST+F+I{0.0246756}+G4{2.9393}	GENE_EOG092D048Q.nex
16	AA	5	2027	153	510	LG+F+I{0.0826434}+G4{1.7609}	GENE_EOG092D04CD.nex_GENE_EOG092D0MFC.nex
17	AA	5	3953	95	1030	LG+F+I{0.0277591}+G4{2.41906}	GENE_EOG092D054H.nex_GENE_EOG092D0L00.nex_GENE_EOG092D1QPX.nex_GENE_EOG092D1RW7.nex_GENE_EOG092D3BUG.nex
18	AA	5	4264	76	1973	Q.PFAM+F+I{0.0228872}+G4{4.49511}	GENE_EOG092D0564.nex_GENE_EOG092D47B5.nex
19	AA	5	1238	161	147	LG+F+R2{0.205097,0.254474,0.794903,1.19236}	GENE_EOG092D056B.nex
20	AA	5	2806	107	572	LG+F+R2{0.228391,0.30164,0.771609,1.20671}	GENE_EOG092D0590.nex_GENE_EOG092D1I8J.nex_GENE_EOG092D1UL3.nex
21	AA	4	1210	58	202	RTREV+F+I{0.0741045}+G4{2.62143}	GENE_EOG092D05LP.nex
22	AA	5	1824	266	319	Q.YEAST+F+I{0.0611236}+G4{1.92647}	GENE_EOG092D05X9.nex_GENE_EOG092D0XEW.nex
23	AA	5	1839	248	732	LG+F+G4{0.755245}	GENE_EOG092D068O.nex_GENE_EOG092D1BU7.nex_GENE_EOG092D34RI.nex
24	AA	5	1485	89	526	Q.YEAST+F+I{0.105294}+G4{2.08892}	GENE_EOG092D069S.nex_GENE_EOG092D2UGI.nex
25	AA	3	1300	0	177	RTREV+F+I{0.0381488}	GENE_EOG092D06BS.nex
WARNING: No parsimony-informative sites in partition GENE_EOG092D06BS.nex
26	AA	5	2171	143	396	LG+F+G4{1.95594}	GENE_EOG092D06QZ.nex_GENE_EOG092D1I2I.nex_GENE_EOG092D3A58.nex
27	AA	4	373	18	84	Q.PFAM+F+I{0.138242}+G4{4.72459}	GENE_EOG092D06WH.nex
28	AA	5	1950	223	572	LG+F+I{0.122273}+G4{1.51573}	GENE_EOG092D076U.nex_GENE_EOG092D164Q.nex_GENE_EOG092D23UZ.nex
29	AA	4	525	29	101	WAG+F+I{0.0979729}+G4{3.91614}	GENE_EOG092D07D8.nex
30	AA	5	1533	167	624	Q.YEAST+F+R3{0.421657,0.0767177,0.491812,1.10284,0.0865307,4.91458}	GENE_EOG092D07JG.nex_GENE_EOG092D2G5H.nex
31	AA	5	1780	157	373	LG+F+I{0.0284017}+G4{3.68468}	GENE_EOG092D07ZP.nex_GENE_EOG092D0OMH.nex
32	AA	5	2042	170	911	LG+F+G4{0.843165}	GENE_EOG092D080M.nex_GENE_EOG092D1VPO.nex_GENE_EOG092D2RBH.nex
33	AA	5	1837	236	504	LG+F+I{0.112171}+G4{2.15853}	GENE_EOG092D08DO.nex_GENE_EOG092D3EJQ.nex_GENE_EOG092D3ZQD.nex
34	AA	5	1613	144	334	LG+F+I{0.0339796}+G4{1.73283}	GENE_EOG092D08HR.nex
35	AA	5	1566	212	295	LG+F+I{0.0480569}+G4{4.07865}	GENE_EOG092D0905.nex_GENE_EOG092D329B.nex
36	AA	5	2196	294	857	Q.YEAST+F+G4{0.910924}	GENE_EOG092D092M.nex_GENE_EOG092D0I6N.nex_GENE_EOG092D3VHN.nex
37	AA	5	2124	247	989	LG+F+G4{0.561409}	GENE_EOG092D0951.nex_GENE_EOG092D1BH6.nex_GENE_EOG092D2BJH.nex
38	AA	5	987	148	424	LG+G4{0.777451}	GENE_EOG092D09N2.nex
39	AA	5	1110	85	156	LG+F+R2{0.128431,0.131566,0.871569,1.12797}	GENE_EOG092D09PM.nex
40	AA	3	939	0	321	LG+F+G4{1.38831}	GENE_EOG092D09R6.nex
WARNING: No parsimony-informative sites in partition GENE_EOG092D09R6.nex
41	AA	4	1017	45	161	Q.YEAST+F+G4{2.37528}	GENE_EOG092D09SW.nex
42	AA	5	1858	167	342	Q.YEAST+F+I{0.0409829}+G4{3.15829}	GENE_EOG092D0AI2.nex_GENE_EOG092D1HN1.nex_GENE_EOG092D2BH7.nex
43	AA	4	2054	56	388	Q.YEAST+F+I{0.0122687}+G4{3.72651}	GENE_EOG092D0ANR.nex
44	AA	5	2192	235	530	LG+F+I{0.0641973}+G4{1.68343}	GENE_EOG092D0B03.nex_GENE_EOG092D1H8I.nex_GENE_EOG092D1H9Y.nex
45	AA	4	1095	67	242	Q.YEAST+F+R2{0.286008,0.210498,0.713992,1.31625}	GENE_EOG092D0BFU.nex
46	AA	5	2959	347	1052	LG+F+I{0.150284}+G4{1.30135}	GENE_EOG092D0BHJ.nex_GENE_EOG092D0O5Q.nex_GENE_EOG092D1SW4.nex_GENE_EOG092D2DAM.nex_GENE_EOG092D2W4H.nex_GENE_EOG092D3CSS.nex
47	AA	5	2780	308	1127	LG+F+I{0.161773}+G4{1.33708}	GENE_EOG092D0BMY.nex_GENE_EOG092D0LL2.nex_GENE_EOG092D1NW2.nex_GENE_EOG092D2M1W.nex
48	AA	5	1419	154	697	LG+F+G4{0.48928}	GENE_EOG092D0BYJ.nex_GENE_EOG092D27I5.nex
49	AA	5	1470	133	214	LG+F+I{0.0200882}+G4{3.65176}	GENE_EOG092D0CTT.nex
50	AA	5	904	161	188	Q.YEAST+I{0.0776969}+G4{1.60051}	GENE_EOG092D0CUX.nex
51	AA	5	1388	191	170	LG+F+I{0.0323457}+G4{3.57131}	GENE_EOG092D0DYZ.nex_GENE_EOG092D2IG4.nex
52	AA	5	1406	120	403	RTREV+F+I{0.0307975}+R2{0.321515,0.37093,0.647687,1.35982}	GENE_EOG092D0E4N.nex_GENE_EOG092D4KGF.nex
53	AA	5	1647	172	236	LG+F+I{0.0279604}+G4{2.79414}	GENE_EOG092D0EC9.nex
54	AA	5	956	137	246	Q.YEAST+F+G4{1.12563}	GENE_EOG092D0EGX.nex
55	AA	5	639	105	46	Q.YEAST+F+R2{0.257712,0.357387,0.742288,1.22311}	GENE_EOG092D0EMK.nex
56	AA	5	2596	242	411	Q.YEAST+F+I{0.011075}+G4{3.71147}	GENE_EOG092D0EUY.nex_GENE_EOG092D0HR5.nex_GENE_EOG092D16KC.nex
57	AA	5	1621	0	433	Q.YEAST+F+G4{2.4045}	GENE_EOG092D0F10.nex_GENE_EOG092D430X.nex
WARNING: No parsimony-informative sites in partition GENE_EOG092D0F10.nex_GENE_EOG092D430X.nex
58	AA	5	2295	269	435	LG+F+I{0.0279494}+G4{2.4079}	GENE_EOG092D0FF8.nex_GENE_EOG092D10OW.nex_GENE_EOG092D1Q04.nex
59	AA	5	729	102	114	LG+F+I{0.0815904}+R2{0.40928,0.387728,0.50913,1.65245}	GENE_EOG092D0FQ1.nex
60	AA	5	2989	235	830	LG+F+I{0.0587833}+G4{1.78014}	GENE_EOG092D0FXM.nex_GENE_EOG092D0Q8X.nex_GENE_EOG092D0VMZ.nex_GENE_EOG092D3V2Z.nex
61	AA	5	2968	261	925	LG+F+G4{1.92909}	GENE_EOG092D0GJX.nex_GENE_EOG092D13K4.nex_GENE_EOG092D383L.nex
62	AA	5	1339	124	261	Q.YEAST+F+I{0.0610655}+R2{0.346081,0.404989,0.592853,1.45034}	GENE_EOG092D0GS4.nex_GENE_EOG092D3IJD.nex
63	AA	5	2558	140	900	LG+F+I{0.140386}+G4{2.15243}	GENE_EOG092D0HBI.nex_GENE_EOG092D0PHK.nex_GENE_EOG092D2A2K.nex
64	AA	5	1578	156	494	LG+F+I{0.100473}+R2{0.406007,0.39031,0.493521,1.70516}	GENE_EOG092D0HE1.nex_GENE_EOG092D2E2U.nex
65	AA	5	689	122	142	LG+I{0.0752525}+G4{2.1615}	GENE_EOG092D0HKD.nex
66	AA	5	2611	238	693	Q.PFAM+F+R2{0.304543,0.210574,0.695457,1.34569}	GENE_EOG092D0HUI.nex_GENE_EOG092D0YYX.nex_GENE_EOG092D35VJ.nex_GENE_EOG092D41CK.nex
67	AA	5	1368	98	511	Q.YEAST+F+G4{0.772762}	GENE_EOG092D0IC1.nex_GENE_EOG092D13SA.nex
68	AA	5	1374	22	356	Q.YEAST+I{0.0524898}+G4{3.59926}	GENE_EOG092D0ITM.nex_GENE_EOG092D3Z6V.nex
69	AA	5	2274	260	1213	LG+F+G4{0.543831}	GENE_EOG092D0IU7.nex_GENE_EOG092D22TL.nex_GENE_EOG092D27ZM.nex_GENE_EOG092D2ASD.nex_GENE_EOG092D2LER.nex
70	AA	5	2102	140	852	LG+F+G4{0.815375}	GENE_EOG092D0J6Y.nex_GENE_EOG092D1FGG.nex_GENE_EOG092D2502.nex_GENE_EOG092D2UBG.nex
71	AA	4	2424	41	548	LG+F+I{0.0171535}+G4{4.42883}	GENE_EOG092D0JFU.nex_GENE_EOG092D0S5N.nex_GENE_EOG092D24W9.nex
72	AA	5	1941	263	555	Q.YEAST+F+G4{1.44712}	GENE_EOG092D0KIC.nex_GENE_EOG092D1NX0.nex_GENE_EOG092D2RP6.nex
73	AA	5	1096	132	181	LG+F+I{0.0410026}+G4{2.10369}	GENE_EOG092D0KTI.nex
74	AA	5	1580	185	613	LG+F+I{0.227714}+G4{1.6499}	GENE_EOG092D0LJK.nex_GENE_EOG092D0UX9.nex
75	AA	5	1307	209	224	Q.YEAST+F+I{0.0555811}+G4{2.26254}	GENE_EOG092D0LJL.nex_GENE_EOG092D25D9.nex
76	AA	5	1508	155	306	LG+F+R2{0.319257,0.244123,0.680743,1.35449}	GENE_EOG092D0LVZ.nex_GENE_EOG092D1YB4.nex_GENE_EOG092D23EJ.nex
77	AA	5	615	87	39	LG+F+G4{2.63228}	GENE_EOG092D0M7O.nex
78	AA	3	1034	0	1034	Q.YEAST	GENE_EOG092D0NEP.nex
WARNING: No variant sites in partition GENE_EOG092D0NEP.nex
79	AA	5	1300	126	426	Q.PFAM+F+R2{0.417957,0.201002,0.582043,1.57375}	GENE_EOG092D0NJO.nex_GENE_EOG092D3HVD.nex
80	AA	4	670	35	310	WAG+I{0.283589}	GENE_EOG092D0NUZ.nex
81	AA	5	1635	50	567	Q.PFAM+F+G4{1.27874}	GENE_EOG092D0OAE.nex_GENE_EOG092D310Y.nex
82	AA	3	822	0	320	Q.YEAST+F+G4{2.23303}	GENE_EOG092D0OJS.nex
WARNING: No parsimony-informative sites in partition GENE_EOG092D0OJS.nex
83	AA	5	627	66	300	LG+I{0.277687}+R2{0.547361,0.653987,0.174952,3.66976}	GENE_EOG092D0OOP.nex
84	AA	5	2041	249	404	Q.PFAM+F+R2{0.332296,0.264592,0.667704,1.36599}	GENE_EOG092D0OYE.nex_GENE_EOG092D0VF1.nex_GENE_EOG092D2O0K.nex_GENE_EOG092D2QYY.nex
85	AA	5	991	98	70	Q.YEAST+F+I{0.0210389}+G4{3.4026}	GENE_EOG092D0P0O.nex
86	AA	5	1127	129	401	Q.YEAST+F+I{0.100048}+G4{2.05482}	GENE_EOG092D0PER.nex
87	AA	4	1742	0	493	LG+F+G4{4.59676}	GENE_EOG092D0PK7.nex_GENE_EOG092D14CG.nex_GENE_EOG092D3NFG.nex
WARNING: No parsimony-informative sites in partition GENE_EOG092D0PK7.nex_GENE_EOG092D14CG.nex_GENE_EOG092D3NFG.nex
88	AA	4	1283	68	331	Q.PFAM+F+I{0.0289274}+G4{2.82456}	GENE_EOG092D0Q00.nex
89	AA	3	685	0	223	Q.YEAST+F+G4{2.11659}	GENE_EOG092D0QW3.nex
WARNING: No parsimony-informative sites in partition GENE_EOG092D0QW3.nex
90	AA	5	857	53	299	LG+F+I{0.0702457}+G4{3.50501}	GENE_EOG092D0R62.nex
91	AA	4	635	19	134	LG+F+I{0.0659505}+G4{5.62489}	GENE_EOG092D0R9A.nex
92	AA	5	1553	165	705	LG+R3{0.46784,0.115048,0.501067,1.10275,0.0310929,12.6597}	GENE_EOG092D0SNY.nex_GENE_EOG092D1KRH.nex_GENE_EOG092D2D7L.nex_GENE_EOG092D2RFR.nex
93	AA	5	1334	143	746	Q.YEAST+F+I{0.411414}+R2{0.545769,1.29231,0.042817,6.88266}	GENE_EOG092D0SSQ.nex_GENE_EOG092D1VPG.nex_GENE_EOG092D25DG.nex
94	AA	3	816	0	816	LG+F	GENE_EOG092D0T1H.nex
WARNING: No variant sites in partition GENE_EOG092D0T1H.nex
95	AA	5	1366	121	437	LG+F+I{0.13343}+G4{1.93079}	GENE_EOG092D0T75.nex_GENE_EOG092D0YSG.nex
96	AA	5	1171	176	258	Q.YEAST+F+I{0.0806549}+G4{2.34047}	GENE_EOG092D0T8J.nex_GENE_EOG092D2VEY.nex
97	AA	5	1053	94	316	LG+F+G4{1.66683}	GENE_EOG092D0UBQ.nex_GENE_EOG092D3FDW.nex
98	AA	5	772	85	211	WAG+I{0.168171}+G4{4.58173}	GENE_EOG092D0UFO.nex
99	AA	5	1347	177	513	LG+G4{0.869837}	GENE_EOG092D0UJA.nex_GENE_EOG092D12N2.nex_GENE_EOG092D2LX2.nex
100	AA	5	2950	183	1106	LG+F+I{0.103338}+G4{1.59275}	GENE_EOG092D0ULK.nex_GENE_EOG092D1T7G.nex_GENE_EOG092D1W7D.nex_GENE_EOG092D1ZGE.nex
101	AA	5	1095	176	288	LG+I{0.0755713}+G4{1.71993}	GENE_EOG092D0V4E.nex_GENE_EOG092D33G3.nex
102	AA	5	1566	154	539	LG+F+I{0.119966}+G4{1.7139}	GENE_EOG092D0WLP.nex_GENE_EOG092D1BAU.nex
103	AA	5	1551	239	290	Q.YEAST+R3{0.204523,0.151406,0.631002,0.767491,0.164475,2.94723}	GENE_EOG092D0XB4.nex_GENE_EOG092D1ODU.nex_GENE_EOG092D2MZB.nex
104	AA	4	1037	35	229	LG+F+G4{3.37384}	GENE_EOG092D0XCU.nex
105	AA	5	1041	185	173	Q.YEAST+F+G4{1.76389}	GENE_EOG092D0YQS.nex_GENE_EOG092D3PY2.nex
106	AA	5	734	48	228	LG+F+I{0.137512}+G4{4.34149}	GENE_EOG092D0ZAJ.nex_GENE_EOG092D2IC5.nex
107	AA	5	1609	222	357	LG+F+I{0.0662136}+G4{2.19909}	GENE_EOG092D10DF.nex_GENE_EOG092D26GB.nex_GENE_EOG092D2DNW.nex
108	AA	5	2162	248	519	LG+F+I{0.0795681}+G4{1.54252}	GENE_EOG092D10GL.nex_GENE_EOG092D12AA.nex_GENE_EOG092D1KTN.nex_GENE_EOG092D29YU.nex
109	AA	5	2960	438	973	Q.YEAST+F+I{0.140506}+G4{2.24023}	GENE_EOG092D10UA.nex_GENE_EOG092D11OI.nex_GENE_EOG092D19T7.nex_GENE_EOG092D2YQC.nex
110	AA	5	1034	116	425	LG+G4{0.979967}	GENE_EOG092D10XC.nex_GENE_EOG092D3ETT.nex
111	AA	5	928	97	454	LG+F+R2{0.614062,0.218534,0.385938,2.24339}	GENE_EOG092D11XU.nex_GENE_EOG092D2CAF.nex
112	AA	5	2450	221	1503	LG+F+G4{0.509843}	GENE_EOG092D12CU.nex_GENE_EOG092D1HUK.nex_GENE_EOG092D1YWG.nex_GENE_EOG092D23QW.nex_GENE_EOG092D28HS.nex
113	AA	5	2573	155	782	LG+F+G4{1.72376}	GENE_EOG092D12VX.nex_GENE_EOG092D1TC1.nex_GENE_EOG092D2C76.nex_GENE_EOG092D3039.nex
114	AA	4	974	45	188	Q.YEAST+F+G4{2.10842}	GENE_EOG092D12Y0.nex
115	AA	5	993	136	424	LG+G4{0.764778}	GENE_EOG092D13QH.nex_GENE_EOG092D1GCX.nex
116	AA	4	671	36	130	Q.YEAST+F+I{0.0363965}+G4{2.08421}	GENE_EOG092D13U3.nex
117	AA	5	1232	145	161	Q.YEAST+F+I{0.0387282}+G4{2.60167}	GENE_EOG092D14XV.nex_GENE_EOG092D3ASB.nex
118	AA	5	3064	28	1287	Q.PFAM+F+I{0.0585267}+G4{3.29806}	GENE_EOG092D16LD.nex_GENE_EOG092D1TP5.nex_GENE_EOG092D2VYQ.nex_GENE_EOG092D3PF3.nex
119	AA	5	881	149	121	LG+F+R2{0.269157,0.238421,0.730843,1.28048}	GENE_EOG092D16QM.nex_GENE_EOG092D1VKT.nex
120	AA	5	603	65	226	LG+G4{0.684823}	GENE_EOG092D16QX.nex
121	AA	5	627	54	54	Q.YEAST+F+R2{0.314935,0.277532,0.685065,1.33213}	GENE_EOG092D1718.nex
122	AA	4	547	29	112	Q.YEAST+R3{0.318407,0.122125,0.598988,0.533805,0.082605,7.76433}	GENE_EOG092D182U.nex
123	AA	5	2204	186	644	LG+F+I{0.0748794}+G4{2.23876}	GENE_EOG092D18RK.nex_GENE_EOG092D1QLG.nex_GENE_EOG092D20HF.nex
124	AA	3	606	0	230	VT+I{0.0426881}	GENE_EOG092D18SO.nex
WARNING: No parsimony-informative sites in partition GENE_EOG092D18SO.nex
125	AA	5	903	89	579	RTREV+F+G4{0.40827}	GENE_EOG092D19VF.nex_GENE_EOG092D2NES.nex
126	AA	5	506	86	85	LG+F+G4{1.41184}	GENE_EOG092D1A1J.nex
127	AA	5	508	39	78	LG+F+I{0.0857172}+G4{1.76457}	GENE_EOG092D1AQR.nex
128	AA	4	812	29	208	Q.PFAM+F+G4{1.87127}	GENE_EOG092D1AZP.nex
129	AA	3	635	0	152	Q.PFAM+F+G4{4.39088}	GENE_EOG092D1B2T.nex
WARNING: No parsimony-informative sites in partition GENE_EOG092D1B2T.nex
130	AA	5	971	94	437	Q.YEAST+F+G4{0.482146}	GENE_EOG092D1CJS.nex_GENE_EOG092D1YZO.nex
131	AA	5	1558	183	664	LG+F+I{0.184175}+G4{1.33902}	GENE_EOG092D1CKF.nex_GENE_EOG092D1JIT.nex_GENE_EOG092D1ZEJ.nex
132	AA	4	1178	20	477	LG+F+G4{1.31313}	GENE_EOG092D1CLY.nex_GENE_EOG092D2AZW.nex
133	AA	4	777	15	247	Q.YEAST+F+G4{2.72295}	GENE_EOG092D1CX4.nex
134	AA	5	767	107	195	LG+I{0.150866}+R2{0.690768,0.747426,0.158366,3.05434}	GENE_EOG092D1EK2.nex_GENE_EOG092D2A7Q.nex
135	AA	5	1554	147	602	RTREV+F+I{0.108691}+G4{2.7888}	GENE_EOG092D1G5D.nex_GENE_EOG092D3FYF.nex_GENE_EOG092D3WBP.nex
136	AA	5	1030	145	216	Q.YEAST+F+I{0.0933997}+G4{1.70786}	GENE_EOG092D1GUU.nex_GENE_EOG092D1Q7K.nex
137	AA	5	685	121	124	LG+F+G4{1.64529}	GENE_EOG092D1HB6.nex
138	AA	5	658	65	223	LG+F+I{0.144318}+R2{0.307549,0.37551,0.548133,1.61368}	GENE_EOG092D1HYF.nex
139	AA	4	706	10	303	WAG+F+G4{3.59817}	GENE_EOG092D1J1B.nex
140	AA	5	1794	260	495	LG+F+I{0.0923155}+G4{1.99528}	GENE_EOG092D1JY2.nex_GENE_EOG092D1ODS.nex_GENE_EOG092D2B4A.nex_GENE_EOG092D38RE.nex
141	AA	5	617	107	184	Q.PFAM+F+I{0.101033}+G4{2.34213}	GENE_EOG092D1KWA.nex
142	AA	4	1715	81	233	Q.YEAST+F+I{0.0214094}+G4{3.21548}	GENE_EOG092D1LC1.nex_GENE_EOG092D2COI.nex
143	AA	5	701	62	300	Q.PFAM+F+I{0.0629244}+G4{2.27874}	GENE_EOG092D1LJK.nex
144	AA	4	529	32	161	LG+F+I{0.104197}	GENE_EOG092D1LYU.nex
145	AA	5	977	109	318	Q.YEAST+F+I{0.123849}+G4{1.72325}	GENE_EOG092D1M7G.nex_GENE_EOG092D3LLM.nex
146	AA	5	977	100	669	LG+I{0.392352}+G4{0.807726}	GENE_EOG092D1MQ6.nex_GENE_EOG092D29KI.nex
147	AA	5	720	104	249	LG+F+I{0.145664}+R2{0.375073,0.391052,0.479264,1.7805}	GENE_EOG092D1NDG.nex_GENE_EOG092D3QR7.nex
148	AA	3	824	0	165	Q.YEAST+F+R2{0.222493,0.25103,0.777507,1.21433}	GENE_EOG092D1OL9.nex
WARNING: No parsimony-informative sites in partition GENE_EOG092D1OL9.nex
149	AA	4	561	19	230	LG+F+G4{0.80259}	GENE_EOG092D1OV6.nex
150	AA	4	301	14	61	RTREV+F+G4{3.7057}	GENE_EOG092D1Q2Q.nex
151	AA	5	726	76	265	LG+F+G4{1.07093}	GENE_EOG092D1Q5G.nex_GENE_EOG092D2W7U.nex
152	AA	4	595	26	60	LG+G4{3.04958}	GENE_EOG092D1Q94.nex
153	AA	5	473	75	183	Q.YEAST+F+G4{1.02704}	GENE_EOG092D1QZ9.nex
154	AA	5	1441	159	382	Q.YEAST+F+I{0.0602944}+G4{2.29469}	GENE_EOG092D1R2W.nex_GENE_EOG092D4JU7.nex
155	AA	4	602	31	74	Q.YEAST+F+I{0.0269015}+G4{4.6144}	GENE_EOG092D1RSN.nex
156	AA	4	406	25	162	LG+I{0.286455}+G4{3.88068}	GENE_EOG092D1SC1.nex
157	AA	5	909	120	306	LG+F+I{0.110756}+G4{1.2598}	GENE_EOG092D1SLW.nex_GENE_EOG092D1ZEW.nex
158	AA	5	554	67	98	Q.PFAM+F+R2{0.175739,0.18583,0.824261,1.17359}	GENE_EOG092D1UCZ.nex
159	AA	5	1417	26	789	LG+F+G4{2.38874}	GENE_EOG092D1UOB.nex_GENE_EOG092D2QY5.nex
160	AA	5	751	52	485	LG+G4{0.46641}	GENE_EOG092D1UVP.nex_GENE_EOG092D1VUE.nex
161	AA	5	780	80	176	Q.YEAST+F+I{0.106459}+R2{0.491338,0.404852,0.402202,1.99174}	GENE_EOG092D1VHG.nex_GENE_EOG092D28JA.nex
162	AA	4	437	15	91	BLOSUM62+F	GENE_EOG092D1VHP.nex
163	AA	3	609	0	357	WAG+F+I{0.259241}	GENE_EOG092D1W8I.nex
WARNING: No parsimony-informative sites in partition GENE_EOG092D1W8I.nex
164	AA	5	498	40	72	DAYHOFF+F+R2{0.0924035,0.0584169,0.907596,1.09586}	GENE_EOG092D1Z45.nex
165	AA	5	337	49	100	LG+I{0.165214}+G4{1.54656}	GENE_EOG092D1ZWB.nex
166	AA	5	1216	12	576	LG+F+G4{2.14773}	GENE_EOG092D20CT.nex_GENE_EOG092D3OPM.nex
167	AA	5	536	25	197	LG+F+G4{1.44019}	GENE_EOG092D23WM.nex
168	AA	4	505	26	163	LG+F+R2{0.431468,0.178899,0.568532,1.62315}	GENE_EOG092D24ND.nex
169	AA	3	444	0	155	Q.PFAM+F+I{0.109554}	GENE_EOG092D24YM.nex
WARNING: No parsimony-informative sites in partition GENE_EOG092D24YM.nex
170	AA	5	508	57	121	LG+I{0.110426}+G4{3.15308}	GENE_EOG092D27O3.nex
171	AA	5	593	42	207	Q.YEAST+I{0.159801}+R2{0.301316,0.335108,0.538883,1.66832}	GENE_EOG092D27RI.nex
172	AA	5	340	50	95	LG+F+G4{1.00818}	GENE_EOG092D27Y2.nex
173	AA	5	1098	117	356	Q.YEAST+F+I{0.125757}+G4{2.56685}	GENE_EOG092D29J0.nex_GENE_EOG092D2PJJ.nex
174	AA	4	621	18	89	LG+F+I{0.0306462}+G4{2.87787}	GENE_EOG092D2A51.nex
175	AA	4	580	18	168	RTREV+F+I{0.0519571}+G4{3.94472}	GENE_EOG092D2AME.nex
176	AA	5	440	55	94	LG+I{0.0335778}+G4{3.5675}	GENE_EOG092D2APH.nex
177	AA	5	449	62	45	Q.YEAST+F+I{0.0283766}+G4{1.98591}	GENE_EOG092D2AWS.nex
178	AA	5	1358	116	513	LG+F+G4{1.14618}	GENE_EOG092D2DQ7.nex_GENE_EOG092D31X5.nex_GENE_EOG092D3D9K.nex
179	AA	3	449	0	89	Q.YEAST+F+G4{1.95893}	GENE_EOG092D2ERC.nex
WARNING: No parsimony-informative sites in partition GENE_EOG092D2ERC.nex
180	AA	5	1248	129	297	LG+I{0.0696791}+G4{1.85438}	GENE_EOG092D2GPJ.nex_GENE_EOG092D3NOC.nex_GENE_EOG092D4CP0.nex
181	AA	4	627	29	175	Q.YEAST+F+G4{1.30995}	GENE_EOG092D2GVZ.nex
182	AA	5	400	50	193	WAG+I{0.385007}	GENE_EOG092D2ICY.nex
183	AA	5	1509	61	386	LG+F+I{0.0157453}+G4{3.62088}	GENE_EOG092D2KKF.nex
184	AA	5	429	55	97	LG+I{0.123528}+G4{2.55404}	GENE_EOG092D2KS9.nex
185	AA	5	446	57	67	Q.PFAM+F+G4{1.85953}	GENE_EOG092D2LES.nex
186	AA	5	806	109	145	Q.YEAST+I{0.0640728}+G4{2.68605}	GENE_EOG092D2MH0.nex_GENE_EOG092D2OSF.nex
187	AA	5	827	57	184	RTREV+F+I{0.0722704}+G4{1.72289}	GENE_EOG092D2O8B.nex_GENE_EOG092D4B4O.nex
188	AA	3	367	0	212	LG+F+G4{1.1384}	GENE_EOG092D2Q04.nex
WARNING: No parsimony-informative sites in partition GENE_EOG092D2Q04.nex
189	AA	5	300	38	114	LG+F+G4{0.926308}	GENE_EOG092D2RAL.nex
190	AA	5	319	36	106	Q.INSECT+G4{0.966632}	GENE_EOG092D2RFS.nex
191	AA	5	1428	199	556	LG+F+G4{0.834024}	GENE_EOG092D2RJ9.nex_GENE_EOG092D2U1L.nex_GENE_EOG092D3ALG.nex_GENE_EOG092D3EJG.nex
192	AA	5	573	74	170	LG+F+R2{0.459454,0.183294,0.540546,1.69418}	GENE_EOG092D2RJR.nex
193	AA	5	864	71	179	RTREV+F+I{0.0340599}+G4{2.25905}	GENE_EOG092D2SZZ.nex_GENE_EOG092D2X9K.nex
194	AA	4	371	12	101	WAG+F	GENE_EOG092D2VBX.nex
195	AA	4	511	18	108	Q.YEAST+F+G4{1.81978}	GENE_EOG092D2WL3.nex
196	AA	4	507	19	100	Q.PFAM+F+G4{2.38197}	GENE_EOG092D2XBR.nex
197	AA	5	616	83	160	LG+R2{0.458455,0.266689,0.541545,1.6208}	GENE_EOG092D2XOE.nex
198	AA	5	1040	105	149	Q.YEAST+F+R2{0.275534,0.259629,0.724466,1.28158}	GENE_EOG092D2XS7.nex_GENE_EOG092D2Z0K.nex
199	AA	5	883	92	189	Q.PFAM+F+I{0.0318161}+G4{5.21469}	GENE_EOG092D2YAG.nex_GENE_EOG092D3IQI.nex
200	AA	4	453	12	44	Q.YEAST+F+I{0.0438243}+G4{3.50329}	GENE_EOG092D2YOQ.nex
201	AA	5	401	60	83	LG+F+G4{2.39058}	GENE_EOG092D30CB.nex
202	AA	5	904	96	225	RTREV+F+I{0.0604971}+G4{2.73627}	GENE_EOG092D31Z3.nex_GENE_EOG092D3D5H.nex
203	AA	5	400	67	58	LG+F+R2{0.30523,0.285142,0.69477,1.31405}	GENE_EOG092D33FU.nex
204	AA	3	601	0	216	Q.YEAST+F+G4{1.75454}	GENE_EOG092D34V3.nex
WARNING: No parsimony-informative sites in partition GENE_EOG092D34V3.nex
205	AA	5	391	54	95	LG+I{0.148405}+G4{1.34167}	GENE_EOG092D357K.nex
206	AA	5	718	66	263	WAG+F+I{0.124366}+G4{6.44126}	GENE_EOG092D38PJ.nex_GENE_EOG092D3HE2.nex
207	AA	5	486	88	67	Q.YEAST+F+G4{1.87035}	GENE_EOG092D3942.nex
208	AA	5	471	47	108	Q.YEAST+F+R2{0.370232,0.215188,0.629768,1.46138}	GENE_EOG092D3B56.nex
209	AA	5	566	43	222	Q.YEAST+F+I{0.125413}	GENE_EOG092D3D0W.nex
210	AA	5	820	40	230	LG+R2{0.547685,0.413951,0.452315,1.70962}	GENE_EOG092D3DOE.nex_GENE_EOG092D4D32.nex
211	AA	5	336	45	46	LG+I{0.0577416}+G4{4.75879}	GENE_EOG092D3ECY.nex
212	AA	5	577	30	248	WAG+F+I{0.122301}+G4{2.12973}	GENE_EOG092D3EQH.nex
213	AA	4	469	13	111	Q.YEAST+F+R2{0.249094,0.230908,0.750906,1.25513}	GENE_EOG092D3HBU.nex
214	AA	3	327	0	327	LG+F	GENE_EOG092D3HV9.nex
WARNING: No variant sites in partition GENE_EOG092D3HV9.nex
215	AA	4	452	17	140	Q.YEAST+F+I{0.117883}	GENE_EOG092D3IVF.nex
216	AA	3	305	0	60	LG+F+G4{1.82696}	GENE_EOG092D3K5U.nex
WARNING: No parsimony-informative sites in partition GENE_EOG092D3K5U.nex
217	AA	5	515	59	235	RTREV+F+I{0.150011}	GENE_EOG092D3KF0.nex
218	AA	5	361	60	140	RTREV+F+I{0.14392}+G4{4.03013}	GENE_EOG092D3LD3.nex
219	AA	3	398	0	106	Q.YEAST+F+G4{1.38187}	GENE_EOG092D3M40.nex
WARNING: No parsimony-informative sites in partition GENE_EOG092D3M40.nex
220	AA	4	369	16	43	LG+F+I{0.028322}	GENE_EOG092D3NQF.nex
221	AA	5	643	66	146	Q.YEAST+F+I{0.0841168}+G4{2.10679}	GENE_EOG092D3NXJ.nex
222	AA	3	1427	0	906	Q.YEAST+F+G4{3.80121}	GENE_EOG092D3QQQ.nex
WARNING: No parsimony-informative sites in partition GENE_EOG092D3QQQ.nex
223	AA	4	320	12	97	LG+G4{1.22559}	GENE_EOG092D3R6Y.nex
224	AA	5	345	26	163	JTT+F+G4{0.716474}	GENE_EOG092D3WSA.nex
225	AA	3	318	0	116	Q.YEAST+F+I{0.0765616}	GENE_EOG092D3YU3.nex
WARNING: No parsimony-informative sites in partition GENE_EOG092D3YU3.nex
226	AA	5	326	42	70	Q.YEAST+F+I{0.0835752}+G4{4.15432}	GENE_EOG092D4145.nex
227	AA	5	397	36	110	Q.YEAST+F+I{0.0511348}+R2{0.573529,0.28119,0.375336,2.23461}	GENE_EOG092D4EV2.nex
228	AA	5	327	21	122	Q.PFAM+F+R2{0.209957,0.150239,0.790043,1.22583}	GENE_EOG092D4FU5.nex
Degree of missing data: 0.044
Info: multi-threading strategy over partitions
WARNING: States(s) C rarely appear in partition GENE_EOG092D4EV2.nex and may cause numerical problems
Reading input tree file Ascomycota5_Q_mf.treefile ...
Generating 1000 samples for ultrafast bootstrap (seed: 458074)...
WARNING: Normalizing category proportions so that sum of them equals to 1
WARNING: Normalizing category proportions so that sum of them equals to 1
WARNING: Normalizing category proportions so that sum of them equals to 1
WARNING: Normalizing category proportions so that sum of them equals to 1
WARNING: Normalizing category proportions so that sum of them equals to 1
WARNING: Normalizing category proportions so that sum of them equals to 1
WARNING: Normalizing category proportions so that sum of them equals to 1
WARNING: Normalizing category proportions so that sum of them equals to 1
WARNING: Normalizing category proportions so that sum of them equals to 1
WARNING: Normalizing category proportions so that sum of them equals to 1
WARNING: Normalizing category proportions so that sum of them equals to 1
WARNING: Normalizing category proportions so that sum of them equals to 1
WARNING: Normalizing category proportions so that sum of them equals to 1
WARNING: Normalizing category proportions so that sum of them equals to 1
WARNING: Normalizing category proportions so that sum of them equals to 1

NOTE: 1263 MB RAM (1 GB) is required!
Estimate model parameters (epsilon = 0.100)
Partition GENE_EOG092D03AT.nex_GENE_EOG092D09TB.nex_GENE_EOG092D2HI6.nex / Model: LG+F+I+R2 / df: 26 / LogL: -25204.339
Partition GENE_EOG092D0HUI.nex_GENE_EOG092D0YYX.nex_GENE_EOG092D35VJ.nex_GENE_EOG092D41CK.nex / Model: Q.PFAM+F+R2 / df: 26 / LogL: -21953.170
Partition GENE_EOG092D0590.nex_GENE_EOG092D1I8J.nex_GENE_EOG092D1UL3.nex / Model: LG+F+R2 / df: 26 / LogL: -23045.327
Partition GENE_EOG092D10UA.nex_GENE_EOG092D11OI.nex_GENE_EOG092D19T7.nex_GENE_EOG092D2YQC.nex / Model: Q.YEAST+F+I+G4 / df: 26 / LogL: -24997.645
Partition GENE_EOG092D0EUY.nex_GENE_EOG092D0HR5.nex_GENE_EOG092D16KC.nex / Model: Q.YEAST+F+I+G4 / df: 26 / LogL: -25353.716
Partition GENE_EOG092D0BHJ.nex_GENE_EOG092D0O5Q.nex_GENE_EOG092D1SW4.nex_GENE_EOG092D2DAM.nex_GENE_EOG092D2W4H.nex_GENE_EOG092D3CSS.nex / Model: LG+F+I+G4 / df: 26 / LogL: -25522.152
Partition GENE_EOG092D0OYE.nex_GENE_EOG092D0VF1.nex_GENE_EOG092D2O0K.nex_GENE_EOG092D2QYY.nex / Model: Q.PFAM+F+R2 / df: 26 / LogL: -19817.078
Partition GENE_EOG092D10GL.nex_GENE_EOG092D12AA.nex_GENE_EOG092D1KTN.nex_GENE_EOG092D29YU.nex / Model: LG+F+I+G4 / df: 26 / LogL: -20968.797
Partition GENE_EOG092D12VX.nex_GENE_EOG092D1TC1.nex_GENE_EOG092D2C76.nex_GENE_EOG092D3039.nex / Model: LG+F+G4 / df: 26 / LogL: -20803.063
Partition GENE_EOG092D0ULK.nex_GENE_EOG092D1T7G.nex_GENE_EOG092D1W7D.nex_GENE_EOG092D1ZGE.nex / Model: LG+F+I+G4 / df: 26 / LogL: -22036.039
Partition GENE_EOG092D0FF8.nex_GENE_EOG092D10OW.nex_GENE_EOG092D1Q04.nex / Model: LG+F+I+G4 / df: 26 / LogL: -22771.856
Partition GENE_EOG092D0B03.nex_GENE_EOG092D1H8I.nex_GENE_EOG092D1H9Y.nex / Model: LG+F+I+G4 / df: 26 / LogL: -20596.812
Partition GENE_EOG092D18RK.nex_GENE_EOG092D1QLG.nex_GENE_EOG092D20HF.nex / Model: LG+F+I+G4 / df: 26 / LogL: -18818.037
Partition GENE_EOG092D01J4.nex / Model: Q.YEAST+F+I+G4 / df: 26 / LogL: -28592.285
Partition GENE_EOG092D0FXM.nex_GENE_EOG092D0Q8X.nex_GENE_EOG092D0VMZ.nex_GENE_EOG092D3V2Z.nex / Model: LG+F+I+G4 / df: 26 / LogL: -25531.306
Partition GENE_EOG092D06QZ.nex_GENE_EOG092D1I2I.nex_GENE_EOG092D3A58.nex / Model: LG+F+G4 / df: 26 / LogL: -19285.898
Partition GENE_EOG092D01QP.nex_GENE_EOG092D0PTK.nex / Model: Q.YEAST+F+G4 / df: 26 / LogL: -29854.998
Partition GENE_EOG092D0GJX.nex_GENE_EOG092D13K4.nex_GENE_EOG092D383L.nex / Model: LG+F+G4 / df: 26 / LogL: -24946.890
Partition GENE_EOG092D0HBI.nex_GENE_EOG092D0PHK.nex_GENE_EOG092D2A2K.nex / Model: LG+F+I+G4 / df: 26 / LogL: -18669.703
Partition GENE_EOG092D054H.nex_GENE_EOG092D0L00.nex_GENE_EOG092D1QPX.nex_GENE_EOG092D1RW7.nex_GENE_EOG092D3BUG.nex / Model: LG+F+I+G4 / df: 26 / LogL: -29485.848
Partition GENE_EOG092D0124.nex_GENE_EOG092D0JYM.nex / Model: Q.YEAST+F+I+G4 / df: 26 / LogL: -27029.923
Partition GENE_EOG092D0564.nex_GENE_EOG092D47B5.nex / Model: Q.PFAM+F+I+G4 / df: 26 / LogL: -24138.838
Partition GENE_EOG092D0BMY.nex_GENE_EOG092D0LL2.nex_GENE_EOG092D1NW2.nex_GENE_EOG092D2M1W.nex / Model: LG+F+I+G4 / df: 26 / LogL: -22050.018
Partition GENE_EOG092D048Q.nex / Model: Q.YEAST+F+I+G4 / df: 26 / LogL: -19629.658
Partition GENE_EOG092D07ZP.nex_GENE_EOG092D0OMH.nex / Model: LG+F+I+G4 / df: 26 / LogL: -16724.766
Partition GENE_EOG092D00LL.nex / Model: Q.YEAST+F+I+R2 / df: 26 / LogL: -20075.871
Partition GENE_EOG092D0AI2.nex_GENE_EOG092D1HN1.nex_GENE_EOG092D2BH7.nex / Model: Q.YEAST+F+I+G4 / df: 26 / LogL: -17784.895
Partition GENE_EOG092D0JFU.nex_GENE_EOG092D0S5N.nex_GENE_EOG092D24W9.nex / Model: LG+F+I+G4 / df: 24 / LogL: -18132.931
Partition GENE_EOG092D03HZ.nex / Model: Q.PFAM+F+G4 / df: 26 / LogL: -17789.834
Partition GENE_EOG092D05X9.nex_GENE_EOG092D0XEW.nex / Model: Q.YEAST+F+I+G4 / df: 26 / LogL: -18970.017
Partition GENE_EOG092D0EC9.nex / Model: LG+F+I+G4 / df: 26 / LogL: -16974.110
Partition GENE_EOG092D0072.nex / Model: LG+F+R3 / df: 26 / LogL: -47707.907
Partition GENE_EOG092D0905.nex_GENE_EOG092D329B.nex / Model: LG+F+I+G4 / df: 26 / LogL: -15068.487
Partition GENE_EOG092D08DO.nex_GENE_EOG092D3EJQ.nex_GENE_EOG092D3ZQD.nex / Model: LG+F+I+G4 / df: 26 / LogL: -17101.880
Partition GENE_EOG092D02MN.nex / Model: Q.YEAST+F+I+G4 / df: 26 / LogL: -16040.759
Partition GENE_EOG092D076U.nex_GENE_EOG092D164Q.nex_GENE_EOG092D23UZ.nex / Model: LG+F+I+G4 / df: 26 / LogL: -17547.718
Partition GENE_EOG092D04CD.nex_GENE_EOG092D0MFC.nex / Model: LG+F+I+G4 / df: 26 / LogL: -17746.845
Partition GENE_EOG092D0HE1.nex_GENE_EOG092D2E2U.nex / Model: LG+F+I+R2 / df: 26 / LogL: -13586.883
Partition GENE_EOG092D0GS4.nex_GENE_EOG092D3IJD.nex / Model: Q.YEAST+F+I+R2 / df: 26 / LogL: -12553.076
Partition GENE_EOG092D0XB4.nex_GENE_EOG092D1ODU.nex_GENE_EOG092D2MZB.nex / Model: Q.YEAST+R3 / df: 7 / LogL: -15324.071
Partition GENE_EOG092D0LVZ.nex_GENE_EOG092D1YB4.nex_GENE_EOG092D23EJ.nex / Model: LG+F+R2 / df: 26 / LogL: -13411.979
Partition GENE_EOG092D16LD.nex_GENE_EOG092D1TP5.nex_GENE_EOG092D2VYQ.nex_GENE_EOG092D3PF3.nex / Model: Q.PFAM+F+I+G4 / df: 26 / LogL: -17771.590
Partition GENE_EOG092D0ANR.nex / Model: Q.YEAST+F+I+G4 / df: 24 / LogL: -17262.878
Partition GENE_EOG092D042R.nex / Model: LG+F+I+R2 / df: 26 / LogL: -14874.590
Partition GENE_EOG092D10DF.nex_GENE_EOG092D26GB.nex_GENE_EOG092D2DNW.nex / Model: LG+F+I+G4 / df: 26 / LogL: -15465.333
Partition GENE_EOG092D092M.nex_GENE_EOG092D0I6N.nex_GENE_EOG092D3VHN.nex / Model: Q.YEAST+F+G4 / df: 26 / LogL: -17320.323
Partition GENE_EOG092D0KIC.nex_GENE_EOG092D1NX0.nex_GENE_EOG092D2RP6.nex / Model: Q.YEAST+F+G4 / df: 26 / LogL: -17092.227
Partition GENE_EOG092D0CTT.nex / Model: LG+F+I+G4 / df: 26 / LogL: -14631.755
Partition GENE_EOG092D08HR.nex / Model: LG+F+I+G4 / df: 26 / LogL: -15429.377
Partition GENE_EOG092D0E4N.nex_GENE_EOG092D4KGF.nex / Model: RTREV+F+I+R2 / df: 26 / LogL: -12265.708
Partition GENE_EOG092D056B.nex / Model: LG+F+R2 / df: 26 / LogL: -12565.719
Partition GENE_EOG092D1JY2.nex_GENE_EOG092D1ODS.nex_GENE_EOG092D2B4A.nex_GENE_EOG092D38RE.nex / Model: LG+F+I+G4 / df: 26 / LogL: -16437.949
Partition GENE_EOG092D2KKF.nex / Model: LG+F+I+G4 / df: 26 / LogL: -11610.779
Partition GENE_EOG092D1R2W.nex_GENE_EOG092D4JU7.nex / Model: Q.YEAST+F+I+G4 / df: 26 / LogL: -12759.528
Partition GENE_EOG092D0DYZ.nex_GENE_EOG092D2IG4.nex / Model: LG+F+I+G4 / df: 26 / LogL: -15421.006
Partition GENE_EOG092D1LC1.nex_GENE_EOG092D2COI.nex / Model: Q.YEAST+F+I+G4 / df: 24 / LogL: -15819.802
Partition GENE_EOG092D09PM.nex / Model: LG+F+R2 / df: 26 / LogL: -10954.508
Partition GENE_EOG092D0J6Y.nex_GENE_EOG092D1FGG.nex_GENE_EOG092D2502.nex_GENE_EOG092D2UBG.nex / Model: LG+F+G4 / df: 26 / LogL: -15428.690
Partition GENE_EOG092D14XV.nex_GENE_EOG092D3ASB.nex / Model: Q.YEAST+F+I+G4 / df: 26 / LogL: -12149.642
Partition GENE_EOG092D0WLP.nex_GENE_EOG092D1BAU.nex / Model: LG+F+I+G4 / df: 26 / LogL: -12906.154
Partition GENE_EOG092D01WH.nex / Model: Q.YEAST+G4 / df: 7 / LogL: -11763.067
Partition GENE_EOG092D080M.nex_GENE_EOG092D1VPO.nex_GENE_EOG092D2RBH.nex / Model: LG+F+G4 / df: 26 / LogL: -14343.211
Partition GENE_EOG092D0LJL.nex_GENE_EOG092D25D9.nex / Model: Q.YEAST+F+I+G4 / df: 26 / LogL: -13325.490
Partition GENE_EOG092D1G5D.nex_GENE_EOG092D3FYF.nex_GENE_EOG092D3WBP.nex / Model: RTREV+F+I+G4 / df: 26 / LogL: -12036.123
Partition GENE_EOG092D0951.nex_GENE_EOG092D1BH6.nex_GENE_EOG092D2BJH.nex / Model: LG+F+G4 / df: 26 / LogL: -15729.565
Partition GENE_EOG092D0OAE.nex_GENE_EOG092D310Y.nex / Model: Q.PFAM+F+G4 / df: 26 / LogL: -11722.133
Partition GENE_EOG092D2GPJ.nex_GENE_EOG092D3NOC.nex_GENE_EOG092D4CP0.nex / Model: LG+I+G4 / df: 7 / LogL: -11819.339
Partition GENE_EOG092D01YA.nex_GENE_EOG092D2R1Y.nex / Model: Q.YEAST+F+I+G4 / df: 26 / LogL: -14163.068
Partition GENE_EOG092D0NJO.nex_GENE_EOG092D3HVD.nex / Model: Q.PFAM+F+R2 / df: 26 / LogL: -10963.167
Partition GENE_EOG092D068O.nex_GENE_EOG092D1BU7.nex_GENE_EOG092D34RI.nex / Model: LG+F+G4 / df: 26 / LogL: -14880.127
Partition GENE_EOG092D0T75.nex_GENE_EOG092D0YSG.nex / Model: LG+F+I+G4 / df: 26 / LogL: -11639.325
Partition GENE_EOG092D2XS7.nex_GENE_EOG092D2Z0K.nex / Model: Q.YEAST+F+R2 / df: 26 / LogL: -10480.583
Partition GENE_EOG092D0PK7.nex_GENE_EOG092D14CG.nex_GENE_EOG092D3NFG.nex / Model: LG+F+G4 / df: 24 / LogL: -11072.780
Partition GENE_EOG092D0ITM.nex_GENE_EOG092D3Z6V.nex / Model: Q.YEAST+I+G4 / df: 7 / LogL: -9790.004
Partition GENE_EOG092D0KTI.nex / Model: LG+F+I+G4 / df: 26 / LogL: -11225.192
Partition GENE_EOG092D02YC.nex_GENE_EOG092D2B2Y.nex / Model: Q.YEAST+F+G4 / df: 26 / LogL: -12311.796
Partition GENE_EOG092D07JG.nex_GENE_EOG092D2G5H.nex / Model: Q.YEAST+F+R3 / df: 26 / LogL: -12436.089
Partition GENE_EOG092D0T8J.nex_GENE_EOG092D2VEY.nex / Model: Q.YEAST+F+I+G4 / df: 26 / LogL: -11556.976
Partition GENE_EOG092D0LJK.nex_GENE_EOG092D0UX9.nex / Model: LG+F+I+G4 / df: 26 / LogL: -12874.959
Partition GENE_EOG092D0F10.nex_GENE_EOG092D430X.nex / Model: Q.YEAST+F+G4 / df: 26 / LogL: -10587.683
Partition GENE_EOG092D2DQ7.nex_GENE_EOG092D31X5.nex_GENE_EOG092D3D9K.nex / Model: LG+F+G4 / df: 26 / LogL: -10401.790
Partition GENE_EOG092D0P0O.nex / Model: Q.YEAST+F+I+G4 / df: 26 / LogL: -11092.041
Partition GENE_EOG092D16QM.nex_GENE_EOG092D1VKT.nex / Model: LG+F+R2 / df: 26 / LogL: -9484.845
Partition GENE_EOG092D0SNY.nex_GENE_EOG092D1KRH.nex_GENE_EOG092D2D7L.nex_GENE_EOG092D2RFR.nex / Model: LG+R3 / df: 7 / LogL: -11360.832
Partition GENE_EOG092D0UBQ.nex_GENE_EOG092D3FDW.nex / Model: LG+F+G4 / df: 26 / LogL: -8904.568
Partition GENE_EOG092D1CKF.nex_GENE_EOG092D1JIT.nex_GENE_EOG092D1ZEJ.nex / Model: LG+F+I+G4 / df: 26 / LogL: -11816.149
Partition GENE_EOG092D0YQS.nex_GENE_EOG092D3PY2.nex / Model: Q.YEAST+F+G4 / df: 26 / LogL: -10667.540
Partition GENE_EOG092D0IU7.nex_GENE_EOG092D22TL.nex_GENE_EOG092D27ZM.nex_GENE_EOG092D2ASD.nex_GENE_EOG092D2LER.nex / Model: LG+F+G4 / df: 26 / LogL: -15429.746
Partition GENE_EOG092D0UJA.nex_GENE_EOG092D12N2.nex_GENE_EOG092D2LX2.nex / Model: LG+G4 / df: 7 / LogL: -11130.737
Partition GENE_EOG092D2RJ9.nex_GENE_EOG092D2U1L.nex_GENE_EOG092D3ALG.nex_GENE_EOG092D3EJG.nex / Model: LG+F+G4 / df: 26 / LogL: -11405.524
Partition GENE_EOG092D069S.nex_GENE_EOG092D2UGI.nex / Model: Q.YEAST+F+I+G4 / df: 26 / LogL: -11077.487
Partition GENE_EOG092D1GUU.nex_GENE_EOG092D1Q7K.nex / Model: Q.YEAST+F+I+G4 / df: 26 / LogL: -10517.377
Partition GENE_EOG092D0V4E.nex_GENE_EOG092D33G3.nex / Model: LG+I+G4 / df: 7 / LogL: -10082.518
Partition GENE_EOG092D0Q00.nex / Model: Q.PFAM+F+I+G4 / df: 24 / LogL: -10037.849
Partition GENE_EOG092D0PER.nex / Model: Q.YEAST+F+I+G4 / df: 26 / LogL: -8866.902
Partition GENE_EOG092D0IC1.nex_GENE_EOG092D13SA.nex / Model: Q.YEAST+F+G4 / df: 26 / LogL: -10398.645
Partition GENE_EOG092D12CU.nex_GENE_EOG092D1HUK.nex_GENE_EOG092D1YWG.nex_GENE_EOG092D23QW.nex_GENE_EOG092D28HS.nex / Model: LG+F+G4 / df: 26 / LogL: -14440.555
Partition GENE_EOG092D05LP.nex / Model: RTREV+F+I+G4 / df: 24 / LogL: -11052.292
Partition GENE_EOG092D29J0.nex_GENE_EOG092D2PJJ.nex / Model: Q.YEAST+F+I+G4 / df: 26 / LogL: -9121.669
Partition GENE_EOG092D2MH0.nex_GENE_EOG092D2OSF.nex / Model: Q.YEAST+I+G4 / df: 7 / LogL: -8181.506
Partition GENE_EOG092D31Z3.nex_GENE_EOG092D3D5H.nex / Model: RTREV+F+I+G4 / df: 26 / LogL: -8017.683
Partition GENE_EOG092D2SZZ.nex_GENE_EOG092D2X9K.nex / Model: RTREV+F+I+G4 / df: 26 / LogL: -7567.452
Partition GENE_EOG092D0XCU.nex / Model: LG+F+G4 / df: 24 / LogL: -8230.704
Partition GENE_EOG092D0FQ1.nex / Model: LG+F+I+R2 / df: 26 / LogL: -7811.686
Partition GENE_EOG092D0BFU.nex / Model: Q.YEAST+F+R2 / df: 24 / LogL: -9479.879
Partition GENE_EOG092D3DOE.nex_GENE_EOG092D4D32.nex / Model: LG+R2 / df: 7 / LogL: -6640.368
Partition GENE_EOG092D1VHG.nex_GENE_EOG092D28JA.nex / Model: Q.YEAST+F+I+R2 / df: 26 / LogL: -7171.991
Partition GENE_EOG092D0CUX.nex / Model: Q.YEAST+I+G4 / df: 7 / LogL: -8995.934
Partition GENE_EOG092D0BYJ.nex_GENE_EOG092D27I5.nex / Model: LG+F+G4 / df: 26 / LogL: -10435.039
Partition GENE_EOG092D0EGX.nex / Model: Q.YEAST+F+G4 / df: 26 / LogL: -8818.132
Partition GENE_EOG092D1M7G.nex_GENE_EOG092D3LLM.nex / Model: Q.YEAST+F+I+G4 / df: 26 / LogL: -8134.857
Partition GENE_EOG092D2YAG.nex_GENE_EOG092D3IQI.nex / Model: Q.PFAM+F+I+G4 / df: 26 / LogL: -8412.562
Partition GENE_EOG092D1718.nex / Model: Q.YEAST+F+R2 / df: 26 / LogL: -6648.653
Partition GENE_EOG092D09SW.nex / Model: Q.YEAST+F+G4 / df: 24 / LogL: -8819.804
Partition GENE_EOG092D1EK2.nex_GENE_EOG092D2A7Q.nex / Model: LG+I+R2 / df: 7 / LogL: -7071.146
Partition GENE_EOG092D06BS.nex / Model: RTREV+F+I / df: 22 / LogL: -9851.664
Partition GENE_EOG092D1HB6.nex / Model: LG+F+G4 / df: 26 / LogL: -6753.177
Partition GENE_EOG092D0EMK.nex / Model: Q.YEAST+F+R2 / df: 26 / LogL: -7034.004
Partition GENE_EOG092D2O8B.nex_GENE_EOG092D4B4O.nex / Model: RTREV+F+I+G4 / df: 26 / LogL: -7466.892
Partition GENE_EOG092D0R62.nex / Model: LG+F+I+G4 / df: 26 / LogL: -6493.648
Partition GENE_EOG092D10XC.nex_GENE_EOG092D3ETT.nex / Model: LG+G4 / df: 7 / LogL: -7703.251
Partition GENE_EOG092D0SSQ.nex_GENE_EOG092D1VPG.nex_GENE_EOG092D25DG.nex / Model: Q.YEAST+F+I+R2 / df: 26 / LogL: -8733.210
Partition GENE_EOG092D0UFO.nex / Model: WAG+I+G4 / df: 7 / LogL: -7281.516
Partition GENE_EOG092D1NDG.nex_GENE_EOG092D3QR7.nex / Model: LG+F+I+R2 / df: 26 / LogL: -6260.674
Partition GENE_EOG092D1CLY.nex_GENE_EOG092D2AZW.nex / Model: LG+F+G4 / df: 24 / LogL: -7467.315
Partition GENE_EOG092D12Y0.nex / Model: Q.YEAST+F+G4 / df: 24 / LogL: -8011.566
Partition GENE_EOG092D0ZAJ.nex_GENE_EOG092D2IC5.nex / Model: LG+F+I+G4 / df: 26 / LogL: -5773.123
Partition GENE_EOG092D0M7O.nex / Model: LG+F+G4 / df: 26 / LogL: -7069.184
Partition GENE_EOG092D1SLW.nex_GENE_EOG092D1ZEW.nex / Model: LG+F+I+G4 / df: 26 / LogL: -7995.044
Partition GENE_EOG092D1UCZ.nex / Model: Q.PFAM+F+R2 / df: 26 / LogL: -5619.441
Partition GENE_EOG092D1HYF.nex / Model: LG+F+I+R2 / df: 26 / LogL: -5803.716
Partition GENE_EOG092D2XOE.nex / Model: LG+R2 / df: 7 / LogL: -5760.439
Partition GENE_EOG092D1CJS.nex_GENE_EOG092D1YZO.nex / Model: Q.YEAST+F+G4 / df: 26 / LogL: -7514.045
Partition GENE_EOG092D27RI.nex / Model: Q.YEAST+I+R2 / df: 7 / LogL: -4759.794
Partition GENE_EOG092D11XU.nex_GENE_EOG092D2CAF.nex / Model: LG+F+R2 / df: 26 / LogL: -6754.743
Partition GENE_EOG092D1Z45.nex / Model: DAYHOFF+F+R2 / df: 26 / LogL: -5051.851
Partition GENE_EOG092D1AZP.nex / Model: Q.PFAM+F+G4 / df: 24 / LogL: -6391.150
Partition GENE_EOG092D3NXJ.nex / Model: Q.YEAST+F+I+G4 / df: 26 / LogL: -5892.776
Partition GENE_EOG092D09N2.nex / Model: LG+G4 / df: 7 / LogL: -7750.596
Partition GENE_EOG092D13U3.nex / Model: Q.YEAST+F+I+G4 / df: 24 / LogL: -5727.268
Partition GENE_EOG092D0HKD.nex / Model: LG+I+G4 / df: 7 / LogL: -6969.934
Partition GENE_EOG092D38PJ.nex_GENE_EOG092D3HE2.nex / Model: WAG+F+I+G4 / df: 26 / LogL: -5470.793
Partition GENE_EOG092D2A51.nex / Model: LG+F+I+G4 / df: 24 / LogL: -5465.188
Partition GENE_EOG092D3D0W.nex / Model: Q.YEAST+F+I / df: 26 / LogL: -3782.627
Partition GENE_EOG092D1UOB.nex_GENE_EOG092D2QY5.nex / Model: LG+F+G4 / df: 26 / LogL: -6832.797
Partition GENE_EOG092D1KWA.nex / Model: Q.PFAM+F+I+G4 / df: 26 / LogL: -5341.306
Partition GENE_EOG092D13QH.nex_GENE_EOG092D1GCX.nex / Model: LG+G4 / df: 7 / LogL: -7615.769
Partition GENE_EOG092D20CT.nex_GENE_EOG092D3OPM.nex / Model: LG+F+G4 / df: 26 / LogL: -5861.761
Partition GENE_EOG092D1LJK.nex / Model: Q.PFAM+F+I+G4 / df: 26 / LogL: -4879.936
Partition GENE_EOG092D1CX4.nex / Model: Q.YEAST+F+G4 / df: 24 / LogL: -5474.945
Partition GENE_EOG092D1Q5G.nex_GENE_EOG092D2W7U.nex / Model: LG+F+G4 / df: 26 / LogL: -5586.633
Partition GENE_EOG092D2RJR.nex / Model: LG+F+R2 / df: 26 / LogL: -5036.896
Partition GENE_EOG092D1Q94.nex / Model: LG+G4 / df: 5 / LogL: -5653.488
Partition GENE_EOG092D3B56.nex / Model: Q.YEAST+F+R2 / df: 26 / LogL: -4141.450
Partition GENE_EOG092D3942.nex / Model: Q.YEAST+F+G4 / df: 26 / LogL: -4848.780
Partition GENE_EOG092D1AQR.nex / Model: LG+F+I+G4 / df: 26 / LogL: -5348.583
Partition GENE_EOG092D1OL9.nex / Model: Q.YEAST+F+R2 / df: 22 / LogL: -5851.471
Partition GENE_EOG092D0R9A.nex / Model: LG+F+I+G4 / df: 24 / LogL: -5195.188
Partition GENE_EOG092D0454.nex / Model: LG+F+G4 / df: 26 / LogL: -5295.827
Partition GENE_EOG092D33FU.nex / Model: LG+F+R2 / df: 26 / LogL: -4104.717
Partition GENE_EOG092D2GVZ.nex / Model: Q.YEAST+F+G4 / df: 24 / LogL: -4699.731
Partition GENE_EOG092D3KF0.nex / Model: RTREV+F+I / df: 26 / LogL: -3425.499
Partition GENE_EOG092D16QX.nex / Model: LG+G4 / df: 7 / LogL: -4994.770
Partition GENE_EOG092D1A1J.nex / Model: LG+F+G4 / df: 26 / LogL: -5261.932
Partition GENE_EOG092D1RSN.nex / Model: Q.YEAST+F+I+G4 / df: 24 / LogL: -5365.701
Partition GENE_EOG092D182U.nex / Model: Q.YEAST+R3 / df: 5 / LogL: -4540.921
Partition GENE_EOG092D27O3.nex / Model: LG+I+G4 / df: 7 / LogL: -4995.003
Partition GENE_EOG092D2AWS.nex / Model: Q.YEAST+F+I+G4 / df: 26 / LogL: -5033.051
Partition GENE_EOG092D1VHP.nex / Model: BLOSUM62+F / df: 24 / LogL: -3622.757
Partition GENE_EOG092D23WM.nex / Model: LG+F+G4 / df: 26 / LogL: -3645.032
Partition GENE_EOG092D07D8.nex / Model: WAG+F+I+G4 / df: 24 / LogL: -4808.140
Partition GENE_EOG092D2KS9.nex / Model: LG+I+G4 / df: 7 / LogL: -4185.526
Partition GENE_EOG092D2APH.nex / Model: LG+I+G4 / df: 7 / LogL: -4272.827
Partition GENE_EOG092D1LYU.nex / Model: LG+F+I / df: 24 / LogL: -4071.804
Partition GENE_EOG092D30CB.nex / Model: LG+F+G4 / df: 26 / LogL: -3893.516
Partition GENE_EOG092D09R6.nex / Model: LG+F+G4 / df: 22 / LogL: -6014.141
Partition GENE_EOG092D3EQH.nex / Model: WAG+F+I+G4 / df: 26 / LogL: -4083.325
Partition GENE_EOG092D4EV2.nex / Model: Q.YEAST+F+I+R2 / df: 26 / LogL: -3125.477
Partition GENE_EOG092D2XBR.nex / Model: Q.PFAM+F+G4 / df: 24 / LogL: -4418.547
Partition GENE_EOG092D0OJS.nex / Model: Q.YEAST+F+G4 / df: 22 / LogL: -4550.021
Partition GENE_EOG092D2AME.nex / Model: RTREV+F+I+G4 / df: 24 / LogL: -4264.852
Partition GENE_EOG092D2YOQ.nex / Model: Q.YEAST+F+I+G4 / df: 24 / LogL: -4256.173
Partition GENE_EOG092D3HBU.nex / Model: Q.YEAST+F+R2 / df: 24 / LogL: -3862.176
Partition GENE_EOG092D2LES.nex / Model: Q.PFAM+F+G4 / df: 26 / LogL: -4566.574
Partition GENE_EOG092D3QQQ.nex / Model: Q.YEAST+F+G4 / df: 22 / LogL: -4898.477
Partition GENE_EOG092D3IVF.nex / Model: Q.YEAST+F+I / df: 24 / LogL: -3168.356
Partition GENE_EOG092D3NQF.nex / Model: LG+F+I / df: 24 / LogL: -3245.508
Partition GENE_EOG092D0OOP.nex / Model: LG+I+R2 / df: 7 / LogL: -4660.918
Partition GENE_EOG092D0NUZ.nex / Model: WAG+I / df: 5 / LogL: -4541.034
Partition GENE_EOG092D1OV6.nex / Model: LG+F+G4 / df: 24 / LogL: -3812.048
Partition GENE_EOG092D1B2T.nex / Model: Q.PFAM+F+G4 / df: 22 / LogL: -4145.128
Partition GENE_EOG092D2WL3.nex / Model: Q.YEAST+F+G4 / df: 24 / LogL: -3952.688
Partition GENE_EOG092D18SO.nex / Model: VT+I / df: 3 / LogL: -3551.473
Partition GENE_EOG092D24ND.nex / Model: LG+F+R2 / df: 24 / LogL: -4052.454
Partition GENE_EOG092D2ICY.nex / Model: WAG+I / df: 7 / LogL: -2901.503
Partition GENE_EOG092D1J1B.nex / Model: WAG+F+G4 / df: 24 / LogL: -4045.911
Partition GENE_EOG092D2VBX.nex / Model: WAG+F / df: 24 / LogL: -2793.441
Partition GENE_EOG092D0QW3.nex / Model: Q.YEAST+F+G4 / df: 22 / LogL: -4416.688
Partition GENE_EOG092D2ERC.nex / Model: Q.YEAST+F+G4 / df: 22 / LogL: -3125.777
Partition GENE_EOG092D34V3.nex / Model: Q.YEAST+F+G4 / df: 22 / LogL: -3634.891
Partition GENE_EOG092D24YM.nex / Model: Q.PFAM+F+I / df: 22 / LogL: -2724.099
Partition GENE_EOG092D1QZ9.nex / Model: Q.YEAST+F+G4 / df: 26 / LogL: -3692.781
Partition GENE_EOG092D1MQ6.nex_GENE_EOG092D29KI.nex / Model: LG+I+G4 / df: 7 / LogL: -5584.384
Partition GENE_EOG092D1W8I.nex / Model: WAG+F+I / df: 22 / LogL: -2935.603
Partition GENE_EOG092D4FU5.nex / Model: Q.PFAM+F+R2 / df: 26 / LogL: -2260.747
Partition GENE_EOG092D0T1H.nex / Model: LG+F / df: 22 / LogL: -1928.574
Partition GENE_EOG092D0NEP.nex / Model: Q.YEAST / df: 3 / LogL: -2098.558
Partition GENE_EOG092D3YU3.nex / Model: Q.YEAST+F+I / df: 22 / LogL: -1559.000
Partition GENE_EOG092D3HV9.nex / Model: LG+F / df: 22 / LogL: -901.262
Partition GENE_EOG092D041E.nex / Model: LG+F+G4 / df: 22 / LogL: -6441.942
Partition GENE_EOG092D2Q04.nex / Model: LG+F+G4 / df: 22 / LogL: -1876.617
Partition GENE_EOG092D3M40.nex / Model: Q.YEAST+F+G4 / df: 22 / LogL: -2662.037
Partition GENE_EOG092D1SC1.nex / Model: LG+I+G4 / df: 5 / LogL: -3079.475
Partition GENE_EOG092D357K.nex / Model: LG+I+G4 / df: 7 / LogL: -3934.805
Partition GENE_EOG092D3LD3.nex / Model: RTREV+F+I+G4 / df: 26 / LogL: -2829.144
Partition GENE_EOG092D3R6Y.nex / Model: LG+G4 / df: 5 / LogL: -2363.043
Partition GENE_EOG092D4145.nex / Model: Q.YEAST+F+I+G4 / df: 26 / LogL: -3051.762
Partition GENE_EOG092D3ECY.nex / Model: LG+I+G4 / df: 7 / LogL: -3609.504
Partition GENE_EOG092D3K5U.nex / Model: LG+F+G4 / df: 22 / LogL: -2147.467
Partition GENE_EOG092D3WSA.nex / Model: JTT+F+G4 / df: 26 / LogL: -2116.272
Partition GENE_EOG092D06WH.nex / Model: Q.PFAM+F+I+G4 / df: 24 / LogL: -3261.536
Partition GENE_EOG092D1Q2Q.nex / Model: RTREV+F+G4 / df: 24 / LogL: -2531.348
Partition GENE_EOG092D1ZWB.nex / Model: LG+I+G4 / df: 7 / LogL: -3199.245
Partition GENE_EOG092D19VF.nex_GENE_EOG092D2NES.nex / Model: RTREV+F+G4 / df: 26 / LogL: -5196.944
Partition GENE_EOG092D27Y2.nex / Model: LG+F+G4 / df: 26 / LogL: -3170.770
Partition GENE_EOG092D2RFS.nex / Model: Q.INSECT+G4 / df: 7 / LogL: -2597.414
Partition GENE_EOG092D2RAL.nex / Model: LG+F+G4 / df: 26 / LogL: -2372.333
Partition GENE_EOG092D1UVP.nex_GENE_EOG092D1VUE.nex / Model: LG+G4 / df: 7 / LogL: -4120.218
Optimal log-likelihood: -2265088.972
Wrote distance file to... 

Do NNI search on 1 best initial trees
Optimizing NNI: done in 0.356212 secs using 1966% CPU
UPDATE BEST LOG-LIKELIHOOD: -2265088.972
Finish initializing candidate tree set (1)
Current best tree score: -2265088.972 / CPU time: 0.542
Number of iterations: 1
--------------------------------------------------------------------
|               OPTIMIZING CANDIDATE TREE SET                      |
--------------------------------------------------------------------
Optimizing NNI: done in 1.34812 secs using 2093% CPU
Optimizing NNI: done in 1.30441 secs using 2088% CPU
Optimizing NNI: done in 1.32808 secs using 2085% CPU
Optimizing NNI: done in 1.32751 secs using 2091% CPU
Optimizing NNI: done in 1.33872 secs using 2081% CPU
Optimizing NNI: done in 1.30851 secs using 2078% CPU
Optimizing NNI: done in 0.956618 secs using 2071% CPU
Optimizing NNI: done in 0.947987 secs using 2092% CPU
Optimizing NNI: done in 1.3021 secs using 2090% CPU
Iteration 10 / LogL: -2265098.895 / Time: 12988h:47m:21s
Optimizing NNI: done in 0.948618 secs using 2093% CPU
Optimizing NNI: done in 1.33671 secs using 2099% CPU
Optimizing NNI: done in 1.31404 secs using 2074% CPU
Optimizing NNI: done in 1.32075 secs using 2054% CPU
Optimizing NNI: done in 1.32749 secs using 2095% CPU
Optimizing NNI: done in 1.33906 secs using 2094% CPU
Optimizing NNI: done in 0.945476 secs using 2090% CPU
Optimizing NNI: done in 1.32474 secs using 2092% CPU
Optimizing NNI: done in 0.946258 secs using 2089% CPU
Optimizing NNI: done in 1.30338 secs using 2095% CPU
Iteration 20 / LogL: -2265098.895 / Time: 12988h:47m:33s
Optimizing NNI: done in 0.944674 secs using 2092% CPU
Optimizing NNI: done in 1.33173 secs using 2087% CPU
Optimizing NNI: done in 1.32947 secs using 2093% CPU
Optimizing NNI: done in 1.33759 secs using 2086% CPU
Optimizing NNI: done in 0.972438 secs using 2092% CPU
Optimizing NNI: done in 1.30796 secs using 2094% CPU
Optimizing NNI: done in 0.885104 secs using 2057% CPU
Optimizing NNI: done in 1.22435 secs using 2069% CPU
Optimizing NNI: done in 1.19566 secs using 2094% CPU
Optimizing NNI: done in 1.21987 secs using 2096% CPU
Iteration 30 / LogL: -2265100.035 / Time: 12988h:47m:45s (0h:1m:41s left)
Optimizing NNI: done in 0.875234 secs using 2098% CPU
Optimizing NNI: done in 1.19449 secs using 2090% CPU
Optimizing NNI: done in 1.21969 secs using 2094% CPU
Optimizing NNI: done in 1.22047 secs using 2095% CPU
Optimizing NNI: done in 0.872888 secs using 2093% CPU
Optimizing NNI: done in 0.873906 secs using 2089% CPU
Optimizing NNI: done in 0.87572 secs using 2096% CPU
Optimizing NNI: done in 1.22243 secs using 2088% CPU
Optimizing NNI: done in 0.872544 secs using 2095% CPU
Optimizing NNI: done in 1.19539 secs using 2096% CPU
Iteration 40 / LogL: -2265098.895 / Time: 12988h:47m:56s (0h:1m:21s left)
Optimizing NNI: done in 1.19196 secs using 2097% CPU
Optimizing NNI: done in 1.22313 secs using 2097% CPU
Optimizing NNI: done in 1.22205 secs using 2091% CPU
Optimizing NNI: done in 1.22456 secs using 2094% CPU
Optimizing NNI: done in 0.8754 secs using 2093% CPU
Optimizing NNI: done in 1.2321 secs using 2089% CPU
Optimizing NNI: done in 1.18991 secs using 2098% CPU
Optimizing NNI: done in 1.22214 secs using 2090% CPU
Optimizing NNI: done in 1.19145 secs using 2091% CPU
Optimizing NNI: done in 1.19488 secs using 2096% CPU
Iteration 50 / LogL: -2265098.895 / Time: 12988h:48m:8s (0h:1m:6s left)
Log-likelihood cutoff on original alignment: -2265200.935
UFBoot trees printed to Ascomycota5_Q_search.ufboot
Optimizing NNI: done in 1.36563 secs using 2093% CPU
Optimizing NNI: done in 1.36322 secs using 2096% CPU
Optimizing NNI: done in 1.33426 secs using 2090% CPU
Optimizing NNI: done in 1.33171 secs using 2096% CPU
Optimizing NNI: done in 1.34007 secs using 2095% CPU
Optimizing NNI: done in 1.3444 secs using 2092% CPU
Optimizing NNI: done in 0.94178 secs using 2100% CPU
Optimizing NNI: done in 1.33933 secs using 2094% CPU
Optimizing NNI: done in 0.953376 secs using 2083% CPU
Optimizing NNI: done in 1.34594 secs using 2086% CPU
Iteration 60 / LogL: -2265100.035 / Time: 12988h:48m:21s (0h:0m:53s left)
Optimizing NNI: done in 1.33111 secs using 2091% CPU
Optimizing NNI: done in 1.35018 secs using 2077% CPU
Optimizing NNI: done in 1.33542 secs using 2095% CPU
Optimizing NNI: done in 1.35786 secs using 2075% CPU
Optimizing NNI: done in 1.30346 secs using 2094% CPU
Optimizing NNI: done in 1.30342 secs using 2096% CPU
Optimizing NNI: done in 0.947247 secs using 2095% CPU
Optimizing NNI: done in 1.30834 secs using 2094% CPU
Optimizing NNI: done in 1.30468 secs using 2093% CPU
Optimizing NNI: done in 1.3347 secs using 2094% CPU
Iteration 70 / LogL: -2265099.523 / Time: 12988h:48m:35s (0h:0m:39s left)
Optimizing NNI: done in 1.33328 secs using 2090% CPU
Optimizing NNI: done in 1.32756 secs using 2095% CPU
Optimizing NNI: done in 1.31284 secs using 2092% CPU
Optimizing NNI: done in 0.973114 secs using 2090% CPU
Optimizing NNI: done in 1.24716 secs using 2095% CPU
Optimizing NNI: done in 1.2259 secs using 2095% CPU
Optimizing NNI: done in 1.19338 secs using 2093% CPU
Optimizing NNI: done in 0.870643 secs using 2086% CPU
Optimizing NNI: done in 0.873214 secs using 2090% CPU
Optimizing NNI: done in 1.19829 secs using 2097% CPU
Iteration 80 / LogL: -2265098.895 / Time: 12988h:48m:47s (0h:0m:26s left)
Optimizing NNI: done in 1.22783 secs using 2095% CPU
Optimizing NNI: done in 0.874235 secs using 2099% CPU
Optimizing NNI: done in 1.22821 secs using 2096% CPU
Optimizing NNI: done in 1.1961 secs using 2096% CPU
Optimizing NNI: done in 1.23236 secs using 2093% CPU
Optimizing NNI: done in 1.22813 secs using 2095% CPU
Optimizing NNI: done in 1.23114 secs using 2096% CPU
Optimizing NNI: done in 1.20052 secs using 2093% CPU
Optimizing NNI: done in 1.22621 secs using 2092% CPU
Optimizing NNI: done in 1.23111 secs using 2095% CPU
Iteration 90 / LogL: -2265100.035 / Time: 12988h:48m:59s (0h:0m:13s left)
Optimizing NNI: done in 0.876797 secs using 2093% CPU
Optimizing NNI: done in 0.875989 secs using 2094% CPU
Optimizing NNI: done in 1.22853 secs using 2098% CPU
Optimizing NNI: done in 1.22515 secs using 2094% CPU
Optimizing NNI: done in 0.877531 secs using 2099% CPU
Optimizing NNI: done in 1.22178 secs using 2098% CPU
Optimizing NNI: done in 1.19819 secs using 2090% CPU
Optimizing NNI: done in 0.875601 secs using 2088% CPU
Optimizing NNI: done in 1.26787 secs using 2095% CPU
Optimizing NNI: done in 0.976679 secs using 2089% CPU
Iteration 100 / LogL: -2265150.421 / Time: 12988h:49m:10s (0h:0m:0s left)
Log-likelihood cutoff on original alignment: -2265200.935
NOTE: Bootstrap correlation coefficient of split occurrence frequencies: 1.000
UFBoot trees printed to Ascomycota5_Q_search.ufboot
Optimizing NNI: done in 1.30292 secs using 2097% CPU
TREE SEARCH COMPLETED AFTER 101 ITERATIONS / Time: 12988h:49m:11s

--------------------------------------------------------------------
|                    FINALIZING TREE SEARCH                        |
--------------------------------------------------------------------
Performs final model parameters optimization
Estimate model parameters (epsilon = 0.010)
Partition GENE_EOG092D0590.nex_GENE_EOG092D1I8J.nex_GENE_EOG092D1UL3.nex / Model: LG+F+R2 / df: 26 / LogL: -23045.326
Partition GENE_EOG092D03AT.nex_GENE_EOG092D09TB.nex_GENE_EOG092D2HI6.nex / Model: LG+F+I+R2 / df: 26 / LogL: -25204.339
Partition GENE_EOG092D0HUI.nex_GENE_EOG092D0YYX.nex_GENE_EOG092D35VJ.nex_GENE_EOG092D41CK.nex / Model: Q.PFAM+F+R2 / df: 26 / LogL: -21953.170
Partition GENE_EOG092D0FXM.nex_GENE_EOG092D0Q8X.nex_GENE_EOG092D0VMZ.nex_GENE_EOG092D3V2Z.nex / Model: LG+F+I+G4 / df: 26 / LogL: -25531.306
Partition GENE_EOG092D0OYE.nex_GENE_EOG092D0VF1.nex_GENE_EOG092D2O0K.nex_GENE_EOG092D2QYY.nex / Model: Q.PFAM+F+R2 / df: 26 / LogL: -19817.078
Partition GENE_EOG092D18RK.nex_GENE_EOG092D1QLG.nex_GENE_EOG092D20HF.nex / Model: LG+F+I+G4 / df: 26 / LogL: -18818.037
Partition GENE_EOG092D10GL.nex_GENE_EOG092D12AA.nex_GENE_EOG092D1KTN.nex_GENE_EOG092D29YU.nex / Model: LG+F+I+G4 / df: 26 / LogL: -20968.797
Partition GENE_EOG092D0BMY.nex_GENE_EOG092D0LL2.nex_GENE_EOG092D1NW2.nex_GENE_EOG092D2M1W.nex / Model: LG+F+I+G4 / df: 26 / LogL: -22050.018
Partition GENE_EOG092D10UA.nex_GENE_EOG092D11OI.nex_GENE_EOG092D19T7.nex_GENE_EOG092D2YQC.nex / Model: Q.YEAST+F+I+G4 / df: 26 / LogL: -24997.645
Partition GENE_EOG092D06QZ.nex_GENE_EOG092D1I2I.nex_GENE_EOG092D3A58.nex / Model: LG+F+G4 / df: 26 / LogL: -19285.898
Partition GENE_EOG092D12VX.nex_GENE_EOG092D1TC1.nex_GENE_EOG092D2C76.nex_GENE_EOG092D3039.nex / Model: LG+F+G4 / df: 26 / LogL: -20803.063
Partition GENE_EOG092D0ULK.nex_GENE_EOG092D1T7G.nex_GENE_EOG092D1W7D.nex_GENE_EOG092D1ZGE.nex / Model: LG+F+I+G4 / df: 26 / LogL: -22036.039
Partition GENE_EOG092D0FF8.nex_GENE_EOG092D10OW.nex_GENE_EOG092D1Q04.nex / Model: LG+F+I+G4 / df: 26 / LogL: -22771.856
Partition GENE_EOG092D01J4.nex / Model: Q.YEAST+F+I+G4 / df: 26 / LogL: -28592.285
Partition GENE_EOG092D0EUY.nex_GENE_EOG092D0HR5.nex_GENE_EOG092D16KC.nex / Model: Q.YEAST+F+I+G4 / df: 26 / LogL: -25353.716
Partition GENE_EOG092D0B03.nex_GENE_EOG092D1H8I.nex_GENE_EOG092D1H9Y.nex / Model: LG+F+I+G4 / df: 26 / LogL: -20596.812
Partition GENE_EOG092D0GJX.nex_GENE_EOG092D13K4.nex_GENE_EOG092D383L.nex / Model: LG+F+G4 / df: 26 / LogL: -24946.890
Partition GENE_EOG092D0124.nex_GENE_EOG092D0JYM.nex / Model: Q.YEAST+F+I+G4 / df: 26 / LogL: -27029.923
Partition GENE_EOG092D0564.nex_GENE_EOG092D47B5.nex / Model: Q.PFAM+F+I+G4 / df: 26 / LogL: -24138.837
Partition GENE_EOG092D03HZ.nex / Model: Q.PFAM+F+G4 / df: 26 / LogL: -17789.834
Partition GENE_EOG092D01QP.nex_GENE_EOG092D0PTK.nex / Model: Q.YEAST+F+G4 / df: 26 / LogL: -29854.998
Partition GENE_EOG092D00LL.nex / Model: Q.YEAST+F+I+R2 / df: 26 / LogL: -20075.871
Partition GENE_EOG092D048Q.nex / Model: Q.YEAST+F+I+G4 / df: 26 / LogL: -19629.658
Partition GENE_EOG092D054H.nex_GENE_EOG092D0L00.nex_GENE_EOG092D1QPX.nex_GENE_EOG092D1RW7.nex_GENE_EOG092D3BUG.nex / Model: LG+F+I+G4 / df: 26 / LogL: -29485.848
Partition GENE_EOG092D0BHJ.nex_GENE_EOG092D0O5Q.nex_GENE_EOG092D1SW4.nex_GENE_EOG092D2DAM.nex_GENE_EOG092D2W4H.nex_GENE_EOG092D3CSS.nex / Model: LG+F+I+G4 / df: 26 / LogL: -25522.152
Partition GENE_EOG092D0072.nex / Model: LG+F+R3 / df: 26 / LogL: -47707.907
Partition GENE_EOG092D0ANR.nex / Model: Q.YEAST+F+I+G4 / df: 24 / LogL: -17262.878
Partition GENE_EOG092D0HBI.nex_GENE_EOG092D0PHK.nex_GENE_EOG092D2A2K.nex / Model: LG+F+I+G4 / df: 26 / LogL: -18669.703
Partition GENE_EOG092D076U.nex_GENE_EOG092D164Q.nex_GENE_EOG092D23UZ.nex / Model: LG+F+I+G4 / df: 26 / LogL: -17547.718
Partition GENE_EOG092D0JFU.nex_GENE_EOG092D0S5N.nex_GENE_EOG092D24W9.nex / Model: LG+F+I+G4 / df: 24 / LogL: -18132.931
Partition GENE_EOG092D02MN.nex / Model: Q.YEAST+F+I+G4 / df: 26 / LogL: -16040.759
Partition GENE_EOG092D07ZP.nex_GENE_EOG092D0OMH.nex / Model: LG+F+I+G4 / df: 26 / LogL: -16724.766
Partition GENE_EOG092D0AI2.nex_GENE_EOG092D1HN1.nex_GENE_EOG092D2BH7.nex / Model: Q.YEAST+F+I+G4 / df: 26 / LogL: -17784.895
Partition GENE_EOG092D05X9.nex_GENE_EOG092D0XEW.nex / Model: Q.YEAST+F+I+G4 / df: 26 / LogL: -18970.017
Partition GENE_EOG092D0EC9.nex / Model: LG+F+I+G4 / df: 26 / LogL: -16974.110
Partition GENE_EOG092D08DO.nex_GENE_EOG092D3EJQ.nex_GENE_EOG092D3ZQD.nex / Model: LG+F+I+G4 / df: 26 / LogL: -17101.880
Partition GENE_EOG092D04CD.nex_GENE_EOG092D0MFC.nex / Model: LG+F+I+G4 / df: 26 / LogL: -17746.845
Partition GENE_EOG092D2KKF.nex / Model: LG+F+I+G4 / df: 26 / LogL: -11610.779
Partition GENE_EOG092D0CTT.nex / Model: LG+F+I+G4 / df: 26 / LogL: -14631.755
Partition GENE_EOG092D092M.nex_GENE_EOG092D0I6N.nex_GENE_EOG092D3VHN.nex / Model: Q.YEAST+F+G4 / df: 26 / LogL: -17320.323
Partition GENE_EOG092D042R.nex / Model: LG+F+I+R2 / df: 26 / LogL: -14874.590
Partition GENE_EOG092D0HE1.nex_GENE_EOG092D2E2U.nex / Model: LG+F+I+R2 / df: 26 / LogL: -13586.883
Partition GENE_EOG092D0LVZ.nex_GENE_EOG092D1YB4.nex_GENE_EOG092D23EJ.nex / Model: LG+F+R2 / df: 26 / LogL: -13411.979
Partition GENE_EOG092D0XB4.nex_GENE_EOG092D1ODU.nex_GENE_EOG092D2MZB.nex / Model: Q.YEAST+R3 / df: 7 / LogL: -15324.071
Partition GENE_EOG092D08HR.nex / Model: LG+F+I+G4 / df: 26 / LogL: -15429.376
Partition GENE_EOG092D0905.nex_GENE_EOG092D329B.nex / Model: LG+F+I+G4 / df: 26 / LogL: -15068.487
Partition GENE_EOG092D0KIC.nex_GENE_EOG092D1NX0.nex_GENE_EOG092D2RP6.nex / Model: Q.YEAST+F+G4 / df: 26 / LogL: -17092.227
Partition GENE_EOG092D0J6Y.nex_GENE_EOG092D1FGG.nex_GENE_EOG092D2502.nex_GENE_EOG092D2UBG.nex / Model: LG+F+G4 / df: 26 / LogL: -15428.690
Partition GENE_EOG092D0GS4.nex_GENE_EOG092D3IJD.nex / Model: Q.YEAST+F+I+R2 / df: 26 / LogL: -12553.076
Partition GENE_EOG092D056B.nex / Model: LG+F+R2 / df: 26 / LogL: -12565.719
Partition GENE_EOG092D1JY2.nex_GENE_EOG092D1ODS.nex_GENE_EOG092D2B4A.nex_GENE_EOG092D38RE.nex / Model: LG+F+I+G4 / df: 26 / LogL: -16437.949
Partition GENE_EOG092D14XV.nex_GENE_EOG092D3ASB.nex / Model: Q.YEAST+F+I+G4 / df: 26 / LogL: -12149.642
Partition GENE_EOG092D0E4N.nex_GENE_EOG092D4KGF.nex / Model: RTREV+F+I+R2 / df: 26 / LogL: -12265.708
Partition GENE_EOG092D0DYZ.nex_GENE_EOG092D2IG4.nex / Model: LG+F+I+G4 / df: 26 / LogL: -15421.006
Partition GENE_EOG092D16LD.nex_GENE_EOG092D1TP5.nex_GENE_EOG092D2VYQ.nex_GENE_EOG092D3PF3.nex / Model: Q.PFAM+F+I+G4 / df: 26 / LogL: -17771.586
Partition GENE_EOG092D09PM.nex / Model: LG+F+R2 / df: 26 / LogL: -10954.508
Partition GENE_EOG092D1LC1.nex_GENE_EOG092D2COI.nex / Model: Q.YEAST+F+I+G4 / df: 24 / LogL: -15819.802
Partition GENE_EOG092D02YC.nex_GENE_EOG092D2B2Y.nex / Model: Q.YEAST+F+G4 / df: 26 / LogL: -12311.796
Partition GENE_EOG092D0WLP.nex_GENE_EOG092D1BAU.nex / Model: LG+F+I+G4 / df: 26 / LogL: -12906.154
Partition GENE_EOG092D1R2W.nex_GENE_EOG092D4JU7.nex / Model: Q.YEAST+F+I+G4 / df: 26 / LogL: -12759.528
Partition GENE_EOG092D080M.nex_GENE_EOG092D1VPO.nex_GENE_EOG092D2RBH.nex / Model: LG+F+G4 / df: 26 / LogL: -14343.211
Partition GENE_EOG092D0LJL.nex_GENE_EOG092D25D9.nex / Model: Q.YEAST+F+I+G4 / df: 26 / LogL: -13325.490
Partition GENE_EOG092D0F10.nex_GENE_EOG092D430X.nex / Model: Q.YEAST+F+G4 / df: 26 / LogL: -10587.683
Partition GENE_EOG092D10DF.nex_GENE_EOG092D26GB.nex_GENE_EOG092D2DNW.nex / Model: LG+F+I+G4 / df: 26 / LogL: -15465.333
Partition GENE_EOG092D0OAE.nex_GENE_EOG092D310Y.nex / Model: Q.PFAM+F+G4 / df: 26 / LogL: -11722.133
Partition GENE_EOG092D068O.nex_GENE_EOG092D1BU7.nex_GENE_EOG092D34RI.nex / Model: LG+F+G4 / df: 26 / LogL: -14880.127
Partition GENE_EOG092D2GPJ.nex_GENE_EOG092D3NOC.nex_GENE_EOG092D4CP0.nex / Model: LG+I+G4 / df: 7 / LogL: -11819.339
Partition GENE_EOG092D0951.nex_GENE_EOG092D1BH6.nex_GENE_EOG092D2BJH.nex / Model: LG+F+G4 / df: 26 / LogL: -15729.565
Partition GENE_EOG092D1G5D.nex_GENE_EOG092D3FYF.nex_GENE_EOG092D3WBP.nex / Model: RTREV+F+I+G4 / df: 26 / LogL: -12036.123
Partition GENE_EOG092D0NJO.nex_GENE_EOG092D3HVD.nex / Model: Q.PFAM+F+R2 / df: 26 / LogL: -10963.167
Partition GENE_EOG092D2XS7.nex_GENE_EOG092D2Z0K.nex / Model: Q.YEAST+F+R2 / df: 26 / LogL: -10480.583
Partition GENE_EOG092D07JG.nex_GENE_EOG092D2G5H.nex / Model: Q.YEAST+F+R3 / df: 26 / LogL: -12436.089
Partition GENE_EOG092D01WH.nex / Model: Q.YEAST+G4 / df: 7 / LogL: -11763.067
Partition GENE_EOG092D0T75.nex_GENE_EOG092D0YSG.nex / Model: LG+F+I+G4 / df: 26 / LogL: -11639.325
Partition GENE_EOG092D0ITM.nex_GENE_EOG092D3Z6V.nex / Model: Q.YEAST+I+G4 / df: 7 / LogL: -9790.004
Partition GENE_EOG092D0PK7.nex_GENE_EOG092D14CG.nex_GENE_EOG092D3NFG.nex / Model: LG+F+G4 / df: 24 / LogL: -11072.780
Partition GENE_EOG092D0KTI.nex / Model: LG+F+I+G4 / df: 26 / LogL: -11225.192
Partition GENE_EOG092D0P0O.nex / Model: Q.YEAST+F+I+G4 / df: 26 / LogL: -11092.041
Partition GENE_EOG092D0LJK.nex_GENE_EOG092D0UX9.nex / Model: LG+F+I+G4 / df: 26 / LogL: -12874.959
Partition GENE_EOG092D0IU7.nex_GENE_EOG092D22TL.nex_GENE_EOG092D27ZM.nex_GENE_EOG092D2ASD.nex_GENE_EOG092D2LER.nex / Model: LG+F+G4 / df: 26 / LogL: -15429.746
Partition GENE_EOG092D1GUU.nex_GENE_EOG092D1Q7K.nex / Model: Q.YEAST+F+I+G4 / df: 26 / LogL: -10517.377
Partition GENE_EOG092D2DQ7.nex_GENE_EOG092D31X5.nex_GENE_EOG092D3D9K.nex / Model: LG+F+G4 / df: 26 / LogL: -10401.790
Partition GENE_EOG092D16QM.nex_GENE_EOG092D1VKT.nex / Model: LG+F+R2 / df: 26 / LogL: -9484.845
Partition GENE_EOG092D0YQS.nex_GENE_EOG092D3PY2.nex / Model: Q.YEAST+F+G4 / df: 26 / LogL: -10667.540
Partition GENE_EOG092D0IC1.nex_GENE_EOG092D13SA.nex / Model: Q.YEAST+F+G4 / df: 26 / LogL: -10398.645
Partition GENE_EOG092D069S.nex_GENE_EOG092D2UGI.nex / Model: Q.YEAST+F+I+G4 / df: 26 / LogL: -11077.486
Partition GENE_EOG092D0Q00.nex / Model: Q.PFAM+F+I+G4 / df: 24 / LogL: -10037.849
Partition GENE_EOG092D2RJ9.nex_GENE_EOG092D2U1L.nex_GENE_EOG092D3ALG.nex_GENE_EOG092D3EJG.nex / Model: LG+F+G4 / df: 26 / LogL: -11405.524
Partition GENE_EOG092D0UJA.nex_GENE_EOG092D12N2.nex_GENE_EOG092D2LX2.nex / Model: LG+G4 / df: 7 / LogL: -11130.737
Partition GENE_EOG092D0V4E.nex_GENE_EOG092D33G3.nex / Model: LG+I+G4 / df: 7 / LogL: -10082.518
Partition GENE_EOG092D0T8J.nex_GENE_EOG092D2VEY.nex / Model: Q.YEAST+F+I+G4 / df: 26 / LogL: -11556.976
Partition GENE_EOG092D05LP.nex / Model: RTREV+F+I+G4 / df: 24 / LogL: -11052.292
Partition GENE_EOG092D31Z3.nex_GENE_EOG092D3D5H.nex / Model: RTREV+F+I+G4 / df: 26 / LogL: -8017.683
Partition GENE_EOG092D0UBQ.nex_GENE_EOG092D3FDW.nex / Model: LG+F+G4 / df: 26 / LogL: -8904.568
Partition GENE_EOG092D0SNY.nex_GENE_EOG092D1KRH.nex_GENE_EOG092D2D7L.nex_GENE_EOG092D2RFR.nex / Model: LG+R3 / df: 7 / LogL: -11360.832
Partition GENE_EOG092D2YAG.nex_GENE_EOG092D3IQI.nex / Model: Q.PFAM+F+I+G4 / df: 26 / LogL: -8412.562
Partition GENE_EOG092D0PER.nex / Model: Q.YEAST+F+I+G4 / df: 26 / LogL: -8866.902
Partition GENE_EOG092D01YA.nex_GENE_EOG092D2R1Y.nex / Model: Q.YEAST+F+I+G4 / df: 26 / LogL: -14163.068
Partition GENE_EOG092D2SZZ.nex_GENE_EOG092D2X9K.nex / Model: RTREV+F+I+G4 / df: 26 / LogL: -7567.452
Partition GENE_EOG092D29J0.nex_GENE_EOG092D2PJJ.nex / Model: Q.YEAST+F+I+G4 / df: 26 / LogL: -9121.669
Partition GENE_EOG092D1CKF.nex_GENE_EOG092D1JIT.nex_GENE_EOG092D1ZEJ.nex / Model: LG+F+I+G4 / df: 26 / LogL: -11816.149
Partition GENE_EOG092D2O8B.nex_GENE_EOG092D4B4O.nex / Model: RTREV+F+I+G4 / df: 26 / LogL: -7466.892
Partition GENE_EOG092D0XCU.nex / Model: LG+F+G4 / df: 24 / LogL: -8230.704
Partition GENE_EOG092D1VHG.nex_GENE_EOG092D28JA.nex / Model: Q.YEAST+F+I+R2 / df: 26 / LogL: -7171.991
Partition GENE_EOG092D0BFU.nex / Model: Q.YEAST+F+R2 / df: 24 / LogL: -9479.879
Partition GENE_EOG092D1EK2.nex_GENE_EOG092D2A7Q.nex / Model: LG+I+R2 / df: 7 / LogL: -7071.146
Partition GENE_EOG092D3DOE.nex_GENE_EOG092D4D32.nex / Model: LG+R2 / df: 7 / LogL: -6640.368
Partition GENE_EOG092D0EGX.nex / Model: Q.YEAST+F+G4 / df: 26 / LogL: -8818.132
Partition GENE_EOG092D0FQ1.nex / Model: LG+F+I+R2 / df: 26 / LogL: -7811.686
Partition GENE_EOG092D0EMK.nex / Model: Q.YEAST+F+R2 / df: 26 / LogL: -7034.004
Partition GENE_EOG092D12Y0.nex / Model: Q.YEAST+F+G4 / df: 24 / LogL: -8011.566
Partition GENE_EOG092D1M7G.nex_GENE_EOG092D3LLM.nex / Model: Q.YEAST+F+I+G4 / df: 26 / LogL: -8134.857
Partition GENE_EOG092D1718.nex / Model: Q.YEAST+F+R2 / df: 26 / LogL: -6648.653
Partition GENE_EOG092D09SW.nex / Model: Q.YEAST+F+G4 / df: 24 / LogL: -8819.804
Partition GENE_EOG092D06BS.nex / Model: RTREV+F+I / df: 22 / LogL: -9851.664
Partition GENE_EOG092D3NXJ.nex / Model: Q.YEAST+F+I+G4 / df: 26 / LogL: -5892.776
Partition GENE_EOG092D0R62.nex / Model: LG+F+I+G4 / df: 26 / LogL: -6493.648
Partition GENE_EOG092D0BYJ.nex_GENE_EOG092D27I5.nex / Model: LG+F+G4 / df: 26 / LogL: -10435.039
Partition GENE_EOG092D1CLY.nex_GENE_EOG092D2AZW.nex / Model: LG+F+G4 / df: 24 / LogL: -7467.315
Partition GENE_EOG092D10XC.nex_GENE_EOG092D3ETT.nex / Model: LG+G4 / df: 7 / LogL: -7703.251
Partition GENE_EOG092D1NDG.nex_GENE_EOG092D3QR7.nex / Model: LG+F+I+R2 / df: 26 / LogL: -6260.674
Partition GENE_EOG092D1SLW.nex_GENE_EOG092D1ZEW.nex / Model: LG+F+I+G4 / df: 26 / LogL: -7995.044
Partition GENE_EOG092D0CUX.nex / Model: Q.YEAST+I+G4 / df: 7 / LogL: -8995.934
Partition GENE_EOG092D12CU.nex_GENE_EOG092D1HUK.nex_GENE_EOG092D1YWG.nex_GENE_EOG092D23QW.nex_GENE_EOG092D28HS.nex / Model: LG+F+G4 / df: 26 / LogL: -14440.555
Partition GENE_EOG092D1HB6.nex / Model: LG+F+G4 / df: 26 / LogL: -6753.177
Partition GENE_EOG092D0M7O.nex / Model: LG+F+G4 / df: 26 / LogL: -7069.184
Partition GENE_EOG092D2MH0.nex_GENE_EOG092D2OSF.nex / Model: Q.YEAST+I+G4 / df: 7 / LogL: -8181.506
Partition GENE_EOG092D0UFO.nex / Model: WAG+I+G4 / df: 7 / LogL: -7281.516
Partition GENE_EOG092D13QH.nex_GENE_EOG092D1GCX.nex / Model: LG+G4 / df: 7 / LogL: -7615.769
Partition GENE_EOG092D0SSQ.nex_GENE_EOG092D1VPG.nex_GENE_EOG092D25DG.nex / Model: Q.YEAST+F+I+R2 / df: 26 / LogL: -8733.210
Partition GENE_EOG092D0ZAJ.nex_GENE_EOG092D2IC5.nex / Model: LG+F+I+G4 / df: 26 / LogL: -5773.123
Partition GENE_EOG092D1CJS.nex_GENE_EOG092D1YZO.nex / Model: Q.YEAST+F+G4 / df: 26 / LogL: -7514.045
Partition GENE_EOG092D1HYF.nex / Model: LG+F+I+R2 / df: 26 / LogL: -5803.716
Partition GENE_EOG092D1UCZ.nex / Model: Q.PFAM+F+R2 / df: 26 / LogL: -5619.441
Partition GENE_EOG092D0HKD.nex / Model: LG+I+G4 / df: 7 / LogL: -6969.934
Partition GENE_EOG092D1AZP.nex / Model: Q.PFAM+F+G4 / df: 24 / LogL: -6391.150
Partition GENE_EOG092D38PJ.nex_GENE_EOG092D3HE2.nex / Model: WAG+F+I+G4 / df: 26 / LogL: -5470.793
Partition GENE_EOG092D1CX4.nex / Model: Q.YEAST+F+G4 / df: 24 / LogL: -5474.945
Partition GENE_EOG092D11XU.nex_GENE_EOG092D2CAF.nex / Model: LG+F+R2 / df: 26 / LogL: -6754.743
Partition GENE_EOG092D1Z45.nex / Model: DAYHOFF+F+R2 / df: 26 / LogL: -5051.851
Partition GENE_EOG092D1LJK.nex / Model: Q.PFAM+F+I+G4 / df: 26 / LogL: -4879.936
Partition GENE_EOG092D27RI.nex / Model: Q.YEAST+I+R2 / df: 7 / LogL: -4759.794
Partition GENE_EOG092D1UOB.nex_GENE_EOG092D2QY5.nex / Model: LG+F+G4 / df: 26 / LogL: -6832.797
Partition GENE_EOG092D2XOE.nex / Model: LG+R2 / df: 7 / LogL: -5760.439
Partition GENE_EOG092D13U3.nex / Model: Q.YEAST+F+I+G4 / df: 24 / LogL: -5727.268
Partition GENE_EOG092D3D0W.nex / Model: Q.YEAST+F+I / df: 26 / LogL: -3782.627
Partition GENE_EOG092D0R9A.nex / Model: LG+F+I+G4 / df: 24 / LogL: -5195.188
Partition GENE_EOG092D1Q5G.nex_GENE_EOG092D2W7U.nex / Model: LG+F+G4 / df: 26 / LogL: -5586.633
Partition GENE_EOG092D2RJR.nex / Model: LG+F+R2 / df: 26 / LogL: -5036.896
Partition GENE_EOG092D1AQR.nex / Model: LG+F+I+G4 / df: 26 / LogL: -5348.583
Partition GENE_EOG092D27O3.nex / Model: LG+I+G4 / df: 7 / LogL: -4995.003
Partition GENE_EOG092D09N2.nex / Model: LG+G4 / df: 7 / LogL: -7750.596
Partition GENE_EOG092D1OL9.nex / Model: Q.YEAST+F+R2 / df: 22 / LogL: -5851.471
Partition GENE_EOG092D20CT.nex_GENE_EOG092D3OPM.nex / Model: LG+F+G4 / df: 26 / LogL: -5861.761
Partition GENE_EOG092D1Q94.nex / Model: LG+G4 / df: 5 / LogL: -5653.488
Partition GENE_EOG092D1KWA.nex / Model: Q.PFAM+F+I+G4 / df: 26 / LogL: -5341.306
Partition GENE_EOG092D3B56.nex / Model: Q.YEAST+F+R2 / df: 26 / LogL: -4141.450
Partition GENE_EOG092D2AME.nex / Model: RTREV+F+I+G4 / df: 24 / LogL: -4264.852
Partition GENE_EOG092D1RSN.nex / Model: Q.YEAST+F+I+G4 / df: 24 / LogL: -5365.701
Partition GENE_EOG092D2AWS.nex / Model: Q.YEAST+F+I+G4 / df: 26 / LogL: -5033.051
Partition GENE_EOG092D3942.nex / Model: Q.YEAST+F+G4 / df: 26 / LogL: -4848.780
Partition GENE_EOG092D3KF0.nex / Model: RTREV+F+I / df: 26 / LogL: -3425.499
Partition GENE_EOG092D1A1J.nex / Model: LG+F+G4 / df: 26 / LogL: -5261.932
Partition GENE_EOG092D33FU.nex / Model: LG+F+R2 / df: 26 / LogL: -4104.717
Partition GENE_EOG092D23WM.nex / Model: LG+F+G4 / df: 26 / LogL: -3645.032
Partition GENE_EOG092D0454.nex / Model: LG+F+G4 / df: 26 / LogL: -5295.827
Partition GENE_EOG092D0OOP.nex / Model: LG+I+R2 / df: 7 / LogL: -4660.918
Partition GENE_EOG092D1VHP.nex / Model: BLOSUM62+F / df: 24 / LogL: -3622.757
Partition GENE_EOG092D2GVZ.nex / Model: Q.YEAST+F+G4 / df: 24 / LogL: -4699.731
Partition GENE_EOG092D3HBU.nex / Model: Q.YEAST+F+R2 / df: 24 / LogL: -3862.176
Partition GENE_EOG092D182U.nex / Model: Q.YEAST+R3 / df: 5 / LogL: -4540.921
Partition GENE_EOG092D16QX.nex / Model: LG+G4 / df: 7 / LogL: -4994.770
Partition GENE_EOG092D2LES.nex / Model: Q.PFAM+F+G4 / df: 26 / LogL: -4566.574
Partition GENE_EOG092D3QQQ.nex / Model: Q.YEAST+F+G4 / df: 22 / LogL: -4898.477
Partition GENE_EOG092D3EQH.nex / Model: WAG+F+I+G4 / df: 26 / LogL: -4083.325
Partition GENE_EOG092D2A51.nex / Model: LG+F+I+G4 / df: 24 / LogL: -5465.188
Partition GENE_EOG092D1LYU.nex / Model: LG+F+I / df: 24 / LogL: -4071.804
Partition GENE_EOG092D4EV2.nex / Model: Q.YEAST+F+I+R2 / df: 26 / LogL: -3125.477
Partition GENE_EOG092D09R6.nex / Model: LG+F+G4 / df: 22 / LogL: -6014.141
Partition GENE_EOG092D07D8.nex / Model: WAG+F+I+G4 / df: 24 / LogL: -4808.140
Partition GENE_EOG092D2APH.nex / Model: LG+I+G4 / df: 7 / LogL: -4272.827
Partition GENE_EOG092D2YOQ.nex / Model: Q.YEAST+F+I+G4 / df: 24 / LogL: -4256.173
Partition GENE_EOG092D2KS9.nex / Model: LG+I+G4 / df: 7 / LogL: -4185.526
Partition GENE_EOG092D3IVF.nex / Model: Q.YEAST+F+I / df: 24 / LogL: -3168.356
Partition GENE_EOG092D3NQF.nex / Model: LG+F+I / df: 24 / LogL: -3245.508
Partition GENE_EOG092D2WL3.nex / Model: Q.YEAST+F+G4 / df: 24 / LogL: -3952.688
Partition GENE_EOG092D1B2T.nex / Model: Q.PFAM+F+G4 / df: 22 / LogL: -4145.128
Partition GENE_EOG092D24ND.nex / Model: LG+F+R2 / df: 24 / LogL: -4052.454
Partition GENE_EOG092D18SO.nex / Model: VT+I / df: 3 / LogL: -3551.473
Partition GENE_EOG092D0OJS.nex / Model: Q.YEAST+F+G4 / df: 22 / LogL: -4550.021
Partition GENE_EOG092D0NUZ.nex / Model: WAG+I / df: 5 / LogL: -4541.034
Partition GENE_EOG092D2VBX.nex / Model: WAG+F / df: 24 / LogL: -2793.441
Partition GENE_EOG092D30CB.nex / Model: LG+F+G4 / df: 26 / LogL: -3893.516
Partition GENE_EOG092D4145.nex / Model: Q.YEAST+F+I+G4 / df: 26 / LogL: -3051.762
Partition GENE_EOG092D2XBR.nex / Model: Q.PFAM+F+G4 / df: 24 / LogL: -4418.547
Partition GENE_EOG092D357K.nex / Model: LG+I+G4 / df: 7 / LogL: -3934.805
Partition GENE_EOG092D1MQ6.nex_GENE_EOG092D29KI.nex / Model: LG+I+G4 / df: 7 / LogL: -5584.384
Partition GENE_EOG092D4FU5.nex / Model: Q.PFAM+F+R2 / df: 26 / LogL: -2260.747
Partition GENE_EOG092D2ICY.nex / Model: WAG+I / df: 7 / LogL: -2901.503
Partition GENE_EOG092D1OV6.nex / Model: LG+F+G4 / df: 24 / LogL: -3812.048
Partition GENE_EOG092D3ECY.nex / Model: LG+I+G4 / df: 7 / LogL: -3609.504
Partition GENE_EOG092D27Y2.nex / Model: LG+F+G4 / df: 26 / LogL: -3170.770
Partition GENE_EOG092D3R6Y.nex / Model: LG+G4 / df: 5 / LogL: -2363.043
Partition GENE_EOG092D3YU3.nex / Model: Q.YEAST+F+I / df: 22 / LogL: -1559.000
Partition GENE_EOG092D24YM.nex / Model: Q.PFAM+F+I / df: 22 / LogL: -2724.099
Partition GENE_EOG092D1W8I.nex / Model: WAG+F+I / df: 22 / LogL: -2935.603
Partition GENE_EOG092D34V3.nex / Model: Q.YEAST+F+G4 / df: 22 / LogL: -3634.891
Partition GENE_EOG092D06WH.nex / Model: Q.PFAM+F+I+G4 / df: 24 / LogL: -3261.536
Partition GENE_EOG092D0T1H.nex / Model: LG+F / df: 22 / LogL: -1928.574
Partition GENE_EOG092D0QW3.nex / Model: Q.YEAST+F+G4 / df: 22 / LogL: -4416.688
Partition GENE_EOG092D0NEP.nex / Model: Q.YEAST / df: 3 / LogL: -2098.558
Partition GENE_EOG092D3HV9.nex / Model: LG+F / df: 22 / LogL: -901.262
Partition GENE_EOG092D1QZ9.nex / Model: Q.YEAST+F+G4 / df: 26 / LogL: -3692.781
Partition GENE_EOG092D19VF.nex_GENE_EOG092D2NES.nex / Model: RTREV+F+G4 / df: 26 / LogL: -5196.944
Partition GENE_EOG092D2Q04.nex / Model: LG+F+G4 / df: 22 / LogL: -1876.617
Partition GENE_EOG092D1Q2Q.nex / Model: RTREV+F+G4 / df: 24 / LogL: -2531.348
Partition GENE_EOG092D041E.nex / Model: LG+F+G4 / df: 22 / LogL: -6441.942
Partition GENE_EOG092D3K5U.nex / Model: LG+F+G4 / df: 22 / LogL: -2147.467
Partition GENE_EOG092D1UVP.nex_GENE_EOG092D1VUE.nex / Model: LG+G4 / df: 7 / LogL: -4120.218
Partition GENE_EOG092D3M40.nex / Model: Q.YEAST+F+G4 / df: 22 / LogL: -2662.037
Partition GENE_EOG092D2ERC.nex / Model: Q.YEAST+F+G4 / df: 22 / LogL: -3125.777
Partition GENE_EOG092D1ZWB.nex / Model: LG+I+G4 / df: 7 / LogL: -3199.245
Partition GENE_EOG092D1SC1.nex / Model: LG+I+G4 / df: 5 / LogL: -3079.475
Partition GENE_EOG092D3LD3.nex / Model: RTREV+F+I+G4 / df: 26 / LogL: -2829.144
Partition GENE_EOG092D3WSA.nex / Model: JTT+F+G4 / df: 26 / LogL: -2116.272
Partition GENE_EOG092D2RFS.nex / Model: Q.INSECT+G4 / df: 7 / LogL: -2597.414
Partition GENE_EOG092D2RAL.nex / Model: LG+F+G4 / df: 26 / LogL: -2372.333
Partition GENE_EOG092D1J1B.nex / Model: WAG+F+G4 / df: 24 / LogL: -4045.894
Optimal log-likelihood: -2265088.947
Partition information was printed to Ascomycota5_Q_search.best_model.nex
BEST SCORE FOUND : -2265088.947
Creating bootstrap support values...
Split supports printed to NEXUS file Ascomycota5_Q_search.splits.nex
Total tree length: 4.546

Total number of iterations: 101
CPU time used for tree search: 2550.854 sec (0h:42m:30s)
Wall-clock time used for tree search: 122.727 sec (0h:2m:2s)
Total CPU time used: 2579.950 sec (0h:42m:59s)
Total wall-clock time used: 46759752.028 sec (12988h:49m:12s)
UFBoot trees printed to Ascomycota5_Q_search.ufboot

Computing bootstrap consensus tree...
Reading input file Ascomycota5_Q_search.splits.nex...
5 taxa and 8 splits.
Consensus tree written to Ascomycota5_Q_search.contree
Reading input trees file Ascomycota5_Q_search.contree
Log-likelihood of consensus tree: -2265088.945
Identifying sites to remove: done in 0.0038937 secs using 362.8% CPU
Identifying sites to remove: done in 0.00424518 secs using 328.9% CPU
Identifying sites to remove: done in 0.00393871 secs
Identifying sites to remove: done in 0.00620475 secs using 226.1% CPU
Identifying sites to remove: done in 0.00523674 secs
Identifying sites to remove: done in 0.00656043 secs using 203.2% CPU
Identifying sites to remove: done in 0.00657094 secs using 196.1% CPU
Identifying sites to remove: done in 0.00679267 secs using 201.7% CPU
Identifying sites to remove: done in 0.00704844 secs using 191.7% CPU
Identifying sites to remove: done in 0.00708519 secs using 185% CPU
Identifying sites to remove: done in 0.00187986 secs using 57.61% CPU
Identifying sites to remove: done in 0.00137043 secs using 103.5% CPU
Identifying sites to remove: done in 0.00176121 secs using 30.49% CPU
Identifying sites to remove: done in 0.00257711 secs using 1479% CPU
Identifying sites to remove: done in 0.00199003 secs using 3896% CPU
Identifying sites to remove: done in 0.00173948 secs using 4644% CPU
Identifying sites to remove: done in 0.000995398 secs using 7656% CPU
Identifying sites to remove: done in 0.00164371 secs using 99.9% CPU
Identifying sites to remove: done in 0.00067281 secs using 203.2% CPU
Identifying sites to remove: done in 0.00200514 secs using 454.2% CPU
Identifying sites to remove: done in 0.000926517 secs using 394.2% CPU
Identifying sites to remove: done in 0.00120518 secs using 442.3% CPU
Identifying sites to remove: done in 0.00168754 secs using 469% CPU
Identifying sites to remove: done in 0.00075464 secs using 369.1% CPU
Identifying sites to remove: done in 0.00159381 secs using 284.3% CPU
Identifying sites to remove: done in 0.00113911 secs using 201.6% CPU
Identifying sites to remove: done in 0.0021535 secs using 269.1% CPU
Identifying sites to remove: done in 0.00148772 secs using 99.48% CPU
Identifying sites to remove: done in 0.00155552 secs using 99.39% CPU
Identifying sites to remove: done in 0.00212432 secs using 224.5% CPU
Identifying sites to remove: done in 0.001976 secs using 158.4% CPU
Identifying sites to remove: done in 0.00154303 secs using 302.4% CPU
Identifying sites to remove: done in 0.00200451 secs using 277.4% CPU
Identifying sites to remove: done in 0.00209101 secs using 2273% CPU
Identifying sites to remove: done in 0.00150251 secs using 202.9% CPU
Identifying sites to remove: done in 0.00218678 secs using 2763% CPU
Identifying sites to remove: done in 0.00197291 secs using 124.4% CPU
Identifying sites to remove: done in 0.00196835 secs using 208.4% CPU
Identifying sites to remove: done in 0.0015204 secs using 339.8% CPU
Identifying sites to remove: done in 0.00147089 secs using 4947% CPU
Identifying sites to remove: done in 0.00150606 secs using 814.4% CPU
Identifying sites to remove: done in 0.00118969 secs using 6010% CPU
Identifying sites to remove: done in 0.00210022 secs using 3641% CPU
Identifying sites to remove: done in 0.0019656 secs using 3499% CPU
Identifying sites to remove: done in 0.00197176 secs using 454.5% CPU
Identifying sites to remove: done in 0.00153377 secs using 4463% CPU
Identifying sites to remove: done in 0.00151547 secs using 4291% CPU
Identifying sites to remove: done in 0.00208025 secs using 99.51% CPU
Identifying sites to remove: done in 0.00205868 secs using 99.48% CPU
Identifying sites to remove: done in 0.00139941 secs using 5103% CPU
Identifying sites to remove: done in 0.00199596 secs using 3453% CPU
Identifying sites to remove: done in 0.00198977 secs using 276.5% CPU
Identifying sites to remove: done in 0.00195863 secs using 3355% CPU
Identifying sites to remove: done in 0.00083103 secs using 99.52% CPU
Identifying sites to remove: done in 0.00191019 secs using 99.89% CPU
Identifying sites to remove: done in 0.00274496 secs using 2237% CPU
Identifying sites to remove: done in 0.0019749 secs using 3093% CPU
Identifying sites to remove: done in 0.00194893 secs using 99.85% CPU
Identifying sites to remove: done in 0.00180403 secs using 367.5% CPU
Identifying sites to remove: done in 0.00104584 secs using 1277% CPU
Identifying sites to remove: done in 0.00110433 secs using 1229% CPU
Identifying sites to remove: done in 0.00115465 secs using 1237% CPU
Identifying sites to remove: done in 0.00135357 secs using 1162% CPU
Identifying sites to remove: done in 0.00138442 secs using 1137% CPU
Identifying sites to remove: done in 0.00152175 secs using 1084% CPU
Identifying sites to remove: done in 0.00154195 secs using 1060% CPU
Identifying sites to remove: done in 0.00160976 secs using 1035% CPU
Identifying sites to remove: done in 0.00179476 secs using 956.9% CPU
Identifying sites to remove: done in 0.00186393 secs using 942.3% CPU
Identifying sites to remove: done in 0.000905327 secs using 7735% CPU
Identifying sites to remove: done in 0.000768401 secs using 8746% CPU
Identifying sites to remove: done in 0.000710785 secs using 123.1% CPU
Identifying sites to remove: done in 0.000414804 secs using 99.08% CPU
Identifying sites to remove: done in 0.002022 secs using 345.5% CPU
Identifying sites to remove: done in 0.000320829 secs using 99.12% CPU
Identifying sites to remove: done in 0.000420831 secs using 99.56% CPU
Identifying sites to remove: done in 0.000316724 secs using 562.3% CPU
Identifying sites to remove: done in 0.000726946 secs using 976% CPU
Identifying sites to remove: done in 0.000920385 secs using 949.5% CPU
Identifying sites to remove: done in 0.00055857 secs using 1184% CPU
Identifying sites to remove: done in 0.000775911 secs using 611.2% CPU
Identifying sites to remove: done in 0.000735372 secs using 159.4% CPU
Identifying sites to remove: done in 0.00216725 secs using 730.9% CPU
Identifying sites to remove: done in 0.000716045 secs using 8302% CPU
Identifying sites to remove: done in 0.000918768 secs using 99.37% CPU
Identifying sites to remove: done in 0.000564009 secs using 193.1% CPU
Identifying sites to remove: done in 0.000919655 secs using 362.4% CPU
Identifying sites to remove: done in 0.000722878 secs using 301.7% CPU
Identifying sites to remove: done in 0.000878356 secs using 140.8% CPU
Identifying sites to remove: done in 0.000919037 secs using 303% CPU
Identifying sites to remove: done in 0.000891119 secs using 195.7% CPU
Identifying sites to remove: done in 0.00088463 secs using 351.3% CPU
Identifying sites to remove: done in 0.000954777 secs using 319.3% CPU
Identifying sites to remove: done in 0.000757858 secs using 224.4% CPU
Identifying sites to remove: done in 0.000767916 secs using 1742% CPU
Identifying sites to remove: done in 0.000979826 secs using 1233% CPU
Identifying sites to remove: done in 0.000728808 secs using 1223% CPU
Identifying sites to remove: done in 0.000950903 secs using 690.4% CPU
Identifying sites to remove: done in 0.000794426 secs using 306.8% CPU
Identifying sites to remove: done in 0.000566944 secs using 1124% CPU
Identifying sites to remove: done in 0.000917636 secs using 911.4% CPU
Identifying sites to remove: done in 0.000784062 secs using 1020% CPU
Identifying sites to remove: done in 0.000953138 secs using 1228% CPU
Identifying sites to remove: done in 0.000955082 secs using 1072% CPU
Identifying sites to remove: done in 0.000739537 secs using 929% CPU
Identifying sites to remove: done in 0.000887588 secs using 580.7% CPU
Identifying sites to remove: done in 0.000768222 secs using 666.5% CPU
Identifying sites to remove: done in 0.000677362 secs using 355.9% CPU
Identifying sites to remove: done in 0.000942029 secs using 5985% CPU
Identifying sites to remove: done in 0.000926189 secs using 291.5% CPU
Identifying sites to remove: done in 0.00052052 secs using 558.9% CPU
Identifying sites to remove: done in 0.000707023 secs using 139.2% CPU
Identifying sites to remove: done in 0.000940248 secs using 7597% CPU
Identifying sites to remove: done in 0.00055822 secs using 293.6% CPU
Identifying sites to remove: done in 0.000946581 secs using 7187% CPU
Identifying sites to remove: done in 0.0008948 secs using 99.8% CPU
Identifying sites to remove: done in 0.0008782 secs using 7049% CPU
Identifying sites to remove: done in 0.000867985 secs using 309% CPU
Identifying sites to remove: done in 0.00086055 secs using 990.5% CPU
Identifying sites to remove: done in 0.00092078 secs using 970.7% CPU
Identifying sites to remove: done in 0.00106137 secs using 942.7% CPU
Identifying sites to remove: done in 0.00110333 secs using 1387% CPU
Identifying sites to remove: done in 0.00110372 secs using 1240% CPU
Identifying sites to remove: done in 0.00140894 secs using 1437% CPU
Identifying sites to remove: done in 0.00150657 secs using 916.5% CPU
Identifying sites to remove: done in 0.00157132 secs using 778.1% CPU
Identifying sites to remove: done in 0.00161407 secs using 1395% CPU
Identifying sites to remove: done in 0.00167292 secs using 1164% CPU
Identifying sites to remove: done in 0.00106709 secs using 99.43% CPU
Identifying sites to remove: done in 0.000873916 secs using 8005% CPU
Identifying sites to remove: done in 0.000890024 secs using 7468% CPU
Identifying sites to remove: done in 0.00114843 secs using 7050% CPU
Identifying sites to remove: done in 0.000575311 secs using 169% CPU
Identifying sites to remove: done in 0.000451915 secs using 192.3% CPU
Identifying sites to remove: done in 0.00112594 secs using 278.8% CPU
Identifying sites to remove: done in 0.000481136 secs using 99.35% CPU
Identifying sites to remove: done in 0.000881493 secs using 8478% CPU
Identifying sites to remove: done in 0.000447221 secs using 570.2% CPU
Identifying sites to remove: done in 0.000777833 secs using 542.7% CPU
Identifying sites to remove: done in 0.00103823 secs using 507.7% CPU
Identifying sites to remove: done in 0.000989504 secs using 592.1% CPU
Identifying sites to remove: done in 0.000974901 secs using 415.1% CPU
Identifying sites to remove: done in 0.00099536 secs using 249.8% CPU
Identifying sites to remove: done in 0.000784174 secs using 8408% CPU
Identifying sites to remove: done in 0.00109635 secs using 274% CPU
Identifying sites to remove: done in 0.00134512 secs using 139.8% CPU
Identifying sites to remove: done in 0.00099539 secs using 99.76% CPU
Identifying sites to remove: done in 0.00111687 secs using 7104% CPU
Identifying sites to remove: done in 0.00115532 secs using 242.8% CPU
Identifying sites to remove: done in 0.00133657 secs using 133% CPU
Identifying sites to remove: done in 0.00103288 secs using 7071% CPU
Identifying sites to remove: done in 0.00137505 secs using 5104% CPU
Identifying sites to remove: done in 0.00109945 secs using 99.87% CPU
Identifying sites to remove: done in 0.00101525 secs using 6968% CPU
Identifying sites to remove: done in 0.0013264 secs using 5670% CPU
Identifying sites to remove: done in 0.00114624 secs using 419.6% CPU
Identifying sites to remove: done in 0.000861257 secs using 201.9% CPU
Identifying sites to remove: done in 0.00105905 secs using 360.7% CPU
Identifying sites to remove: done in 0.000956737 secs using 99.82% CPU
Identifying sites to remove: done in 0.00112583 secs using 5551% CPU
Identifying sites to remove: done in 0.000833213 secs using 323.3% CPU
Identifying sites to remove: done in 0.00131164 secs using 315.3% CPU
Identifying sites to remove: done in 0.00110541 secs using 718.2% CPU
Identifying sites to remove: done in 0.00109044 secs using 865.2% CPU
Identifying sites to remove: done in 0.000879794 secs using 7430% CPU
Identifying sites to remove: done in 0.000870086 secs using 7057% CPU
Identifying sites to remove: done in 0.00102375 secs using 400% CPU
Identifying sites to remove: done in 0.000934437 secs using 373.4% CPU
Identifying sites to remove: done in 0.00112596 secs using 234% CPU
Identifying sites to remove: done in 0.00108578 secs using 214.1% CPU
Identifying sites to remove: done in 0.000662491 secs using 390.3% CPU
Identifying sites to remove: done in 0.000972763 secs using 127.7% CPU
Identifying sites to remove: done in 0.00108718 secs using 99.8% CPU
Identifying sites to remove: done in 0.00112706 secs using 6043% CPU
Identifying sites to remove: done in 0.00112003 secs using 657.8% CPU
Identifying sites to remove: done in 0.00113748 secs using 429.7% CPU
Identifying sites to remove: done in 0.00111668 secs using 99.85% CPU
Identifying sites to remove: done in 0.0010177 secs using 982.5% CPU
Identifying sites to remove: done in 0.00109309 secs using 974.9% CPU
Identifying sites to remove: done in 0.00112613 secs using 978.4% CPU
Identifying sites to remove: done in 0.00112712 secs using 983.4% CPU
Identifying sites to remove: done in 0.00122677 secs using 939.9% CPU
Identifying sites to remove: done in 0.00126508 secs using 941.9% CPU
Identifying sites to remove: done in 0.00130656 secs using 913.7% CPU
Identifying sites to remove: done in 0.0013658 secs using 876.6% CPU
Identifying sites to remove: done in 0.0014995 secs using 832.9% CPU
Identifying sites to remove: done in 0.00189769 secs using 672.1% CPU
Identifying sites to remove: done in 0.00107437 secs using 452.6% CPU
Identifying sites to remove: done in 0.000877388 secs using 417.7% CPU
Identifying sites to remove: done in 0.00103728 secs using 183.1% CPU
Identifying sites to remove: done in 0.00110334 secs using 6678% CPU
Identifying sites to remove: done in 0.00051982 secs using 99.84% CPU
Identifying sites to remove: done in 0.00114655 secs using 6818% CPU
Identifying sites to remove: done in 0.000519216 secs using 1.473e+04% CPU
Identifying sites to remove: done in 0.000875607 secs using 199.6% CPU
Identifying sites to remove: done in 0.000477038 secs using 480.5% CPU
Identifying sites to remove: done in 0.00101721 secs using 112.8% CPU
Identifying sites to remove: done in 0.000430465 secs using 802.2% CPU
Identifying sites to remove: done in 0.000773609 secs using 590.2% CPU
Identifying sites to remove: done in 0.00105222 secs using 6778% CPU
Identifying sites to remove: done in 0.000813641 secs using 8517% CPU
Identifying sites to remove: done in 0.00102473 secs using 292.5% CPU
Identifying sites to remove: done in 0.00100407 secs using 210.3% CPU
Identifying sites to remove: done in 0.00118989 secs using 6550% CPU
Identifying sites to remove: done in 0.00114476 secs using 6596% CPU
Identifying sites to remove: done in 0.00102166 secs using 7767% CPU
Identifying sites to remove: done in 0.00113604 secs using 424.7% CPU
Identifying sites to remove: done in 0.00113469 secs using 121.5% CPU
Identifying sites to remove: done in 0.00115699 secs using 6193% CPU
Identifying sites to remove: done in 0.00105447 secs using 197.4% CPU
Identifying sites to remove: done in 0.00114095 secs using 99.83% CPU
Identifying sites to remove: done in 0.00112178 secs using 6423% CPU
Identifying sites to remove: done in 0.00114508 secs using 325.7% CPU
Identifying sites to remove: done in 0.00103997 secs using 1472% CPU
Identifying sites to remove: done in 0.00102481 secs using 1275% CPU
Identifying sites to remove: done in 0.000964426 secs using 762.5% CPU
Identifying sites to remove: done in 0.00122671 secs using 5283% CPU
Identifying sites to remove: done in 0.000903368 secs using 6202% CPU
Identifying sites to remove: done in 0.000760436 secs using 434.8% CPU
Identifying sites to remove: done in 0.00112329 secs using 753.2% CPU
Identifying sites to remove: done in 0.000878938 secs using 1041% CPU
Identifying sites to remove: done in 0.00117171 secs using 5506% CPU
Identifying sites to remove: done in 0.00116001 secs using 5286% CPU
Identifying sites to remove: done in 0.00111827 secs using 289.9% CPU
Identifying sites to remove: done in 0.000875436 secs using 223.3% CPU
Identifying sites to remove: done in 0.000849068 secs using 99.4% CPU
Identifying sites to remove: done in 0.00114033 secs using 6173% CPU
Identifying sites to remove: done in 0.00105305 secs using 6388% CPU
Identifying sites to remove: done in 0.000869244 secs using 143.6% CPU
Identifying sites to remove: done in 0.0010111 secs using 412.1% CPU
Identifying sites to remove: done in 0.00112258 secs using 169.4% CPU
Identifying sites to remove: done in 0.00112321 secs using 99.89% CPU
Identifying sites to remove: done in 0.00134157 secs using 99.88% CPU
Identifying sites to remove: done in 0.00116568 secs using 426.4% CPU
Identifying sites to remove: done in 0.00116001 secs using 313.6% CPU
Identifying sites to remove: done in 0.00112127 secs using 99.89% CPU
Identifying sites to remove: done in 0.00130181 secs using 980.9% CPU
Identifying sites to remove: done in 0.00137488 secs using 958.7% CPU
Identifying sites to remove: done in 0.00149844 secs using 1279% CPU
Identifying sites to remove: done in 0.00149629 secs using 1122% CPU
Identifying sites to remove: done in 0.00161466 secs using 1005% CPU
Identifying sites to remove: done in 0.00194765 secs using 1152% CPU
Identifying sites to remove: done in 0.00198751 secs using 834.1% CPU
Identifying sites to remove: done in 0.00208152 secs using 1169% CPU
Identifying sites to remove: done in 0.00232825 secs using 921.9% CPU
Identifying sites to remove: done in 0.00236293 secs using 759.3% CPU
Identifying sites to remove: done in 0.0011268 secs using 99.84% CPU
Identifying sites to remove: done in 0.000956275 secs using 8159% CPU
Identifying sites to remove: done in 0.00107122 secs using 156.7% CPU
Identifying sites to remove: done in 0.00114751 secs using 99.87% CPU
Identifying sites to remove: done in 0.000525944 secs using 100% CPU
Identifying sites to remove: done in 0.000468872 secs using 218.8% CPU
Identifying sites to remove: done in 0.00118405 secs using 273.9% CPU
Identifying sites to remove: done in 0.000543267 secs using 1.358e+04% CPU
Identifying sites to remove: done in 0.000933662 secs using 7614% CPU
Identifying sites to remove: done in 0.00108142 secs using 243% CPU
Identifying sites to remove: done in 0.00050167 secs using 449.9% CPU
Identifying sites to remove: done in 0.000831828 secs using 702.8% CPU
Identifying sites to remove: done in 0.00109014 secs using 692% CPU
Identifying sites to remove: done in 0.00106812 secs using 745.6% CPU
Identifying sites to remove: done in 0.00104877 secs using 481.4% CPU
Identifying sites to remove: done in 0.000869058 secs using 7559% CPU
Identifying sites to remove: done in 0.00139959 secs using 338.1% CPU
Identifying sites to remove: done in 0.00146507 secs using 5364% CPU
Identifying sites to remove: done in 0.00108477 secs using 7460% CPU
Identifying sites to remove: done in 0.00116479 secs using 169.4% CPU
Identifying sites to remove: done in 0.00120686 secs using 368.6% CPU
Identifying sites to remove: done in 0.00141807 secs using 5150% CPU
Identifying sites to remove: done in 0.0011159 secs using 6141% CPU
Identifying sites to remove: done in 0.00138497 secs using 99.93% CPU
Identifying sites to remove: done in 0.00116167 secs using 6348% CPU
Identifying sites to remove: done in 0.00138583 secs using 452.2% CPU
Identifying sites to remove: done in 0.00108945 secs using 703.8% CPU
Identifying sites to remove: done in 0.00110696 secs using 514.5% CPU
Identifying sites to remove: done in 0.00127005 secs using 5466% CPU
Identifying sites to remove: done in 0.00115708 secs using 5660% CPU
Identifying sites to remove: done in 0.000947773 secs using 142.1% CPU
Identifying sites to remove: done in 0.000823066 secs using 612.3% CPU
Identifying sites to remove: done in 0.00118571 secs using 665.3% CPU
Identifying sites to remove: done in 0.00140895 secs using 5101% CPU
Identifying sites to remove: done in 0.000957482 secs using 6625% CPU
Identifying sites to remove: done in 0.00118447 secs using 5722% CPU
Identifying sites to remove: done in 0.00116725 secs using 321.6% CPU
Identifying sites to remove: done in 0.00105439 secs using 99.96% CPU
Identifying sites to remove: done in 0.00095015 secs using 7426% CPU
Identifying sites to remove: done in 0.00109886 secs using 6176% CPU
Identifying sites to remove: done in 0.00127669 secs using 5127% CPU
Identifying sites to remove: done in 0.000889421 secs using 99.84% CPU
Identifying sites to remove: done in 0.00103842 secs using 436.9% CPU
Identifying sites to remove: done in 0.00122725 secs using 5485% CPU
Identifying sites to remove: done in 0.00117794 secs using 99.41% CPU
Identifying sites to remove: done in 0.00141235 secs using 99.55% CPU
Identifying sites to remove: done in 0.00120742 secs using 401.8% CPU
Identifying sites to remove: done in 0.00125782 secs using 194.5% CPU
Identifying sites to remove: done in 0.00119296 secs using 4459% CPU
Identifying sites to remove: done in 0.000485644 secs using 981% CPU
Identifying sites to remove: done in 0.000483871 secs using 977.9% CPU
Identifying sites to remove: done in 0.000610277 secs using 2704% CPU
Identifying sites to remove: done in 0.000615023 secs using 3140% CPU
Identifying sites to remove: done in 0.000607878 secs using 1370% CPU
Identifying sites to remove: done in 0.00069949 secs using 3179% CPU
Identifying sites to remove: done in 0.000715345 secs using 2003% CPU
Identifying sites to remove: done in 0.000768498 secs using 1525% CPU
Identifying sites to remove: done in 0.000787586 secs using 814.8% CPU
Identifying sites to remove: done in 0.00098221 secs using 683.9% CPU
Identifying sites to remove: done in 0.000391863 secs using 1267% CPU
Identifying sites to remove: done in 0.00059054 secs using 1027% CPU
Identifying sites to remove: done in 0.000399895 secs using 865.5% CPU
Identifying sites to remove: done in 0.000487283 secs using 212.8% CPU
Identifying sites to remove: done in 0.000236303 secs using 2.95e+04% CPU
Identifying sites to remove: done in 0.000215359 secs using 697.4% CPU
Identifying sites to remove: done in 0.000498287 secs using 551.3% CPU
Identifying sites to remove: done in 0.000393808 secs using 226.8% CPU
Identifying sites to remove: done in 0.000221528 secs using 186.4% CPU
Identifying sites to remove: done in 0.00047987 secs using 606.4% CPU
Identifying sites to remove: done in 0.000469498 secs using 739.1% CPU
Identifying sites to remove: done in 0.000220008 secs using 1246% CPU
Identifying sites to remove: done in 0.000363529 secs using 130.4% CPU
Identifying sites to remove: done in 0.000374906 secs using 906.4% CPU
Identifying sites to remove: done in 0.000469498 secs using 842% CPU
Identifying sites to remove: done in 0.000449054 secs using 951.6% CPU
Identifying sites to remove: done in 0.000515722 secs using 1.167e+04% CPU
Identifying sites to remove: done in 0.000491023 secs using 99.59% CPU
Identifying sites to remove: done in 0.000479691 secs using 99.65% CPU
Identifying sites to remove: done in 0.000487871 secs using 99.62% CPU
Identifying sites to remove: done in 0.000491254 secs using 99.74% CPU
Identifying sites to remove: done in 0.000514686 secs using 1.414e+04% CPU
Identifying sites to remove: done in 0.000524625 secs using 427.4% CPU
Identifying sites to remove: done in 0.00047747 secs using 356.5% CPU
Identifying sites to remove: done in 0.000494592 secs using 190.3% CPU
Identifying sites to remove: done in 0.000500344 secs using 1699% CPU
Identifying sites to remove: done in 0.000468835 secs using 1320% CPU
Identifying sites to remove: done in 0.000519924 secs using 735.1% CPU
Identifying sites to remove: done in 0.000403307 secs using 999.5% CPU
Identifying sites to remove: done in 0.000499047 secs using 1.226e+04% CPU
Identifying sites to remove: done in 0.000398964 secs using 1.432e+04% CPU
Identifying sites to remove: done in 0.000367612 secs using 608% CPU
Identifying sites to remove: done in 0.000531465 secs using 825.5% CPU
Identifying sites to remove: done in 0.000542961 secs using 925.5% CPU
Identifying sites to remove: done in 0.000440337 secs using 871.8% CPU
Identifying sites to remove: done in 0.00051336 secs using 853% CPU
Identifying sites to remove: done in 0.00049492 secs using 613.4% CPU
Identifying sites to remove: done in 0.000473686 secs using 134.9% CPU
Identifying sites to remove: done in 0.000389114 secs using 1196% CPU
Identifying sites to remove: done in 0.000382617 secs using 278.9% CPU
Identifying sites to remove: done in 0.000494987 secs using 748.9% CPU
Identifying sites to remove: done in 0.000493333 secs using 575.3% CPU
Identifying sites to remove: done in 0.000399821 secs using 189.6% CPU
Identifying sites to remove: done in 0.000470005 secs using 99.79% CPU
Identifying sites to remove: done in 0.000492193 secs using 428.3% CPU
Identifying sites to remove: done in 0.000488095 secs using 128.5% CPU
Identifying sites to remove: done in 0.000488579 secs using 99.68% CPU
Identifying sites to remove: done in 0.000488058 secs using 99.78% CPU
Identifying sites to remove: done in 0.000505008 secs using 99.8% CPU
Identifying sites to remove: done in 0.00053072 secs using 1531% CPU
Identifying sites to remove: done in 0.000530764 secs using 942.6% CPU
Identifying sites to remove: done in 0.000556052 secs using 1212% CPU
Identifying sites to remove: done in 0.000629544 secs using 2404% CPU
Identifying sites to remove: done in 0.000655189 secs using 2093% CPU
Identifying sites to remove: done in 0.000674322 secs using 1576% CPU
Identifying sites to remove: done in 0.000679843 secs using 2953% CPU
Identifying sites to remove: done in 0.000712514 secs using 2402% CPU
Identifying sites to remove: done in 0.000715502 secs using 2613% CPU
Identifying sites to remove: done in 0.000805587 secs using 1561% CPU
Identifying sites to remove: done in 0.000643864 secs using 9587% CPU
Identifying sites to remove: done in 0.000514798 secs using 264% CPU
Identifying sites to remove: done in 0.000509113 secs using 211% CPU
Identifying sites to remove: done in 0.000585422 secs using 99.59% CPU
Identifying sites to remove: done in 0.000282519 secs using 99.82% CPU
Identifying sites to remove: done in 0.000610217 secs using 750.6% CPU
Identifying sites to remove: done in 0.000269264 secs using 236.9% CPU
Identifying sites to remove: done in 0.000501513 secs using 349.5% CPU
Identifying sites to remove: done in 0.000292197 secs using 2.278e+04% CPU
Identifying sites to remove: done in 0.000592686 secs using 1.134e+04% CPU
Identifying sites to remove: done in 0.000457138 secs using 684% CPU
Identifying sites to remove: done in 0.000268623 secs using 967.9% CPU
Identifying sites to remove: done in 0.000582203 secs using 803.7% CPU
Identifying sites to remove: done in 0.000591166 secs using 715% CPU
Identifying sites to remove: done in 0.000461005 secs using 494.1% CPU
Identifying sites to remove: done in 0.000562564 secs using 249.2% CPU
Identifying sites to remove: done in 0.000631556 secs using 334.7% CPU
Identifying sites to remove: done in 0.000623293 secs using 167.5% CPU
Identifying sites to remove: done in 0.000561714 secs using 99.69% CPU
Identifying sites to remove: done in 0.000615492 secs using 273.9% CPU
Identifying sites to remove: done in 0.000652917 secs using 455% CPU
Identifying sites to remove: done in 0.000627317 secs using 533.7% CPU
Identifying sites to remove: done in 0.000563577 secs using 148.3% CPU
Identifying sites to remove: done in 0.000622302 secs using 99.63% CPU
Identifying sites to remove: done in 0.000622742 secs using 1.1e+04% CPU
Identifying sites to remove: done in 0.000642568 secs using 604.6% CPU
Identifying sites to remove: done in 0.000586979 secs using 661.9% CPU
Identifying sites to remove: done in 0.000637449 secs using 726.5% CPU
Identifying sites to remove: done in 0.000572562 secs using 549.8% CPU
Identifying sites to remove: done in 0.000535049 secs using 542.9% CPU
Identifying sites to remove: done in 0.000477381 secs using 124.6% CPU
Identifying sites to remove: done in 0.000615761 secs using 780.5% CPU
Identifying sites to remove: done in 0.000446521 secs using 1811% CPU
Identifying sites to remove: done in 0.000630811 secs using 2114% CPU
Identifying sites to remove: done in 0.000502929 secs using 1763% CPU
Identifying sites to remove: done in 0.000645451 secs using 8435% CPU
Identifying sites to remove: done in 0.000652328 secs using 7713% CPU
Identifying sites to remove: done in 0.000496887 secs using 270.3% CPU
Identifying sites to remove: done in 0.00057818 secs using 537% CPU
Identifying sites to remove: done in 0.000495911 secs using 419.4% CPU
Identifying sites to remove: done in 0.000621945 secs using 207.4% CPU
Identifying sites to remove: done in 0.000478595 secs using 335.4% CPU
Identifying sites to remove: done in 0.000618137 secs using 530.6% CPU
Identifying sites to remove: done in 0.000508592 secs using 154.3% CPU
Identifying sites to remove: done in 0.000628926 secs using 99.85% CPU
Identifying sites to remove: done in 0.000631176 secs using 99.5% CPU
Identifying sites to remove: done in 0.000637792 secs using 448% CPU
Identifying sites to remove: done in 0.000638761 secs using 336% CPU
Identifying sites to remove: done in 0.000614516 secs using 679.1% CPU
Identifying sites to remove: done in 0.000500783 secs using 1621% CPU
Identifying sites to remove: done in 0.000500992 secs using 939.9% CPU
Identifying sites to remove: done in 0.000609949 secs using 1180% CPU
Identifying sites to remove: done in 0.000676908 secs using 2125% CPU
Identifying sites to remove: done in 0.000732698 secs using 2499% CPU
Identifying sites to remove: done in 0.000759296 secs using 1540% CPU
Identifying sites to remove: done in 0.000780463 secs using 2600% CPU
Identifying sites to remove: done in 0.000780694 secs using 2170% CPU
Identifying sites to remove: done in 0.000803374 secs using 2743% CPU
Identifying sites to remove: done in 0.000863552 secs using 1584% CPU
Identifying sites to remove: done in 0.000783384 secs using 439.1% CPU
Identifying sites to remove: done in 0.000605859 secs using 430.3% CPU
Identifying sites to remove: done in 0.000591166 secs using 222.9% CPU
Identifying sites to remove: done in 0.000683419 secs using 99.65% CPU
Identifying sites to remove: done in 0.000335269 secs using 2.05e+04% CPU
Identifying sites to remove: done in 0.000702277 secs using 394% CPU
Identifying sites to remove: done in 0.000264078 secs using 273.8% CPU
Identifying sites to remove: done in 0.000560775 secs using 342.6% CPU
Identifying sites to remove: done in 0.000316955 secs using 701% CPU
Identifying sites to remove: done in 0.000557423 secs using 536.4% CPU
Identifying sites to remove: done in 0.000450596 secs using 895.9% CPU
Identifying sites to remove: done in 0.000253439 secs using 1274% CPU
Identifying sites to remove: done in 0.000554092 secs using 1026% CPU
Identifying sites to remove: done in 0.000452951 secs using 1697% CPU
Identifying sites to remove: done in 0.000559926 secs using 848.9% CPU
Identifying sites to remove: done in 0.000557579 secs using 226.7% CPU
Identifying sites to remove: done in 0.000725627 secs using 347.6% CPU
Identifying sites to remove: done in 0.000714354 secs using 146.1% CPU
Identifying sites to remove: done in 0.000573076 secs using 1.335e+04% CPU
Identifying sites to remove: done in 0.000715919 secs using 288.2% CPU
Identifying sites to remove: done in 0.00073126 secs using 132.2% CPU
Identifying sites to remove: done in 0.000709035 secs using 469.5% CPU
Identifying sites to remove: done in 0.000554442 secs using 157.5% CPU
Identifying sites to remove: done in 0.000724845 secs using 596.8% CPU
Identifying sites to remove: done in 0.000708595 secs using 99.35% CPU
Identifying sites to remove: done in 0.000725135 secs using 377% CPU
Identifying sites to remove: done in 0.000726171 secs using 854.3% CPU
Identifying sites to remove: done in 0.000563987 secs using 686.7% CPU
Identifying sites to remove: done in 0.000589639 secs using 765.6% CPU
Identifying sites to remove: done in 0.000566661 secs using 702% CPU
Identifying sites to remove: done in 0.000551224 secs using 184.5% CPU
Identifying sites to remove: done in 0.000724263 secs using 500.4% CPU
Identifying sites to remove: done in 0.000464179 secs using 891.3% CPU
Identifying sites to remove: done in 0.000579387 secs using 671.4% CPU
Identifying sites to remove: done in 0.000748366 secs using 662.1% CPU
Identifying sites to remove: done in 0.000715546 secs using 476.6% CPU
Identifying sites to remove: done in 0.000741333 secs using 481.7% CPU
Identifying sites to remove: done in 0.000549361 secs using 137.6% CPU
Identifying sites to remove: done in 0.000566468 secs using 936.7% CPU
Identifying sites to remove: done in 0.000591047 secs using 477.8% CPU
Identifying sites to remove: done in 0.000720546 secs using 170% CPU
Identifying sites to remove: done in 0.000560388 secs using 1.019e+04% CPU
Identifying sites to remove: done in 0.000715785 secs using 317% CPU
Identifying sites to remove: done in 0.000538558 secs using 160.6% CPU
Identifying sites to remove: done in 0.000723369 secs using 99.81% CPU
Identifying sites to remove: done in 0.000728741 secs using 9590% CPU
Identifying sites to remove: done in 0.000728823 secs using 417.7% CPU
Identifying sites to remove: done in 0.000736818 secs using 198.6% CPU
Identifying sites to remove: done in 0.000715695 secs using 235% CPU
Identifying sites to remove: done in 0.000444598 secs using 1518% CPU
Identifying sites to remove: done in 0.000483975 secs using 1099% CPU
Identifying sites to remove: done in 0.000533767 secs using 906.9% CPU
Identifying sites to remove: done in 0.000556834 secs using 1823% CPU
Identifying sites to remove: done in 0.000582434 secs using 1658% CPU
Identifying sites to remove: done in 0.000599414 secs using 1904% CPU
Identifying sites to remove: done in 0.000603445 secs using 2046% CPU
Identifying sites to remove: done in 0.00060267 secs using 2183% CPU
Identifying sites to remove: done in 0.000691138 secs using 1322% CPU
Identifying sites to remove: done in 0.00076542 secs using 976.1% CPU
Identifying sites to remove: done in 0.000554204 secs using 944.6% CPU
Identifying sites to remove: done in 0.000428356 secs using 740% CPU
Identifying sites to remove: done in 0.000432767 secs using 1.461e+04% CPU
Identifying sites to remove: done in 0.00050512 secs using 99.58% CPU
Identifying sites to remove: done in 0.000253268 secs using 901% CPU
Identifying sites to remove: done in 0.00051792 secs using 593.5% CPU
Identifying sites to remove: done in 0.00041499 secs using 116.4% CPU
Identifying sites to remove: done in 0.000223078 secs using 178% CPU
Identifying sites to remove: done in 0.000492357 secs using 284.3% CPU
Identifying sites to remove: done in 0.000232592 secs using 1602% CPU
Identifying sites to remove: done in 0.000485927 secs using 1974% CPU
Identifying sites to remove: done in 0.000392377 secs using 2637% CPU
Identifying sites to remove: done in 0.000515357 secs using 1.181e+04% CPU
Identifying sites to remove: done in 0.000268206 secs using 2.179e+04% CPU
Identifying sites to remove: done in 0.000409059 secs using 1.451e+04% CPU
Identifying sites to remove: done in 0.000498332 secs using 1.1e+04% CPU
Identifying sites to remove: done in 0.000534147 secs using 326.7% CPU
Identifying sites to remove: done in 0.000535525 secs using 148.1% CPU
Identifying sites to remove: done in 0.00048773 secs using 99.85% CPU
Identifying sites to remove: done in 0.000541836 secs using 1.349e+04% CPU
Identifying sites to remove: done in 0.000536971 secs using 293.3% CPU
Identifying sites to remove: done in 0.00053446 secs using 354.4% CPU
Identifying sites to remove: done in 0.00049793 secs using 135.8% CPU
Identifying sites to remove: done in 0.000545345 secs using 99.75% CPU
Identifying sites to remove: done in 0.000533208 secs using 99.59% CPU
Identifying sites to remove: done in 0.000547796 secs using 793.4% CPU
Identifying sites to remove: done in 0.000560395 secs using 1.236e+04% CPU
Identifying sites to remove: done in 0.000507049 secs using 1.297e+04% CPU
Identifying sites to remove: done in 0.000511274 secs using 368.1% CPU
Identifying sites to remove: done in 0.000447989 secs using 346.9% CPU
Identifying sites to remove: done in 0.000409409 secs using 430.6% CPU
Identifying sites to remove: done in 0.000389323 secs using 199.6% CPU
Identifying sites to remove: done in 0.000548452 secs using 347.7% CPU
Identifying sites to remove: done in 0.000418745 secs using 861.6% CPU
Identifying sites to remove: done in 0.00054346 secs using 1464% CPU
Identifying sites to remove: done in 0.00056152 secs using 1076% CPU
Identifying sites to remove: done in 0.00055854 secs using 219.1% CPU
Identifying sites to remove: done in 0.000490457 secs using 1259% CPU
Identifying sites to remove: done in 0.000426024 secs using 1034% CPU
Identifying sites to remove: done in 0.000442639 secs using 478.3% CPU
Identifying sites to remove: done in 0.000547715 secs using 9700% CPU
Identifying sites to remove: done in 0.000411846 secs using 278% CPU
Identifying sites to remove: done in 0.00052736 secs using 339.4% CPU
Identifying sites to remove: done in 0.000482075 secs using 175.5% CPU
Identifying sites to remove: done in 0.000525855 secs using 99.84% CPU
Identifying sites to remove: done in 0.000536382 secs using 99.74% CPU
Identifying sites to remove: done in 0.000527464 secs using 733.5% CPU
Identifying sites to remove: done in 0.000543125 secs using 196.5% CPU
Identifying sites to remove: done in 0.000526406 secs using 99.73% CPU
Identifying sites to remove: done in 0.000827804 secs using 1327% CPU
Identifying sites to remove: done in 0.000869326 secs using 5392% CPU
Identifying sites to remove: done in 0.000894397 secs using 4548% CPU
Identifying sites to remove: done in 0.00103991 secs using 6141% CPU
Identifying sites to remove: done in 0.00106697 secs using 6591% CPU
Identifying sites to remove: done in 0.00108531 secs using 5329% CPU
Identifying sites to remove: done in 0.00112173 secs using 5452% CPU
Identifying sites to remove: done in 0.00114577 secs using 5908% CPU
Identifying sites to remove: done in 0.00122198 secs using 4517% CPU
Identifying sites to remove: done in 0.00145096 secs using 3604% CPU
Identifying sites to remove: done in 0.0010438 secs using 830.9% CPU
Identifying sites to remove: done in 0.000883684 secs using 8158% CPU
Identifying sites to remove: done in 0.000842839 secs using 8096% CPU
Identifying sites to remove: done in 0.00101708 secs using 99.4% CPU
Identifying sites to remove: done in 0.000501238 secs using 99.35% CPU
Identifying sites to remove: done in 0.000422105 secs using 418.4% CPU
Identifying sites to remove: done in 0.00106306 secs using 378.2% CPU
Identifying sites to remove: done in 0.000859089 secs using 289% CPU
Identifying sites to remove: done in 0.000505514 secs using 172.7% CPU
Identifying sites to remove: done in 0.000952527 secs using 516.7% CPU
Identifying sites to remove: done in 0.000440739 secs using 863.8% CPU
Identifying sites to remove: done in 0.000771359 secs using 627.9% CPU
Identifying sites to remove: done in 0.00100143 secs using 6917% CPU
Identifying sites to remove: done in 0.000776023 secs using 8179% CPU
Identifying sites to remove: done in 0.00099802 secs using 6618% CPU
Identifying sites to remove: done in 0.000967488 secs using 250.3% CPU
Identifying sites to remove: done in 0.00107637 secs using 6745% CPU
Identifying sites to remove: done in 0.00226109 secs using 3359% CPU
Identifying sites to remove: done in 0.000960208 secs using 99.46% CPU
Identifying sites to remove: done in 0.00106043 secs using 7321% CPU
Identifying sites to remove: done in 0.00106718 secs using 377.8% CPU
Identifying sites to remove: done in 0.00105829 secs using 448.6% CPU
Identifying sites to remove: done in 0.000949532 secs using 425.8% CPU
Identifying sites to remove: done in 0.00108789 secs using 118.7% CPU
Identifying sites to remove: done in 0.00104953 secs using 99.85% CPU
Identifying sites to remove: done in 0.00106753 secs using 377% CPU
Identifying sites to remove: done in 0.000980347 secs using 890.5% CPU
Identifying sites to remove: done in 0.000977501 secs using 7152% CPU
Identifying sites to remove: done in 0.000862882 secs using 7637% CPU
Identifying sites to remove: done in 0.000905961 secs using 6854% CPU
Identifying sites to remove: done in 0.00106169 secs using 1030% CPU
Identifying sites to remove: done in 0.0011054 secs using 1152% CPU
Identifying sites to remove: done in 0.000751317 secs using 1154% CPU
Identifying sites to remove: done in 0.000851423 secs using 1240% CPU
Identifying sites to remove: done in 0.00109016 secs using 914.5% CPU
Identifying sites to remove: done in 0.00108786 secs using 600.8% CPU
Identifying sites to remove: done in 0.00106589 secs using 5439% CPU
Identifying sites to remove: done in 0.000834405 secs using 148.4% CPU
Identifying sites to remove: done in 0.000825621 secs using 449.7% CPU
Identifying sites to remove: done in 0.000976942 secs using 545.9% CPU
Identifying sites to remove: done in 0.00107826 secs using 443.8% CPU
Identifying sites to remove: done in 0.000814803 secs using 124% CPU
Identifying sites to remove: done in 0.00105815 secs using 229% CPU
Identifying sites to remove: done in 0.000955097 secs using 184.2% CPU
Identifying sites to remove: done in 0.00105809 secs using 99.9% CPU
Identifying sites to remove: done in 0.00105981 secs using 6715% CPU
Identifying sites to remove: done in 0.00108027 secs using 5751% CPU
Identifying sites to remove: done in 0.00109786 secs using 186.9% CPU
Identifying sites to remove: done in 0.0010509 secs using 5210% CPU
Identifying sites to remove: done in 0.000570171 secs using 955.7% CPU
Identifying sites to remove: done in 0.000675678 secs using 943.5% CPU
Identifying sites to remove: done in 0.000744551 secs using 940.6% CPU
Identifying sites to remove: done in 0.00081946 secs using 1062% CPU
Identifying sites to remove: done in 0.000882462 secs using 1203% CPU
Identifying sites to remove: done in 0.000925452 secs using 1336% CPU
Identifying sites to remove: done in 0.00101255 secs using 1185% CPU
Identifying sites to remove: done in 0.00102898 secs using 909.9% CPU
Identifying sites to remove: done in 0.00106078 secs using 1017% CPU
Identifying sites to remove: done in 0.00115869 secs using 763.4% CPU
Identifying sites to remove: done in 0.000809975 secs using 8248% CPU
Identifying sites to remove: done in 0.000661656 secs using 300.8% CPU
Identifying sites to remove: done in 0.000642121 secs using 177.8% CPU
Identifying sites to remove: done in 0.000773653 secs using 99.79% CPU
Identifying sites to remove: done in 0.000358574 secs using 99.84% CPU
Identifying sites to remove: done in 0.00079117 secs using 383.5% CPU
Identifying sites to remove: done in 0.000318281 secs using 556.7% CPU
Identifying sites to remove: done in 0.000649646 secs using 187.5% CPU
Identifying sites to remove: done in 0.000355192 secs using 652.9% CPU
Identifying sites to remove: done in 0.000645585 secs using 147.3% CPU
Identifying sites to remove: done in 0.000287108 secs using 1224% CPU
Identifying sites to remove: done in 0.000495397 secs using 929.6% CPU
Identifying sites to remove: done in 0.000651896 secs using 1230% CPU
Identifying sites to remove: done in 0.000496015 secs using 313.9% CPU
Identifying sites to remove: done in 0.000649355 secs using 1061% CPU
Identifying sites to remove: done in 0.00065244 secs using 543.2% CPU
Identifying sites to remove: done in 0.000817157 secs using 383% CPU
Identifying sites to remove: done in 0.000866242 secs using 177.9% CPU
Identifying sites to remove: done in 0.000635326 secs using 99.79% CPU
Identifying sites to remove: done in 0.000816487 secs using 258.7% CPU
Identifying sites to remove: done in 0.000809014 secs using 475.3% CPU
Identifying sites to remove: done in 0.000830956 secs using 560.3% CPU
Identifying sites to remove: done in 0.000653557 secs using 1.103e+04% CPU
Identifying sites to remove: done in 0.000825644 secs using 99.8% CPU
Identifying sites to remove: done in 0.000796266 secs using 99.84% CPU
Identifying sites to remove: done in 0.000828661 secs using 514.1% CPU
Identifying sites to remove: done in 0.000657439 secs using 1.004e+04% CPU
Identifying sites to remove: done in 0.000681624 secs using 9208% CPU
Identifying sites to remove: done in 0.000694744 secs using 8004% CPU
Identifying sites to remove: done in 0.000857234 secs using 6982% CPU
Identifying sites to remove: done in 0.000664264 secs using 146.6% CPU
Identifying sites to remove: done in 0.000493668 secs using 1107% CPU
Identifying sites to remove: done in 0.000822417 secs using 1211% CPU
Identifying sites to remove: done in 0.000636518 secs using 1627% CPU
Identifying sites to remove: done in 0.000820562 secs using 1045% CPU
Identifying sites to remove: done in 0.000827454 secs using 703.6% CPU
Identifying sites to remove: done in 0.000801057 secs using 252.9% CPU
Identifying sites to remove: done in 0.000618383 secs using 202.3% CPU
Identifying sites to remove: done in 0.000642531 secs using 298.7% CPU
Identifying sites to remove: done in 0.000651516 secs using 391.9% CPU
Identifying sites to remove: done in 0.000819325 secs using 364.4% CPU
Identifying sites to remove: done in 0.000614949 secs using 141% CPU
Identifying sites to remove: done in 0.000800148 secs using 572.8% CPU
Identifying sites to remove: done in 0.00062903 secs using 185.2% CPU
Identifying sites to remove: done in 0.000804909 secs using 99.76% CPU
Identifying sites to remove: done in 0.000803992 secs using 99.88% CPU
Identifying sites to remove: done in 0.000804432 secs using 427.6% CPU
Identifying sites to remove: done in 0.000823401 secs using 313.3% CPU
Identifying sites to remove: done in 0.000796139 secs using 6734% CPU
Identifying sites to remove: done in 0.000269413 secs using 4801% CPU
Identifying sites to remove: done in 0.000284925 secs using 651.8% CPU
Identifying sites to remove: done in 0.00033199 secs using 2877% CPU
Identifying sites to remove: done in 0.000384942 secs using 1087% CPU
Identifying sites to remove: done in 0.000419185 secs using 3349% CPU
Identifying sites to remove: done in 0.000459336 secs using 2273% CPU
Identifying sites to remove: done in 0.000483654 secs using 1783% CPU
Identifying sites to remove: done in 0.000286728 secs using 154.5% CPU
Identifying sites to remove: done in 0.000224158 secs using 2999% CPU
Identifying sites to remove: done in 0.000220627 secs using 2815% CPU
Identifying sites to remove: done in 0.000205874 secs using 293.4% CPU
Identifying sites to remove: done in 0.000304811 secs using 2185% CPU
Identifying sites to remove: done in 0.00011503 secs using 196.5% CPU
Identifying sites to remove: done in 0.000272073 secs using 1298% CPU
Identifying sites to remove: done in 0.000203177 secs using 239.7% CPU
Identifying sites to remove: done in 0.000183485 secs using 172.8% CPU
Identifying sites to remove: done in 0.000212267 secs using 697.2% CPU
Identifying sites to remove: done in 0.000156999 secs using 2.237e+04% CPU
Identifying sites to remove: done in 0.000280865 secs using 1.269e+04% CPU
Identifying sites to remove: done in 0.000335529 secs using 344.5% CPU
Identifying sites to remove: done in 0.000336371 secs using 332.7% CPU
Identifying sites to remove: done in 0.000233129 secs using 462.4% CPU
Identifying sites to remove: done in 0.000206918 secs using 759.2% CPU
Identifying sites to remove: done in 0.000223942 secs using 495.2% CPU
Identifying sites to remove: done in 0.000186346 secs using 180.8% CPU
Identifying sites to remove: done in 0.000179298 secs using 1737% CPU
Identifying sites to remove: done in 0.000366606 secs using 1058% CPU
Identifying sites to remove: done in 0.000251099 secs using 391.9% CPU
Identifying sites to remove: done in 0.000355653 secs using 879.5% CPU
Identifying sites to remove: done in 0.000357896 secs using 665.8% CPU
Identifying sites to remove: done in 0.000308894 secs using 99.39% CPU
Identifying sites to remove: done in 0.000294648 secs using 99.1% CPU
Identifying sites to remove: done in 0.000243388 secs using 401.8% CPU
Identifying sites to remove: done in 0.000162348 secs using 166.3% CPU
Identifying sites to remove: done in 0.000477657 secs using 944.4% CPU
Identifying sites to remove: done in 0.000479996 secs using 1011% CPU
Identifying sites to remove: done in 0.000577487 secs using 1016% CPU
Identifying sites to remove: done in 0.000605464 secs using 1215% CPU
Identifying sites to remove: done in 0.00060612 secs using 1266% CPU
Identifying sites to remove: done in 0.000642009 secs using 1152% CPU
Identifying sites to remove: done in 0.000671037 secs using 1016% CPU
Identifying sites to remove: done in 0.000692502 secs using 1217% CPU
Identifying sites to remove: done in 0.000782073 secs using 955.4% CPU
Identifying sites to remove: done in 0.000806071 secs using 1128% CPU
Identifying sites to remove: done in 0.000633322 secs using 99.79% CPU
Identifying sites to remove: done in 0.000558518 secs using 618.2% CPU
Identifying sites to remove: done in 0.000542067 secs using 1.237e+04% CPU
Identifying sites to remove: done in 0.000655763 secs using 99.73% CPU
Identifying sites to remove: done in 0.000307307 secs using 946.6% CPU
Identifying sites to remove: done in 0.000669315 secs using 597.9% CPU
Identifying sites to remove: done in 0.000538342 secs using 151.4% CPU
Identifying sites to remove: done in 0.00022538 secs using 99.83% CPU
Identifying sites to remove: done in 0.000560187 secs using 1.25e+04% CPU
Identifying sites to remove: done in 0.000312164 secs using 446.9% CPU
Identifying sites to remove: done in 0.00042589 secs using 554.8% CPU
Identifying sites to remove: done in 0.000524342 secs using 706% CPU
Identifying sites to remove: done in 0.000537008 secs using 597.8% CPU
Identifying sites to remove: done in 0.000501931 secs using 615.8% CPU
Identifying sites to remove: done in 0.000410877 secs using 440.5% CPU
Identifying sites to remove: done in 0.000235766 secs using 199.4% CPU
Identifying sites to remove: done in 0.000675283 secs using 573.2% CPU
Identifying sites to remove: done in 0.000672735 secs using 192.5% CPU
Identifying sites to remove: done in 0.000511087 secs using 99.79% CPU
Identifying sites to remove: done in 0.000676923 secs using 666% CPU
Identifying sites to remove: done in 0.000683069 secs using 589% CPU
Identifying sites to remove: done in 0.000661746 secs using 202.8% CPU
Identifying sites to remove: done in 0.000534616 secs using 1.334e+04% CPU
Identifying sites to remove: done in 0.000672661 secs using 1.005e+04% CPU
Identifying sites to remove: done in 0.000663638 secs using 99.6% CPU
Identifying sites to remove: done in 0.000667103 secs using 1510% CPU
Identifying sites to remove: done in 0.000533141 secs using 1391% CPU
Identifying sites to remove: done in 0.000527732 secs using 363.4% CPU
Identifying sites to remove: done in 0.000689834 secs using 705.7% CPU
Identifying sites to remove: done in 0.000543997 secs using 1.128e+04% CPU
Identifying sites to remove: done in 0.000543274 secs using 1.063e+04% CPU
Identifying sites to remove: done in 0.000671364 secs using 703.3% CPU
Identifying sites to remove: done in 0.000526503 secs using 847.1% CPU
Identifying sites to remove: done in 0.000408873 secs using 754.5% CPU
Identifying sites to remove: done in 0.000683427 secs using 889% CPU
Identifying sites to remove: done in 0.000664927 secs using 488.3% CPU
Identifying sites to remove: done in 0.000692002 secs using 517.8% CPU
Identifying sites to remove: done in 0.000522047 secs using 1001% CPU
Identifying sites to remove: done in 0.000522487 secs using 1161% CPU
Identifying sites to remove: done in 0.000543371 secs using 258.6% CPU
Identifying sites to remove: done in 0.000665955 secs using 747.3% CPU
Identifying sites to remove: done in 0.000515893 secs using 99.83% CPU
Identifying sites to remove: done in 0.000660442 secs using 369.9% CPU
Identifying sites to remove: done in 0.000518747 secs using 138.4% CPU
Identifying sites to remove: done in 0.000662722 secs using 582% CPU
Identifying sites to remove: done in 0.000671998 secs using 124.4% CPU
Identifying sites to remove: done in 0.000682175 secs using 510.1% CPU
Identifying sites to remove: done in 0.000658654 secs using 376.8% CPU
Identifying sites to remove: done in 0.000676833 secs using 8495% CPU
Identifying sites to remove: done in 0.000218622 secs using 1857% CPU
Identifying sites to remove: done in 0.00024455 secs using 867.3% CPU
Identifying sites to remove: done in 0.0002468 secs using 2720% CPU
Identifying sites to remove: done in 0.000252798 secs using 7148% CPU
Identifying sites to remove: done in 0.000297129 secs using 3900% CPU
Identifying sites to remove: done in 0.000298247 secs using 4659% CPU
Identifying sites to remove: done in 0.000299945 secs using 5396% CPU
Identifying sites to remove: done in 0.000301912 secs using 6866% CPU
Identifying sites to remove: done in 0.000302896 secs using 7595% CPU
Identifying sites to remove: done in 0.000377744 secs using 2525% CPU
Identifying sites to remove: done in 0.000209622 secs using 732.7% CPU
Identifying sites to remove: done in 0.00033801 secs using 795.8% CPU
Identifying sites to remove: done in 0.000194684 secs using 201.4% CPU
Identifying sites to remove: done in 0.000247367 secs using 99.45% CPU
Identifying sites to remove: done in 0.000113986 secs using 1104% CPU
Identifying sites to remove: done in 0.000224985 secs using 1017% CPU
Identifying sites to remove: done in 0.000180058 secs using 230.5% CPU
Identifying sites to remove: done in 0.000211261 secs using 948.1% CPU
Identifying sites to remove: done in 0.000102513 secs using 1587% CPU
Identifying sites to remove: done in 0.000208974 secs using 916.4% CPU
Identifying sites to remove: done in 0.000161536 secs using 678.5% CPU
Identifying sites to remove: done in 0.000108428 secs using 768.2% CPU
Identifying sites to remove: done in 0.000165842 secs using 173.7% CPU
Identifying sites to remove: done in 9.80347e-05 secs using 2337% CPU
Identifying sites to remove: done in 0.000230484 secs using 1141% CPU
Identifying sites to remove: done in 0.000207886 secs using 124.1% CPU
Identifying sites to remove: done in 0.000224672 secs using 99.26% CPU
Identifying sites to remove: done in 0.000224628 secs using 1494% CPU
Identifying sites to remove: done in 0.000206508 secs using 143.3% CPU
Identifying sites to remove: done in 0.000226147 secs using 99.05% CPU
Identifying sites to remove: done in 0.000217453 secs using 98.87% CPU
Identifying sites to remove: done in 0.000208579 secs using 240.7% CPU
Identifying sites to remove: done in 0.000229001 secs using 342.8% CPU
Identifying sites to remove: done in 0.00023365 secs using 173.8% CPU
Identifying sites to remove: done in 0.00021752 secs using 99.3% CPU
Identifying sites to remove: done in 0.000230536 secs using 99.33% CPU
Identifying sites to remove: done in 0.000226259 secs using 778.3% CPU
Identifying sites to remove: done in 0.000227831 secs using 198.4% CPU
Identifying sites to remove: done in 0.000183903 secs using 99.51% CPU
Identifying sites to remove: done in 0.000221789 secs using 1053% CPU
Identifying sites to remove: done in 0.000177935 secs using 195% CPU
Identifying sites to remove: done in 0.000230074 secs using 335.5% CPU
Identifying sites to remove: done in 0.000183769 secs using 4108% CPU
Identifying sites to remove: done in 0.000243522 secs using 3323% CPU
Identifying sites to remove: done in 0.000230506 secs using 1450% CPU
Identifying sites to remove: done in 0.00025253 secs using 3343% CPU
Identifying sites to remove: done in 0.00023853 secs using 1400% CPU
Identifying sites to remove: done in 0.000232413 secs using 194.9% CPU
Identifying sites to remove: done in 0.000175327 secs using 1881% CPU
Identifying sites to remove: done in 0.000201404 secs using 466.7% CPU
Identifying sites to remove: done in 0.000230499 secs using 168.3% CPU
Identifying sites to remove: done in 0.000227556 secs using 504.1% CPU
Identifying sites to remove: done in 0.000186786 secs using 798.2% CPU
Identifying sites to remove: done in 0.000218295 secs using 2.129e+04% CPU
Identifying sites to remove: done in 0.000242904 secs using 99.22% CPU
Identifying sites to remove: done in 0.000227958 secs using 99.58% CPU
Identifying sites to remove: done in 0.000229083 secs using 99.09% CPU
Identifying sites to remove: done in 0.000221968 secs using 99.56% CPU
Identifying sites to remove: done in 0.000240572 secs using 2.877e+04% CPU
Identifying sites to remove: done in 0.000702262 secs using 5324% CPU
Identifying sites to remove: done in 0.000724956 secs using 5043% CPU
Identifying sites to remove: done in 0.000742413 secs using 5631% CPU
Identifying sites to remove: done in 0.00087586 secs using 7230% CPU
Identifying sites to remove: done in 0.000916637 secs using 5672% CPU
Identifying sites to remove: done in 0.000919059 secs using 7325% CPU
Identifying sites to remove: done in 0.000951029 secs using 5886% CPU
Identifying sites to remove: done in 0.000953153 secs using 5098% CPU
Identifying sites to remove: done in 0.000951476 secs using 6299% CPU
Identifying sites to remove: done in 0.000995003 secs using 4503% CPU
Identifying sites to remove: done in 0.000839271 secs using 99.37% CPU
Identifying sites to remove: done in 0.000721999 secs using 9955% CPU
Identifying sites to remove: done in 0.000706621 secs using 9723% CPU
Identifying sites to remove: done in 0.000846736 secs using 99.79% CPU
Identifying sites to remove: done in 0.000387825 secs using 99.79% CPU
Identifying sites to remove: done in 0.000370048 secs using 2.09e+04% CPU
Identifying sites to remove: done in 0.000882 secs using 314.9% CPU
Identifying sites to remove: done in 0.000407524 secs using 296.4% CPU
Identifying sites to remove: done in 0.000706784 secs using 285.8% CPU
Identifying sites to remove: done in 0.000353143 secs using 823.7% CPU
Identifying sites to remove: done in 0.000813887 secs using 529.1% CPU
Identifying sites to remove: done in 0.00064069 secs using 147.2% CPU
Identifying sites to remove: done in 0.000814982 secs using 1265% CPU
Identifying sites to remove: done in 0.000784703 secs using 599% CPU
Identifying sites to remove: done in 0.000791311 secs using 962.5% CPU
Identifying sites to remove: done in 0.000635467 secs using 311.1% CPU
Identifying sites to remove: done in 0.000877716 secs using 382.4% CPU
Identifying sites to remove: done in 0.000889823 secs using 172.7% CPU
Identifying sites to remove: done in 0.000795521 secs using 99.81% CPU
Identifying sites to remove: done in 0.000875704 secs using 299.8% CPU
Identifying sites to remove: done in 0.000877872 secs using 988.8% CPU
Identifying sites to remove: done in 0.000885889 secs using 8348% CPU
Identifying sites to remove: done in 0.000800624 secs using 250.7% CPU
Identifying sites to remove: done in 0.000884205 secs using 123.4% CPU
Identifying sites to remove: done in 0.000859395 secs using 99.72% CPU
Identifying sites to remove: done in 0.000912294 secs using 7988% CPU
Identifying sites to remove: done in 0.000805825 secs using 453.4% CPU
Identifying sites to remove: done in 0.000806615 secs using 555.4% CPU
Identifying sites to remove: done in 0.000900261 secs using 617.3% CPU
Identifying sites to remove: done in 0.000725441 secs using 454.2% CPU
Identifying sites to remove: done in 0.000683866 secs using 181.2% CPU
Identifying sites to remove: done in 0.000636138 secs using 1.039e+04% CPU
Identifying sites to remove: done in 0.000917658 secs using 7451% CPU
Identifying sites to remove: done in 0.000710435 secs using 396.4% CPU
Identifying sites to remove: done in 0.000908196 secs using 7014% CPU
Identifying sites to remove: done in 0.0008974 secs using 334.2% CPU
Identifying sites to remove: done in 0.000865102 secs using 357% CPU
Identifying sites to remove: done in 0.000708401 secs using 156.4% CPU
Identifying sites to remove: done in 0.000686236 secs using 891.5% CPU
Identifying sites to remove: done in 0.000814848 secs using 257% CPU
Identifying sites to remove: done in 0.000906333 secs using 543.1% CPU
Identifying sites to remove: done in 0.000676826 secs using 8892% CPU
Identifying sites to remove: done in 0.000877202 secs using 354.2% CPU
Identifying sites to remove: done in 0.000842445 secs using 180.4% CPU
Identifying sites to remove: done in 0.000878744 secs using 99.8% CPU
Identifying sites to remove: done in 0.000886232 secs using 7659% CPU
Identifying sites to remove: done in 0.000883512 secs using 7478% CPU
Identifying sites to remove: done in 0.000890158 secs using 241.1% CPU
Identifying sites to remove: done in 0.000870295 secs using 6339% CPU
Identifying sites to remove: done in 0.000574872 secs using 1542% CPU
Identifying sites to remove: done in 0.000704311 secs using 903.7% CPU
Identifying sites to remove: done in 0.000739209 secs using 1153% CPU
Identifying sites to remove: done in 0.00080467 secs using 1773% CPU
Identifying sites to remove: done in 0.0008782 secs using 1870% CPU
Identifying sites to remove: done in 0.000901945 secs using 2228% CPU
Identifying sites to remove: done in 0.000917867 secs using 2004% CPU
Identifying sites to remove: done in 0.000920735 secs using 2561% CPU
Identifying sites to remove: done in 0.000965603 secs using 2278% CPU
Identifying sites to remove: done in 0.00102969 secs using 1308% CPU
Identifying sites to remove: done in 0.000805609 secs using 240.4% CPU
Identifying sites to remove: done in 0.000719935 secs using 372.1% CPU
Identifying sites to remove: done in 0.000704482 secs using 170.1% CPU
Identifying sites to remove: done in 0.000801265 secs using 99.72% CPU
Identifying sites to remove: done in 0.000370659 secs using 99.55% CPU
Identifying sites to remove: done in 0.000825614 secs using 472.9% CPU
Identifying sites to remove: done in 0.000295319 secs using 260.4% CPU
Identifying sites to remove: done in 0.000668079 secs using 317.8% CPU
Identifying sites to remove: done in 0.000375554 secs using 839.3% CPU
Identifying sites to remove: done in 0.000658497 secs using 622.8% CPU
Identifying sites to remove: done in 0.000512257 secs using 1797% CPU
Identifying sites to remove: done in 0.000287078 secs using 2826% CPU
Identifying sites to remove: done in 0.000692651 secs using 9623% CPU
Identifying sites to remove: done in 0.000524648 secs using 1.162e+04% CPU
Identifying sites to remove: done in 0.000764869 secs using 8256% CPU
Identifying sites to remove: done in 0.000660844 secs using 257.1% CPU
Identifying sites to remove: done in 0.000865854 secs using 461.7% CPU
Identifying sites to remove: done in 0.000886157 secs using 148.8% CPU
Identifying sites to remove: done in 0.000648618 secs using 99.75% CPU
Identifying sites to remove: done in 0.000852242 secs using 261.3% CPU
Identifying sites to remove: done in 0.000848413 secs using 588.5% CPU
Identifying sites to remove: done in 0.000887491 secs using 8398% CPU
Identifying sites to remove: done in 0.000674747 secs using 1.038e+04% CPU
Identifying sites to remove: done in 0.000867948 secs using 99.78% CPU
Identifying sites to remove: done in 0.000839308 secs using 475.5% CPU
Identifying sites to remove: done in 0.000876889 secs using 119.2% CPU
Identifying sites to remove: done in 0.000723422 secs using 9412% CPU
Identifying sites to remove: done in 0.000694826 secs using 549.8% CPU
Identifying sites to remove: done in 0.000662901 secs using 418.9% CPU
Identifying sites to remove: done in 0.00067275 secs using 274.4% CPU
Identifying sites to remove: done in 0.000870965 secs using 472.2% CPU
Identifying sites to remove: done in 0.000494689 secs using 309.1% CPU
Identifying sites to remove: done in 0.000642486 secs using 468.3% CPU
Identifying sites to remove: done in 0.00089848 secs using 678.1% CPU
Identifying sites to remove: done in 0.000689529 secs using 7699% CPU
Identifying sites to remove: done in 0.000839636 secs using 7601% CPU
Identifying sites to remove: done in 0.000883378 secs using 6365% CPU
Identifying sites to remove: done in 0.000934713 secs using 6438% CPU
Identifying sites to remove: done in 0.000619754 secs using 408.4% CPU
Identifying sites to remove: done in 0.000634842 secs using 766.2% CPU
Identifying sites to remove: done in 0.000724956 secs using 435.5% CPU
Identifying sites to remove: done in 0.000884093 secs using 152.1% CPU
Identifying sites to remove: done in 0.000681542 secs using 370.2% CPU
Identifying sites to remove: done in 0.00089848 secs using 406.6% CPU
Identifying sites to remove: done in 0.000889689 secs using 215.7% CPU
Identifying sites to remove: done in 0.00088758 secs using 8146% CPU
Identifying sites to remove: done in 0.000850439 secs using 426.3% CPU
Identifying sites to remove: done in 0.000871062 secs using 138.2% CPU
Identifying sites to remove: done in 0.000828199 secs using 99.73% CPU
Identifying sites to remove: done in 0.00108452 secs using 5317% CPU
Identifying sites to remove: done in 0.00138479 secs using 4121% CPU
Identifying sites to remove: done in 0.00144211 secs using 5708% CPU
Identifying sites to remove: done in 0.00144374 secs using 4964% CPU
Identifying sites to remove: done in 0.00148909 secs using 4596% CPU
Identifying sites to remove: done in 0.0015394 secs using 5616% CPU
Identifying sites to remove: done in 0.00154478 secs using 3531% CPU
Identifying sites to remove: done in 0.00168543 secs using 4739% CPU
Identifying sites to remove: done in 0.00176385 secs using 4337% CPU
Identifying sites to remove: done in 0.00197711 secs using 3341% CPU
Identifying sites to remove: done in 0.00166792 secs using 99.89% CPU
Identifying sites to remove: done in 0.00105658 secs using 413.1% CPU
Identifying sites to remove: done in 0.00103652 secs using 151.2% CPU
Identifying sites to remove: done in 0.00173713 secs using 99.82% CPU
Identifying sites to remove: done in 0.000813782 secs using 99.78% CPU
Identifying sites to remove: done in 0.000601701 secs using 1005% CPU
Identifying sites to remove: done in 0.00179888 secs using 521.2% CPU
Identifying sites to remove: done in 0.00140158 secs using 483.2% CPU
Identifying sites to remove: done in 0.00141973 secs using 309.9% CPU
Identifying sites to remove: done in 0.000635505 secs using 175.5% CPU
Identifying sites to remove: done in 0.000962578 secs using 199.6% CPU
Identifying sites to remove: done in 0.000594467 secs using 120.9% CPU
Identifying sites to remove: done in 0.00138255 secs using 747.7% CPU
Identifying sites to remove: done in 0.00111669 secs using 572.5% CPU
Identifying sites to remove: done in 0.00135208 secs using 690.3% CPU
Identifying sites to remove: done in 0.00103181 secs using 294.5% CPU
Identifying sites to remove: done in 0.00141159 secs using 99.89% CPU
Identifying sites to remove: done in 0.00145572 secs using 99.88% CPU
Identifying sites to remove: done in 0.00129673 secs using 6081% CPU
Identifying sites to remove: done in 0.00177091 secs using 277.4% CPU
Identifying sites to remove: done in 0.00179825 secs using 4203% CPU
Identifying sites to remove: done in 0.00160947 secs using 112.2% CPU
Identifying sites to remove: done in 0.00133765 secs using 377.9% CPU
Identifying sites to remove: done in 0.00144354 secs using 4977% CPU
Identifying sites to remove: done in 0.0010392 secs using 189.6% CPU
Identifying sites to remove: done in 0.00171031 secs using 237.1% CPU
Identifying sites to remove: done in 0.00152674 secs using 4887% CPU
Identifying sites to remove: done in 0.00118735 secs using 316.1% CPU
Identifying sites to remove: done in 0.00140484 secs using 261% CPU
Identifying sites to remove: done in 0.00104976 secs using 202% CPU
Identifying sites to remove: done in 0.00173773 secs using 414% CPU
Identifying sites to remove: done in 0.00104181 secs using 6417% CPU
Identifying sites to remove: done in 0.00145523 secs using 573.7% CPU
Identifying sites to remove: done in 0.00136991 secs using 565.2% CPU
Identifying sites to remove: done in 0.00138535 secs using 664.5% CPU
Identifying sites to remove: done in 0.00136672 secs using 495.9% CPU
Identifying sites to remove: done in 0.00103083 secs using 6309% CPU
Identifying sites to remove: done in 0.00176036 secs using 346.4% CPU
Identifying sites to remove: done in 0.0014073 secs using 352.7% CPU
Identifying sites to remove: done in 0.00140106 secs using 282.6% CPU
Identifying sites to remove: done in 0.00104289 secs using 445.2% CPU
Identifying sites to remove: done in 0.0012976 secs using 5120% CPU
Identifying sites to remove: done in 0.0010263 secs using 310.7% CPU
Identifying sites to remove: done in 0.00134715 secs using 160% CPU
Identifying sites to remove: done in 0.00134648 secs using 5319% CPU
Identifying sites to remove: done in 0.00131277 secs using 99.94% CPU
Identifying sites to remove: done in 0.00132133 secs using 99.82% CPU
Identifying sites to remove: done in 0.00174579 secs using 3180% CPU
Identifying sites to remove: done in 0.00168567 secs using 99.84% CPU
Identifying sites to remove: done in 0.00161693 secs using 1039% CPU
Identifying sites to remove: done in 0.00174554 secs using 1028% CPU
Identifying sites to remove: done in 0.00178636 secs using 1010% CPU
Identifying sites to remove: done in 0.00182437 secs using 998% CPU
Identifying sites to remove: done in 0.00190581 secs using 996.6% CPU
Identifying sites to remove: done in 0.00193883 secs using 982.2% CPU
Identifying sites to remove: done in 0.00212904 secs using 944.7% CPU
Identifying sites to remove: done in 0.00225534 secs using 897.6% CPU
Identifying sites to remove: done in 0.00229944 secs using 887.8% CPU
Identifying sites to remove: done in 0.00270605 secs using 765.5% CPU
Identifying sites to remove: done in 0.00142278 secs using 99.95% CPU
Identifying sites to remove: done in 0.00109243 secs using 800.8% CPU
Identifying sites to remove: done in 0.00106603 secs using 560.6% CPU
Identifying sites to remove: done in 0.00149484 secs using 4776% CPU
Identifying sites to remove: done in 0.000633121 secs using 99.98% CPU
Identifying sites to remove: done in 0.000572875 secs using 206.5% CPU
Identifying sites to remove: done in 0.00150748 secs using 5205% CPU
Identifying sites to remove: done in 0.000601761 secs using 553.4% CPU
Identifying sites to remove: done in 0.00113962 secs using 426.1% CPU
Identifying sites to remove: done in 0.00135283 secs using 251.5% CPU
Identifying sites to remove: done in 0.00056912 secs using 114% CPU
Identifying sites to remove: done in 0.00104107 secs using 6575% CPU
Identifying sites to remove: done in 0.0013807 secs using 5285% CPU
Identifying sites to remove: done in 0.00135904 secs using 458.9% CPU
Identifying sites to remove: done in 0.00113664 secs using 370% CPU
Identifying sites to remove: done in 0.001165 secs using 247.9% CPU
Identifying sites to remove: done in 0.00144724 secs using 5270% CPU
Identifying sites to remove: done in 0.00148276 secs using 4880% CPU
Identifying sites to remove: done in 0.00130391 secs using 99.85% CPU
Identifying sites to remove: done in 0.00150439 secs using 5059% CPU
Identifying sites to remove: done in 0.00151043 secs using 4990% CPU
Identifying sites to remove: done in 0.00145252 secs using 264.6% CPU
Identifying sites to remove: done in 0.00134706 secs using 345.9% CPU
Identifying sites to remove: done in 0.00147902 secs using 168.4% CPU
Identifying sites to remove: done in 0.00146373 secs using 99.95% CPU
Identifying sites to remove: done in 0.00110732 secs using 726.4% CPU
Identifying sites to remove: done in 0.00153717 secs using 4814% CPU
Identifying sites to remove: done in 0.00151397 secs using 4701% CPU
Identifying sites to remove: done in 0.00122072 secs using 5436% CPU
Identifying sites to remove: done in 0.00112256 secs using 308.5% CPU
Identifying sites to remove: done in 0.00112712 secs using 111.8% CPU
Identifying sites to remove: done in 0.00103077 secs using 6796% CPU
Identifying sites to remove: done in 0.00146797 secs using 4956% CPU
Identifying sites to remove: done in 0.00145881 secs using 371.4% CPU
Identifying sites to remove: done in 0.00150489 secs using 457.3% CPU
Identifying sites to remove: done in 0.00119454 secs using 425.1% CPU
Identifying sites to remove: done in 0.00150268 secs using 1068% CPU
Identifying sites to remove: done in 0.00111098 secs using 5685% CPU
Identifying sites to remove: done in 0.00149395 secs using 4154% CPU
Identifying sites to remove: done in 0.0011602 secs using 4937% CPU
Identifying sites to remove: done in 0.00121685 secs using 4409% CPU
Identifying sites to remove: done in 0.00142092 secs using 597.6% CPU
Identifying sites to remove: done in 0.00107811 secs using 6733% CPU
Identifying sites to remove: done in 0.00135327 secs using 5116% CPU
Identifying sites to remove: done in 0.00147412 secs using 305.3% CPU
Identifying sites to remove: done in 0.00143252 secs using 181.2% CPU
Identifying sites to remove: done in 0.00141511 secs using 269.9% CPU
Identifying sites to remove: done in 0.00149827 secs using 3699% CPU
Identifying sites to remove: done in 0.00147806 secs using 3868% CPU
Identifying sites to remove: done in 0.000572518 secs using 956% CPU
Identifying sites to remove: done in 0.0006366 secs using 907.5% CPU
Identifying sites to remove: done in 0.000642911 secs using 920% CPU
Identifying sites to remove: done in 0.000723831 secs using 960.7% CPU
Identifying sites to remove: done in 0.000721589 secs using 956.1% CPU
Identifying sites to remove: done in 0.000774719 secs using 919.3% CPU
Identifying sites to remove: done in 0.000948794 secs using 816.6% CPU
Identifying sites to remove: done in 0.000965349 secs using 800.3% CPU
Identifying sites to remove: done in 0.00109942 secs using 740.1% CPU
Identifying sites to remove: done in 0.00128855 secs using 633.6% CPU
Identifying sites to remove: done in 0.000501916 secs using 548.3% CPU
Identifying sites to remove: done in 0.000430934 secs using 274.1% CPU
Identifying sites to remove: done in 0.000650093 secs using 350.3% CPU
Identifying sites to remove: done in 0.00051865 secs using 99.68% CPU
Identifying sites to remove: done in 0.00024081 secs using 99.66% CPU
Identifying sites to remove: done in 0.000222743 secs using 309.3% CPU
Identifying sites to remove: done in 0.000444233 secs using 1.613e+04% CPU
Identifying sites to remove: done in 0.000541359 secs using 226.5% CPU
Identifying sites to remove: done in 0.000237927 secs using 99.61% CPU
Identifying sites to remove: done in 0.000385739 secs using 681.3% CPU
Identifying sites to remove: done in 0.000221163 secs using 282.6% CPU
Identifying sites to remove: done in 0.000505179 secs using 584.3% CPU
Identifying sites to remove: done in 0.000414833 secs using 649.7% CPU
Identifying sites to remove: done in 0.000498027 secs using 644.7% CPU
Identifying sites to remove: done in 0.00049486 secs using 745.5% CPU
Identifying sites to remove: done in 0.000496119 secs using 187.5% CPU
Identifying sites to remove: done in 0.0006577 secs using 206.8% CPU
Identifying sites to remove: done in 0.00066407 secs using 127.7% CPU
Identifying sites to remove: done in 0.000518121 secs using 99.78% CPU
Identifying sites to remove: done in 0.000562459 secs using 1.351e+04% CPU
Identifying sites to remove: done in 0.000569366 secs using 1.317e+04% CPU
Identifying sites to remove: done in 0.000659332 secs using 470.2% CPU
Identifying sites to remove: done in 0.00051336 secs using 274.1% CPU
Identifying sites to remove: done in 0.000671245 secs using 383.3% CPU
Identifying sites to remove: done in 0.000565402 secs using 476.7% CPU
Identifying sites to remove: done in 0.000505596 secs using 197% CPU
Identifying sites to remove: done in 0.000662893 secs using 672.4% CPU
Identifying sites to remove: done in 0.000437394 secs using 1.267e+04% CPU
Identifying sites to remove: done in 0.000530526 secs using 1.129e+04% CPU
Identifying sites to remove: done in 0.000599608 secs using 332.6% CPU
Identifying sites to remove: done in 0.000512138 secs using 158.6% CPU
Identifying sites to remove: done in 0.000374556 secs using 585.5% CPU
Identifying sites to remove: done in 0.000428528 secs using 623.1% CPU
Identifying sites to remove: done in 0.000585794 secs using 529.7% CPU
Identifying sites to remove: done in 0.000665091 secs using 178.3% CPU
Identifying sites to remove: done in 0.000498749 secs using 1344% CPU
Identifying sites to remove: done in 0.000562243 secs using 1350% CPU
Identifying sites to remove: done in 0.000528365 secs using 1528% CPU
Identifying sites to remove: done in 0.000556678 secs using 876.1% CPU
Identifying sites to remove: done in 0.000433542 secs using 165.6% CPU
Identifying sites to remove: done in 0.000573158 secs using 9009% CPU
Identifying sites to remove: done in 0.000450529 secs using 178.2% CPU
Identifying sites to remove: done in 0.000550061 secs using 99.63% CPU
Identifying sites to remove: done in 0.000505209 secs using 671.4% CPU
Identifying sites to remove: done in 0.000485443 secs using 120.5% CPU
Identifying sites to remove: done in 0.000666112 secs using 1.026e+04% CPU
Identifying sites to remove: done in 0.000553131 secs using 280.4% CPU
Identifying sites to remove: done in 0.000551954 secs using 99.83% CPU
Identifying sites to remove: done in 0.000562407 secs using 99.75% CPU
Identifying sites to remove: done in 0.000716045 secs using 1440% CPU
Identifying sites to remove: done in 0.000916295 secs using 1924% CPU
Identifying sites to remove: done in 0.00093627 secs using 1146% CPU
Identifying sites to remove: done in 0.000947125 secs using 2272% CPU
Identifying sites to remove: done in 0.00105955 secs using 914.9% CPU
Identifying sites to remove: done in 0.0010743 secs using 1408% CPU
Identifying sites to remove: done in 0.001119 secs using 1526% CPU
Identifying sites to remove: done in 0.00118582 secs using 1768% CPU
Identifying sites to remove: done in 0.00144296 secs using 1860% CPU
Identifying sites to remove: done in 0.00144403 secs using 1735% CPU
Identifying sites to remove: done in 0.00106893 secs using 99.91% CPU
Identifying sites to remove: done in 0.000836611 secs using 515.1% CPU
Identifying sites to remove: done in 0.000869624 secs using 144.9% CPU
Identifying sites to remove: done in 0.00109243 secs using 99.5% CPU
Identifying sites to remove: done in 0.000517003 secs using 822.8% CPU
Identifying sites to remove: done in 0.00113758 secs using 6589% CPU
Identifying sites to remove: done in 0.000455379 secs using 429.3% CPU
Identifying sites to remove: done in 0.00084354 secs using 199.5% CPU
Identifying sites to remove: done in 0.000479743 secs using 690.4% CPU
Identifying sites to remove: done in 0.00108047 secs using 837.5% CPU
Identifying sites to remove: done in 0.000478469 secs using 295.3% CPU
Identifying sites to remove: done in 0.000645511 secs using 1.056e+04% CPU
Identifying sites to remove: done in 0.00109702 secs using 6572% CPU
Identifying sites to remove: done in 0.000628993 secs using 506.2% CPU
Identifying sites to remove: done in 0.00108266 secs using 317% CPU
Identifying sites to remove: done in 0.00108093 secs using 242.1% CPU
Identifying sites to remove: done in 0.00110426 secs using 99.89% CPU
Identifying sites to remove: done in 0.00140707 secs using 99.92% CPU
Identifying sites to remove: done in 0.000813834 secs using 99.77% CPU
Identifying sites to remove: done in 0.00115053 secs using 6366% CPU
Identifying sites to remove: done in 0.00117104 secs using 6017% CPU
Identifying sites to remove: done in 0.00108732 secs using 6148% CPU
Identifying sites to remove: done in 0.00140773 secs using 129.8% CPU
Identifying sites to remove: done in 0.00139435 secs using 5369% CPU
Identifying sites to remove: done in 0.00107156 secs using 334.7% CPU
Identifying sites to remove: done in 0.00115456 secs using 357.7% CPU
Identifying sites to remove: done in 0.00139515 secs using 164.1% CPU
Identifying sites to remove: done in 0.000897631 secs using 889.2% CPU
Identifying sites to remove: done in 0.000866488 secs using 265.7% CPU
Identifying sites to remove: done in 0.00111365 secs using 515.7% CPU
Identifying sites to remove: done in 0.00112493 secs using 99.83% CPU
Identifying sites to remove: done in 0.000803411 secs using 742.8% CPU
Identifying sites to remove: done in 0.000861488 secs using 851.2% CPU
Identifying sites to remove: done in 0.0014131 secs using 702.4% CPU
Identifying sites to remove: done in 0.00113768 secs using 567.6% CPU
Identifying sites to remove: done in 0.000903122 secs using 7018% CPU
Identifying sites to remove: done in 0.0011262 secs using 218.8% CPU
Identifying sites to remove: done in 0.00113041 secs using 309.3% CPU
Identifying sites to remove: done in 0.000850931 secs using 162.8% CPU
Identifying sites to remove: done in 0.00115591 secs using 408.2% CPU
Identifying sites to remove: done in 0.000890888 secs using 181.3% CPU
Identifying sites to remove: done in 0.000794396 secs using 8040% CPU
Identifying sites to remove: done in 0.000851668 secs using 200.1% CPU
Identifying sites to remove: done in 0.00114132 secs using 357.9% CPU
Identifying sites to remove: done in 0.00110136 secs using 236.2% CPU
Identifying sites to remove: done in 0.00112219 secs using 194.2% CPU
Identifying sites to remove: done in 0.00113485 secs using 5099% CPU
Identifying sites to remove: done in 0.00115962 secs using 140% CPU
Identifying sites to remove: done in 0.00113591 secs using 4820% CPU
Identifying sites to remove: done in 0.000480816 secs using 735.4% CPU
Identifying sites to remove: done in 0.000620477 secs using 763.8% CPU
Identifying sites to remove: done in 0.000695609 secs using 725.4% CPU
Identifying sites to remove: done in 0.000724614 secs using 722% CPU
Identifying sites to remove: done in 0.0007222 secs using 719.7% CPU
Identifying sites to remove: done in 0.000779584 secs using 702.9% CPU
Identifying sites to remove: done in 0.000965737 secs using 606.4% CPU
Identifying sites to remove: done in 0.00106001 secs using 556.3% CPU
Identifying sites to remove: done in 0.00048212 secs using 1.071e+04% CPU
Identifying sites to remove: done in 0.000461332 secs using 99.71% CPU
Identifying sites to remove: done in 0.000474468 secs using 1044% CPU
Identifying sites to remove: done in 0.000226386 secs using 1187% CPU
Identifying sites to remove: done in 0.000489205 secs using 162.5% CPU
Identifying sites to remove: done in 0.000212073 secs using 2784% CPU
Identifying sites to remove: done in 0.000492111 secs using 2217% CPU
Identifying sites to remove: done in 0.000396647 secs using 1264% CPU
Identifying sites to remove: done in 0.000501283 secs using 1631% CPU
Identifying sites to remove: done in 0.00024008 secs using 2754% CPU
Identifying sites to remove: done in 0.0002909 secs using 1099% CPU
Identifying sites to remove: done in 0.000381768 secs using 154.3% CPU
Identifying sites to remove: done in 0.000491865 secs using 234% CPU
Identifying sites to remove: done in 0.000492349 secs using 147.5% CPU
Identifying sites to remove: done in 0.000491306 secs using 99.53% CPU
Identifying sites to remove: done in 0.000488997 secs using 777.5% CPU
Identifying sites to remove: done in 0.000492126 secs using 879% CPU
Identifying sites to remove: done in 0.000278011 secs using 119.8% CPU
Identifying sites to remove: done in 0.000289597 secs using 344.6% CPU
Identifying sites to remove: done in 0.000494227 secs using 306.5% CPU
Identifying sites to remove: done in 0.00038249 secs using 194.5% CPU
Identifying sites to remove: done in 0.000490285 secs using 336.1% CPU
Identifying sites to remove: done in 0.000522278 secs using 298.5% CPU
Identifying sites to remove: done in 0.000366591 secs using 584% CPU
Identifying sites to remove: done in 0.000285827 secs using 768.3% CPU
Identifying sites to remove: done in 0.000505149 secs using 288.4% CPU
Identifying sites to remove: done in 0.000497222 secs using 298.5% CPU
Identifying sites to remove: done in 0.000486836 secs using 124.9% CPU
Identifying sites to remove: done in 0.000491679 secs using 1222% CPU
Identifying sites to remove: done in 0.000391744 secs using 1.522e+04% CPU
Identifying sites to remove: done in 0.000509404 secs using 1.15e+04% CPU
Identifying sites to remove: done in 0.000486128 secs using 140.5% CPU
Identifying sites to remove: done in 0.000486813 secs using 99.22% CPU
Identifying sites to remove: done in 0.000613615 secs using 7936% CPU
Identifying sites to remove: done in 0.000639699 secs using 8632% CPU
Identifying sites to remove: done in 0.000693887 secs using 7540% CPU
Identifying sites to remove: done in 0.000820369 secs using 8168% CPU
Identifying sites to remove: done in 0.000824451 secs using 7688% CPU
Identifying sites to remove: done in 0.000822589 secs using 7261% CPU
Identifying sites to remove: done in 0.000877291 secs using 8491% CPU
Identifying sites to remove: done in 0.000895694 secs using 7920% CPU
Identifying sites to remove: done in 0.000937574 secs using 8741% CPU
Identifying sites to remove: done in 0.000962697 secs using 8141% CPU
Identifying sites to remove: done in 0.000803217 secs using 99.72% CPU
Identifying sites to remove: done in 0.000658736 secs using 634.2% CPU
Identifying sites to remove: done in 0.000663102 secs using 1.068e+04% CPU
Identifying sites to remove: done in 0.000815578 secs using 99.81% CPU
Identifying sites to remove: done in 0.000380948 secs using 99.75% CPU
Identifying sites to remove: done in 0.000291929 secs using 1490% CPU
Identifying sites to remove: done in 0.000857122 secs using 8983% CPU
Identifying sites to remove: done in 0.000668816 secs using 1.077e+04% CPU
Identifying sites to remove: done in 0.000361666 secs using 99.82% CPU
Identifying sites to remove: done in 0.000678092 secs using 447.7% CPU
Identifying sites to remove: done in 0.000303194 secs using 239.5% CPU
Identifying sites to remove: done in 0.000524484 secs using 357.5% CPU
Identifying sites to remove: done in 0.000518769 secs using 400.2% CPU
Identifying sites to remove: done in 0.000690795 secs using 1177% CPU
Identifying sites to remove: done in 0.000684887 secs using 915.9% CPU
Identifying sites to remove: done in 0.000656299 secs using 655.6% CPU
Identifying sites to remove: done in 0.000847876 secs using 247.1% CPU
Identifying sites to remove: done in 0.000855468 secs using 175.2% CPU
Identifying sites to remove: done in 0.000683159 secs using 1.139e+04% CPU
Identifying sites to remove: done in 0.000857562 secs using 297.2% CPU
Identifying sites to remove: done in 0.00086344 secs using 399.2% CPU
Identifying sites to remove: done in 0.000842415 secs using 155.1% CPU
Identifying sites to remove: done in 0.000673652 secs using 1047% CPU
Identifying sites to remove: done in 0.000877529 secs using 7625% CPU
Identifying sites to remove: done in 0.000837646 secs using 99.8% CPU
Identifying sites to remove: done in 0.000866272 secs using 1116% CPU
Identifying sites to remove: done in 0.000783384 secs using 1874% CPU
Identifying sites to remove: done in 0.000679404 secs using 1306% CPU
Identifying sites to remove: done in 0.000666291 secs using 896.8% CPU
Identifying sites to remove: done in 0.000901178 secs using 1397% CPU
Identifying sites to remove: done in 0.000654645 secs using 372% CPU
Identifying sites to remove: done in 0.000502422 secs using 712.5% CPU
Identifying sites to remove: done in 0.000630096 secs using 453.4% CPU
Identifying sites to remove: done in 0.000860929 secs using 412.5% CPU
Identifying sites to remove: done in 0.000853814 secs using 474.9% CPU
Identifying sites to remove: done in 0.000861935 secs using 866.1% CPU
Identifying sites to remove: done in 0.000651531 secs using 690.8% CPU
Identifying sites to remove: done in 0.000868201 secs using 622.1% CPU
Identifying sites to remove: done in 0.000647604 secs using 8924% CPU
Identifying sites to remove: done in 0.000678599 secs using 343.4% CPU
Identifying sites to remove: done in 0.000658616 secs using 283.3% CPU
Identifying sites to remove: done in 0.000857234 secs using 378.9% CPU
Identifying sites to remove: done in 0.000843607 secs using 544.3% CPU
Identifying sites to remove: done in 0.000676163 secs using 184.9% CPU
Identifying sites to remove: done in 0.000850029 secs using 99.88% CPU
Identifying sites to remove: done in 0.000839435 secs using 99.83% CPU
Identifying sites to remove: done in 0.000856005 secs using 287.5% CPU
Identifying sites to remove: done in 0.000844434 secs using 194.3% CPU
Identifying sites to remove: done in 0.000830323 secs using 99.84% CPU
Identifying sites to remove: done in 0.000531785 secs using 1367% CPU
Identifying sites to remove: done in 0.000561044 secs using 1145% CPU
Identifying sites to remove: done in 0.00063391 secs using 1789% CPU
Identifying sites to remove: done in 0.000673741 secs using 1899% CPU
Identifying sites to remove: done in 0.000695907 secs using 913.2% CPU
Identifying sites to remove: done in 0.000703543 secs using 2158% CPU
Identifying sites to remove: done in 0.000705756 secs using 2307% CPU
Identifying sites to remove: done in 0.000787176 secs using 1819% CPU
Identifying sites to remove: done in 0.000808463 secs using 1371% CPU
Identifying sites to remove: done in 0.000947684 secs using 1079% CPU
Identifying sites to remove: done in 0.000646137 secs using 1.005e+04% CPU
Identifying sites to remove: done in 0.000516012 secs using 1.221e+04% CPU
Identifying sites to remove: done in 0.0004915 secs using 133.5% CPU
Identifying sites to remove: done in 0.000607647 secs using 99.73% CPU
Identifying sites to remove: done in 0.000298701 secs using 954.1% CPU
Identifying sites to remove: done in 0.000642188 secs using 604.8% CPU
Identifying sites to remove: done in 0.000511162 secs using 939% CPU
Identifying sites to remove: done in 0.000281349 secs using 207.6% CPU
Identifying sites to remove: done in 0.000602767 secs using 280.7% CPU
Identifying sites to remove: done in 0.000293948 secs using 2.306e+04% CPU
Identifying sites to remove: done in 0.000608236 secs using 437.7% CPU
Identifying sites to remove: done in 0.000459746 secs using 775% CPU
Identifying sites to remove: done in 0.000623256 secs using 626.1% CPU
Identifying sites to remove: done in 0.000293598 secs using 393.1% CPU
Identifying sites to remove: done in 0.0004609 secs using 636.1% CPU
Identifying sites to remove: done in 0.000619151 secs using 325.3% CPU
Identifying sites to remove: done in 0.000660859 secs using 287.8% CPU
Identifying sites to remove: done in 0.000655577 secs using 120.2% CPU
Identifying sites to remove: done in 0.000609085 secs using 1.159e+04% CPU
Identifying sites to remove: done in 0.000641219 secs using 267.8% CPU
Identifying sites to remove: done in 0.000640363 secs using 447.1% CPU
Identifying sites to remove: done in 0.000676356 secs using 506.1% CPU
Identifying sites to remove: done in 0.000619076 secs using 597.2% CPU
Identifying sites to remove: done in 0.000676081 secs using 597.9% CPU
Identifying sites to remove: done in 0.000662312 secs using 110.1% CPU
Identifying sites to remove: done in 0.000668563 secs using 634.6% CPU
Identifying sites to remove: done in 0.0006271 secs using 1089% CPU
Identifying sites to remove: done in 0.000683725 secs using 876.1% CPU
Identifying sites to remove: done in 0.00053104 secs using 578.1% CPU
Identifying sites to remove: done in 0.000648901 secs using 554.8% CPU
Identifying sites to remove: done in 0.000508636 secs using 134.9% CPU
Identifying sites to remove: done in 0.000458933 secs using 914.1% CPU
Identifying sites to remove: done in 0.000659809 secs using 1317% CPU
Identifying sites to remove: done in 0.000515856 secs using 1579% CPU
Identifying sites to remove: done in 0.00070221 secs using 1290% CPU
Identifying sites to remove: done in 0.000656962 secs using 7658% CPU
Identifying sites to remove: done in 0.00065694 secs using 7066% CPU
Identifying sites to remove: done in 0.000506967 secs using 441.3% CPU
Identifying sites to remove: done in 0.000601634 secs using 334.4% CPU
Identifying sites to remove: done in 0.000513844 secs using 433.4% CPU
Identifying sites to remove: done in 0.000647366 secs using 394.8% CPU
Identifying sites to remove: done in 0.000489123 secs using 176.2% CPU
Identifying sites to remove: done in 0.000646845 secs using 538% CPU
Identifying sites to remove: done in 0.000547417 secs using 183.6% CPU
Identifying sites to remove: done in 0.000645496 secs using 1.002e+04% CPU
Identifying sites to remove: done in 0.000657573 secs using 101.6% CPU
Identifying sites to remove: done in 0.000645496 secs using 343% CPU
Identifying sites to remove: done in 0.000662759 secs using 190.1% CPU
Identifying sites to remove: done in 0.000644319 secs using 1185% CPU
Identifying sites to remove: done in 0.000461116 secs using 1487% CPU
Identifying sites to remove: done in 0.000485368 secs using 917.7% CPU
Identifying sites to remove: done in 0.000503987 secs using 1991% CPU
Identifying sites to remove: done in 0.000542991 secs using 2886% CPU
Identifying sites to remove: done in 0.000544026 secs using 2394% CPU
Identifying sites to remove: done in 0.000584379 secs using 5001% CPU
Identifying sites to remove: done in 0.000613995 secs using 3465% CPU
Identifying sites to remove: done in 0.000615783 secs using 3908% CPU
Identifying sites to remove: done in 0.000615411 secs using 4335% CPU
Identifying sites to remove: done in 0.000807911 secs using 2346% CPU
Identifying sites to remove: done in 0.000446692 secs using 508% CPU
Identifying sites to remove: done in 0.000618622 secs using 600.5% CPU
Identifying sites to remove: done in 0.000435159 secs using 256.9% CPU
Identifying sites to remove: done in 0.000547267 secs using 99.59% CPU
Identifying sites to remove: done in 0.000254929 secs using 99.64% CPU
Identifying sites to remove: done in 0.000441909 secs using 1180% CPU
Identifying sites to remove: done in 0.000238188 secs using 2.744e+04% CPU
Identifying sites to remove: done in 0.000582665 secs using 1.142e+04% CPU
Identifying sites to remove: done in 0.000243589 secs using 206.5% CPU
Identifying sites to remove: done in 0.000518344 secs using 207% CPU
Identifying sites to remove: done in 0.000406094 secs using 525.7% CPU
Identifying sites to remove: done in 0.000239171 secs using 274.3% CPU
Identifying sites to remove: done in 0.000521004 secs using 827.6% CPU
Identifying sites to remove: done in 0.000425376 secs using 546.8% CPU
Identifying sites to remove: done in 0.00053931 secs using 201.6% CPU
Identifying sites to remove: done in 0.00041496 secs using 99.77% CPU
Identifying sites to remove: done in 0.000547916 secs using 278.9% CPU
Identifying sites to remove: done in 0.000549167 secs using 146.9% CPU
Identifying sites to remove: done in 0.000519812 secs using 99.84% CPU
Identifying sites to remove: done in 0.000579707 secs using 302.6% CPU
Identifying sites to remove: done in 0.000577405 secs using 153.1% CPU
Identifying sites to remove: done in 0.000538275 secs using 99.58% CPU
Identifying sites to remove: done in 0.000527605 secs using 1403% CPU
Identifying sites to remove: done in 0.000554986 secs using 816.1% CPU
Identifying sites to remove: done in 0.000599921 secs using 1.111e+04% CPU
Identifying sites to remove: done in 0.000586361 secs using 737.4% CPU
Identifying sites to remove: done in 0.000579573 secs using 1117% CPU
Identifying sites to remove: done in 0.000434332 secs using 1206% CPU
Identifying sites to remove: done in 0.000440456 secs using 651.6% CPU
Identifying sites to remove: done in 0.000445686 secs using 983.2% CPU
Identifying sites to remove: done in 0.000450894 secs using 191.6% CPU
Identifying sites to remove: done in 0.000404552 secs using 1694% CPU
Identifying sites to remove: done in 0.000564992 secs using 2006% CPU
Identifying sites to remove: done in 0.000446804 secs using 1687% CPU
Identifying sites to remove: done in 0.000581644 secs using 816.1% CPU
Identifying sites to remove: done in 0.000572421 secs using 261.7% CPU
Identifying sites to remove: done in 0.000600576 secs using 8772% CPU
Identifying sites to remove: done in 0.000439115 secs using 528.6% CPU
Identifying sites to remove: done in 0.000450782 secs using 441.7% CPU
Identifying sites to remove: done in 0.000575647 secs using 464.5% CPU
Identifying sites to remove: done in 0.00044474 secs using 282% CPU
Identifying sites to remove: done in 0.000441708 secs using 326.5% CPU
Identifying sites to remove: done in 0.000555016 secs using 504.5% CPU
Identifying sites to remove: done in 0.000542141 secs using 147.9% CPU
Identifying sites to remove: done in 0.000576437 secs using 703.8% CPU
Identifying sites to remove: done in 0.00055813 secs using 194.8% CPU
Identifying sites to remove: done in 0.00055521 secs using 1.378e+04% CPU
Identifying sites to remove: done in 0.000577196 secs using 99.62% CPU
Identifying sites to remove: done in 0.000576414 secs using 99.75% CPU
Identifying sites to remove: done in 0.000316329 secs using 376.2% CPU
Identifying sites to remove: done in 0.000392564 secs using 1235% CPU
Identifying sites to remove: done in 0.000418618 secs using 2802% CPU
Identifying sites to remove: done in 0.000506312 secs using 1664% CPU
Identifying sites to remove: done in 0.00026755 secs using 258.6% CPU
Identifying sites to remove: done in 0.00025671 secs using 174.1% CPU
Identifying sites to remove: done in 0.000243388 secs using 1288% CPU
Identifying sites to remove: done in 0.000154711 secs using 992.2% CPU
Identifying sites to remove: done in 0.00023856 secs using 129.5% CPU
Identifying sites to remove: done in 0.000313543 secs using 929.7% CPU
Identifying sites to remove: done in 0.000329301 secs using 194.4% CPU
Identifying sites to remove: done in 0.000305004 secs using 99.34% CPU
Identifying sites to remove: done in 0.000307962 secs using 316.9% CPU
Identifying sites to remove: done in 0.000314549 secs using 119.9% CPU
Identifying sites to remove: done in 0.000323251 secs using 946.9% CPU
Identifying sites to remove: done in 0.00032302 secs using 630.3% CPU
Identifying sites to remove: done in 0.000321917 secs using 230.2% CPU
Identifying sites to remove: done in 0.000265576 secs using 199.9% CPU
Identifying sites to remove: done in 0.000341117 secs using 664.6% CPU
Identifying sites to remove: done in 0.000320159 secs using 831.8% CPU
Identifying sites to remove: done in 0.000315323 secs using 177.9% CPU
Identifying sites to remove: done in 0.000303604 secs using 99.47% CPU
Identifying sites to remove: done in 0.000741273 secs using 1255% CPU
Identifying sites to remove: done in 0.000741728 secs using 1091% CPU
Identifying sites to remove: done in 0.000794388 secs using 932.2% CPU
Identifying sites to remove: done in 0.000880472 secs using 1347% CPU
Identifying sites to remove: done in 0.000923082 secs using 1572% CPU
Identifying sites to remove: done in 0.000962771 secs using 1410% CPU
Identifying sites to remove: done in 0.000964135 secs using 1665% CPU
Identifying sites to remove: done in 0.000982419 secs using 1761% CPU
Identifying sites to remove: done in 0.00100643 secs using 1845% CPU
Identifying sites to remove: done in 0.00100708 secs using 1970% CPU
Identifying sites to remove: done in 0.000927083 secs using 99.78% CPU
Identifying sites to remove: done in 0.000716172 secs using 397.8% CPU
Identifying sites to remove: done in 0.000729963 secs using 143.3% CPU
Identifying sites to remove: done in 0.000952832 secs using 7894% CPU
Identifying sites to remove: done in 0.000418879 secs using 99.79% CPU
Identifying sites to remove: done in 0.000371136 secs using 752.8% CPU
Identifying sites to remove: done in 0.000412956 secs using 294.9% CPU
Identifying sites to remove: done in 0.000974223 secs using 540.2% CPU
Identifying sites to remove: done in 0.000762768 secs using 291% CPU
Identifying sites to remove: done in 0.00038141 secs using 346.6% CPU
Identifying sites to remove: done in 0.000912882 secs using 7840% CPU
Identifying sites to remove: done in 0.000657745 secs using 224.4% CPU
Identifying sites to remove: done in 0.000727333 secs using 976.6% CPU
Identifying sites to remove: done in 0.00090716 secs using 690.3% CPU
Identifying sites to remove: done in 0.000886485 secs using 526.2% CPU
Identifying sites to remove: done in 0.000660032 secs using 325.4% CPU
Identifying sites to remove: done in 0.000952706 secs using 7471% CPU
Identifying sites to remove: done in 0.000953525 secs using 99.84% CPU
Identifying sites to remove: done in 0.00089398 secs using 8756% CPU
Identifying sites to remove: done in 0.000983328 secs using 549.9% CPU
Identifying sites to remove: done in 0.000987984 secs using 718.3% CPU
Identifying sites to remove: done in 0.000946499 secs using 120.3% CPU
Identifying sites to remove: done in 0.000877492 secs using 236.7% CPU
Identifying sites to remove: done in 0.00112251 secs using 128.7% CPU
Identifying sites to remove: done in 0.000941291 secs using 99.86% CPU
Identifying sites to remove: done in 0.000698395 secs using 1.007e+04% CPU
Identifying sites to remove: done in 0.000951499 secs using 216.4% CPU
Identifying sites to remove: done in 0.000975445 secs using 644.8% CPU
Identifying sites to remove: done in 0.000767201 secs using 668.4% CPU
Identifying sites to remove: done in 0.000752784 secs using 509.7% CPU
Identifying sites to remove: done in 0.000788651 secs using 238.3% CPU
Identifying sites to remove: done in 0.000658669 secs using 1.072e+04% CPU
Identifying sites to remove: done in 0.000748046 secs using 379% CPU
Identifying sites to remove: done in 0.000938565 secs using 446% CPU
Identifying sites to remove: done in 0.000952549 secs using 387.3% CPU
Identifying sites to remove: done in 0.000950493 secs using 588.9% CPU
Identifying sites to remove: done in 0.000712655 secs using 477.9% CPU
Identifying sites to remove: done in 0.000976168 secs using 184% CPU
Identifying sites to remove: done in 0.00074365 secs using 423.3% CPU
Identifying sites to remove: done in 0.000940599 secs using 596.9% CPU
Identifying sites to remove: done in 0.00070864 secs using 7919% CPU
Identifying sites to remove: done in 0.000752576 secs using 106.6% CPU
Identifying sites to remove: done in 0.00093738 secs using 417.9% CPU
Identifying sites to remove: done in 0.000891238 secs using 188.7% CPU
Identifying sites to remove: done in 0.000922643 secs using 7558% CPU
Identifying sites to remove: done in 0.000921935 secs using 112.9% CPU
Identifying sites to remove: done in 0.00091923 secs using 365.5% CPU
Identifying sites to remove: done in 0.000961803 secs using 137.1% CPU
Identifying sites to remove: done in 0.00093089 secs using 99.8% CPU
Identifying sites to remove: done in 0.000201851 secs using 2223% CPU
Identifying sites to remove: done in 0.000240229 secs using 2751% CPU
Identifying sites to remove: done in 0.000245973 secs using 3158% CPU
Identifying sites to remove: done in 0.000244647 secs using 3562% CPU
Identifying sites to remove: done in 0.000262447 secs using 2250% CPU
Identifying sites to remove: done in 0.0002371 secs using 1130% CPU
Identifying sites to remove: done in 0.000349522 secs using 552.5% CPU
Identifying sites to remove: done in 0.000363514 secs using 1137% CPU
Identifying sites to remove: done in 0.000155404 secs using 99.1% CPU
Identifying sites to remove: done in 0.000199795 secs using 99.1% CPU
Identifying sites to remove: done in 0.000168815 secs using 1868% CPU
Identifying sites to remove: done in 0.0001693 secs using 3496% CPU
Identifying sites to remove: done in 0.000173479 secs using 1903% CPU
Identifying sites to remove: done in 9.69917e-05 secs using 3402% CPU
Identifying sites to remove: done in 0.00020507 secs using 2704% CPU
Identifying sites to remove: done in 0.00019601 secs using 590.3% CPU
Identifying sites to remove: done in 8.60691e-05 secs using 2536% CPU
Identifying sites to remove: done in 0.000153132 secs using 1621% CPU
Identifying sites to remove: done in 0.000136547 secs using 145% CPU
Identifying sites to remove: done in 8.25226e-05 secs using 98.15% CPU
Identifying sites to remove: done in 0.000171311 secs using 98.65% CPU
Identifying sites to remove: done in 0.000184827 secs using 2.551e+04% CPU
Identifying sites to remove: done in 0.000172958 secs using 144% CPU
Identifying sites to remove: done in 0.000173576 secs using 850.9% CPU
Identifying sites to remove: done in 0.000186138 secs using 563% CPU
Identifying sites to remove: done in 0.000123143 secs using 227.4% CPU
Identifying sites to remove: done in 0.000144303 secs using 800.4% CPU
Identifying sites to remove: done in 0.000173308 secs using 1461% CPU
Identifying sites to remove: done in 0.000186332 secs using 1502% CPU
Identifying sites to remove: done in 0.000153765 secs using 1194% CPU
Identifying sites to remove: done in 0.000155285 secs using 1036% CPU
Identifying sites to remove: done in 0.000189528 secs using 1058% CPU
Identifying sites to remove: done in 0.000120379 secs using 196.9% CPU
Identifying sites to remove: done in 0.000181749 secs using 496.8% CPU
Identifying sites to remove: done in 0.000177868 secs using 362.6% CPU
Identifying sites to remove: done in 0.000208013 secs using 185.1% CPU
Identifying sites to remove: done in 0.000175059 secs using 1482% CPU
Identifying sites to remove: done in 0.000143938 secs using 185.5% CPU
Identifying sites to remove: done in 0.000177905 secs using 866.2% CPU
Identifying sites to remove: done in 0.000174165 secs using 200.4% CPU
Identifying sites to remove: done in 0.000173539 secs using 99.11% CPU
Identifying sites to remove: done in 0.000587478 secs using 1760% CPU
Identifying sites to remove: done in 0.000622436 secs using 947.7% CPU
Identifying sites to remove: done in 0.000691883 secs using 1270% CPU
Identifying sites to remove: done in 0.000785612 secs using 1809% CPU
Identifying sites to remove: done in 0.000786573 secs using 2417% CPU
Identifying sites to remove: done in 0.000821248 secs using 2056% CPU
Identifying sites to remove: done in 0.000874765 secs using 2508% CPU
Identifying sites to remove: done in 0.000893332 secs using 3264% CPU
Identifying sites to remove: done in 0.000917085 secs using 2923% CPU
Identifying sites to remove: done in 0.000918485 secs using 2663% CPU
Identifying sites to remove: done in 0.000800587 secs using 99.8% CPU
Identifying sites to remove: done in 0.000670619 secs using 444.5% CPU
Identifying sites to remove: done in 0.000651866 secs using 178.6% CPU
Identifying sites to remove: done in 0.000800848 secs using 99.89% CPU
Identifying sites to remove: done in 0.000389136 secs using 99.71% CPU
Identifying sites to remove: done in 0.000284597 secs using 284.6% CPU
Identifying sites to remove: done in 0.000830747 secs using 505.9% CPU
Identifying sites to remove: done in 0.000652216 secs using 372.7% CPU
Identifying sites to remove: done in 0.000370972 secs using 860.2% CPU
Identifying sites to remove: done in 0.000664689 secs using 630.4% CPU
Identifying sites to remove: done in 0.000513397 secs using 309.5% CPU
Identifying sites to remove: done in 0.00030224 secs using 3935% CPU
Identifying sites to remove: done in 0.000677049 secs using 8649% CPU
Identifying sites to remove: done in 0.000668928 secs using 8202% CPU
Identifying sites to remove: done in 0.000683695 secs using 7469% CPU
Identifying sites to remove: done in 0.000573687 secs using 8512% CPU
Identifying sites to remove: done in 0.000828207 secs using 441.9% CPU
Identifying sites to remove: done in 0.000841275 secs using 174.5% CPU
Identifying sites to remove: done in 0.000650674 secs using 99.74% CPU
Identifying sites to remove: done in 0.00083103 secs using 606.6% CPU
Identifying sites to remove: done in 0.000833191 secs using 538.2% CPU
Identifying sites to remove: done in 0.000832893 secs using 182.3% CPU
Identifying sites to remove: done in 0.000667013 secs using 1.07e+04% CPU
Identifying sites to remove: done in 0.000835873 secs using 219.4% CPU
Identifying sites to remove: done in 0.000815548 secs using 99.81% CPU
Identifying sites to remove: done in 0.000843652 secs using 1368% CPU
Identifying sites to remove: done in 0.000664957 secs using 1311% CPU
Identifying sites to remove: done in 0.000676259 secs using 9856% CPU
Identifying sites to remove: done in 0.000869796 secs using 7356% CPU
Identifying sites to remove: done in 0.000655942 secs using 234.8% CPU
Identifying sites to remove: done in 0.000698075 secs using 236.4% CPU
Identifying sites to remove: done in 0.00051523 secs using 1167% CPU
Identifying sites to remove: done in 0.000834674 secs using 911.3% CPU
Identifying sites to remove: done in 0.000663355 secs using 742.1% CPU
Identifying sites to remove: done in 0.000835113 secs using 896.6% CPU
Identifying sites to remove: done in 0.000846744 secs using 875.6% CPU
Identifying sites to remove: done in 0.000838608 secs using 521.5% CPU
Identifying sites to remove: done in 0.000688635 secs using 8557% CPU
Identifying sites to remove: done in 0.000661507 secs using 364.3% CPU
Identifying sites to remove: done in 0.000669941 secs using 334.2% CPU
Identifying sites to remove: done in 0.000836633 secs using 229.3% CPU
Identifying sites to remove: done in 0.000629365 secs using 99.78% CPU
Identifying sites to remove: done in 0.000822112 secs using 498% CPU
Identifying sites to remove: done in 0.000671484 secs using 145.3% CPU
Identifying sites to remove: done in 0.000837669 secs using 7836% CPU
Identifying sites to remove: done in 0.000813872 secs using 99.89% CPU
Identifying sites to remove: done in 0.000838056 secs using 8251% CPU
Identifying sites to remove: done in 0.000885606 secs using 7412% CPU
Identifying sites to remove: done in 0.00081867 secs using 99.8% CPU
Identifying sites to remove: done in 0.00024578 secs using 5642% CPU
Identifying sites to remove: done in 0.000272669 secs using 1837% CPU
Identifying sites to remove: done in 0.000272341 secs using 733.6% CPU
Identifying sites to remove: done in 0.000282004 secs using 6066% CPU
Identifying sites to remove: done in 0.000339828 secs using 3316% CPU
Identifying sites to remove: done in 0.000286452 secs using 7032% CPU
Identifying sites to remove: done in 0.000287421 secs using 8064% CPU
Identifying sites to remove: done in 0.000410192 secs using 2036% CPU
Identifying sites to remove: done in 0.000198066 secs using 2.718e+04% CPU
Identifying sites to remove: done in 0.00021477 secs using 99.64% CPU
Identifying sites to remove: done in 0.000184923 secs using 327.7% CPU
Identifying sites to remove: done in 0.000238173 secs using 1294% CPU
Identifying sites to remove: done in 0.000237636 secs using 781.4% CPU
Identifying sites to remove: done in 0.000121236 secs using 1123% CPU
Identifying sites to remove: done in 0.000266075 secs using 1854% CPU
Identifying sites to remove: done in 0.000199609 secs using 1106% CPU
Identifying sites to remove: done in 0.000227869 secs using 1166% CPU
Identifying sites to remove: done in 0.000107251 secs using 284.4% CPU
Identifying sites to remove: done in 0.000164792 secs using 342.2% CPU
Identifying sites to remove: done in 0.000101537 secs using 99.47% CPU
Identifying sites to remove: done in 0.000235766 secs using 390.2% CPU
Identifying sites to remove: done in 0.000256747 secs using 188.9% CPU
Identifying sites to remove: done in 0.000227168 secs using 888.8% CPU
Identifying sites to remove: done in 0.000225037 secs using 1794% CPU
Identifying sites to remove: done in 0.000225946 secs using 139.9% CPU
Identifying sites to remove: done in 0.000185214 secs using 244.6% CPU
Identifying sites to remove: done in 0.000158668 secs using 187.8% CPU
Identifying sites to remove: done in 0.00022687 secs using 577.4% CPU
Identifying sites to remove: done in 0.00022874 secs using 879.2% CPU
Identifying sites to remove: done in 0.000164889 secs using 862.4% CPU
Identifying sites to remove: done in 0.000205748 secs using 567.7% CPU
Identifying sites to remove: done in 0.0001821 secs using 215.8% CPU
Identifying sites to remove: done in 0.000226453 secs using 561.7% CPU
Identifying sites to remove: done in 0.000226662 secs using 116.9% CPU
Identifying sites to remove: done in 0.000225067 secs using 298.1% CPU
Identifying sites to remove: done in 0.000226073 secs using 140.7% CPU
Identifying sites to remove: done in 0.000179529 secs using 490.2% CPU
Identifying sites to remove: done in 0.000224136 secs using 113.3% CPU
Identifying sites to remove: done in 0.000223085 secs using 476.1% CPU
Identifying sites to remove: done in 0.000224464 secs using 176.9% CPU
Identifying sites to remove: done in 0.000225708 secs using 99.69% CPU
Identifying sites to remove: done in 0.000481166 secs using 1.114e+04% CPU
Identifying sites to remove: done in 0.000507891 secs using 9174% CPU
Identifying sites to remove: done in 0.000521332 secs using 9645% CPU
Identifying sites to remove: done in 0.000602894 secs using 1.089e+04% CPU
Identifying sites to remove: done in 0.000603758 secs using 9668% CPU
Identifying sites to remove: done in 0.000606194 secs using 1.023e+04% CPU
Identifying sites to remove: done in 0.000607952 secs using 1.141e+04% CPU
Identifying sites to remove: done in 0.000662275 secs using 1.159e+04% CPU
Identifying sites to remove: done in 0.000665016 secs using 1.21e+04% CPU
Identifying sites to remove: done in 0.000663541 secs using 1.103e+04% CPU
Identifying sites to remove: done in 0.00054419 secs using 99.78% CPU
Identifying sites to remove: done in 0.000453785 secs using 197.7% CPU
Identifying sites to remove: done in 0.000478856 secs using 590.6% CPU
Identifying sites to remove: done in 0.000543736 secs using 99.86% CPU
Identifying sites to remove: done in 0.000251964 secs using 99.62% CPU
Identifying sites to remove: done in 0.000238046 secs using 379.3% CPU
Identifying sites to remove: done in 0.000569262 secs using 393% CPU
Identifying sites to remove: done in 0.000461243 secs using 293.6% CPU
Identifying sites to remove: done in 0.000260428 secs using 243.1% CPU
Identifying sites to remove: done in 0.000232205 secs using 1025% CPU
Identifying sites to remove: done in 0.000536993 secs using 967.2% CPU
Identifying sites to remove: done in 0.000420339 secs using 2060% CPU
Identifying sites to remove: done in 0.000524558 secs using 1385% CPU
Identifying sites to remove: done in 0.000541188 secs using 978% CPU
Identifying sites to remove: done in 0.000422165 secs using 304.6% CPU
Identifying sites to remove: done in 0.00054723 secs using 495.2% CPU
Identifying sites to remove: done in 0.000596702 secs using 9894% CPU
Identifying sites to remove: done in 0.000577815 secs using 1.003e+04% CPU
Identifying sites to remove: done in 0.000520296 secs using 99.37% CPU
Identifying sites to remove: done in 0.000564277 secs using 265.3% CPU
Identifying sites to remove: done in 0.00056693 secs using 719.3% CPU
Identifying sites to remove: done in 0.000586174 secs using 175% CPU
Identifying sites to remove: done in 0.000539988 secs using 1.291e+04% CPU
Identifying sites to remove: done in 0.000603363 secs using 1.093e+04% CPU
Identifying sites to remove: done in 0.000564434 secs using 99.75% CPU
Identifying sites to remove: done in 0.000582837 secs using 1357% CPU
Identifying sites to remove: done in 0.000529766 secs using 1155% CPU
Identifying sites to remove: done in 0.000588641 secs using 1165% CPU
Identifying sites to remove: done in 0.000546895 secs using 1304% CPU
Identifying sites to remove: done in 0.000472166 secs using 875.8% CPU
Identifying sites to remove: done in 0.000442952 secs using 151.7% CPU
Identifying sites to remove: done in 0.000588723 secs using 9911% CPU
Identifying sites to remove: done in 0.000411257 secs using 368.1% CPU
Identifying sites to remove: done in 0.000449084 secs using 452.9% CPU
Identifying sites to remove: done in 0.000605769 secs using 411% CPU
Identifying sites to remove: done in 0.000574425 secs using 321% CPU
Identifying sites to remove: done in 0.000577465 secs using 395.3% CPU
Identifying sites to remove: done in 0.000447161 secs using 482.4% CPU
Identifying sites to remove: done in 0.000536658 secs using 767.7% CPU
Identifying sites to remove: done in 0.000451781 secs using 499.8% CPU
Identifying sites to remove: done in 0.00056985 secs using 212% CPU
Identifying sites to remove: done in 0.000427537 secs using 99.64% CPU
Identifying sites to remove: done in 0.00056266 secs using 566.4% CPU
Identifying sites to remove: done in 0.000523679 secs using 1.184e+04% CPU
Identifying sites to remove: done in 0.000564769 secs using 258.7% CPU
Identifying sites to remove: done in 0.000577867 secs using 128.7% CPU
Identifying sites to remove: done in 0.000568137 secs using 713.4% CPU
Identifying sites to remove: done in 0.000566505 secs using 465.1% CPU
Identifying sites to remove: done in 0.000566222 secs using 1.142e+04% CPU
Identifying sites to remove: done in 0.000553735 secs using 932.2% CPU
Identifying sites to remove: done in 0.000643045 secs using 1293% CPU
Identifying sites to remove: done in 0.000680842 secs using 1112% CPU
Identifying sites to remove: done in 0.000751838 secs using 1763% CPU
Identifying sites to remove: done in 0.000796579 secs using 2008% CPU
Identifying sites to remove: done in 0.000832155 secs using 2092% CPU
Identifying sites to remove: done in 0.000833564 secs using 2242% CPU
Identifying sites to remove: done in 0.000834167 secs using 1792% CPU
Identifying sites to remove: done in 0.000910193 secs using 1388% CPU
Identifying sites to remove: done in 0.00096406 secs using 1190% CPU
Identifying sites to remove: done in 0.000765979 secs using 203% CPU
Identifying sites to remove: done in 0.000659443 secs using 320.1% CPU
Identifying sites to remove: done in 0.000636414 secs using 177.6% CPU
Identifying sites to remove: done in 0.000769533 secs using 99.67% CPU
Identifying sites to remove: done in 0.00038036 secs using 1.932e+04% CPU
Identifying sites to remove: done in 0.000794061 secs using 436.2% CPU
Identifying sites to remove: done in 0.000293471 secs using 706.4% CPU
Identifying sites to remove: done in 0.00062938 secs using 186.4% CPU
Identifying sites to remove: done in 0.000352278 secs using 729.5% CPU
Identifying sites to remove: done in 0.000612594 secs using 566.8% CPU
Identifying sites to remove: done in 0.000585116 secs using 275.5% CPU
Identifying sites to remove: done in 0.000273861 secs using 188.8% CPU
Identifying sites to remove: done in 0.00061582 secs using 1649% CPU
Identifying sites to remove: done in 0.000626273 secs using 9803% CPU
Identifying sites to remove: done in 0.000635646 secs using 1.022e+04% CPU
Identifying sites to remove: done in 0.000547528 secs using 1.085e+04% CPU
Identifying sites to remove: done in 0.000816442 secs using 411.3% CPU
Identifying sites to remove: done in 0.000817284 secs using 170.8% CPU
Identifying sites to remove: done in 0.000739932 secs using 99.74% CPU
Identifying sites to remove: done in 0.000815608 secs using 271.5% CPU
Identifying sites to remove: done in 0.000818104 secs using 547.1% CPU
Identifying sites to remove: done in 0.000804126 secs using 162.4% CPU
Identifying sites to remove: done in 0.000627629 secs using 1.13e+04% CPU
Identifying sites to remove: done in 0.000802681 secs using 99.92% CPU
Identifying sites to remove: done in 0.000793219 secs using 99.85% CPU
Identifying sites to remove: done in 0.000823043 secs using 8785% CPU
Identifying sites to remove: done in 0.000768259 secs using 9054% CPU
Identifying sites to remove: done in 0.000618905 secs using 392.3% CPU
Identifying sites to remove: done in 0.000832476 secs using 7987% CPU
Identifying sites to remove: done in 0.000644036 secs using 325.6% CPU
Identifying sites to remove: done in 0.000617325 secs using 171.2% CPU
Identifying sites to remove: done in 0.000480391 secs using 836.8% CPU
Identifying sites to remove: done in 0.000808991 secs using 1553% CPU
Identifying sites to remove: done in 0.000630818 secs using 1320% CPU
Identifying sites to remove: done in 0.000833131 secs using 7693% CPU
Identifying sites to remove: done in 0.000849932 secs using 7168% CPU
Identifying sites to remove: done in 0.000835076 secs using 6791% CPU
Identifying sites to remove: done in 0.000665098 secs using 146% CPU
Identifying sites to remove: done in 0.000635743 secs using 513.4% CPU
Identifying sites to remove: done in 0.000755899 secs using 650.9% CPU
Identifying sites to remove: done in 0.000825681 secs using 509.3% CPU
Identifying sites to remove: done in 0.000622362 secs using 140.1% CPU
Identifying sites to remove: done in 0.000630267 secs using 1.044e+04% CPU
Identifying sites to remove: done in 0.00081408 secs using 7894% CPU
Identifying sites to remove: done in 0.000801556 secs using 99.93% CPU
Identifying sites to remove: done in 0.000806727 secs using 99.91% CPU
Identifying sites to remove: done in 0.000812568 secs using 627.3% CPU
Identifying sites to remove: done in 0.000813939 secs using 727% CPU
Identifying sites to remove: done in 0.000792578 secs using 99.93% CPU
Identifying sites to remove: done in 0.000554338 secs using 1624% CPU
Identifying sites to remove: done in 0.000603005 secs using 1241% CPU
Identifying sites to remove: done in 0.000599571 secs using 939.8% CPU
Identifying sites to remove: done in 0.000716694 secs using 2216% CPU
Identifying sites to remove: done in 0.000745714 secs using 2659% CPU
Identifying sites to remove: done in 0.000821978 secs using 2911% CPU
Identifying sites to remove: done in 0.000845112 secs using 2187% CPU
Identifying sites to remove: done in 0.000893533 secs using 2495% CPU
Identifying sites to remove: done in 0.000913352 secs using 1628% CPU
Identifying sites to remove: done in 0.000966758 secs using 1359% CPU
Identifying sites to remove: done in 0.000723161 secs using 379.9% CPU
Identifying sites to remove: done in 0.000565156 secs using 387.9% CPU
Identifying sites to remove: done in 0.000561021 secs using 201.4% CPU
Identifying sites to remove: done in 0.000642352 secs using 99.79% CPU
Identifying sites to remove: done in 0.000302665 secs using 99.45% CPU
Identifying sites to remove: done in 0.000679381 secs using 1.049e+04% CPU
Identifying sites to remove: done in 0.000573769 secs using 1.177e+04% CPU
Identifying sites to remove: done in 0.000270411 secs using 188.6% CPU
Identifying sites to remove: done in 0.000313349 secs using 202.6% CPU
Identifying sites to remove: done in 0.000565134 secs using 420.1% CPU
Identifying sites to remove: done in 0.000567213 secs using 1067% CPU
Identifying sites to remove: done in 0.00048539 secs using 1338% CPU
Identifying sites to remove: done in 0.000271201 secs using 1541% CPU
Identifying sites to remove: done in 0.000591636 secs using 957.5% CPU
Identifying sites to remove: done in 0.000495754 secs using 699.7% CPU
Identifying sites to remove: done in 0.000665188 secs using 243.2% CPU
Identifying sites to remove: done in 0.000688843 secs using 298.2% CPU
Identifying sites to remove: done in 0.000702672 secs using 9362% CPU
Identifying sites to remove: done in 0.000616603 secs using 99.74% CPU
Identifying sites to remove: done in 0.000665858 secs using 233.5% CPU
Identifying sites to remove: done in 0.000676028 secs using 609.1% CPU
Identifying sites to remove: done in 0.000690207 secs using 686.9% CPU
Identifying sites to remove: done in 0.000569224 secs using 1.24e+04% CPU
Identifying sites to remove: done in 0.000689559 secs using 236.7% CPU
Identifying sites to remove: done in 0.000670686 secs using 110.3% CPU
Identifying sites to remove: done in 0.000698552 secs using 1121% CPU
Identifying sites to remove: done in 0.000690602 secs using 993.8% CPU
Identifying sites to remove: done in 0.000659235 secs using 1131% CPU
Identifying sites to remove: done in 0.000645131 secs using 711.3% CPU
Identifying sites to remove: done in 0.000577867 secs using 834.3% CPU
Identifying sites to remove: done in 0.000557534 secs using 1.044e+04% CPU
Identifying sites to remove: done in 0.000698119 secs using 352.4% CPU
Identifying sites to remove: done in 0.000433981 secs using 890.4% CPU
Identifying sites to remove: done in 0.000566758 secs using 897.6% CPU
Identifying sites to remove: done in 0.000694588 secs using 662% CPU
Identifying sites to remove: done in 0.000698112 secs using 509.7% CPU
Identifying sites to remove: done in 0.000740111 secs using 313.2% CPU
Identifying sites to remove: done in 0.000543945 secs using 1035% CPU
Identifying sites to remove: done in 0.000658475 secs using 589.2% CPU
Identifying sites to remove: done in 0.000541672 secs using 239.8% CPU
Identifying sites to remove: done in 0.000698619 secs using 430.3% CPU
Identifying sites to remove: done in 0.000525095 secs using 167% CPU
Identifying sites to remove: done in 0.000686012 secs using 209.5% CPU
Identifying sites to remove: done in 0.000618674 secs using 323.3% CPU
Identifying sites to remove: done in 0.000692934 secs using 104.3% CPU
Identifying sites to remove: done in 0.000687636 secs using 99.76% CPU
Identifying sites to remove: done in 0.000688173 secs using 646.6% CPU
Identifying sites to remove: done in 0.000688851 secs using 192.9% CPU
Identifying sites to remove: done in 0.000665195 secs using 354.6% CPU
Identifying sites to remove: done in 0.000572123 secs using 1375% CPU
Identifying sites to remove: done in 0.000693992 secs using 1112% CPU
Identifying sites to remove: done in 0.000731774 secs using 906.6% CPU
Identifying sites to remove: done in 0.000739589 secs using 1763% CPU
Identifying sites to remove: done in 0.000787847 secs using 1865% CPU
Identifying sites to remove: done in 0.000815399 secs using 1507% CPU
Identifying sites to remove: done in 0.00089974 secs using 1976% CPU
Identifying sites to remove: done in 0.000900872 secs using 2115% CPU
Identifying sites to remove: done in 0.000978865 secs using 1712% CPU
Identifying sites to remove: done in 0.00111033 secs using 1069% CPU
Identifying sites to remove: done in 0.00079421 secs using 428.7% CPU
Identifying sites to remove: done in 0.000650704 secs using 406% CPU
Identifying sites to remove: done in 0.000623569 secs using 214.9% CPU
Identifying sites to remove: done in 0.000770673 secs using 99.78% CPU
Identifying sites to remove: done in 0.000380889 secs using 247.8% CPU
Identifying sites to remove: done in 0.00080502 secs using 266.9% CPU
Identifying sites to remove: done in 0.000636518 secs using 304.6% CPU
Identifying sites to remove: done in 0.000290923 secs using 751.4% CPU
Identifying sites to remove: done in 0.000645317 secs using 140.9% CPU
Identifying sites to remove: done in 0.000360616 secs using 1586% CPU
Identifying sites to remove: done in 0.000656165 secs using 1074% CPU
Identifying sites to remove: done in 0.000524215 secs using 804.1% CPU
Identifying sites to remove: done in 0.000296406 secs using 2114% CPU
Identifying sites to remove: done in 0.000673287 secs using 1136% CPU
Identifying sites to remove: done in 0.000525199 secs using 960% CPU
Identifying sites to remove: done in 0.000667728 secs using 9039% CPU
Identifying sites to remove: done in 0.00081525 secs using 307.5% CPU
Identifying sites to remove: done in 0.000801206 secs using 110.3% CPU
Identifying sites to remove: done in 0.000656836 secs using 1.158e+04% CPU
Identifying sites to remove: done in 0.00081034 secs using 264.8% CPU
Identifying sites to remove: done in 0.000821881 secs using 406.5% CPU
Identifying sites to remove: done in 0.000814073 secs using 485.7% CPU
Identifying sites to remove: done in 0.000657365 secs using 669.2% CPU
Identifying sites to remove: done in 0.000840515 secs using 8402% CPU
Identifying sites to remove: done in 0.000822857 secs using 8118% CPU
Identifying sites to remove: done in 0.000822283 secs using 793.4% CPU
Identifying sites to remove: done in 0.000839926 secs using 921.7% CPU
Identifying sites to remove: done in 0.000650004 secs using 735.2% CPU
Identifying sites to remove: done in 0.000659831 secs using 735.8% CPU
Identifying sites to remove: done in 0.000664122 secs using 9510% CPU
Identifying sites to remove: done in 0.000679232 secs using 8765% CPU
Identifying sites to remove: done in 0.000821516 secs using 859.8% CPU
Identifying sites to remove: done in 0.000815369 secs using 820.2% CPU
Identifying sites to remove: done in 0.000547312 secs using 753.3% CPU
Identifying sites to remove: done in 0.000681497 secs using 867.6% CPU
Identifying sites to remove: done in 0.000844866 secs using 923.6% CPU
Identifying sites to remove: done in 0.000834182 secs using 173.9% CPU
Identifying sites to remove: done in 0.000652097 secs using 1479% CPU
Identifying sites to remove: done in 0.000657827 secs using 1066% CPU
Identifying sites to remove: done in 0.00084202 secs using 6544% CPU
Identifying sites to remove: done in 0.000658616 secs using 7718% CPU
Identifying sites to remove: done in 0.000630431 secs using 356.9% CPU
Identifying sites to remove: done in 0.00082197 secs using 410% CPU
Identifying sites to remove: done in 0.000655793 secs using 150.8% CPU
Identifying sites to remove: done in 0.000805758 secs using 8677% CPU
Identifying sites to remove: done in 0.000824496 secs using 8061% CPU
Identifying sites to remove: done in 0.000804216 secs using 796.4% CPU
Identifying sites to remove: done in 0.000817373 secs using 163% CPU
Identifying sites to remove: done in 0.000802293 secs using 348.3% CPU
Identifying sites to remove: done in 0.000556216 secs using 1787% CPU
Identifying sites to remove: done in 0.000668004 secs using 1277% CPU
Identifying sites to remove: done in 0.000708103 secs using 2208% CPU
Identifying sites to remove: done in 0.000738323 secs using 3070% CPU
Identifying sites to remove: done in 0.000770599 secs using 3609% CPU
Identifying sites to remove: done in 0.000748523 secs using 938% CPU
Identifying sites to remove: done in 0.000840485 secs using 2241% CPU
Identifying sites to remove: done in 0.000873111 secs using 2445% CPU
Identifying sites to remove: done in 0.000876561 secs using 2961% CPU
Identifying sites to remove: done in 0.000912547 secs using 1586% CPU
Identifying sites to remove: done in 0.000737131 secs using 99.85% CPU
Identifying sites to remove: done in 0.000583671 secs using 528% CPU
Identifying sites to remove: done in 0.000577785 secs using 185.7% CPU
Identifying sites to remove: done in 0.00073459 secs using 1.002e+04% CPU
Identifying sites to remove: done in 0.000350609 secs using 521.4% CPU
Identifying sites to remove: done in 0.000750385 secs using 405.9% CPU
Identifying sites to remove: done in 0.0005932 secs using 133.9% CPU
Identifying sites to remove: done in 0.000261784 secs using 1145% CPU
Identifying sites to remove: done in 0.000592612 secs using 140.2% CPU
Identifying sites to remove: done in 0.000333026 secs using 2209% CPU
Identifying sites to remove: done in 0.000471145 secs using 1040% CPU
Identifying sites to remove: done in 0.000609294 secs using 1407% CPU
Identifying sites to remove: done in 0.000630967 secs using 9996% CPU
Identifying sites to remove: done in 0.000287913 secs using 338.3% CPU
Identifying sites to remove: done in 0.000600241 secs using 9849% CPU
Identifying sites to remove: done in 0.000485115 secs using 349.2% CPU
Identifying sites to remove: done in 0.000756778 secs using 366.2% CPU
Identifying sites to remove: done in 0.000749826 secs using 153% CPU
Identifying sites to remove: done in 0.000585876 secs using 99.68% CPU
Identifying sites to remove: done in 0.000746846 secs using 277.6% CPU
Identifying sites to remove: done in 0.000746399 secs using 485.4% CPU
Identifying sites to remove: done in 0.000753641 secs using 563.4% CPU
Identifying sites to remove: done in 0.000592634 secs using 105.3% CPU
Identifying sites to remove: done in 0.000764601 secs using 8980% CPU
Identifying sites to remove: done in 0.000749432 secs using 276.3% CPU
Identifying sites to remove: done in 0.000753962 secs using 484.4% CPU
Identifying sites to remove: done in 0.000760093 secs using 1040% CPU
Identifying sites to remove: done in 0.000600949 secs using 779.4% CPU
Identifying sites to remove: done in 0.000591196 secs using 883.8% CPU
Identifying sites to remove: done in 0.000623755 secs using 9790% CPU
Identifying sites to remove: done in 0.000629723 secs using 9077% CPU
Identifying sites to remove: done in 0.000763319 secs using 755.5% CPU
Identifying sites to remove: done in 0.00046628 secs using 1412% CPU
Identifying sites to remove: done in 0.000596382 secs using 1025% CPU
Identifying sites to remove: done in 0.00075978 secs using 1110% CPU
Identifying sites to remove: done in 0.0007746 secs using 570.4% CPU
Identifying sites to remove: done in 0.000770673 secs using 216.2% CPU
Identifying sites to remove: done in 0.000586398 secs using 1370% CPU
Identifying sites to remove: done in 0.000588275 secs using 833.5% CPU
Identifying sites to remove: done in 0.000603639 secs using 9163% CPU
Identifying sites to remove: done in 0.000770494 secs using 6973% CPU
Identifying sites to remove: done in 0.000588775 secs using 375% CPU
Identifying sites to remove: done in 0.000748545 secs using 421.2% CPU
Identifying sites to remove: done in 0.00057935 secs using 100.6% CPU
Identifying sites to remove: done in 0.000755191 secs using 99.84% CPU
Identifying sites to remove: done in 0.000745095 secs using 99.85% CPU
Identifying sites to remove: done in 0.000745371 secs using 476.1% CPU
Identifying sites to remove: done in 0.000758924 secs using 157.2% CPU
Identifying sites to remove: done in 0.000735417 secs using 319.7% CPU
Identifying sites to remove: done in 0.000526838 secs using 1390% CPU
Identifying sites to remove: done in 0.000607423 secs using 957.5% CPU
Identifying sites to remove: done in 0.00063055 secs using 1114% CPU
Identifying sites to remove: done in 0.000685059 secs using 1747% CPU
Identifying sites to remove: done in 0.000759065 secs using 1494% CPU
Identifying sites to remove: done in 0.000780277 secs using 1772% CPU
Identifying sites to remove: done in 0.000803478 secs using 2164% CPU
Identifying sites to remove: done in 0.000803307 secs using 1882% CPU
Identifying sites to remove: done in 0.000826485 secs using 1978% CPU
Identifying sites to remove: done in 0.000890493 secs using 1198% CPU
Identifying sites to remove: done in 0.000759728 secs using 8596% CPU
Identifying sites to remove: done in 0.000602365 secs using 303.1% CPU
Identifying sites to remove: done in 0.000607826 secs using 200.7% CPU
Identifying sites to remove: done in 0.000704855 secs using 99.74% CPU
Identifying sites to remove: done in 0.000334807 secs using 99.76% CPU
Identifying sites to remove: done in 0.000741936 secs using 9697% CPU
Identifying sites to remove: done in 0.000248946 secs using 199.6% CPU
Identifying sites to remove: done in 0.000590384 secs using 300.8% CPU
Identifying sites to remove: done in 0.000334337 secs using 206.7% CPU
Identifying sites to remove: done in 0.00057704 secs using 222.5% CPU
Identifying sites to remove: done in 0.000460126 secs using 1259% CPU
Identifying sites to remove: done in 0.000258967 secs using 2169% CPU
Identifying sites to remove: done in 0.000595272 secs using 1436% CPU
Identifying sites to remove: done in 0.00058984 secs using 1013% CPU
Identifying sites to remove: done in 0.000449829 secs using 281% CPU
Identifying sites to remove: done in 0.000591055 secs using 541.7% CPU
Identifying sites to remove: done in 0.00076507 secs using 269.6% CPU
Identifying sites to remove: done in 0.000772409 secs using 198.6% CPU
Identifying sites to remove: done in 0.000571661 secs using 99.71% CPU
Identifying sites to remove: done in 0.000763215 secs using 9878% CPU
Identifying sites to remove: done in 0.000753246 secs using 296.1% CPU
Identifying sites to remove: done in 0.000741243 secs using 139.5% CPU
Identifying sites to remove: done in 0.000566319 secs using 99.77% CPU
Identifying sites to remove: done in 0.000742301 secs using 99.82% CPU
Identifying sites to remove: done in 0.000745699 secs using 9027% CPU
Identifying sites to remove: done in 0.000738591 secs using 282.6% CPU
Identifying sites to remove: done in 0.00058502 secs using 534.9% CPU
Identifying sites to remove: done in 0.00075978 secs using 644.7% CPU
Identifying sites to remove: done in 0.000572644 secs using 289% CPU
Identifying sites to remove: done in 0.00059776 secs using 564.3% CPU
Identifying sites to remove: done in 0.000575438 secs using 181.6% CPU
Identifying sites to remove: done in 0.000758566 secs using 8568% CPU
Identifying sites to remove: done in 0.000461064 secs using 482.4% CPU
Identifying sites to remove: done in 0.000605479 secs using 448.9% CPU
Identifying sites to remove: done in 0.000765152 secs using 483.8% CPU
Identifying sites to remove: done in 0.000746951 secs using 426% CPU
Identifying sites to remove: done in 0.000759579 secs using 184.7% CPU
Identifying sites to remove: done in 0.000572614 secs using 446.2% CPU
Identifying sites to remove: done in 0.000591904 secs using 823.3% CPU
Identifying sites to remove: done in 0.00059858 secs using 469.3% CPU
Identifying sites to remove: done in 0.00074476 secs using 201% CPU
Identifying sites to remove: done in 0.000563562 secs using 99.72% CPU
Identifying sites to remove: done in 0.000744827 secs using 210.7% CPU
Identifying sites to remove: done in 0.000568077 secs using 184.1% CPU
Identifying sites to remove: done in 0.000740483 secs using 99.8% CPU
Identifying sites to remove: done in 0.000734895 secs using 99.74% CPU
Identifying sites to remove: done in 0.000743367 secs using 293.8% CPU
Identifying sites to remove: done in 0.000750832 secs using 172.2% CPU
Identifying sites to remove: done in 0.000745893 secs using 7713% CPU
Identifying sites to remove: done in 0.000602223 secs using 988.8% CPU
Identifying sites to remove: done in 0.000655681 secs using 951.4% CPU
Identifying sites to remove: done in 0.000746794 secs using 992.9% CPU
Identifying sites to remove: done in 0.000748642 secs using 1004% CPU
Identifying sites to remove: done in 0.000807203 secs using 900% CPU
Identifying sites to remove: done in 0.000961833 secs using 857.8% CPU
Identifying sites to remove: done in 0.00101651 secs using 879.3% CPU
Identifying sites to remove: done in 0.00104044 secs using 872.4% CPU
Identifying sites to remove: done in 0.00104348 secs using 866.5% CPU
Identifying sites to remove: done in 0.00108436 secs using 813.5% CPU
Identifying sites to remove: done in 0.000762455 secs using 832.7% CPU
Identifying sites to remove: done in 0.000684798 secs using 606.3% CPU
Identifying sites to remove: done in 0.000688978 secs using 9745% CPU
Identifying sites to remove: done in 0.000703931 secs using 99.73% CPU
Identifying sites to remove: done in 0.000332706 secs using 99.79% CPU
Identifying sites to remove: done in 0.000725672 secs using 680.1% CPU
Identifying sites to remove: done in 0.000600606 secs using 344.3% CPU
Identifying sites to remove: done in 0.000326626 secs using 181.9% CPU
Identifying sites to remove: done in 0.000380032 secs using 210.2% CPU
Identifying sites to remove: done in 0.000690684 secs using 366% CPU
Identifying sites to remove: done in 0.000542477 secs using 1075% CPU
Identifying sites to remove: done in 0.00031317 secs using 1221% CPU
Identifying sites to remove: done in 0.000694267 secs using 1010% CPU
Identifying sites to remove: done in 0.000711337 secs using 803.1% CPU
Identifying sites to remove: done in 0.000567436 secs using 612.2% CPU
Identifying sites to remove: done in 0.000670373 secs using 304.2% CPU
Identifying sites to remove: done in 0.000848845 secs using 325.4% CPU
Identifying sites to remove: done in 0.000871725 secs using 7977% CPU
Identifying sites to remove: done in 0.000680208 secs using 99.68% CPU
Identifying sites to remove: done in 0.000734091 secs using 263.7% CPU
Identifying sites to remove: done in 0.000744842 secs using 643% CPU
Identifying sites to remove: done in 0.000865608 secs using 8136% CPU
Identifying sites to remove: done in 0.000672348 secs using 127.2% CPU
Identifying sites to remove: done in 0.000847682 secs using 99.45% CPU
Identifying sites to remove: done in 0.000731647 secs using 362.6% CPU
Identifying sites to remove: done in 0.000860922 secs using 965.1% CPU
Identifying sites to remove: done in 0.00070595 secs using 9231% CPU
Identifying sites to remove: done in 0.000768848 secs using 8941% CPU
Identifying sites to remove: done in 0.00072141 secs using 8512% CPU
Identifying sites to remove: done in 0.000686787 secs using 269.7% CPU
Identifying sites to remove: done in 0.000567973 secs using 149% CPU
Identifying sites to remove: done in 0.000844546 secs using 818.1% CPU
Identifying sites to remove: done in 0.000536114 secs using 1141% CPU
Identifying sites to remove: done in 0.000596844 secs using 1635% CPU
Identifying sites to remove: done in 0.000891887 secs using 930.8% CPU
Identifying sites to remove: done in 0.000745863 secs using 642.7% CPU
Identifying sites to remove: done in 0.000862807 secs using 515.9% CPU
Identifying sites to remove: done in 0.000705183 secs using 8269% CPU
Identifying sites to remove: done in 0.000716977 secs using 7619% CPU
Identifying sites to remove: done in 0.000602603 secs using 306.5% CPU
Identifying sites to remove: done in 0.000864007 secs using 300.8% CPU
Identifying sites to remove: done in 0.000582211 secs using 139.6% CPU
Identifying sites to remove: done in 0.000836439 secs using 432.8% CPU
Identifying sites to remove: done in 0.000659794 secs using 118.7% CPU
Identifying sites to remove: done in 0.000879824 secs using 7518% CPU
Identifying sites to remove: done in 0.000863627 secs using 99.81% CPU
Identifying sites to remove: done in 0.000763156 secs using 513% CPU
Identifying sites to remove: done in 0.000861108 secs using 741.5% CPU
Identifying sites to remove: done in 0.000730492 secs using 385.2% CPU
Identifying sites to remove: done in 0.000595093 secs using 1834% CPU
Identifying sites to remove: done in 0.000644937 secs using 1346% CPU
Identifying sites to remove: done in 0.000750042 secs using 3368% CPU
Identifying sites to remove: done in 0.000776164 secs using 2275% CPU
Identifying sites to remove: done in 0.000787772 secs using 933% CPU
Identifying sites to remove: done in 0.000844531 secs using 2445% CPU
Identifying sites to remove: done in 0.00087814 secs using 3252% CPU
Identifying sites to remove: done in 0.000880338 secs using 2655% CPU
Identifying sites to remove: done in 0.000953712 secs using 3281% CPU
Identifying sites to remove: done in 0.00107305 secs using 1480% CPU
Identifying sites to remove: done in 0.000707887 secs using 645.3% CPU
Identifying sites to remove: done in 0.000549853 secs using 552.5% CPU
Identifying sites to remove: done in 0.000563495 secs using 158.8% CPU
Identifying sites to remove: done in 0.000654586 secs using 99.76% CPU
Identifying sites to remove: done in 0.000332393 secs using 435.3% CPU
Identifying sites to remove: done in 0.000704043 secs using 279.8% CPU
Identifying sites to remove: done in 0.000577904 secs using 206.8% CPU
Identifying sites to remove: done in 0.000291668 secs using 747.4% CPU
Identifying sites to remove: done in 0.000639461 secs using 537.3% CPU
Identifying sites to remove: done in 0.00063172 secs using 577.2% CPU
Identifying sites to remove: done in 0.000330716 secs using 263.7% CPU
Identifying sites to remove: done in 0.000679471 secs using 1209% CPU
Identifying sites to remove: done in 0.000526048 secs using 1145% CPU
Identifying sites to remove: done in 0.000520237 secs using 900.2% CPU
Identifying sites to remove: done in 0.000302464 secs using 254.6% CPU
Identifying sites to remove: done in 0.000671312 secs using 357.2% CPU
Identifying sites to remove: done in 0.000702158 secs using 8146% CPU
Identifying sites to remove: done in 0.00070034 secs using 99.38% CPU
Identifying sites to remove: done in 0.000637896 secs using 99.39% CPU
Identifying sites to remove: done in 0.000680745 secs using 99.3% CPU
Identifying sites to remove: done in 0.000692993 secs using 659.9% CPU
Identifying sites to remove: done in 0.000713207 secs using 196% CPU
Identifying sites to remove: done in 0.000648364 secs using 215% CPU
Identifying sites to remove: done in 0.000727177 secs using 303.9% CPU
Identifying sites to remove: done in 0.000709884 secs using 127.9% CPU
Identifying sites to remove: done in 0.000697985 secs using 983% CPU
Identifying sites to remove: done in 0.000699557 secs using 643.8% CPU
Identifying sites to remove: done in 0.000672907 secs using 1213% CPU
Identifying sites to remove: done in 0.000674017 secs using 1197% CPU
Identifying sites to remove: done in 0.000598945 secs using 1.003e+04% CPU
Identifying sites to remove: done in 0.000712506 secs using 540.8% CPU
Identifying sites to remove: done in 0.000563629 secs using 568.5% CPU
Identifying sites to remove: done in 0.000549302 secs using 1076% CPU
Identifying sites to remove: done in 0.000757568 secs using 1008% CPU
Identifying sites to remove: done in 0.000716008 secs using 754.6% CPU
Identifying sites to remove: done in 0.000591807 secs using 399.5% CPU
Identifying sites to remove: done in 0.000719972 secs using 827.3% CPU
Identifying sites to remove: done in 0.000639617 secs using 101% CPU
Identifying sites to remove: done in 0.000546731 secs using 771.5% CPU
Identifying sites to remove: done in 0.00070712 secs using 494% CPU
Identifying sites to remove: done in 0.000576213 secs using 174.4% CPU
Identifying sites to remove: done in 0.000562698 secs using 1.004e+04% CPU
Identifying sites to remove: done in 0.000723772 secs using 8121% CPU
Identifying sites to remove: done in 0.00065133 secs using 129.6% CPU
Identifying sites to remove: done in 0.00068523 secs using 403.1% CPU
Identifying sites to remove: done in 0.000706308 secs using 108.6% CPU
Identifying sites to remove: done in 0.000695869 secs using 574.1% CPU
Identifying sites to remove: done in 0.000706002 secs using 186.7% CPU
Identifying sites to remove: done in 0.000690728 secs using 321.7% CPU
Identifying sites to remove: done in 0.00031133 secs using 1445% CPU
Identifying sites to remove: done in 0.000302844 secs using 964.5% CPU
Identifying sites to remove: done in 0.000390492 secs using 1030% CPU
Identifying sites to remove: done in 0.000429057 secs using 1536% CPU
Identifying sites to remove: done in 0.000428915 secs using 2060% CPU
Identifying sites to remove: done in 0.000464104 secs using 2182% CPU
Identifying sites to remove: done in 0.000487819 secs using 2283% CPU
Identifying sites to remove: done in 0.00048653 secs using 1340% CPU
Identifying sites to remove: done in 0.000541538 secs using 1656% CPU
Identifying sites to remove: done in 0.000610426 secs using 1357% CPU
Identifying sites to remove: done in 0.000278108 secs using 1061% CPU
Identifying sites to remove: done in 0.00029207 secs using 617% CPU
Identifying sites to remove: done in 0.000414804 secs using 858.7% CPU
Identifying sites to remove: done in 0.000317857 secs using 108.9% CPU
Identifying sites to remove: done in 0.000160493 secs using 99.69% CPU
Identifying sites to remove: done in 0.000294119 secs using 1.925e+04% CPU
Identifying sites to remove: done in 0.000350721 secs using 1.547e+04% CPU
Identifying sites to remove: done in 0.000153817 secs using 147.6% CPU
Identifying sites to remove: done in 0.000312224 secs using 712% CPU
Identifying sites to remove: done in 0.000157453 secs using 1183% CPU
Identifying sites to remove: done in 0.000311427 secs using 754.6% CPU
Identifying sites to remove: done in 0.000258461 secs using 586.5% CPU
Identifying sites to remove: done in 0.000244774 secs using 315.8% CPU
Identifying sites to remove: done in 0.00014516 secs using 111.6% CPU
Identifying sites to remove: done in 0.000327855 secs using 99.74% CPU
Identifying sites to remove: done in 0.000339642 secs using 669.2% CPU
Identifying sites to remove: done in 0.000319101 secs using 189.3% CPU
Identifying sites to remove: done in 0.000388041 secs using 891.9% CPU
Identifying sites to remove: done in 0.000321403 secs using 172.1% CPU
Identifying sites to remove: done in 0.000327505 secs using 99.85% CPU
Identifying sites to remove: done in 0.000337943 secs using 1.827e+04% CPU
Identifying sites to remove: done in 0.000346772 secs using 389.6% CPU
Identifying sites to remove: done in 0.000333555 secs using 280.6% CPU
Identifying sites to remove: done in 0.000344269 secs using 525.8% CPU
Identifying sites to remove: done in 0.000333771 secs using 107% CPU
Identifying sites to remove: done in 0.000345677 secs using 1030% CPU
Identifying sites to remove: done in 0.000324622 secs using 686.3% CPU
Identifying sites to remove: done in 0.0003452 secs using 232% CPU
Identifying sites to remove: done in 0.000279181 secs using 903.4% CPU
Identifying sites to remove: done in 0.000265591 secs using 106.2% CPU
Identifying sites to remove: done in 0.000341095 secs using 1940% CPU
Identifying sites to remove: done in 0.000329688 secs using 1271% CPU
Identifying sites to remove: done in 0.000269488 secs using 3659% CPU
Identifying sites to remove: done in 0.000292383 secs using 3615% CPU
Identifying sites to remove: done in 0.000365436 secs using 2918% CPU
Identifying sites to remove: done in 0.000365004 secs using 2095% CPU
Identifying sites to remove: done in 0.000400491 secs using 1177% CPU
Identifying sites to remove: done in 0.000321992 secs using 192.9% CPU
Identifying sites to remove: done in 0.000303425 secs using 1396% CPU
Identifying sites to remove: done in 0.000287339 secs using 1.489e+04% CPU
Identifying sites to remove: done in 0.000350758 secs using 455.9% CPU
Identifying sites to remove: done in 0.000289515 secs using 506.4% CPU
Identifying sites to remove: done in 0.000350639 secs using 168% CPU
Identifying sites to remove: done in 0.000318408 secs using 99.24% CPU
Identifying sites to remove: done in 0.000337675 secs using 99.5% CPU
Identifying sites to remove: done in 0.000347912 secs using 99.74% CPU
Identifying sites to remove: done in 0.000341818 secs using 249.3% CPU
Identifying sites to remove: done in 0.000343055 secs using 183.4% CPU
Identifying sites to remove: done in 0.000350788 secs using 99.78% CPU
Identifying sites to remove: done in 0.000425853 secs using 2055% CPU
Identifying sites to remove: done in 0.00042358 secs using 956.8% CPU
Identifying sites to remove: done in 0.000474773 secs using 1425% CPU
Identifying sites to remove: done in 0.00054118 secs using 2804% CPU
Identifying sites to remove: done in 0.000541732 secs using 2216% CPU
Identifying sites to remove: done in 0.00056389 secs using 4970% CPU
Identifying sites to remove: done in 0.000578068 secs using 4307% CPU
Identifying sites to remove: done in 0.000599116 secs using 5218% CPU
Identifying sites to remove: done in 0.000609718 secs using 3063% CPU
Identifying sites to remove: done in 0.000625186 secs using 3507% CPU
Identifying sites to remove: done in 0.000475504 secs using 99.68% CPU
Identifying sites to remove: done in 0.000426643 secs using 599.3% CPU
Identifying sites to remove: done in 0.000412464 secs using 202.9% CPU
Identifying sites to remove: done in 0.000473708 secs using 99.64% CPU
Identifying sites to remove: done in 0.000252128 secs using 99.55% CPU
Identifying sites to remove: done in 0.000214264 secs using 476% CPU
Identifying sites to remove: done in 0.000496909 secs using 402.1% CPU
Identifying sites to remove: done in 0.000414342 secs using 260.9% CPU
Identifying sites to remove: done in 0.000233576 secs using 638.8% CPU
Identifying sites to remove: done in 0.000461474 secs using 114% CPU
Identifying sites to remove: done in 0.00020346 secs using 1166% CPU
Identifying sites to remove: done in 0.000364907 secs using 1451% CPU
Identifying sites to remove: done in 0.00046695 secs using 1476% CPU
Identifying sites to remove: done in 0.000488386 secs using 1006% CPU
Identifying sites to remove: done in 0.000440061 secs using 601.1% CPU
Identifying sites to remove: done in 0.000375725 secs using 243% CPU
Identifying sites to remove: done in 0.000512943 secs using 1.245e+04% CPU
Identifying sites to remove: done in 0.000509955 secs using 1.228e+04% CPU
Identifying sites to remove: done in 0.000454083 secs using 99.76% CPU
Identifying sites to remove: done in 0.000501633 secs using 305.4% CPU
Identifying sites to remove: done in 0.000495605 secs using 835.5% CPU
Identifying sites to remove: done in 0.000495367 secs using 144.9% CPU
Identifying sites to remove: done in 0.000474282 secs using 1.469e+04% CPU
Identifying sites to remove: done in 0.000516467 secs using 140.4% CPU
Identifying sites to remove: done in 0.00049606 secs using 99.79% CPU
Identifying sites to remove: done in 0.000514455 secs using 1654% CPU
Identifying sites to remove: done in 0.000454046 secs using 1453% CPU
Identifying sites to remove: done in 0.000465535 secs using 864.2% CPU
Identifying sites to remove: done in 0.000512719 secs using 291% CPU
Identifying sites to remove: done in 0.000399217 secs using 1024% CPU
Identifying sites to remove: done in 0.000379711 secs using 167.5% CPU
Identifying sites to remove: done in 0.000499129 secs using 860.1% CPU
Identifying sites to remove: done in 0.000387438 secs using 828.3% CPU
Identifying sites to remove: done in 0.000534005 secs using 820.2% CPU
Identifying sites to remove: done in 0.000436507 secs using 846.5% CPU
Identifying sites to remove: done in 0.000498779 secs using 564.6% CPU
Identifying sites to remove: done in 0.000490129 secs using 158.1% CPU
Identifying sites to remove: done in 0.000384763 secs using 678.1% CPU
Identifying sites to remove: done in 0.000464648 secs using 997.1% CPU
Identifying sites to remove: done in 0.000391662 secs using 256.6% CPU
Identifying sites to remove: done in 0.000513792 secs using 725% CPU
Identifying sites to remove: done in 0.000378154 secs using 99.69% CPU
Identifying sites to remove: done in 0.000505507 secs using 1.183e+04% CPU
Identifying sites to remove: done in 0.000456706 secs using 184.4% CPU
Identifying sites to remove: done in 0.00050009 secs using 99.78% CPU
Identifying sites to remove: done in 0.000495829 secs using 99.63% CPU
Identifying sites to remove: done in 0.000496522 secs using 723.6% CPU
Identifying sites to remove: done in 0.000506304 secs using 186.8% CPU
Identifying sites to remove: done in 0.00049106 secs using 326.8% CPU
Identifying sites to remove: done in 0.0002326 secs using 594.6% CPU
Identifying sites to remove: done in 0.000240095 secs using 1375% CPU
Identifying sites to remove: done in 0.000346549 secs using 3258% CPU
Identifying sites to remove: done in 0.000368759 secs using 2557% CPU
Identifying sites to remove: done in 0.000369348 secs using 2048% CPU
Identifying sites to remove: done in 0.00036972 secs using 1542% CPU
Identifying sites to remove: done in 0.000282966 secs using 1908% CPU
Identifying sites to remove: done in 0.000196598 secs using 1504% CPU
Identifying sites to remove: done in 0.000256583 secs using 186.3% CPU
Identifying sites to remove: done in 0.00017833 secs using 1839% CPU
Identifying sites to remove: done in 0.000128031 secs using 185.9% CPU
Identifying sites to remove: done in 0.000219442 secs using 2222% CPU
Identifying sites to remove: done in 0.000228867 secs using 631.4% CPU
Identifying sites to remove: done in 0.000194237 secs using 852.6% CPU
Identifying sites to remove: done in 0.00021603 secs using 115.7% CPU
Identifying sites to remove: done in 0.000221521 secs using 98.86% CPU
Identifying sites to remove: done in 0.000222243 secs using 570.5% CPU
Identifying sites to remove: done in 0.000233382 secs using 423.8% CPU
Identifying sites to remove: done in 0.000224054 secs using 260.2% CPU
Identifying sites to remove: done in 0.000217266 secs using 98.96% CPU
Identifying sites to remove: done in 0.000218511 secs using 1148% CPU
Identifying sites to remove: done in 0.000229761 secs using 701.6% CPU
Identifying sites to remove: done in 0.000217505 secs using 211% CPU
Identifying sites to remove: done in 0.000190318 secs using 2460% CPU
Identifying sites to remove: done in 0.000229664 secs using 1881% CPU
Identifying sites to remove: done in 0.000197999 secs using 1404% CPU
Identifying sites to remove: done in 0.000228494 secs using 540.5% CPU
Identifying sites to remove: done in 0.000241727 secs using 2576% CPU
Identifying sites to remove: done in 0.000232987 secs using 1907% CPU
Identifying sites to remove: done in 0.000186138 secs using 333.1% CPU
Identifying sites to remove: done in 0.00023891 secs using 1082% CPU
Identifying sites to remove: done in 0.000168815 secs using 1497% CPU
Identifying sites to remove: done in 0.00017295 secs using 195.4% CPU
Identifying sites to remove: done in 0.000211172 secs using 98.5% CPU
Identifying sites to remove: done in 0.000219651 secs using 99.25% CPU
Identifying sites to remove: done in 0.000229552 secs using 2.396e+04% CPU
Identifying sites to remove: done in 0.000296719 secs using 1.818e+04% CPU
Identifying sites to remove: done in 0.000297569 secs using 1.559e+04% CPU
Identifying sites to remove: done in 0.000378117 secs using 1.342e+04% CPU
Identifying sites to remove: done in 0.000408404 secs using 1.615e+04% CPU
Identifying sites to remove: done in 0.000501387 secs using 1.551e+04% CPU
Identifying sites to remove: done in 0.000526249 secs using 1.409e+04% CPU
Identifying sites to remove: done in 0.000526674 secs using 1.194e+04% CPU
Identifying sites to remove: done in 0.00052812 secs using 1.334e+04% CPU
Identifying sites to remove: done in 0.000526085 secs using 1.123e+04% CPU
Identifying sites to remove: done in 0.000406832 secs using 99.3% CPU
Identifying sites to remove: done in 0.000337489 secs using 99.26% CPU
Identifying sites to remove: done in 0.000587106 secs using 99.3% CPU
Identifying sites to remove: done in 0.000191331 secs using 98.78% CPU
Identifying sites to remove: done in 0.000107877 secs using 202.1% CPU
Identifying sites to remove: done in 0.000328593 secs using 245.6% CPU
Identifying sites to remove: done in 0.000231288 secs using 1491% CPU
Identifying sites to remove: done in 0.000115678 secs using 3495% CPU
Identifying sites to remove: done in 0.000248626 secs using 2997% CPU
Identifying sites to remove: done in 0.000421859 secs using 2713% CPU
Identifying sites to remove: done in 0.000246495 secs using 2553% CPU
Identifying sites to remove: done in 0.000209533 secs using 2.42e+04% CPU
Identifying sites to remove: done in 0.000197932 secs using 2.528e+04% CPU
Identifying sites to remove: done in 0.000458524 secs using 1.168e+04% CPU
Identifying sites to remove: done in 0.00042931 secs using 99.69% CPU
Identifying sites to remove: done in 0.000431553 secs using 533.4% CPU
Identifying sites to remove: done in 0.000239179 secs using 115.4% CPU
Identifying sites to remove: done in 0.000435963 secs using 829.2% CPU
Identifying sites to remove: done in 0.000439413 secs using 327.7% CPU
Identifying sites to remove: done in 0.00043539 secs using 160.1% CPU
Identifying sites to remove: done in 0.000432104 secs using 1753% CPU
Identifying sites to remove: done in 0.000243552 secs using 226.2% CPU
Identifying sites to remove: done in 0.000420637 secs using 1032% CPU
Identifying sites to remove: done in 0.000460811 secs using 359.4% CPU
Identifying sites to remove: done in 0.000448368 secs using 325.4% CPU
Identifying sites to remove: done in 0.000464112 secs using 262.9% CPU
Identifying sites to remove: done in 0.000282392 secs using 673.9% CPU
Identifying sites to remove: done in 0.000347272 secs using 888.4% CPU
Identifying sites to remove: done in 0.000325747 secs using 155% CPU
Identifying sites to remove: done in 0.000328772 secs using 925.9% CPU
Identifying sites to remove: done in 0.000188261 secs using 266.1% CPU
Identifying sites to remove: done in 0.000439942 secs using 341% CPU
Identifying sites to remove: done in 0.000448994 secs using 2297% CPU
Identifying sites to remove: done in 0.000350662 secs using 1950% CPU
Identifying sites to remove: done in 0.000463121 secs using 1714% CPU
Identifying sites to remove: done in 0.000338852 secs using 1376% CPU
Identifying sites to remove: done in 0.000328161 secs using 140.2% CPU
Identifying sites to remove: done in 0.000437818 secs using 1.221e+04% CPU
Identifying sites to remove: done in 0.000440642 secs using 99.63% CPU
Identifying sites to remove: done in 0.000427119 secs using 99.5% CPU
Identifying sites to remove: done in 0.00043229 secs using 99.24% CPU
Identifying sites to remove: done in 0.000652723 secs using 1286% CPU
Identifying sites to remove: done in 0.000687264 secs using 920.6% CPU
Identifying sites to remove: done in 0.000704013 secs using 1601% CPU
Identifying sites to remove: done in 0.000772849 secs using 2162% CPU
Identifying sites to remove: done in 0.000846125 secs using 3173% CPU
Identifying sites to remove: done in 0.000847764 secs using 3454% CPU
Identifying sites to remove: done in 0.000848055 secs using 2609% CPU
Identifying sites to remove: done in 0.000884846 secs using 2799% CPU
Identifying sites to remove: done in 0.000904463 secs using 1670% CPU
Identifying sites to remove: done in 0.000948362 secs using 2114% CPU
Identifying sites to remove: done in 0.000832424 secs using 99.83% CPU
Identifying sites to remove: done in 0.000686213 secs using 522.4% CPU
Identifying sites to remove: done in 0.000669941 secs using 172% CPU
Identifying sites to remove: done in 0.000850432 secs using 8546% CPU
Identifying sites to remove: done in 0.000383854 secs using 99.78% CPU
Identifying sites to remove: done in 0.00034257 secs using 846.5% CPU
Identifying sites to remove: done in 0.000875644 secs using 570.2% CPU
Identifying sites to remove: done in 0.000672132 secs using 305.7% CPU
Identifying sites to remove: done in 0.000385001 secs using 271.4% CPU
Identifying sites to remove: done in 0.000351585 secs using 337.9% CPU
Identifying sites to remove: done in 0.000817798 secs using 8701% CPU
Identifying sites to remove: done in 0.000594571 secs using 153.2% CPU
Identifying sites to remove: done in 0.000814945 secs using 744.2% CPU
Identifying sites to remove: done in 0.000808239 secs using 645.2% CPU
Identifying sites to remove: done in 0.000628389 secs using 564% CPU
Identifying sites to remove: done in 0.000641331 secs using 347.4% CPU
Identifying sites to remove: done in 0.000850342 secs using 8658% CPU
Identifying sites to remove: done in 0.000875071 secs using 7971% CPU
Identifying sites to remove: done in 0.000779375 secs using 99.7% CPU
Identifying sites to remove: done in 0.000869811 secs using 229.1% CPU
Identifying sites to remove: done in 0.000879981 secs using 333.9% CPU
Identifying sites to remove: done in 0.000839062 secs using 352.1% CPU
Identifying sites to remove: done in 0.000798456 secs using 512.9% CPU
Identifying sites to remove: done in 0.000846028 secs using 170.7% CPU
Identifying sites to remove: done in 0.000865765 secs using 7542% CPU
Identifying sites to remove: done in 0.000643507 secs using 779% CPU
Identifying sites to remove: done in 0.000859708 secs using 749.2% CPU
Identifying sites to remove: done in 0.000876285 secs using 1189% CPU
Identifying sites to remove: done in 0.00065428 secs using 1157% CPU
Identifying sites to remove: done in 0.00068 secs using 714.7% CPU
Identifying sites to remove: done in 0.000687845 secs using 269% CPU
Identifying sites to remove: done in 0.000592746 secs using 761% CPU
Identifying sites to remove: done in 0.000848874 secs using 569.9% CPU
Identifying sites to remove: done in 0.000687368 secs using 302.6% CPU
Identifying sites to remove: done in 0.000861071 secs using 657.2% CPU
Identifying sites to remove: done in 0.000846662 secs using 770.4% CPU
Identifying sites to remove: done in 0.000668027 secs using 631.4% CPU
Identifying sites to remove: done in 0.000882432 secs using 789.5% CPU
Identifying sites to remove: done in 0.000681393 secs using 8261% CPU
Identifying sites to remove: done in 0.00086356 secs using 6364% CPU
Identifying sites to remove: done in 0.000645019 secs using 142.3% CPU
Identifying sites to remove: done in 0.000644967 secs using 99.38% CPU
Identifying sites to remove: done in 0.000838131 secs using 459.2% CPU
Identifying sites to remove: done in 0.000816412 secs using 149.1% CPU
Identifying sites to remove: done in 0.000860758 secs using 8001% CPU
Identifying sites to remove: done in 0.000874013 secs using 167.7% CPU
Identifying sites to remove: done in 0.000843361 secs using 296.4% CPU
Identifying sites to remove: done in 0.00088542 secs using 284.6% CPU
Identifying sites to remove: done in 0.000866838 secs using 99.79% CPU
Identifying sites to remove: done in 0.00053554 secs using 1787% CPU
Identifying sites to remove: done in 0.00063175 secs using 849.5% CPU
Identifying sites to remove: done in 0.00077571 secs using 1134% CPU
Identifying sites to remove: done in 0.000841737 secs using 1639% CPU
Identifying sites to remove: done in 0.000967935 secs using 2040% CPU
Identifying sites to remove: done in 0.000968508 secs using 2545% CPU
Identifying sites to remove: done in 0.00104112 secs using 2628% CPU
Identifying sites to remove: done in 0.00104162 secs using 2157% CPU
Identifying sites to remove: done in 0.00109683 secs using 1607% CPU
Identifying sites to remove: done in 0.000875853 secs using 99.79% CPU
Identifying sites to remove: done in 0.000759177 secs using 451.7% CPU
Identifying sites to remove: done in 0.000822105 secs using 136.1% CPU
Identifying sites to remove: done in 0.000392146 secs using 718.4% CPU
Identifying sites to remove: done in 0.000465624 secs using 562.5% CPU
Identifying sites to remove: done in 0.000676304 secs using 621% CPU
Identifying sites to remove: done in 0.000209436 secs using 3135% CPU
Identifying sites to remove: done in 0.000876725 secs using 1027% CPU
Identifying sites to remove: done in 0.000461571 secs using 1221% CPU
Identifying sites to remove: done in 0.00048136 secs using 768.2% CPU
Identifying sites to remove: done in 0.000344291 secs using 425.8% CPU
Identifying sites to remove: done in 0.000863262 secs using 787.5% CPU
Identifying sites to remove: done in 0.000229448 secs using 752.7% CPU
Identifying sites to remove: done in 0.000337683 secs using 151% CPU
Identifying sites to remove: done in 0.00089252 secs using 6722% CPU
Identifying sites to remove: done in 0.000866115 secs using 99.76% CPU
Identifying sites to remove: done in 0.000450872 secs using 99.81% CPU
Identifying sites to remove: done in 0.000869907 secs using 626% CPU
Identifying sites to remove: done in 0.000910491 secs using 7966% CPU
Identifying sites to remove: done in 0.000906952 secs using 7918% CPU
Identifying sites to remove: done in 0.000873283 secs using 474.8% CPU
Identifying sites to remove: done in 0.000477552 secs using 539.2% CPU
Identifying sites to remove: done in 0.000867583 secs using 412.6% CPU
Identifying sites to remove: done in 0.000904121 secs using 806.5% CPU
Identifying sites to remove: done in 0.000876278 secs using 907.4% CPU
Identifying sites to remove: done in 0.000887014 secs using 576.1% CPU
Identifying sites to remove: done in 0.000467516 secs using 1.297e+04% CPU
Identifying sites to remove: done in 0.000683829 secs using 261.8% CPU
Identifying sites to remove: done in 0.000704974 secs using 161.3% CPU
Identifying sites to remove: done in 0.00103945 secs using 461.4% CPU
Identifying sites to remove: done in 0.000867784 secs using 347.4% CPU
Identifying sites to remove: done in 0.000370406 secs using 660.6% CPU
Identifying sites to remove: done in 0.000662349 secs using 1151% CPU
Identifying sites to remove: done in 0.000879839 secs using 597.7% CPU
Identifying sites to remove: done in 0.000890501 secs using 6993% CPU
Identifying sites to remove: done in 0.000663824 secs using 237% CPU
Identifying sites to remove: done in 0.000651039 secs using 198% CPU
Identifying sites to remove: done in 0.000829883 secs using 99.77% CPU
Identifying sites to remove: done in 0.000835501 secs using 99.82% CPU
Identifying sites to remove: done in 0.000837073 secs using 99.39% CPU
Identifying sites to remove: done in 0.000852183 secs using 6543% CPU
Identifying sites to remove: done in 0.000758059 secs using 1428% CPU
Identifying sites to remove: done in 0.000824414 secs using 941.5% CPU
Identifying sites to remove: done in 0.000834219 secs using 1154% CPU
Identifying sites to remove: done in 0.000973344 secs using 2011% CPU
Identifying sites to remove: done in 0.000999063 secs using 2512% CPU
Identifying sites to remove: done in 0.00102654 secs using 2275% CPU
Identifying sites to remove: done in 0.00103085 secs using 1582% CPU
Identifying sites to remove: done in 0.00108793 secs using 1695% CPU
Identifying sites to remove: done in 0.00114153 secs using 1944% CPU
Identifying sites to remove: done in 0.0014442 secs using 1064% CPU
Identifying sites to remove: done in 0.000938408 secs using 618.1% CPU
Identifying sites to remove: done in 0.000767112 secs using 507.4% CPU
Identifying sites to remove: done in 0.000729784 secs using 202.4% CPU
Identifying sites to remove: done in 0.000907101 secs using 8008% CPU
Identifying sites to remove: done in 0.000424899 secs using 99.79% CPU
Identifying sites to remove: done in 0.000374615 secs using 289.9% CPU
Identifying sites to remove: done in 0.000929005 secs using 646.2% CPU
Identifying sites to remove: done in 0.000757977 secs using 404.8% CPU
Identifying sites to remove: done in 0.000443012 secs using 1.648e+04% CPU
Identifying sites to remove: done in 0.000871122 secs using 7981% CPU
Identifying sites to remove: done in 0.000373222 secs using 282.7% CPU
Identifying sites to remove: done in 0.000684865 secs using 498.1% CPU
Identifying sites to remove: done in 0.000885658 secs using 731.3% CPU
Identifying sites to remove: done in 0.000673741 secs using 841.7% CPU
Identifying sites to remove: done in 0.000861011 secs using 506.5% CPU
Identifying sites to remove: done in 0.000849247 secs using 219.3% CPU
Identifying sites to remove: done in 0.000946872 secs using 225.2% CPU
Identifying sites to remove: done in 0.000943638 secs using 146.7% CPU
Identifying sites to remove: done in 0.000872642 secs using 8920% CPU
Identifying sites to remove: done in 0.000921056 secs using 270.2% CPU
Identifying sites to remove: done in 0.000919931 secs using 396.4% CPU
Identifying sites to remove: done in 0.000926711 secs using 820.4% CPU
Identifying sites to remove: done in 0.000859201 secs using 8067% CPU
Identifying sites to remove: done in 0.000955984 secs using 6928% CPU
Identifying sites to remove: done in 0.000924066 secs using 106.9% CPU
Identifying sites to remove: done in 0.000946432 secs using 893.7% CPU
Identifying sites to remove: done in 0.00086657 secs using 7866% CPU
Identifying sites to remove: done in 0.000959672 secs using 7500% CPU
Identifying sites to remove: done in 0.000894159 secs using 7130% CPU
Identifying sites to remove: done in 0.000726067 secs using 199.8% CPU
Identifying sites to remove: done in 0.00075312 secs using 327.3% CPU
Identifying sites to remove: done in 0.000938445 secs using 790.8% CPU
Identifying sites to remove: done in 0.000755578 secs using 1014% CPU
Identifying sites to remove: done in 0.000974797 secs using 1137% CPU
Identifying sites to remove: done in 0.000710256 secs using 8933% CPU
Identifying sites to remove: done in 0.000990815 secs using 6117% CPU
Identifying sites to remove: done in 0.000952154 secs using 5813% CPU
Identifying sites to remove: done in 0.000725843 secs using 594.9% CPU
Identifying sites to remove: done in 0.000879765 secs using 667.3% CPU
Identifying sites to remove: done in 0.000762522 secs using 244.5% CPU
Identifying sites to remove: done in 0.000979416 secs using 439% CPU
Identifying sites to remove: done in 0.000729211 secs using 99.83% CPU
Identifying sites to remove: done in 0.000923716 secs using 222.6% CPU
Identifying sites to remove: done in 0.000840314 secs using 164.3% CPU
Identifying sites to remove: done in 0.000919878 secs using 99.8% CPU
Identifying sites to remove: done in 0.000922985 secs using 99.78% CPU
Identifying sites to remove: done in 0.000941582 secs using 7302% CPU
Identifying sites to remove: done in 0.000966944 secs using 6789% CPU
Identifying sites to remove: done in 0.000916384 secs using 99.85% CPU
Identifying sites to remove: done in 0.000299998 secs using 2540% CPU
Identifying sites to remove: done in 0.000323154 secs using 1586% CPU
Identifying sites to remove: done in 0.000392906 secs using 2395% CPU
Identifying sites to remove: done in 0.000457332 secs using 2450% CPU
Identifying sites to remove: done in 0.000458419 secs using 977.7% CPU
Identifying sites to remove: done in 0.000474893 secs using 1522% CPU
Identifying sites to remove: done in 0.000558905 secs using 2293% CPU
Identifying sites to remove: done in 0.000554889 secs using 614.4% CPU
Identifying sites to remove: done in 0.000356257 secs using 201.8% CPU
Identifying sites to remove: done in 0.000552006 secs using 321.6% CPU
Identifying sites to remove: done in 0.000411838 secs using 529.1% CPU
Identifying sites to remove: done in 0.000363119 secs using 163.3% CPU
Identifying sites to remove: done in 0.000214353 secs using 495% CPU
Identifying sites to remove: done in 0.000422493 secs using 593.6% CPU
Identifying sites to remove: done in 0.000346445 secs using 475.7% CPU
Identifying sites to remove: done in 0.000436045 secs using 497.9% CPU
Identifying sites to remove: done in 0.000214428 secs using 825% CPU
Identifying sites to remove: done in 0.000419945 secs using 609.4% CPU
Identifying sites to remove: done in 0.000204124 secs using 345.9% CPU
Identifying sites to remove: done in 0.000451162 secs using 777.8% CPU
Identifying sites to remove: done in 0.000239566 secs using 1678% CPU
Identifying sites to remove: done in 0.000215761 secs using 211.3% CPU
Identifying sites to remove: done in 0.000430264 secs using 609.4% CPU
Identifying sites to remove: done in 0.000190444 secs using 98.72% CPU
Identifying sites to remove: done in 0.00027933 secs using 98.81% CPU
Identifying sites to remove: done in 0.00043074 secs using 224.3% CPU
Identifying sites to remove: done in 0.000420488 secs using 724.6% CPU
Identifying sites to remove: done in 0.000430517 secs using 1.477e+04% CPU
Identifying sites to remove: done in 0.000421032 secs using 99.75% CPU
Identifying sites to remove: done in 0.000427753 secs using 99.59% CPU
Identifying sites to remove: done in 0.000278175 secs using 99.58% CPU
Identifying sites to remove: done in 0.000428535 secs using 640.8% CPU
Identifying sites to remove: done in 0.000360623 secs using 1580% CPU
Identifying sites to remove: done in 0.000455856 secs using 785.8% CPU
Identifying sites to remove: done in 0.000452824 secs using 845.8% CPU
Identifying sites to remove: done in 0.000391752 secs using 3508% CPU
Identifying sites to remove: done in 0.000361264 secs using 2174% CPU
Identifying sites to remove: done in 0.000473388 secs using 3104% CPU
Identifying sites to remove: done in 0.000431508 secs using 1932% CPU
Identifying sites to remove: done in 0.000311784 secs using 1475% CPU
Identifying sites to remove: done in 0.000442475 secs using 211.8% CPU
Identifying sites to remove: done in 0.000353612 secs using 1.285e+04% CPU
Identifying sites to remove: done in 0.000340395 secs using 304.4% CPU
Identifying sites to remove: done in 0.000353329 secs using 384.1% CPU
Identifying sites to remove: done in 0.000445999 secs using 554.3% CPU
Identifying sites to remove: done in 0.000251986 secs using 197.2% CPU
Identifying sites to remove: done in 0.000453614 secs using 580% CPU
Identifying sites to remove: done in 0.000436693 secs using 126.9% CPU
Identifying sites to remove: done in 0.000452533 secs using 1.576e+04% CPU
Identifying sites to remove: done in 0.00045222 secs using 1.497e+04% CPU
Identifying sites to remove: done in 0.000437573 secs using 99.64% CPU
Identifying sites to remove: done in 0.000897147 secs using 1575% CPU
Identifying sites to remove: done in 0.000890583 secs using 983.2% CPU
Identifying sites to remove: done in 0.000948034 secs using 1239% CPU
Identifying sites to remove: done in 0.00110105 secs using 7010% CPU
Identifying sites to remove: done in 0.00114395 secs using 7034% CPU
Identifying sites to remove: done in 0.00116655 secs using 6397% CPU
Identifying sites to remove: done in 0.00118511 secs using 6045% CPU
Identifying sites to remove: done in 0.00120239 secs using 5214% CPU
Identifying sites to remove: done in 0.0012201 secs using 5392% CPU
Identifying sites to remove: done in 0.00122189 secs using 5633% CPU
Identifying sites to remove: done in 0.00106203 secs using 99.9% CPU
Identifying sites to remove: done in 0.000917546 secs using 8405% CPU
Identifying sites to remove: done in 0.000909112 secs using 8071% CPU
Identifying sites to remove: done in 0.00108222 secs using 99.89% CPU
Identifying sites to remove: done in 0.000504367 secs using 99.93% CPU
Identifying sites to remove: done in 0.000452198 secs using 263.4% CPU
Identifying sites to remove: done in 0.00114928 secs using 332.3% CPU
Identifying sites to remove: done in 0.000516042 secs using 257.3% CPU
Identifying sites to remove: done in 0.000878066 secs using 280.7% CPU
Identifying sites to remove: done in 0.000449762 secs using 197.2% CPU
Identifying sites to remove: done in 0.00102027 secs using 541.9% CPU
Identifying sites to remove: done in 0.000841282 secs using 8447% CPU
Identifying sites to remove: done in 0.00107615 secs using 6458% CPU
Identifying sites to remove: done in 0.00104497 secs using 6304% CPU
Identifying sites to remove: done in 0.00102032 secs using 6068% CPU
Identifying sites to remove: done in 0.000830725 secs using 283.6% CPU
Identifying sites to remove: done in 0.00111938 secs using 450.4% CPU
Identifying sites to remove: done in 0.00116621 secs using 6511% CPU
Identifying sites to remove: done in 0.00100532 secs using 99.77% CPU
Identifying sites to remove: done in 0.00111988 secs using 442.5% CPU
Identifying sites to remove: done in 0.00113405 secs using 419.8% CPU
Identifying sites to remove: done in 0.00112641 secs using 287.9% CPU
Identifying sites to remove: done in 0.00102746 secs using 451.4% CPU
Identifying sites to remove: done in 0.00115614 secs using 5923% CPU
Identifying sites to remove: done in 0.00109968 secs using 99.85% CPU
Identifying sites to remove: done in 0.00114165 secs using 1097% CPU
Identifying sites to remove: done in 0.00104069 secs using 6943% CPU
Identifying sites to remove: done in 0.00103083 secs using 6697% CPU
Identifying sites to remove: done in 0.00116632 secs using 5687% CPU
Identifying sites to remove: done in 0.000892922 secs using 267.5% CPU
Identifying sites to remove: done in 0.000873886 secs using 164.8% CPU
Identifying sites to remove: done in 0.00112467 secs using 949% CPU
Identifying sites to remove: done in 0.000821024 secs using 7728% CPU
Identifying sites to remove: done in 0.00116338 secs using 5686% CPU
Identifying sites to remove: done in 0.000932015 secs using 6471% CPU
Identifying sites to remove: done in 0.00118551 secs using 4802% CPU
Identifying sites to remove: done in 0.00111526 secs using 281.1% CPU
Identifying sites to remove: done in 0.000864007 secs using 887.4% CPU
Identifying sites to remove: done in 0.000920489 secs using 749.9% CPU
Identifying sites to remove: done in 0.00107 secs using 476.2% CPU
Identifying sites to remove: done in 0.00114276 secs using 257.9% CPU
Identifying sites to remove: done in 0.000852473 secs using 99.83% CPU
Identifying sites to remove: done in 0.00111522 secs using 316.2% CPU
Identifying sites to remove: done in 0.00102405 secs using 193.3% CPU
Identifying sites to remove: done in 0.0011251 secs using 6338% CPU
Identifying sites to remove: done in 0.00110701 secs using 112% CPU
Identifying sites to remove: done in 0.00113301 secs using 455.3% CPU
Identifying sites to remove: done in 0.00113168 secs using 537.1% CPU
Identifying sites to remove: done in 0.00110182 secs using 99.83% CPU
Identifying sites to remove: done in 0.000945769 secs using 980.8% CPU
Identifying sites to remove: done in 0.00107925 secs using 1921% CPU
Identifying sites to remove: done in 0.00112365 secs using 1866% CPU
Identifying sites to remove: done in 0.00117778 secs using 1824% CPU
Identifying sites to remove: done in 0.00118689 secs using 1797% CPU
Identifying sites to remove: done in 0.00118923 secs using 1789% CPU
Identifying sites to remove: done in 0.00128562 secs using 1730% CPU
Identifying sites to remove: done in 0.00134434 secs using 1668% CPU
Identifying sites to remove: done in 0.00153939 secs using 1476% CPU
Identifying sites to remove: done in 0.00162669 secs using 1394% CPU
Identifying sites to remove: done in 0.00103402 secs using 7635% CPU
Identifying sites to remove: done in 0.000829063 secs using 9136% CPU
Identifying sites to remove: done in 0.000860117 secs using 8405% CPU
Identifying sites to remove: done in 0.00097654 secs using 99.84% CPU
Identifying sites to remove: done in 0.00048054 secs using 99.89% CPU
Identifying sites to remove: done in 0.000374317 secs using 302.4% CPU
Identifying sites to remove: done in 0.00104085 secs using 7348% CPU
Identifying sites to remove: done in 0.0008564 secs using 8454% CPU
Identifying sites to remove: done in 0.000456616 secs using 204.3% CPU
Identifying sites to remove: done in 0.000867128 secs using 206.5% CPU
Identifying sites to remove: done in 0.000379026 secs using 847.7% CPU
Identifying sites to remove: done in 0.000861846 secs using 841.1% CPU
Identifying sites to remove: done in 0.00069344 secs using 925% CPU
Identifying sites to remove: done in 0.000890926 secs using 826.6% CPU
Identifying sites to remove: done in 0.000716537 secs using 692.8% CPU
Identifying sites to remove: done in 0.000856534 secs using 199.3% CPU
Identifying sites to remove: done in 0.00104857 secs using 265.5% CPU
Identifying sites to remove: done in 0.00103529 secs using 117.2% CPU
Identifying sites to remove: done in 0.000866726 secs using 112.6% CPU
Identifying sites to remove: done in 0.00101537 secs using 99.87% CPU
Identifying sites to remove: done in 0.00103178 secs using 413.7% CPU
Identifying sites to remove: done in 0.00105268 secs using 861.5% CPU
Identifying sites to remove: done in 0.000883669 secs using 8144% CPU
Identifying sites to remove: done in 0.0010848 secs using 6369% CPU
Identifying sites to remove: done in 0.00102386 secs using 113.2% CPU
Identifying sites to remove: done in 0.000861779 secs using 8276% CPU
Identifying sites to remove: done in 0.00106906 secs using 7033% CPU
Identifying sites to remove: done in 0.00106283 secs using 6461% CPU
Identifying sites to remove: done in 0.000987917 secs using 261.1% CPU
Identifying sites to remove: done in 0.000874534 secs using 331.5% CPU
Identifying sites to remove: done in 0.000832818 secs using 113.8% CPU
Identifying sites to remove: done in 0.0010229 secs using 1190% CPU
Identifying sites to remove: done in 0.0010503 secs using 1352% CPU
Identifying sites to remove: done in 0.000724375 secs using 1689% CPU
Identifying sites to remove: done in 0.000942722 secs using 6433% CPU
Identifying sites to remove: done in 0.00107018 secs using 6007% CPU
Identifying sites to remove: done in 0.0010502 secs using 5412% CPU
Identifying sites to remove: done in 0.000837095 secs using 555.3% CPU
Identifying sites to remove: done in 0.000853375 secs using 575.2% CPU
Identifying sites to remove: done in 0.000851288 secs using 439.9% CPU
Identifying sites to remove: done in 0.00103189 secs using 248% CPU
Identifying sites to remove: done in 0.000813961 secs using 660% CPU
Identifying sites to remove: done in 0.00102547 secs using 6473% CPU
Identifying sites to remove: done in 0.000841685 secs using 7007% CPU
Identifying sites to remove: done in 0.00100788 secs using 362.6% CPU
Identifying sites to remove: done in 0.00102642 secs using 176.1% CPU
Identifying sites to remove: done in 0.0010118 secs using 305.2% CPU
Identifying sites to remove: done in 0.00103638 secs using 390.4% CPU
Identifying sites to remove: done in 0.00100848 secs using 196.1% CPU
Identifying sites to remove: done in 0.000392519 secs using 982.4% CPU
Identifying sites to remove: done in 0.000479423 secs using 965.7% CPU
Identifying sites to remove: done in 0.000495799 secs using 940.3% CPU
Identifying sites to remove: done in 0.00055562 secs using 1096% CPU
Identifying sites to remove: done in 0.000596695 secs using 1340% CPU
Identifying sites to remove: done in 0.000630155 secs using 1368% CPU
Identifying sites to remove: done in 0.000654027 secs using 927.5% CPU
Identifying sites to remove: done in 0.000686407 secs using 1134% CPU
Identifying sites to remove: done in 0.000745595 secs using 1004% CPU
Identifying sites to remove: done in 0.000775144 secs using 771.2% CPU
Identifying sites to remove: done in 0.000376776 secs using 1052% CPU
Identifying sites to remove: done in 0.000557065 secs using 546.1% CPU
Identifying sites to remove: done in 0.000409506 secs using 250.5% CPU
Identifying sites to remove: done in 0.000472143 secs using 99.12% CPU
Identifying sites to remove: done in 0.000235125 secs using 584.8% CPU
Identifying sites to remove: done in 0.000399575 secs using 343.6% CPU
Identifying sites to remove: done in 0.000503354 secs using 162.7% CPU
Identifying sites to remove: done in 0.000188537 secs using 885.2% CPU
Identifying sites to remove: done in 0.000408359 secs using 648% CPU
Identifying sites to remove: done in 0.000401959 secs using 661.8% CPU
Identifying sites to remove: done in 0.000227302 secs using 1473% CPU
Identifying sites to remove: done in 0.000449263 secs using 954.5% CPU
Identifying sites to remove: done in 0.000332698 secs using 597.5% CPU
Identifying sites to remove: done in 0.00033424 secs using 302.2% CPU
Identifying sites to remove: done in 0.00018324 secs using 1405% CPU
Identifying sites to remove: done in 0.000404872 secs using 789.4% CPU
Identifying sites to remove: done in 0.000501432 secs using 127.4% CPU
Identifying sites to remove: done in 0.000508197 secs using 1.27e+04% CPU
Identifying sites to remove: done in 0.000430465 secs using 258.8% CPU
Identifying sites to remove: done in 0.000505663 secs using 128% CPU
Identifying sites to remove: done in 0.000509553 secs using 306.5% CPU
Identifying sites to remove: done in 0.000501312 secs using 910.6% CPU
Identifying sites to remove: done in 0.000424184 secs using 205.6% CPU
Identifying sites to remove: done in 0.000519641 secs using 998.8% CPU
Identifying sites to remove: done in 0.000510342 secs using 122.1% CPU
Identifying sites to remove: done in 0.000504404 secs using 1239% CPU
Identifying sites to remove: done in 0.000426553 secs using 1582% CPU
Identifying sites to remove: done in 0.000518821 secs using 1.217e+04% CPU
Identifying sites to remove: done in 0.000432611 secs using 1.365e+04% CPU
Identifying sites to remove: done in 0.000440791 secs using 420.8% CPU
Identifying sites to remove: done in 0.000396989 secs using 370.3% CPU
Identifying sites to remove: done in 0.000508644 secs using 754.4% CPU
Identifying sites to remove: done in 0.000384904 secs using 1552% CPU
Identifying sites to remove: done in 0.000453264 secs using 1490% CPU
Identifying sites to remove: done in 0.000554256 secs using 1125% CPU
Identifying sites to remove: done in 0.000489533 secs using 961.1% CPU
Identifying sites to remove: done in 0.00050506 secs using 688.4% CPU
Identifying sites to remove: done in 0.000441268 secs using 705% CPU
Identifying sites to remove: done in 0.000382379 secs using 485.6% CPU
Identifying sites to remove: done in 0.000397265 secs using 376.3% CPU
Identifying sites to remove: done in 0.000504993 secs using 648.9% CPU
Identifying sites to remove: done in 0.000400834 secs using 239% CPU
Identifying sites to remove: done in 0.000504017 secs using 499.6% CPU
Identifying sites to remove: done in 0.000406027 secs using 99.75% CPU
Identifying sites to remove: done in 0.000483885 secs using 279% CPU
Identifying sites to remove: done in 0.000513375 secs using 142.4% CPU
Identifying sites to remove: done in 0.000476949 secs using 885% CPU
Identifying sites to remove: done in 0.000502467 secs using 1.408e+04% CPU
Identifying sites to remove: done in 0.000504963 secs using 99.81% CPU
Identifying sites to remove: done in 0.000505365 secs using 916.4% CPU
Identifying sites to remove: done in 0.000506856 secs using 1344% CPU
Identifying sites to remove: done in 0.000616051 secs using 1054% CPU
Identifying sites to remove: done in 0.000662573 secs using 1680% CPU
Identifying sites to remove: done in 0.000662811 secs using 1361% CPU
Identifying sites to remove: done in 0.000719786 secs using 2060% CPU
Identifying sites to remove: done in 0.000721276 secs using 1764% CPU
Identifying sites to remove: done in 0.000771277 secs using 1393% CPU
Identifying sites to remove: done in 0.000773996 secs using 2085% CPU
Identifying sites to remove: done in 0.000772409 secs using 1811% CPU
Identifying sites to remove: done in 0.000694871 secs using 9397% CPU
Identifying sites to remove: done in 0.00059595 secs using 213.3% CPU
Identifying sites to remove: done in 0.000585161 secs using 153.6% CPU
Identifying sites to remove: done in 0.000690684 secs using 99.9% CPU
Identifying sites to remove: done in 0.000351079 secs using 99.69% CPU
Identifying sites to remove: done in 0.000274546 secs using 2.638e+04% CPU
Identifying sites to remove: done in 0.000759244 secs using 9790% CPU
Identifying sites to remove: done in 0.000585303 secs using 255.3% CPU
Identifying sites to remove: done in 0.000333376 secs using 169.2% CPU
Identifying sites to remove: done in 0.00055591 secs using 486.6% CPU
Identifying sites to remove: done in 0.000261962 secs using 207.7% CPU
Identifying sites to remove: done in 0.000454903 secs using 317.7% CPU
Identifying sites to remove: done in 0.000566758 secs using 1318% CPU
Identifying sites to remove: done in 0.000573978 secs using 976.2% CPU
Identifying sites to remove: done in 0.000561915 secs using 614.3% CPU
Identifying sites to remove: done in 0.000442781 secs using 243.7% CPU
Identifying sites to remove: done in 0.000725232 secs using 230.8% CPU
Identifying sites to remove: done in 0.000743128 secs using 178.8% CPU
Identifying sites to remove: done in 0.000552699 secs using 99.69% CPU
Identifying sites to remove: done in 0.000737667 secs using 196.4% CPU
Identifying sites to remove: done in 0.000749506 secs using 300.3% CPU
Identifying sites to remove: done in 0.000714213 secs using 143% CPU
Identifying sites to remove: done in 0.000558659 secs using 525.9% CPU
Identifying sites to remove: done in 0.000721402 secs using 483.4% CPU
Identifying sites to remove: done in 0.000722051 secs using 99.72% CPU
Identifying sites to remove: done in 0.00072857 secs using 667.5% CPU
Identifying sites to remove: done in 0.000574894 secs using 699.8% CPU
Identifying sites to remove: done in 0.000573762 secs using 241.6% CPU
Identifying sites to remove: done in 0.000742771 secs using 427.9% CPU
Identifying sites to remove: done in 0.00058382 secs using 540.2% CPU
Identifying sites to remove: done in 0.000583015 secs using 190.2% CPU
Identifying sites to remove: done in 0.000458233 secs using 1.317e+04% CPU
Identifying sites to remove: done in 0.000744395 secs using 8354% CPU
Identifying sites to remove: done in 0.00073418 secs using 7841% CPU
Identifying sites to remove: done in 0.000620618 secs using 407.7% CPU
Identifying sites to remove: done in 0.000738062 secs using 394.4% CPU
Identifying sites to remove: done in 0.00073722 secs using 326% CPU
Identifying sites to remove: done in 0.000568904 secs using 149.9% CPU
Identifying sites to remove: done in 0.000565454 secs using 645% CPU
Identifying sites to remove: done in 0.000575565 secs using 285.5% CPU
Identifying sites to remove: done in 0.000732072 secs using 839.4% CPU
Identifying sites to remove: done in 0.000550717 secs using 99.33% CPU
Identifying sites to remove: done in 0.000725225 secs using 223.8% CPU
Identifying sites to remove: done in 0.0005918 secs using 198.9% CPU
Identifying sites to remove: done in 0.000729047 secs using 400.2% CPU
Identifying sites to remove: done in 0.000736542 secs using 108.6% CPU
Identifying sites to remove: done in 0.000720069 secs using 314.3% CPU
Identifying sites to remove: done in 0.000733063 secs using 179.2% CPU
Identifying sites to remove: done in 0.000727579 secs using 7838% CPU
Identifying sites to remove: done in 0.000333399 secs using 1.405e+04% CPU
Identifying sites to remove: done in 0.000396445 secs using 1.097e+04% CPU
Identifying sites to remove: done in 0.000394501 secs using 1.006e+04% CPU
Identifying sites to remove: done in 0.000447117 secs using 1.327e+04% CPU
Identifying sites to remove: done in 0.000476703 secs using 1.411e+04% CPU
Identifying sites to remove: done in 0.000482522 secs using 1.475e+04% CPU
Identifying sites to remove: done in 0.000479288 secs using 1.563e+04% CPU
Identifying sites to remove: done in 0.000477962 secs using 1.327e+04% CPU
Identifying sites to remove: done in 0.000562973 secs using 9944% CPU
Identifying sites to remove: done in 0.000641122 secs using 8148% CPU
Identifying sites to remove: done in 0.000422418 secs using 983.9% CPU
Identifying sites to remove: done in 0.000311196 secs using 796% CPU
Identifying sites to remove: done in 0.000320256 secs using 239.5% CPU
Identifying sites to remove: done in 0.000383161 secs using 99.18% CPU
Identifying sites to remove: done in 0.000219345 secs using 2.789e+04% CPU
Identifying sites to remove: done in 0.000413194 secs using 1.583e+04% CPU
Identifying sites to remove: done in 0.0003407 secs using 1.69e+04% CPU
Identifying sites to remove: done in 0.000146411 secs using 210.4% CPU
Identifying sites to remove: done in 0.000330344 secs using 547.3% CPU
Identifying sites to remove: done in 0.000328109 secs using 892.1% CPU
Identifying sites to remove: done in 0.000265293 secs using 778% CPU
Identifying sites to remove: done in 0.000184551 secs using 383.1% CPU
Identifying sites to remove: done in 0.000350505 secs using 636.8% CPU
Identifying sites to remove: done in 0.000318274 secs using 581.3% CPU
Identifying sites to remove: done in 0.000163682 secs using 233.4% CPU
Identifying sites to remove: done in 0.000352539 secs using 306.1% CPU
Identifying sites to remove: done in 0.00039278 secs using 99.29% CPU
Identifying sites to remove: done in 0.000395223 secs using 99.18% CPU
Identifying sites to remove: done in 0.000321887 secs using 99.1% CPU
Identifying sites to remove: done in 0.000400528 secs using 210.5% CPU
Identifying sites to remove: done in 0.000413567 secs using 327.4% CPU
Identifying sites to remove: done in 0.000400424 secs using 143.3% CPU
Identifying sites to remove: done in 0.000326112 secs using 595.2% CPU
Identifying sites to remove: done in 0.000410654 secs using 601% CPU
Identifying sites to remove: done in 0.000417821 secs using 118% CPU
Identifying sites to remove: done in 0.000407986 secs using 661.8% CPU
Identifying sites to remove: done in 0.000412688 secs using 198.2% CPU
Identifying sites to remove: done in 0.000387721 secs using 1008% CPU
Identifying sites to remove: done in 0.000321336 secs using 151.6% CPU
Identifying sites to remove: done in 0.000321895 secs using 1.851e+04% CPU
Identifying sites to remove: done in 0.000322223 secs using 1.733e+04% CPU
Identifying sites to remove: done in 0.000412159 secs using 447.9% CPU
Identifying sites to remove: done in 0.000283942 secs using 1277% CPU
Identifying sites to remove: done in 0.000432186 secs using 1117% CPU
Identifying sites to remove: done in 0.00034783 secs using 928.9% CPU
Identifying sites to remove: done in 0.000448592 secs using 840% CPU
Identifying sites to remove: done in 0.000465572 secs using 595.2% CPU
Identifying sites to remove: done in 0.000373945 secs using 522% CPU
Identifying sites to remove: done in 0.000320196 secs using 147.1% CPU
Identifying sites to remove: done in 0.000315703 secs using 433.6% CPU
Identifying sites to remove: done in 0.000410333 secs using 156.7% CPU
Identifying sites to remove: done in 0.000319786 secs using 491.3% CPU
Identifying sites to remove: done in 0.000412196 secs using 176.9% CPU
Identifying sites to remove: done in 0.000379637 secs using 1043% CPU
Identifying sites to remove: done in 0.000425547 secs using 119.1% CPU
Identifying sites to remove: done in 0.000405207 secs using 99.7% CPU
Identifying sites to remove: done in 0.000403821 secs using 1071% CPU
Identifying sites to remove: done in 0.000425935 secs using 1.594e+04% CPU
Identifying sites to remove: done in 0.00040675 secs using 99.32% CPU
Identifying sites to remove: done in 0.000490844 secs using 9783% CPU
Identifying sites to remove: done in 0.000513971 secs using 8919% CPU
Identifying sites to remove: done in 0.000608698 secs using 8419% CPU
Identifying sites to remove: done in 0.000642896 secs using 9908% CPU
Identifying sites to remove: done in 0.000643402 secs using 9312% CPU
Identifying sites to remove: done in 0.000677191 secs using 7959% CPU
Identifying sites to remove: done in 0.000716209 secs using 1.005e+04% CPU
Identifying sites to remove: done in 0.000732869 secs using 7738% CPU
Identifying sites to remove: done in 0.000738278 secs using 9243% CPU
Identifying sites to remove: done in 0.000753611 secs using 1.008e+04% CPU
Identifying sites to remove: done in 0.000667818 secs using 469.3% CPU
Identifying sites to remove: done in 0.000566743 secs using 621.8% CPU
Identifying sites to remove: done in 0.000521988 secs using 146.6% CPU
Identifying sites to remove: done in 0.000670448 secs using 99.78% CPU
Identifying sites to remove: done in 0.000336714 secs using 99.79% CPU
Identifying sites to remove: done in 0.000244975 secs using 203.3% CPU
Identifying sites to remove: done in 0.000701353 secs using 664.1% CPU
Identifying sites to remove: done in 0.000557557 secs using 269.2% CPU
Identifying sites to remove: done in 0.000313409 secs using 161.5% CPU
Identifying sites to remove: done in 0.000544585 secs using 920% CPU
Identifying sites to remove: done in 0.000269145 secs using 2.599e+04% CPU
Identifying sites to remove: done in 0.000453345 secs using 1.469e+04% CPU
Identifying sites to remove: done in 0.000567384 secs using 486.1% CPU
Identifying sites to remove: done in 0.000542872 secs using 484.3% CPU
Identifying sites to remove: done in 0.000539884 secs using 406.8% CPU
Identifying sites to remove: done in 0.000426546 secs using 289.1% CPU
Identifying sites to remove: done in 0.000699893 secs using 390.3% CPU
Identifying sites to remove: done in 0.000699513 secs using 184.4% CPU
Identifying sites to remove: done in 0.00053712 secs using 99.61% CPU
Identifying sites to remove: done in 0.000698507 secs using 293.6% CPU
Identifying sites to remove: done in 0.000713445 secs using 560.2% CPU
Identifying sites to remove: done in 0.000687331 secs using 140.1% CPU
Identifying sites to remove: done in 0.00055749 secs using 1.285e+04% CPU
Identifying sites to remove: done in 0.000730753 secs using 9317% CPU
Identifying sites to remove: done in 0.000682831 secs using 99.73% CPU
Identifying sites to remove: done in 0.000698298 secs using 1371% CPU
Identifying sites to remove: done in 0.000534967 secs using 857.1% CPU
Identifying sites to remove: done in 0.000553362 secs using 304% CPU
Identifying sites to remove: done in 0.000732496 secs using 1049% CPU
Identifying sites to remove: done in 0.000555366 secs using 1.105e+04% CPU
Identifying sites to remove: done in 0.000584729 secs using 9868% CPU
Identifying sites to remove: done in 0.000686668 secs using 1017% CPU
Identifying sites to remove: done in 0.000559293 secs using 860.2% CPU
Identifying sites to remove: done in 0.000694819 secs using 919.4% CPU
Identifying sites to remove: done in 0.000469223 secs using 734.2% CPU
Identifying sites to remove: done in 0.000744767 secs using 539.9% CPU
Identifying sites to remove: done in 0.00068856 secs using 524.3% CPU
Identifying sites to remove: done in 0.000543341 secs using 144.5% CPU
Identifying sites to remove: done in 0.000545114 secs using 1136% CPU
Identifying sites to remove: done in 0.000550754 secs using 262.7% CPU
Identifying sites to remove: done in 0.000704914 secs using 724.1% CPU
Identifying sites to remove: done in 0.000536866 secs using 99.65% CPU
Identifying sites to remove: done in 0.000679471 secs using 384.6% CPU
Identifying sites to remove: done in 0.000547141 secs using 174.5% CPU
Identifying sites to remove: done in 0.00069245 secs using 572.9% CPU
Identifying sites to remove: done in 0.00069312 secs using 122.8% CPU
Identifying sites to remove: done in 0.000682533 secs using 616.4% CPU
Identifying sites to remove: done in 0.000700086 secs using 403.7% CPU
Identifying sites to remove: done in 0.000688396 secs using 206.1% CPU
Identifying sites to remove: done in 0.000479691 secs using 2193% CPU
Identifying sites to remove: done in 0.000513487 secs using 1521% CPU
Identifying sites to remove: done in 0.000510983 secs using 939% CPU
Identifying sites to remove: done in 0.000583895 secs using 2970% CPU
Identifying sites to remove: done in 0.000587635 secs using 3461% CPU
Identifying sites to remove: done in 0.000585787 secs using 4483% CPU
Identifying sites to remove: done in 0.00058879 secs using 5468% CPU
Identifying sites to remove: done in 0.000636443 secs using 3683% CPU
Identifying sites to remove: done in 0.000654332 secs using 4495% CPU
Identifying sites to remove: done in 0.000857934 secs using 1725% CPU
Identifying sites to remove: done in 0.000465512 secs using 672.8% CPU
Identifying sites to remove: done in 0.00044927 secs using 308.5% CPU
Identifying sites to remove: done in 0.000602357 secs using 840.7% CPU
Identifying sites to remove: done in 0.000541016 secs using 99.81% CPU
Identifying sites to remove: done in 0.000264116 secs using 99.96% CPU
Identifying sites to remove: done in 0.000565238 secs using 313.7% CPU
Identifying sites to remove: done in 0.000463128 secs using 179.2% CPU
Identifying sites to remove: done in 0.000234798 secs using 795.6% CPU
Identifying sites to remove: done in 0.000525258 secs using 195% CPU
Identifying sites to remove: done in 0.000268161 secs using 1821% CPU
Identifying sites to remove: done in 0.000420481 secs using 734.4% CPU
Identifying sites to remove: done in 0.000528775 secs using 446.9% CPU
Identifying sites to remove: done in 0.000240982 secs using 297.1% CPU
Identifying sites to remove: done in 0.000408165 secs using 1066% CPU
Identifying sites to remove: done in 0.000533171 secs using 936.8% CPU
Identifying sites to remove: done in 0.000512406 secs using 131.7% CPU
Identifying sites to remove: done in 0.000574462 secs using 99.75% CPU
Identifying sites to remove: done in 0.000560015 secs using 99.64% CPU
Identifying sites to remove: done in 0.000519298 secs using 99.75% CPU
Identifying sites to remove: done in 0.000567041 secs using 313.2% CPU
Identifying sites to remove: done in 0.000601292 secs using 1.242e+04% CPU
Identifying sites to remove: done in 0.000567198 secs using 281.4% CPU
Identifying sites to remove: done in 0.000540055 secs using 390% CPU
Identifying sites to remove: done in 0.000579812 secs using 154.5% CPU
Identifying sites to remove: done in 0.000568129 secs using 99.8% CPU
Identifying sites to remove: done in 0.000582278 secs using 1949% CPU
Identifying sites to remove: done in 0.000606589 secs using 1.101e+04% CPU
Identifying sites to remove: done in 0.000580758 secs using 1.088e+04% CPU
Identifying sites to remove: done in 0.000473402 secs using 373.7% CPU
Identifying sites to remove: done in 0.000542819 secs using 323.7% CPU
Identifying sites to remove: done in 0.000478633 secs using 169% CPU
Identifying sites to remove: done in 0.000418134 secs using 1171% CPU
Identifying sites to remove: done in 0.000610135 secs using 1020% CPU
Identifying sites to remove: done in 0.000585884 secs using 1015% CPU
Identifying sites to remove: done in 0.000476547 secs using 739.5% CPU
Identifying sites to remove: done in 0.000598393 secs using 621% CPU
Identifying sites to remove: done in 0.000583008 secs using 154.5% CPU
Identifying sites to remove: done in 0.000448644 secs using 2019% CPU
Identifying sites to remove: done in 0.00052958 secs using 1165% CPU
Identifying sites to remove: done in 0.000481732 secs using 1.087e+04% CPU
Identifying sites to remove: done in 0.000606082 secs using 9273% CPU
Identifying sites to remove: done in 0.000438347 secs using 99.69% CPU
Identifying sites to remove: done in 0.000560433 secs using 391.3% CPU
Identifying sites to remove: done in 0.000525072 secs using 112.2% CPU
Identifying sites to remove: done in 0.000570759 secs using 596.9% CPU
Identifying sites to remove: done in 0.000565812 secs using 105.3% CPU
Identifying sites to remove: done in 0.000564665 secs using 240.5% CPU
Identifying sites to remove: done in 0.000570916 secs using 332.3% CPU
Identifying sites to remove: done in 0.000566378 secs using 648.5% CPU
Identifying sites to remove: done in 0.000554152 secs using 1148% CPU
Identifying sites to remove: done in 0.000579998 secs using 920.7% CPU
Identifying sites to remove: done in 0.00066261 secs using 1234% CPU
Identifying sites to remove: done in 0.000749886 secs using 1665% CPU
Identifying sites to remove: done in 0.000777669 secs using 1914% CPU
Identifying sites to remove: done in 0.000794239 secs using 2158% CPU
Identifying sites to remove: done in 0.000829391 secs using 1951% CPU
Identifying sites to remove: done in 0.000829443 secs using 1684% CPU
Identifying sites to remove: done in 0.000861272 secs using 1380% CPU
Identifying sites to remove: done in 0.000971965 secs using 1120% CPU
Identifying sites to remove: done in 0.000774376 secs using 338.2% CPU
Identifying sites to remove: done in 0.00063026 secs using 347.8% CPU
Identifying sites to remove: done in 0.000630088 secs using 203.8% CPU
Identifying sites to remove: done in 0.000751689 secs using 99.78% CPU
Identifying sites to remove: done in 0.000366122 secs using 2.009e+04% CPU
Identifying sites to remove: done in 0.000273205 secs using 303.8% CPU
Identifying sites to remove: done in 0.000781022 secs using 458.5% CPU
Identifying sites to remove: done in 0.000644468 secs using 375.3% CPU
Identifying sites to remove: done in 0.000345789 secs using 743.8% CPU
Identifying sites to remove: done in 0.000622839 secs using 557.9% CPU
Identifying sites to remove: done in 0.000489958 secs using 901.5% CPU
Identifying sites to remove: done in 0.000274666 secs using 1302% CPU
Identifying sites to remove: done in 0.000632159 secs using 1600% CPU
Identifying sites to remove: done in 0.000518709 secs using 1.218e+04% CPU
Identifying sites to remove: done in 0.000638172 secs using 1.022e+04% CPU
Identifying sites to remove: done in 0.000635877 secs using 9367% CPU
Identifying sites to remove: done in 0.00079713 secs using 389.4% CPU
Identifying sites to remove: done in 0.000782914 secs using 176.1% CPU
Identifying sites to remove: done in 0.000609994 secs using 99.84% CPU
Identifying sites to remove: done in 0.000790231 secs using 291.6% CPU
Identifying sites to remove: done in 0.000778556 secs using 137.7% CPU
Identifying sites to remove: done in 0.000760332 secs using 99.82% CPU
Identifying sites to remove: done in 0.00062792 secs using 1.15e+04% CPU
Identifying sites to remove: done in 0.000800021 secs using 113.1% CPU
Identifying sites to remove: done in 0.000774339 secs using 99.83% CPU
Identifying sites to remove: done in 0.000779279 secs using 560.4% CPU
Identifying sites to remove: done in 0.000800893 secs using 8779% CPU
Identifying sites to remove: done in 0.000637546 secs using 1.041e+04% CPU
Identifying sites to remove: done in 0.000760786 secs using 8392% CPU
Identifying sites to remove: done in 0.000606619 secs using 218.9% CPU
Identifying sites to remove: done in 0.000623725 secs using 301.9% CPU
Identifying sites to remove: done in 0.000802569 secs using 1430% CPU
Identifying sites to remove: done in 0.000488289 secs using 2017% CPU
Identifying sites to remove: done in 0.000640243 secs using 824.4% CPU
Identifying sites to remove: done in 0.000805482 secs using 1024% CPU
Identifying sites to remove: done in 0.000798635 secs using 681.4% CPU
Identifying sites to remove: done in 0.000796624 secs using 7350% CPU
Identifying sites to remove: done in 0.000607871 secs using 121.2% CPU
Identifying sites to remove: done in 0.000619516 secs using 435.7% CPU
Identifying sites to remove: done in 0.000726007 secs using 522.7% CPU
Identifying sites to remove: done in 0.000786126 secs using 254.2% CPU
Identifying sites to remove: done in 0.000597201 secs using 99.8% CPU
Identifying sites to remove: done in 0.000790156 secs using 8847% CPU
Identifying sites to remove: done in 0.000637941 secs using 1.038e+04% CPU
Identifying sites to remove: done in 0.000789218 secs using 99.85% CPU
Identifying sites to remove: done in 0.000770643 secs using 99.79% CPU
Identifying sites to remove: done in 0.00078728 secs using 541.9% CPU
Identifying sites to remove: done in 0.000793405 secs using 403.7% CPU
Identifying sites to remove: done in 0.000775024 secs using 99.87% CPU
Identifying sites to remove: done in 0.000318766 secs using 1187% CPU
Identifying sites to remove: done in 0.000366472 secs using 877.8% CPU
Identifying sites to remove: done in 0.000372782 secs using 1310% CPU
Identifying sites to remove: done in 0.000431001 secs using 1794% CPU
Identifying sites to remove: done in 0.000459738 secs using 2100% CPU
Identifying sites to remove: done in 0.000474185 secs using 1873% CPU
Identifying sites to remove: done in 0.00047648 secs using 2207% CPU
Identifying sites to remove: done in 0.000477016 secs using 2379% CPU
Identifying sites to remove: done in 0.000538722 secs using 1395% CPU
Identifying sites to remove: done in 0.000541762 secs using 1247% CPU
Identifying sites to remove: done in 0.000355408 secs using 696.4% CPU
Identifying sites to remove: done in 0.000523262 secs using 790.8% CPU
Identifying sites to remove: done in 0.000337228 secs using 188.9% CPU
Identifying sites to remove: done in 0.000384688 secs using 99.56% CPU
Identifying sites to remove: done in 0.000200771 secs using 671.4% CPU
Identifying sites to remove: done in 0.00040181 secs using 588.3% CPU
Identifying sites to remove: done in 0.000321977 secs using 205.6% CPU
Identifying sites to remove: done in 0.00015042 secs using 207.4% CPU
Identifying sites to remove: done in 0.000332728 secs using 292.4% CPU
Identifying sites to remove: done in 0.000315838 secs using 791.9% CPU
Identifying sites to remove: done in 0.000259154 secs using 1442% CPU
Identifying sites to remove: done in 0.000216857 secs using 1567% CPU
Identifying sites to remove: done in 0.000253618 secs using 1127% CPU
Identifying sites to remove: done in 0.000344649 secs using 1135% CPU
Identifying sites to remove: done in 0.000148967 secs using 193.3% CPU
Identifying sites to remove: done in 0.00036069 secs using 269.5% CPU
Identifying sites to remove: done in 0.000405267 secs using 98.95% CPU
Identifying sites to remove: done in 0.000408486 secs using 99.39% CPU
Identifying sites to remove: done in 0.000325732 secs using 99.78% CPU
Identifying sites to remove: done in 0.000402905 secs using 99.78% CPU
Identifying sites to remove: done in 0.000403479 secs using 500.9% CPU
Identifying sites to remove: done in 0.000415236 secs using 591% CPU
Identifying sites to remove: done in 0.000337988 secs using 137% CPU
Identifying sites to remove: done in 0.000410497 secs using 750.8% CPU
Identifying sites to remove: done in 0.000417359 secs using 103.3% CPU
Identifying sites to remove: done in 0.000413634 secs using 1003% CPU
Identifying sites to remove: done in 0.000420287 secs using 1.469e+04% CPU
Identifying sites to remove: done in 0.000353023 secs using 1.637e+04% CPU
Identifying sites to remove: done in 0.000330254 secs using 390.6% CPU
Identifying sites to remove: done in 0.000388615 secs using 427.4% CPU
Identifying sites to remove: done in 0.000326127 secs using 181.5% CPU
Identifying sites to remove: done in 0.000422299 secs using 99.22% CPU
Identifying sites to remove: done in 0.000252195 secs using 2519% CPU
Identifying sites to remove: done in 0.000321008 secs using 1723% CPU
Identifying sites to remove: done in 0.000432715 secs using 1049% CPU
Identifying sites to remove: done in 0.000453278 secs using 690.7% CPU
Identifying sites to remove: done in 0.000446379 secs using 313% CPU
Identifying sites to remove: done in 0.000383548 secs using 494.3% CPU
Identifying sites to remove: done in 0.000326596 secs using 929% CPU
Identifying sites to remove: done in 0.000314489 secs using 130.7% CPU
Identifying sites to remove: done in 0.000419118 secs using 446.9% CPU
Identifying sites to remove: done in 0.000313468 secs using 152.5% CPU
Identifying sites to remove: done in 0.000412524 secs using 555.8% CPU
Identifying sites to remove: done in 0.000336908 secs using 1.636e+04% CPU
Identifying sites to remove: done in 0.000438191 secs using 108.9% CPU
Identifying sites to remove: done in 0.000413433 secs using 99.65% CPU
Identifying sites to remove: done in 0.000407778 secs using 207.7% CPU
Identifying sites to remove: done in 0.000433654 secs using 193.5% CPU
Identifying sites to remove: done in 0.000407442 secs using 585.4% CPU
Identifying sites to remove: done in 0.000268772 secs using 1091% CPU
Identifying sites to remove: done in 0.000290327 secs using 859.4% CPU
Identifying sites to remove: done in 0.000323087 secs using 1626% CPU
Identifying sites to remove: done in 0.000323877 secs using 1785% CPU
Identifying sites to remove: done in 0.000323907 secs using 1161% CPU
Identifying sites to remove: done in 0.00037276 secs using 1778% CPU
Identifying sites to remove: done in 0.000372633 secs using 1244% CPU
Identifying sites to remove: done in 0.000393525 secs using 1865% CPU
Identifying sites to remove: done in 0.000423864 secs using 1867% CPU
Identifying sites to remove: done in 0.000444755 secs using 1227% CPU
Identifying sites to remove: done in 0.000334896 secs using 483.7% CPU
Identifying sites to remove: done in 0.000286318 secs using 640.5% CPU
Identifying sites to remove: done in 0.000278547 secs using 169.8% CPU
Identifying sites to remove: done in 0.000321828 secs using 99.43% CPU
Identifying sites to remove: done in 0.000165597 secs using 99.64% CPU
Identifying sites to remove: done in 0.000118911 secs using 5876% CPU
Identifying sites to remove: done in 0.000277214 secs using 2.081e+04% CPU
Identifying sites to remove: done in 0.000348069 secs using 1.774e+04% CPU
Identifying sites to remove: done in 0.000160187 secs using 115.5% CPU
Identifying sites to remove: done in 0.000265338 secs using 785.4% CPU
Identifying sites to remove: done in 0.000131078 secs using 822.4% CPU
Identifying sites to remove: done in 0.000225969 secs using 1086% CPU
Identifying sites to remove: done in 0.000271343 secs using 1199% CPU
Identifying sites to remove: done in 0.000272587 secs using 920.1% CPU
Identifying sites to remove: done in 0.000207767 secs using 772.5% CPU
Identifying sites to remove: done in 0.000286922 secs using 220.6% CPU
Identifying sites to remove: done in 0.000330731 secs using 363.1% CPU
Identifying sites to remove: done in 0.000327975 secs using 107.9% CPU
Identifying sites to remove: done in 0.000257924 secs using 99.25% CPU
Identifying sites to remove: done in 0.000340775 secs using 305.2% CPU
Identifying sites to remove: done in 0.000355996 secs using 1.898e+04% CPU
Identifying sites to remove: done in 0.00033354 secs using 130.7% CPU
Identifying sites to remove: done in 0.000265889 secs using 388.5% CPU
Identifying sites to remove: done in 0.00033839 secs using 177.9% CPU
Identifying sites to remove: done in 0.000331312 secs using 99.6% CPU
Identifying sites to remove: done in 0.000357874 secs using 1284% CPU
Identifying sites to remove: done in 0.000268862 secs using 1085% CPU
Identifying sites to remove: done in 0.000342883 secs using 1491% CPU
Identifying sites to remove: done in 0.000294931 secs using 160% CPU
Identifying sites to remove: done in 0.000265285 secs using 1191% CPU
Identifying sites to remove: done in 0.000263102 secs using 199.2% CPU
Identifying sites to remove: done in 0.000339024 secs using 2124% CPU
Identifying sites to remove: done in 0.000261508 secs using 1852% CPU
Identifying sites to remove: done in 0.000349358 secs using 2428% CPU
Identifying sites to remove: done in 0.000226527 secs using 1876% CPU
Identifying sites to remove: done in 0.000346214 secs using 1308% CPU
Identifying sites to remove: done in 0.000356562 secs using 1.311e+04% CPU
Identifying sites to remove: done in 0.000275455 secs using 230.5% CPU
Identifying sites to remove: done in 0.000278346 secs using 347.4% CPU
Identifying sites to remove: done in 0.000346862 secs using 352% CPU
Identifying sites to remove: done in 0.000264145 secs using 165.1% CPU
Identifying sites to remove: done in 0.000255331 secs using 99.48% CPU
Identifying sites to remove: done in 0.000334017 secs using 99.7% CPU
Identifying sites to remove: done in 0.000268377 secs using 99.49% CPU
Identifying sites to remove: done in 0.00035429 secs using 99.64% CPU
Identifying sites to remove: done in 0.000330955 secs using 99.71% CPU
Identifying sites to remove: done in 0.000339366 secs using 621.2% CPU
Identifying sites to remove: done in 0.000338003 secs using 183.7% CPU
Identifying sites to remove: done in 0.00033439 secs using 99.58% CPU
Identifying sites to remove: done in 0.000848375 secs using 962.8% CPU
Identifying sites to remove: done in 0.000873201 secs using 982.8% CPU
Identifying sites to remove: done in 0.000902362 secs using 989.2% CPU
Identifying sites to remove: done in 0.00105058 secs using 965.3% CPU
Identifying sites to remove: done in 0.00105146 secs using 996.5% CPU
Identifying sites to remove: done in 0.00108608 secs using 1019% CPU
Identifying sites to remove: done in 0.00108692 secs using 1011% CPU
Identifying sites to remove: done in 0.00112051 secs using 971.6% CPU
Identifying sites to remove: done in 0.00112103 secs using 949.3% CPU
Identifying sites to remove: done in 0.00112278 secs using 1018% CPU
Identifying sites to remove: done in 0.00107895 secs using 6564% CPU
Identifying sites to remove: done in 0.000884712 secs using 327% CPU
Identifying sites to remove: done in 0.000877701 secs using 153.9% CPU
Identifying sites to remove: done in 0.00110286 secs using 6881% CPU
Identifying sites to remove: done in 0.000494033 secs using 99.79% CPU
Identifying sites to remove: done in 0.000448003 secs using 194.6% CPU
Identifying sites to remove: done in 0.00113468 secs using 6955% CPU
Identifying sites to remove: done in 0.000466004 secs using 206.4% CPU
Identifying sites to remove: done in 0.000901297 secs using 177.1% CPU
Identifying sites to remove: done in 0.000441082 secs using 668.1% CPU
Identifying sites to remove: done in 0.00101773 secs using 455.1% CPU
Identifying sites to remove: done in 0.000780895 secs using 195.2% CPU
Identifying sites to remove: done in 0.000970796 secs using 1150% CPU
Identifying sites to remove: done in 0.00101618 secs using 6621% CPU
Identifying sites to remove: done in 0.00103856 secs using 6782% CPU
Identifying sites to remove: done in 0.000841595 secs using 7525% CPU
Identifying sites to remove: done in 0.00109833 secs using 99.88% CPU
Identifying sites to remove: done in 0.00112499 secs using 6872% CPU
Identifying sites to remove: done in 0.00099504 secs using 99.79% CPU
Identifying sites to remove: done in 0.00111024 secs using 300.1% CPU
Identifying sites to remove: done in 0.00112204 secs using 397.8% CPU
Identifying sites to remove: done in 0.0011016 secs using 142% CPU
Identifying sites to remove: done in 0.00100347 secs using 6464% CPU
Identifying sites to remove: done in 0.00110944 secs using 99.42% CPU
Identifying sites to remove: done in 0.0010791 secs using 99.43% CPU
Identifying sites to remove: done in 0.00098905 secs using 230.7% CPU
Identifying sites to remove: done in 0.00112184 secs using 175.7% CPU
Identifying sites to remove: done in 0.000964619 secs using 773.1% CPU
Identifying sites to remove: done in 0.00114321 secs using 829.5% CPU
Identifying sites to remove: done in 0.000890858 secs using 577.3% CPU
Identifying sites to remove: done in 0.00090728 secs using 184.8% CPU
Identifying sites to remove: done in 0.000781335 secs using 957.5% CPU
Identifying sites to remove: done in 0.00109373 secs using 904.3% CPU
Identifying sites to remove: done in 0.00110938 secs using 749.8% CPU
Identifying sites to remove: done in 0.000899568 secs using 583.4% CPU
Identifying sites to remove: done in 0.00114978 secs using 535.5% CPU
Identifying sites to remove: done in 0.000887141 secs using 6678% CPU
Identifying sites to remove: done in 0.00116508 secs using 5420% CPU
Identifying sites to remove: done in 0.000874273 secs using 462.7% CPU
Identifying sites to remove: done in 0.00111523 secs using 512.3% CPU
Identifying sites to remove: done in 0.00096453 secs using 171.1% CPU
Identifying sites to remove: done in 0.00086873 secs using 7844% CPU
Identifying sites to remove: done in 0.00101835 secs using 302.5% CPU
Identifying sites to remove: done in 0.00108832 secs using 190% CPU
Identifying sites to remove: done in 0.00109722 secs using 6608% CPU
Identifying sites to remove: done in 0.00113842 secs using 6044% CPU
Identifying sites to remove: done in 0.00110845 secs using 5186% CPU
Identifying sites to remove: done in 0.00118431 secs using 4566% CPU
Identifying sites to remove: done in 0.00110681 secs using 5056% CPU
Identifying sites to remove: done in 0.00050956 secs using 1655% CPU
Identifying sites to remove: done in 0.000495449 secs using 970% CPU
Identifying sites to remove: done in 0.000592664 secs using 955.7% CPU
Identifying sites to remove: done in 0.000621147 secs using 2106% CPU
Identifying sites to remove: done in 0.000683933 secs using 1158% CPU
Identifying sites to remove: done in 0.00069166 secs using 2213% CPU
Identifying sites to remove: done in 0.000741214 secs using 867.4% CPU
Identifying sites to remove: done in 0.000808679 secs using 2174% CPU
Identifying sites to remove: done in 0.000841737 secs using 1459% CPU
Identifying sites to remove: done in 0.000893101 secs using 769.3% CPU
Identifying sites to remove: done in 0.000688083 secs using 8049% CPU
Identifying sites to remove: done in 0.000406742 secs using 145.3% CPU
Identifying sites to remove: done in 0.000427276 secs using 99.94% CPU
Identifying sites to remove: done in 0.000533462 secs using 99.73% CPU
Identifying sites to remove: done in 0.000544041 secs using 783.8% CPU
Identifying sites to remove: done in 0.000272736 secs using 168.7% CPU
Identifying sites to remove: done in 0.000489451 secs using 1.385e+04% CPU
Identifying sites to remove: done in 0.000232667 secs using 407.9% CPU
Identifying sites to remove: done in 0.0004384 secs using 199.1% CPU
Identifying sites to remove: done in 0.000228271 secs using 179.6% CPU
Identifying sites to remove: done in 0.000216387 secs using 301.8% CPU
Identifying sites to remove: done in 0.000374854 secs using 818.5% CPU
Identifying sites to remove: done in 0.000456393 secs using 1000% CPU
Identifying sites to remove: done in 0.000481457 secs using 817.7% CPU
Identifying sites to remove: done in 0.00036364 secs using 795.8% CPU
Identifying sites to remove: done in 0.000487357 secs using 348.2% CPU
Identifying sites to remove: done in 0.000606999 secs using 105.1% CPU
Identifying sites to remove: done in 0.000625618 secs using 1.062e+04% CPU
Identifying sites to remove: done in 0.000469603 secs using 99.66% CPU
Identifying sites to remove: done in 0.000474244 secs using 894.5% CPU
Identifying sites to remove: done in 0.000568591 secs using 350.7% CPU
Identifying sites to remove: done in 0.000573814 secs using 766.6% CPU
Identifying sites to remove: done in 0.000646397 secs using 118.2% CPU
Identifying sites to remove: done in 0.000610851 secs using 99.7% CPU
Identifying sites to remove: done in 0.000550918 secs using 722.2% CPU
Identifying sites to remove: done in 0.000619024 secs using 1096% CPU
Identifying sites to remove: done in 0.000389375 secs using 1281% CPU
Identifying sites to remove: done in 0.000614911 secs using 1189% CPU
Identifying sites to remove: done in 0.000556998 secs using 161.6% CPU
Identifying sites to remove: done in 0.000556491 secs using 99.73% CPU
Identifying sites to remove: done in 0.000428282 secs using 406.3% CPU
Identifying sites to remove: done in 0.00038068 secs using 1.483e+04% CPU
Identifying sites to remove: done in 0.000483796 secs using 389.2% CPU
Identifying sites to remove: done in 0.000495449 secs using 529% CPU
Identifying sites to remove: done in 0.000653945 secs using 550.7% CPU
Identifying sites to remove: done in 0.000566356 secs using 462.4% CPU
Identifying sites to remove: done in 0.000439398 secs using 560.5% CPU
Identifying sites to remove: done in 0.000478059 secs using 129.5% CPU
Identifying sites to remove: done in 0.000382707 secs using 1244% CPU
Identifying sites to remove: done in 0.000488847 secs using 1410% CPU
Identifying sites to remove: done in 0.000451177 secs using 931.6% CPU
Identifying sites to remove: done in 0.00045646 secs using 553.6% CPU
Identifying sites to remove: done in 0.000425555 secs using 175.5% CPU
Identifying sites to remove: done in 0.000487313 secs using 1.218e+04% CPU
Identifying sites to remove: done in 0.000551678 secs using 311.6% CPU
Identifying sites to remove: done in 0.000492707 secs using 200.9% CPU
Identifying sites to remove: done in 0.000472039 secs using 993.4% CPU
Identifying sites to remove: done in 0.000554137 secs using 519.4% CPU
Identifying sites to remove: done in 0.000549033 secs using 99.63% CPU
Identifying sites to remove: done in 0.000771716 secs using 1071% CPU
Identifying sites to remove: done in 0.000796251 secs using 953.7% CPU
Identifying sites to remove: done in 0.000821568 secs using 988.7% CPU
Identifying sites to remove: done in 0.000961758 secs using 1257% CPU
Identifying sites to remove: done in 0.00101446 secs using 1132% CPU
Identifying sites to remove: done in 0.00101733 secs using 1261% CPU
Identifying sites to remove: done in 0.001102 secs using 1143% CPU
Identifying sites to remove: done in 0.00115553 secs using 955.7% CPU
Identifying sites to remove: done in 0.00121802 secs using 993.1% CPU
Identifying sites to remove: done in 0.00124846 secs using 936.6% CPU
Identifying sites to remove: done in 0.000956379 secs using 7148% CPU
Identifying sites to remove: done in 0.000787467 secs using 315.4% CPU
Identifying sites to remove: done in 0.000770755 secs using 177.7% CPU
Identifying sites to remove: done in 0.000970133 secs using 7885% CPU
Identifying sites to remove: done in 0.000492141 secs using 99.97% CPU
Identifying sites to remove: done in 0.000400782 secs using 899% CPU
Identifying sites to remove: done in 0.000996172 secs using 557.2% CPU
Identifying sites to remove: done in 0.000802241 secs using 196.9% CPU
Identifying sites to remove: done in 0.000424802 secs using 989.4% CPU
Identifying sites to remove: done in 0.000924431 secs using 7815% CPU
Identifying sites to remove: done in 0.000417471 secs using 210.3% CPU
Identifying sites to remove: done in 0.000708796 secs using 291.2% CPU
Identifying sites to remove: done in 0.000927739 secs using 787.4% CPU
Identifying sites to remove: done in 0.000930123 secs using 659.8% CPU
Identifying sites to remove: done in 0.000712797 secs using 355.4% CPU
Identifying sites to remove: done in 0.000905022 secs using 521.9% CPU
Identifying sites to remove: done in 0.000994243 secs using 240.3% CPU
Identifying sites to remove: done in 0.00102457 secs using 173.8% CPU
Identifying sites to remove: done in 0.00091783 secs using 8468% CPU
Identifying sites to remove: done in 0.00100062 secs using 309.9% CPU
Identifying sites to remove: done in 0.0010153 secs using 797.8% CPU
Identifying sites to remove: done in 0.00103813 secs using 7158% CPU
Identifying sites to remove: done in 0.000898466 secs using 99.84% CPU
Identifying sites to remove: done in 0.00100874 secs using 99.93% CPU
Identifying sites to remove: done in 0.000986606 secs using 99.84% CPU
Identifying sites to remove: done in 0.00100423 secs using 380.9% CPU
Identifying sites to remove: done in 0.000947885 secs using 745.8% CPU
Identifying sites to remove: done in 0.00101306 secs using 855.6% CPU
Identifying sites to remove: done in 0.000918843 secs using 760.5% CPU
Identifying sites to remove: done in 0.000813447 secs using 591.7% CPU
Identifying sites to remove: done in 0.000816338 secs using 205.4% CPU
Identifying sites to remove: done in 0.000704385 secs using 398.6% CPU
Identifying sites to remove: done in 0.00099843 secs using 463.2% CPU
Identifying sites to remove: done in 0.00080163 secs using 624.6% CPU
Identifying sites to remove: done in 0.00100239 secs using 426.5% CPU
Identifying sites to remove: done in 0.00100132 secs using 421.1% CPU
Identifying sites to remove: done in 0.00100558 secs using 464.4% CPU
Identifying sites to remove: done in 0.000799403 secs using 173.5% CPU
Identifying sites to remove: done in 0.000801817 secs using 7760% CPU
Identifying sites to remove: done in 0.000907376 secs using 248.6% CPU
Identifying sites to remove: done in 0.00101345 secs using 267.3% CPU
Identifying sites to remove: done in 0.000756003 secs using 99.74% CPU
Identifying sites to remove: done in 0.000907376 secs using 7675% CPU
Identifying sites to remove: done in 0.000995412 secs using 7336% CPU
Identifying sites to remove: done in 0.000977919 secs using 298.3% CPU
Identifying sites to remove: done in 0.000979051 secs using 119.4% CPU
Identifying sites to remove: done in 0.00101955 secs using 6039% CPU
Identifying sites to remove: done in 0.0010211 secs using 5705% CPU
Identifying sites to remove: done in 0.00100465 secs using 5608% CPU
Identifying sites to remove: done in 0.000291325 secs using 950.1% CPU
Identifying sites to remove: done in 0.000345707 secs using 917.5% CPU
Identifying sites to remove: done in 0.000386767 secs using 1048% CPU
Identifying sites to remove: done in 0.000433974 secs using 1171% CPU
Identifying sites to remove: done in 0.000446364 secs using 918.3% CPU
Identifying sites to remove: done in 0.000484586 secs using 1272% CPU
Identifying sites to remove: done in 0.000484683 secs using 1206% CPU
Identifying sites to remove: done in 0.000455931 secs using 898.4% CPU
Identifying sites to remove: done in 0.000562109 secs using 973.3% CPU
Identifying sites to remove: done in 0.00056278 secs using 791.3% CPU
Identifying sites to remove: done in 0.000279374 secs using 708.4% CPU
Identifying sites to remove: done in 0.000454158 secs using 1230% CPU
Identifying sites to remove: done in 0.000290185 secs using 1187% CPU
Identifying sites to remove: done in 0.000354327 secs using 204.6% CPU
Identifying sites to remove: done in 0.000181414 secs using 99.22% CPU
Identifying sites to remove: done in 0.00035692 secs using 267.3% CPU
Identifying sites to remove: done in 0.000295535 secs using 173.9% CPU
Identifying sites to remove: done in 0.000129789 secs using 99.39% CPU
Identifying sites to remove: done in 0.000288546 secs using 633.2% CPU
Identifying sites to remove: done in 0.000173263 secs using 898.6% CPU
Identifying sites to remove: done in 0.000292927 secs using 663% CPU
Identifying sites to remove: done in 0.000253566 secs using 1259% CPU
Identifying sites to remove: done in 0.000152737 secs using 336.5% CPU
Identifying sites to remove: done in 0.000246264 secs using 1070% CPU
Identifying sites to remove: done in 0.000329062 secs using 352.5% CPU
Identifying sites to remove: done in 0.000328653 secs using 799% CPU
Identifying sites to remove: done in 0.000358269 secs using 155.7% CPU
Identifying sites to remove: done in 0.000357904 secs using 1101% CPU
Identifying sites to remove: done in 0.000293873 secs using 132.4% CPU
Identifying sites to remove: done in 0.000360854 secs using 248.6% CPU
Identifying sites to remove: done in 0.000363335 secs using 103.5% CPU
Identifying sites to remove: done in 0.000367992 secs using 800.6% CPU
Identifying sites to remove: done in 0.000360869 secs using 961.3% CPU
Identifying sites to remove: done in 0.000293158 secs using 737.5% CPU
Identifying sites to remove: done in 0.000355005 secs using 146.8% CPU
Identifying sites to remove: done in 0.000343971 secs using 1505% CPU
Identifying sites to remove: done in 0.000364959 secs using 729.9% CPU
Identifying sites to remove: done in 0.000364356 secs using 265.1% CPU
Identifying sites to remove: done in 0.000284217 secs using 99.57% CPU
Identifying sites to remove: done in 0.00029882 secs using 2692% CPU
Identifying sites to remove: done in 0.000310414 secs using 1.861e+04% CPU
Identifying sites to remove: done in 0.000388592 secs using 1.398e+04% CPU
Identifying sites to remove: done in 0.000254475 secs using 284.9% CPU
Identifying sites to remove: done in 0.000382245 secs using 361.3% CPU
Identifying sites to remove: done in 0.000311449 secs using 775.7% CPU
Identifying sites to remove: done in 0.00036972 secs using 621.6% CPU
Identifying sites to remove: done in 0.000307858 secs using 291.7% CPU
Identifying sites to remove: done in 0.000372931 secs using 460.4% CPU
Identifying sites to remove: done in 0.000282675 secs using 945.6% CPU
Identifying sites to remove: done in 0.000378497 secs using 574.6% CPU
Identifying sites to remove: done in 0.000280276 secs using 222.3% CPU
Identifying sites to remove: done in 0.00036671 secs using 516.5% CPU
Identifying sites to remove: done in 0.000280827 secs using 181.6% CPU
Identifying sites to remove: done in 0.000288904 secs using 99.34% CPU
Identifying sites to remove: done in 0.000364244 secs using 99.38% CPU
Identifying sites to remove: done in 0.000364564 secs using 99.57% CPU
Identifying sites to remove: done in 0.000361547 secs using 99.57% CPU
Identifying sites to remove: done in 0.000357248 secs using 99.37% CPU
Identifying sites to remove: done in 0.000357121 secs using 99.69% CPU
Identifying sites to remove: done in 0.000906453 secs using 1386% CPU
Identifying sites to remove: done in 0.000945166 secs using 1162% CPU
Identifying sites to remove: done in 0.00100746 secs using 948.5% CPU
Identifying sites to remove: done in 0.00112829 secs using 1624% CPU
Identifying sites to remove: done in 0.00113105 secs using 1450% CPU
Identifying sites to remove: done in 0.00115267 secs using 2439% CPU
Identifying sites to remove: done in 0.00118545 secs using 2057% CPU
Identifying sites to remove: done in 0.00120907 secs using 1863% CPU
Identifying sites to remove: done in 0.00120895 secs using 1707% CPU
Identifying sites to remove: done in 0.00124473 secs using 2128% CPU
Identifying sites to remove: done in 0.00113267 secs using 99.94% CPU
Identifying sites to remove: done in 0.000948191 secs using 514.3% CPU
Identifying sites to remove: done in 0.000944071 secs using 7957% CPU
Identifying sites to remove: done in 0.0011517 secs using 99.85% CPU
Identifying sites to remove: done in 0.000529155 secs using 99.78% CPU
Identifying sites to remove: done in 0.000485107 secs using 359.5% CPU
Identifying sites to remove: done in 0.00120115 secs using 365.6% CPU
Identifying sites to remove: done in 0.000535667 secs using 228.1% CPU
Identifying sites to remove: done in 0.000958458 secs using 252.9% CPU
Identifying sites to remove: done in 0.000474781 secs using 1010% CPU
Identifying sites to remove: done in 0.00109176 secs using 591% CPU
Identifying sites to remove: done in 0.000873029 secs using 7458% CPU
Identifying sites to remove: done in 0.0010495 secs using 558% CPU
Identifying sites to remove: done in 0.00105513 secs using 538.8% CPU
Identifying sites to remove: done in 0.00109186 secs using 445.6% CPU
Identifying sites to remove: done in 0.000881642 secs using 306.6% CPU
Identifying sites to remove: done in 0.00118041 secs using 6394% CPU
Identifying sites to remove: done in 0.00119178 secs using 101.8% CPU
Identifying sites to remove: done in 0.00105464 secs using 99.75% CPU
Identifying sites to remove: done in 0.00120085 secs using 6308% CPU
Identifying sites to remove: done in 0.00122256 secs using 6104% CPU
Identifying sites to remove: done in 0.00118735 secs using 268.7% CPU
Identifying sites to remove: done in 0.00106265 secs using 102.1% CPU
Identifying sites to remove: done in 0.0011863 secs using 99.72% CPU
Identifying sites to remove: done in 0.00115567 secs using 99.86% CPU
Identifying sites to remove: done in 0.00106134 secs using 395.5% CPU
Identifying sites to remove: done in 0.00120316 secs using 745.9% CPU
Identifying sites to remove: done in 0.00107827 secs using 6172% CPU
Identifying sites to remove: done in 0.00123365 secs using 5159% CPU
Identifying sites to remove: done in 0.000969395 secs using 314.3% CPU
Identifying sites to remove: done in 0.000981405 secs using 237.7% CPU
Identifying sites to remove: done in 0.000843652 secs using 1500% CPU
Identifying sites to remove: done in 0.00119302 secs using 6080% CPU
Identifying sites to remove: done in 0.00121849 secs using 5706% CPU
Identifying sites to remove: done in 0.000972569 secs using 6662% CPU
Identifying sites to remove: done in 0.00119399 secs using 314.8% CPU
Identifying sites to remove: done in 0.00120176 secs using 318.2% CPU
Identifying sites to remove: done in 0.000944018 secs using 199.7% CPU
Identifying sites to remove: done in 0.00118067 secs using 5926% CPU
Identifying sites to remove: done in 0.000960536 secs using 6930% CPU
Identifying sites to remove: done in 0.00105455 secs using 5945% CPU
Identifying sites to remove: done in 0.000898883 secs using 99.9% CPU
Identifying sites to remove: done in 0.00108227 secs using 376.8% CPU
Identifying sites to remove: done in 0.00115807 secs using 181.7% CPU
Identifying sites to remove: done in 0.00116587 secs using 268% CPU
Identifying sites to remove: done in 0.00119091 secs using 150.3% CPU
Identifying sites to remove: done in 0.00116239 secs using 265.4% CPU
Identifying sites to remove: done in 0.00123213 secs using 185.2% CPU
Identifying sites to remove: done in 0.00115874 secs using 99.85% CPU
Identifying sites to remove: done in 0.00101708 secs using 961.9% CPU
Identifying sites to remove: done in 0.00110882 secs using 974.9% CPU
Identifying sites to remove: done in 0.00132006 secs using 973.3% CPU
Identifying sites to remove: done in 0.00137808 secs using 940.5% CPU
Identifying sites to remove: done in 0.00138389 secs using 982.4% CPU
Identifying sites to remove: done in 0.00148077 secs using 974.9% CPU
Identifying sites to remove: done in 0.00147953 secs using 900.7% CPU
Identifying sites to remove: done in 0.00153472 secs using 940.2% CPU
Identifying sites to remove: done in 0.00158045 secs using 909% CPU
Identifying sites to remove: done in 0.00189336 secs using 746.2% CPU
Identifying sites to remove: done in 0.0011347 secs using 465.1% CPU
Identifying sites to remove: done in 0.000880703 secs using 436.6% CPU
Identifying sites to remove: done in 0.000892349 secs using 220% CPU
Identifying sites to remove: done in 0.00113496 secs using 6485% CPU
Identifying sites to remove: done in 0.000516854 secs using 99.83% CPU
Identifying sites to remove: done in 0.000466377 secs using 1053% CPU
Identifying sites to remove: done in 0.00119589 secs using 6580% CPU
Identifying sites to remove: done in 0.000957765 secs using 7696% CPU
Identifying sites to remove: done in 0.000506006 secs using 352.8% CPU
Identifying sites to remove: done in 0.00104738 secs using 398.4% CPU
Identifying sites to remove: done in 0.000470757 secs using 741.1% CPU
Identifying sites to remove: done in 0.000845976 secs using 620.3% CPU
Identifying sites to remove: done in 0.00107067 secs using 731.6% CPU
Identifying sites to remove: done in 0.000844106 secs using 7901% CPU
Identifying sites to remove: done in 0.0010747 secs using 6481% CPU
Identifying sites to remove: done in 0.00103652 secs using 6101% CPU
Identifying sites to remove: done in 0.00117858 secs using 331.2% CPU
Identifying sites to remove: done in 0.00115062 secs using 150.5% CPU
Identifying sites to remove: done in 0.00105114 secs using 99.42% CPU
Identifying sites to remove: done in 0.00117069 secs using 6844% CPU
Identifying sites to remove: done in 0.0011603 secs using 206.5% CPU
Identifying sites to remove: done in 0.00114889 secs using 368.6% CPU
Identifying sites to remove: done in 0.00106034 secs using 492.1% CPU
Identifying sites to remove: done in 0.00119539 secs using 5656% CPU
Identifying sites to remove: done in 0.0011493 secs using 99.89% CPU
Identifying sites to remove: done in 0.00119712 secs using 6366% CPU
Identifying sites to remove: done in 0.00119364 secs using 6163% CPU
Identifying sites to remove: done in 0.00107926 secs using 447.4% CPU
Identifying sites to remove: done in 0.00107323 secs using 379.1% CPU
Identifying sites to remove: done in 0.000942022 secs using 378.4% CPU
Identifying sites to remove: done in 0.000900269 secs using 153.6% CPU
Identifying sites to remove: done in 0.000845633 secs using 8516% CPU
Identifying sites to remove: done in 0.0011785 secs using 5973% CPU
Identifying sites to remove: done in 0.00116112 secs using 460.5% CPU
Identifying sites to remove: done in 0.000929281 secs using 405.5% CPU
Identifying sites to remove: done in 0.00118306 secs using 376.9% CPU
Identifying sites to remove: done in 0.00116839 secs using 382.9% CPU
Identifying sites to remove: done in 0.000899374 secs using 894.2% CPU
Identifying sites to remove: done in 0.000929065 secs using 6916% CPU
Identifying sites to remove: done in 0.00109062 secs using 5627% CPU
Identifying sites to remove: done in 0.0011681 secs using 5046% CPU
Identifying sites to remove: done in 0.000882179 secs using 99.87% CPU
Identifying sites to remove: done in 0.00113209 secs using 440.7% CPU
Identifying sites to remove: done in 0.00107345 secs using 6524% CPU
Identifying sites to remove: done in 0.00113887 secs using 294.1% CPU
Identifying sites to remove: done in 0.00115483 secs using 142.8% CPU
Identifying sites to remove: done in 0.00114067 secs using 312.4% CPU
Identifying sites to remove: done in 0.00120289 secs using 260.3% CPU
Identifying sites to remove: done in 0.00115498 secs using 99.83% CPU
Identifying sites to remove: done in 0.000570744 secs using 960.3% CPU
Identifying sites to remove: done in 0.000687107 secs using 966.2% CPU
Identifying sites to remove: done in 0.000735186 secs using 917.9% CPU
Identifying sites to remove: done in 0.000787511 secs using 947.9% CPU
Identifying sites to remove: done in 0.000791438 secs using 928.6% CPU
Identifying sites to remove: done in 0.000814043 secs using 945.4% CPU
Identifying sites to remove: done in 0.000813983 secs using 944.9% CPU
Identifying sites to remove: done in 0.000777207 secs using 931.9% CPU
Identifying sites to remove: done in 0.000966258 secs using 803.9% CPU
Identifying sites to remove: done in 0.00119334 secs using 2094% CPU
Identifying sites to remove: done in 0.000723913 secs using 99.74% CPU
Identifying sites to remove: done in 0.000444368 secs using 1717% CPU
Identifying sites to remove: done in 0.000652067 secs using 248.1% CPU
Identifying sites to remove: done in 0.000877067 secs using 8051% CPU
Identifying sites to remove: done in 0.000316776 secs using 685.7% CPU
Identifying sites to remove: done in 0.000653259 secs using 479% CPU
Identifying sites to remove: done in 0.00054238 secs using 656.4% CPU
Identifying sites to remove: done in 0.00023628 secs using 196.4% CPU
Identifying sites to remove: done in 0.000531949 secs using 340.8% CPU
Identifying sites to remove: done in 0.000258639 secs using 199.9% CPU
Identifying sites to remove: done in 0.000514261 secs using 218.6% CPU
Identifying sites to remove: done in 0.000252217 secs using 628.8% CPU
Identifying sites to remove: done in 0.000439696 secs using 1.331e+04% CPU
Identifying sites to remove: done in 0.000574939 secs using 1.091e+04% CPU
Identifying sites to remove: done in 0.000427209 secs using 433.7% CPU
Identifying sites to remove: done in 0.000514649 secs using 248.5% CPU
Identifying sites to remove: done in 0.000562236 secs using 99.25% CPU
Identifying sites to remove: done in 0.000549585 secs using 99.35% CPU
Identifying sites to remove: done in 0.000541888 secs using 1.367e+04% CPU
Identifying sites to remove: done in 0.000659801 secs using 99.58% CPU
Identifying sites to remove: done in 0.000660717 secs using 389.7% CPU
Identifying sites to remove: done in 0.000558734 secs using 551.8% CPU
Identifying sites to remove: done in 0.000564732 secs using 637.3% CPU
Identifying sites to remove: done in 0.000531502 secs using 155.6% CPU
Identifying sites to remove: done in 0.000659265 secs using 99.2% CPU
Identifying sites to remove: done in 0.000671007 secs using 666.6% CPU
Identifying sites to remove: done in 0.00059624 secs using 448.8% CPU
Identifying sites to remove: done in 0.000530519 secs using 284.3% CPU
Identifying sites to remove: done in 0.00051178 secs using 99.85% CPU
Identifying sites to remove: done in 0.00045301 secs using 735.5% CPU
Identifying sites to remove: done in 0.000517301 secs using 132.4% CPU
Identifying sites to remove: done in 0.000559919 secs using 1485% CPU
Identifying sites to remove: done in 0.000557505 secs using 893.8% CPU
Identifying sites to remove: done in 0.0006283 secs using 9102% CPU
Identifying sites to remove: done in 0.000450917 secs using 1.148e+04% CPU
Identifying sites to remove: done in 0.00058537 secs using 9073% CPU
Identifying sites to remove: done in 0.000682406 secs using 394.8% CPU
Identifying sites to remove: done in 0.000507072 secs using 121.7% CPU
Identifying sites to remove: done in 0.000553131 secs using 415.8% CPU
Identifying sites to remove: done in 0.000434816 secs using 615.9% CPU
Identifying sites to remove: done in 0.000507362 secs using 360.1% CPU
Identifying sites to remove: done in 0.000570126 secs using 555.3% CPU
Identifying sites to remove: done in 0.000515282 secs using 731.8% CPU
Identifying sites to remove: done in 0.000525512 secs using 126.4% CPU
Identifying sites to remove: done in 0.000554711 secs using 297.8% CPU
Identifying sites to remove: done in 0.000557497 secs using 189.8% CPU
Identifying sites to remove: done in 0.000545859 secs using 530.5% CPU
Identifying sites to remove: done in 0.000650272 secs using 99.65% CPU
Identifying sites to remove: done in 0.00066305 secs using 549% CPU
Identifying sites to remove: done in 0.000693269 secs using 1749% CPU
Identifying sites to remove: done in 0.000835113 secs using 2586% CPU
Identifying sites to remove: done in 0.000835672 secs using 1922% CPU
Identifying sites to remove: done in 0.000858881 secs using 2223% CPU
Identifying sites to remove: done in 0.000884518 secs using 1246% CPU
Identifying sites to remove: done in 0.000943653 secs using 911.9% CPU
Identifying sites to remove: done in 0.000969164 secs using 2905% CPU
Identifying sites to remove: done in 0.000990011 secs using 3406% CPU
Identifying sites to remove: done in 0.00102871 secs using 3021% CPU
Identifying sites to remove: done in 0.00112583 secs using 2281% CPU
Identifying sites to remove: done in 0.00094714 secs using 99.88% CPU
Identifying sites to remove: done in 0.000622571 secs using 674.9% CPU
Identifying sites to remove: done in 0.000615098 secs using 180.1% CPU
Identifying sites to remove: done in 0.000956632 secs using 99.83% CPU
Identifying sites to remove: done in 0.00045152 secs using 99.66% CPU
Identifying sites to remove: done in 0.00100133 secs using 785% CPU
Identifying sites to remove: done in 0.000815973 secs using 798.4% CPU
Identifying sites to remove: done in 0.000428997 secs using 1.603e+04% CPU
Identifying sites to remove: done in 0.000974014 secs using 7292% CPU
Identifying sites to remove: done in 0.000353977 secs using 354.5% CPU
Identifying sites to remove: done in 0.000612639 secs using 349% CPU
Identifying sites to remove: done in 0.000414088 secs using 1235% CPU
Identifying sites to remove: done in 0.000946335 secs using 859.8% CPU
Identifying sites to remove: done in 0.000933245 secs using 766% CPU
Identifying sites to remove: done in 0.000737056 secs using 561.2% CPU
Identifying sites to remove: done in 0.000649534 secs using 250.3% CPU
Identifying sites to remove: done in 0.000843182 secs using 8429% CPU
Identifying sites to remove: done in 0.00101802 secs using 6612% CPU
Identifying sites to remove: done in 0.00077273 secs using 99.91% CPU
Identifying sites to remove: done in 0.00100637 secs using 236.7% CPU
Identifying sites to remove: done in 0.00101221 secs using 180.1% CPU
Identifying sites to remove: done in 0.000959165 secs using 99.77% CPU
Identifying sites to remove: done in 0.00092829 secs using 837.8% CPU
Identifying sites to remove: done in 0.000975884 secs using 901% CPU
Identifying sites to remove: done in 0.000989154 secs using 6495% CPU
Identifying sites to remove: done in 0.000718482 secs using 99.79% CPU
Identifying sites to remove: done in 0.000992797 secs using 962.8% CPU
Identifying sites to remove: done in 0.00102171 secs using 774.7% CPU
Identifying sites to remove: done in 0.000684924 secs using 762.9% CPU
Identifying sites to remove: done in 0.000817686 secs using 1038% CPU
Identifying sites to remove: done in 0.00081905 secs using 191.8% CPU
Identifying sites to remove: done in 0.000737056 secs using 635.8% CPU
Identifying sites to remove: done in 0.000966221 secs using 600.3% CPU
Identifying sites to remove: done in 0.000854254 secs using 676.4% CPU
Identifying sites to remove: done in 0.000833929 secs using 525.9% CPU
Identifying sites to remove: done in 0.000795968 secs using 185.1% CPU
Identifying sites to remove: done in 0.000999756 secs using 1471% CPU
Identifying sites to remove: done in 0.000663817 secs using 1703% CPU
Identifying sites to remove: done in 0.000839822 secs using 7402% CPU
Identifying sites to remove: done in 0.000666574 secs using 8649% CPU
Identifying sites to remove: done in 0.000815906 secs using 6618% CPU
Identifying sites to remove: done in 0.000773177 secs using 279.9% CPU
Identifying sites to remove: done in 0.000814311 secs using 421% CPU
Identifying sites to remove: done in 0.000654645 secs using 150% CPU
Identifying sites to remove: done in 0.000798598 secs using 584.6% CPU
Identifying sites to remove: done in 0.000828721 secs using 7942% CPU
Identifying sites to remove: done in 0.00079836 secs using 433.8% CPU
Identifying sites to remove: done in 0.00100049 secs using 6561% CPU
Identifying sites to remove: done in 0.000991523 secs using 313.3% CPU
Identifying sites to remove: done in 0.000500165 secs using 969.3% CPU
Identifying sites to remove: done in 0.000555873 secs using 945.2% CPU
Identifying sites to remove: done in 0.00061284 secs using 962.9% CPU
Identifying sites to remove: done in 0.000659339 secs using 2847% CPU
Identifying sites to remove: done in 0.000658959 secs using 1896% CPU
Identifying sites to remove: done in 0.00102237 secs using 4616% CPU
Identifying sites to remove: done in 0.00107914 secs using 5563% CPU
Identifying sites to remove: done in 0.00114252 secs using 5550% CPU
Identifying sites to remove: done in 0.00121045 secs using 4472% CPU
Identifying sites to remove: done in 0.00124009 secs using 3601% CPU
Identifying sites to remove: done in 0.000687286 secs using 942% CPU
Identifying sites to remove: done in 0.000535168 secs using 741.4% CPU
Identifying sites to remove: done in 0.000624962 secs using 169.6% CPU
Identifying sites to remove: done in 0.000562526 secs using 99.2% CPU
Identifying sites to remove: done in 0.000343487 secs using 1209% CPU
Identifying sites to remove: done in 0.000545152 secs using 223.2% CPU
Identifying sites to remove: done in 0.000610322 secs using 514.8% CPU
Identifying sites to remove: done in 0.000426628 secs using 849.2% CPU
Identifying sites to remove: done in 0.000538111 secs using 873.1% CPU
Identifying sites to remove: done in 0.000286341 secs using 220.4% CPU
Identifying sites to remove: done in 0.000552088 secs using 1.237e+04% CPU
Identifying sites to remove: done in 0.000449285 secs using 544.9% CPU
Identifying sites to remove: done in 0.000558294 secs using 523.2% CPU
Identifying sites to remove: done in 0.000450142 secs using 543.8% CPU
Identifying sites to remove: done in 0.000284612 secs using 368.6% CPU
Identifying sites to remove: done in 0.000547878 secs using 396.6% CPU
Identifying sites to remove: done in 0.000686444 secs using 99.79% CPU
Identifying sites to remove: done in 0.000689507 secs using 99.64% CPU
Identifying sites to remove: done in 0.000560306 secs using 1.298e+04% CPU
Identifying sites to remove: done in 0.000599831 secs using 99.69% CPU
Identifying sites to remove: done in 0.000597253 secs using 443.5% CPU
Identifying sites to remove: done in 0.000709593 secs using 492.3% CPU
Identifying sites to remove: done in 0.000556551 secs using 138.7% CPU
Identifying sites to remove: done in 0.000715367 secs using 627.1% CPU
Identifying sites to remove: done in 0.000618771 secs using 1.1e+04% CPU
Identifying sites to remove: done in 0.000730433 secs using 485.6% CPU
Identifying sites to remove: done in 0.000611179 secs using 469.9% CPU
Identifying sites to remove: done in 0.000551477 secs using 525.9% CPU
Identifying sites to remove: done in 0.000568271 secs using 149.9% CPU
Identifying sites to remove: done in 0.00056614 secs using 99.8% CPU
Identifying sites to remove: done in 0.000476055 secs using 868% CPU
Identifying sites to remove: done in 0.000625677 secs using 786.5% CPU
Identifying sites to remove: done in 0.000493899 secs using 7784% CPU
Identifying sites to remove: done in 0.00074017 secs using 7031% CPU
Identifying sites to remove: done in 0.000437275 secs using 531.9% CPU
Identifying sites to remove: done in 0.000608556 secs using 391.7% CPU
Identifying sites to remove: done in 0.000618719 secs using 321% CPU
Identifying sites to remove: done in 0.000568219 secs using 808% CPU
Identifying sites to remove: done in 0.000619717 secs using 559.6% CPU
Identifying sites to remove: done in 0.000582181 secs using 259.2% CPU
Identifying sites to remove: done in 0.000463903 secs using 661.3% CPU
Identifying sites to remove: done in 0.000461258 secs using 199.2% CPU
Identifying sites to remove: done in 0.000634149 secs using 9950% CPU
Identifying sites to remove: done in 0.000567012 secs using 1.061e+04% CPU
Identifying sites to remove: done in 0.000616312 secs using 99.79% CPU
Identifying sites to remove: done in 0.000708312 secs using 99.81% CPU
Identifying sites to remove: done in 0.000619315 secs using 685.4% CPU
Identifying sites to remove: done in 0.00061287 secs using 804.4% CPU
Identifying sites to remove: done in 0.00060121 secs using 392.5% CPU
Identifying sites to remove: done in 0.000260368 secs using 876.1% CPU
Identifying sites to remove: done in 0.000263013 secs using 1411% CPU
Identifying sites to remove: done in 0.000298575 secs using 1810% CPU
Identifying sites to remove: done in 0.000328347 secs using 4219% CPU
Identifying sites to remove: done in 0.000328839 secs using 3806% CPU
Identifying sites to remove: done in 0.000332043 secs using 2956% CPU
Identifying sites to remove: done in 0.000331782 secs using 4624% CPU
Identifying sites to remove: done in 0.000407457 secs using 2145% CPU
Identifying sites to remove: done in 0.000409022 secs using 2838% CPU
Identifying sites to remove: done in 0.000485808 secs using 1545% CPU
Identifying sites to remove: done in 0.000235923 secs using 710% CPU
Identifying sites to remove: done in 0.000276811 secs using 1053% CPU
Identifying sites to remove: done in 0.000328161 secs using 166.4% CPU
Identifying sites to remove: done in 0.000263579 secs using 99.02% CPU
Identifying sites to remove: done in 0.000144862 secs using 861.5% CPU
Identifying sites to remove: done in 0.000223421 secs using 437.7% CPU
Identifying sites to remove: done in 0.000282824 secs using 169.4% CPU
Identifying sites to remove: done in 0.000115246 secs using 98.92% CPU
Identifying sites to remove: done in 0.000258498 secs using 1278% CPU
Identifying sites to remove: done in 0.000142403 secs using 1256% CPU
Identifying sites to remove: done in 0.000227481 secs using 973.3% CPU
Identifying sites to remove: done in 0.000259727 secs using 546.7% CPU
Identifying sites to remove: done in 0.000205211 secs using 168.6% CPU
Identifying sites to remove: done in 0.000125244 secs using 1541% CPU
Identifying sites to remove: done in 0.000284322 secs using 854% CPU
Identifying sites to remove: done in 0.000250816 secs using 1023% CPU
Identifying sites to remove: done in 0.000285454 secs using 136.3% CPU
Identifying sites to remove: done in 0.000282019 secs using 1280% CPU
Identifying sites to remove: done in 0.00026112 secs using 157% CPU
Identifying sites to remove: done in 0.000297457 secs using 2.08e+04% CPU
Identifying sites to remove: done in 0.000283442 secs using 158.8% CPU
Identifying sites to remove: done in 0.000256866 secs using 866.6% CPU
Identifying sites to remove: done in 0.000282101 secs using 554.4% CPU
Identifying sites to remove: done in 0.000278533 secs using 255.3% CPU
Identifying sites to remove: done in 0.000276141 secs using 99.22% CPU
Identifying sites to remove: done in 0.000284664 secs using 814.6% CPU
Identifying sites to remove: done in 0.000284687 secs using 924.2% CPU
Identifying sites to remove: done in 0.000273488 secs using 133.8% CPU
Identifying sites to remove: done in 0.000221811 secs using 1317% CPU
Identifying sites to remove: done in 0.000220455 secs using 1441% CPU
Identifying sites to remove: done in 0.000265919 secs using 142.9% CPU
Identifying sites to remove: done in 0.00028991 secs using 300.8% CPU
Identifying sites to remove: done in 0.000200734 secs using 1844% CPU
Identifying sites to remove: done in 0.000224724 secs using 3243% CPU
Identifying sites to remove: done in 0.000312276 secs using 2481% CPU
Identifying sites to remove: done in 0.000304326 secs using 2698% CPU
Identifying sites to remove: done in 0.000303678 secs using 1538% CPU
Identifying sites to remove: done in 0.000282772 secs using 1.467e+04% CPU
Identifying sites to remove: done in 0.0002397 secs using 138.1% CPU
Identifying sites to remove: done in 0.000218891 secs using 314.8% CPU
Identifying sites to remove: done in 0.000298142 secs using 138.2% CPU
Identifying sites to remove: done in 0.00022234 secs using 911.7% CPU
Identifying sites to remove: done in 0.000286736 secs using 471.9% CPU
Identifying sites to remove: done in 0.000282884 secs using 702.1% CPU
Identifying sites to remove: done in 0.000310346 secs using 190.4% CPU
Identifying sites to remove: done in 0.000327252 secs using 99.62% CPU
Identifying sites to remove: done in 0.000288203 secs using 436.5% CPU
Identifying sites to remove: done in 0.000288233 secs using 152% CPU
Identifying sites to remove: done in 0.000299938 secs using 99.35% CPU
Identifying sites to remove: done in 0.000729941 secs using 945.6% CPU
Identifying sites to remove: done in 0.000807583 secs using 1154% CPU
Identifying sites to remove: done in 0.000857353 secs using 1349% CPU
Identifying sites to remove: done in 0.000952199 secs using 1474% CPU
Identifying sites to remove: done in 0.000952661 secs using 2112% CPU
Identifying sites to remove: done in 0.00100568 secs using 5728% CPU
Identifying sites to remove: done in 0.00103891 secs using 6146% CPU
Identifying sites to remove: done in 0.00109854 secs using 6105% CPU
Identifying sites to remove: done in 0.00110018 secs using 5546% CPU
Identifying sites to remove: done in 0.0011372 secs using 4569% CPU
Identifying sites to remove: done in 0.000983901 secs using 99.4% CPU
Identifying sites to remove: done in 0.000827074 secs using 9012% CPU
Identifying sites to remove: done in 0.000853986 secs using 9127% CPU
Identifying sites to remove: done in 0.000998646 secs using 99.84% CPU
Identifying sites to remove: done in 0.000460379 secs using 99.7% CPU
Identifying sites to remove: done in 0.000415564 secs using 180.5% CPU
Identifying sites to remove: done in 0.00102581 secs using 181.5% CPU
Identifying sites to remove: done in 0.000455894 secs using 188.2% CPU
Identifying sites to remove: done in 0.000788808 secs using 217.3% CPU
Identifying sites to remove: done in 0.000408232 secs using 929.4% CPU
Identifying sites to remove: done in 0.000942945 secs using 559.9% CPU
Identifying sites to remove: done in 0.000640616 secs using 710.6% CPU
Identifying sites to remove: done in 0.000973485 secs using 6675% CPU
Identifying sites to remove: done in 0.000665173 secs using 287.4% CPU
Identifying sites to remove: done in 0.000959598 secs using 6479% CPU
Identifying sites to remove: done in 0.000985079 secs using 5924% CPU
Identifying sites to remove: done in 0.00104272 secs using 99.45% CPU
Identifying sites to remove: done in 0.00105272 secs using 7172% CPU
Identifying sites to remove: done in 0.000807948 secs using 99.76% CPU
Identifying sites to remove: done in 0.00103726 secs using 483.2% CPU
Identifying sites to remove: done in 0.00105032 secs using 435.5% CPU
Identifying sites to remove: done in 0.00108995 secs using 383.5% CPU
Identifying sites to remove: done in 0.000942104 secs using 157.1% CPU
Identifying sites to remove: done in 0.00105759 secs using 6472% CPU
Identifying sites to remove: done in 0.00100747 secs using 99.85% CPU
Identifying sites to remove: done in 0.000964999 secs using 202.4% CPU
Identifying sites to remove: done in 0.00107235 secs using 405.2% CPU
Identifying sites to remove: done in 0.000813365 secs using 8423% CPU
Identifying sites to remove: done in 0.00104788 secs using 6280% CPU
Identifying sites to remove: done in 0.000842243 secs using 310.1% CPU
Identifying sites to remove: done in 0.000839792 secs using 251.3% CPU
Identifying sites to remove: done in 0.000725411 secs using 1485% CPU
Identifying sites to remove: done in 0.00105143 secs using 872.3% CPU
Identifying sites to remove: done in 0.000861138 secs using 7575% CPU
Identifying sites to remove: done in 0.00107541 secs using 6412% CPU
Identifying sites to remove: done in 0.00107517 secs using 5801% CPU
Identifying sites to remove: done in 0.000828996 secs using 255.6% CPU
Identifying sites to remove: done in 0.0010298 secs using 273% CPU
Identifying sites to remove: done in 0.000812188 secs using 585% CPU
Identifying sites to remove: done in 0.00103647 secs using 713.1% CPU
Identifying sites to remove: done in 0.000806019 secs using 639.1% CPU
Identifying sites to remove: done in 0.00082387 secs using 7677% CPU
Identifying sites to remove: done in 0.000810698 secs using 367.1% CPU
Identifying sites to remove: done in 0.00104015 secs using 163.6% CPU
Identifying sites to remove: done in 0.00116481 secs using 99.84% CPU
Identifying sites to remove: done in 0.00108246 secs using 6324% CPU
Identifying sites to remove: done in 0.00102361 secs using 499% CPU
Identifying sites to remove: done in 0.00105113 secs using 186.8% CPU
Identifying sites to remove: done in 0.00100578 secs using 99.82% CPU
Identifying sites to remove: done in 0.000451781 secs using 958% CPU
Identifying sites to remove: done in 0.000584885 secs using 942.4% CPU
Identifying sites to remove: done in 0.000626251 secs using 912.4% CPU
Identifying sites to remove: done in 0.000703834 secs using 927.3% CPU
Identifying sites to remove: done in 0.000746429 secs using 909.5% CPU
Identifying sites to remove: done in 0.000782907 secs using 903.3% CPU
Identifying sites to remove: done in 0.000803627 secs using 852.6% CPU
Identifying sites to remove: done in 0.000840366 secs using 872.1% CPU
Identifying sites to remove: done in 0.00091026 secs using 786.5% CPU
Identifying sites to remove: done in 0.000949822 secs using 773.3% CPU
Identifying sites to remove: done in 0.000697352 secs using 424.9% CPU
Identifying sites to remove: done in 0.00044179 secs using 1294% CPU
Identifying sites to remove: done in 0.000441015 secs using 774.8% CPU
Identifying sites to remove: done in 0.000511058 secs using 189.8% CPU
Identifying sites to remove: done in 0.000406146 secs using 551.3% CPU
Identifying sites to remove: done in 0.000252798 secs using 568.4% CPU
Identifying sites to remove: done in 0.000503771 secs using 125.7% CPU
Identifying sites to remove: done in 0.0001866 secs using 1056% CPU
Identifying sites to remove: done in 0.000407204 secs using 981.1% CPU
Identifying sites to remove: done in 0.000241317 secs using 312% CPU
Identifying sites to remove: done in 0.000406124 secs using 1768% CPU
Identifying sites to remove: done in 0.000347152 secs using 1724% CPU
Identifying sites to remove: done in 0.00035888 secs using 1612% CPU
Identifying sites to remove: done in 0.000434868 secs using 936.8% CPU
Identifying sites to remove: done in 0.000238754 secs using 206.9% CPU
Identifying sites to remove: done in 0.000516713 secs using 309.1% CPU
Identifying sites to remove: done in 0.000505075 secs using 99.59% CPU
Identifying sites to remove: done in 0.000517875 secs using 99.64% CPU
Identifying sites to remove: done in 0.000420533 secs using 99.64% CPU
Identifying sites to remove: done in 0.0005043 secs using 99.74% CPU
Identifying sites to remove: done in 0.000510462 secs using 1308% CPU
Identifying sites to remove: done in 0.000521392 secs using 785.2% CPU
Identifying sites to remove: done in 0.000529073 secs using 862.3% CPU
Identifying sites to remove: done in 0.000413157 secs using 1044% CPU
Identifying sites to remove: done in 0.000522144 secs using 1.222e+04% CPU
Identifying sites to remove: done in 0.000502206 secs using 678% CPU
Identifying sites to remove: done in 0.000521325 secs using 479% CPU
Identifying sites to remove: done in 0.000535563 secs using 235.8% CPU
Identifying sites to remove: done in 0.000478521 secs using 626.1% CPU
Identifying sites to remove: done in 0.000420704 secs using 1462% CPU
Identifying sites to remove: done in 0.000403039 secs using 901.4% CPU
Identifying sites to remove: done in 0.000403129 secs using 1298% CPU
Identifying sites to remove: done in 0.000548117 secs using 1604% CPU
Identifying sites to remove: done in 0.000579067 secs using 1762% CPU
Identifying sites to remove: done in 0.000391327 secs using 1.399e+04% CPU
Identifying sites to remove: done in 0.000611603 secs using 8490% CPU
Identifying sites to remove: done in 0.000547528 secs using 8724% CPU
Identifying sites to remove: done in 0.00049416 secs using 137.8% CPU
Identifying sites to remove: done in 0.000418961 secs using 1014% CPU
Identifying sites to remove: done in 0.000542909 secs using 716.9% CPU
Identifying sites to remove: done in 0.000401758 secs using 590.2% CPU
Identifying sites to remove: done in 0.000403188 secs using 269.4% CPU
Identifying sites to remove: done in 0.000522368 secs using 99.74% CPU
Identifying sites to remove: done in 0.000484154 secs using 732.6% CPU
Identifying sites to remove: done in 0.000534445 secs using 117.7% CPU
Identifying sites to remove: done in 0.00054682 secs using 1.136e+04% CPU
Identifying sites to remove: done in 0.000532918 secs using 1.434e+04% CPU
Identifying sites to remove: done in 0.000513569 secs using 103.6% CPU
Identifying sites to remove: done in 0.000526823 secs using 99.65% CPU
Identifying sites to remove: done in 0.000374131 secs using 2217% CPU
Identifying sites to remove: done in 0.000468455 secs using 3489% CPU
Identifying sites to remove: done in 0.000470258 secs using 934.2% CPU
Identifying sites to remove: done in 0.000509046 secs using 3732% CPU
Identifying sites to remove: done in 0.000528634 secs using 1343% CPU
Identifying sites to remove: done in 0.00057134 secs using 2138% CPU
Identifying sites to remove: done in 0.000573009 secs using 2556% CPU
Identifying sites to remove: done in 0.000574917 secs using 3808% CPU
Identifying sites to remove: done in 0.000609457 secs using 3993% CPU
Identifying sites to remove: done in 0.000611067 secs using 4382% CPU
Identifying sites to remove: done in 0.000570044 secs using 9545% CPU
Identifying sites to remove: done in 0.000411093 secs using 408.9% CPU
Identifying sites to remove: done in 0.000399828 secs using 202.3% CPU
Identifying sites to remove: done in 0.000515833 secs using 99.64% CPU
Identifying sites to remove: done in 0.000263847 secs using 99.68% CPU
Identifying sites to remove: done in 0.00053484 secs using 99.66% CPU
Identifying sites to remove: done in 0.000228092 secs using 1905% CPU
Identifying sites to remove: done in 0.000440262 secs using 1.551e+04% CPU
Identifying sites to remove: done in 0.000524782 secs using 1.22e+04% CPU
Identifying sites to remove: done in 0.000241034 secs using 164.7% CPU
Identifying sites to remove: done in 0.000312917 secs using 235.5% CPU
Identifying sites to remove: done in 0.000235625 secs using 1587% CPU
Identifying sites to remove: done in 0.00049296 secs using 1006% CPU
Identifying sites to remove: done in 0.000542045 secs using 758.6% CPU
Identifying sites to remove: done in 0.000530019 secs using 541.3% CPU
Identifying sites to remove: done in 0.000348076 secs using 275.5% CPU
Identifying sites to remove: done in 0.000501141 secs using 705% CPU
Identifying sites to remove: done in 0.000550114 secs using 146.3% CPU
Identifying sites to remove: done in 0.0004007 secs using 99.58% CPU
Identifying sites to remove: done in 0.000549443 secs using 490.5% CPU
Identifying sites to remove: done in 0.000546567 secs using 190.5% CPU
Identifying sites to remove: done in 0.000553526 secs using 631.4% CPU
Identifying sites to remove: done in 0.000503816 secs using 182.8% CPU
Identifying sites to remove: done in 0.000551052 secs using 99.63% CPU
Identifying sites to remove: done in 0.00054583 secs using 1.222e+04% CPU
Identifying sites to remove: done in 0.000416838 secs using 105.3% CPU
Identifying sites to remove: done in 0.000562176 secs using 99.61% CPU
Identifying sites to remove: done in 0.000385135 secs using 1553% CPU
Identifying sites to remove: done in 0.000443622 secs using 725.4% CPU
Identifying sites to remove: done in 0.000555679 secs using 909.7% CPU
Identifying sites to remove: done in 0.000439607 secs using 325.7% CPU
Identifying sites to remove: done in 0.000402957 secs using 1873% CPU
Identifying sites to remove: done in 0.000558421 secs using 2210% CPU
Identifying sites to remove: done in 0.000534154 secs using 1584% CPU
Identifying sites to remove: done in 0.000525273 secs using 941.2% CPU
Identifying sites to remove: done in 0.000473626 secs using 257.8% CPU
Identifying sites to remove: done in 0.000427268 secs using 220.7% CPU
Identifying sites to remove: done in 0.000575885 secs using 300.8% CPU
Identifying sites to remove: done in 0.000519373 secs using 567.6% CPU
Identifying sites to remove: done in 0.000395402 secs using 276.2% CPU
Identifying sites to remove: done in 0.00045979 secs using 454.8% CPU
Identifying sites to remove: done in 0.000436611 secs using 817.9% CPU
Identifying sites to remove: done in 0.000346608 secs using 462.2% CPU
Identifying sites to remove: done in 0.000516161 secs using 166.6% CPU
Identifying sites to remove: done in 0.000500686 secs using 813.3% CPU
Identifying sites to remove: done in 0.000551037 secs using 1.147e+04% CPU
Identifying sites to remove: done in 0.000510566 secs using 1.5e+04% CPU
Identifying sites to remove: done in 0.000534393 secs using 99.74% CPU
Identifying sites to remove: done in 0.000537507 secs using 99.53% CPU
Identifying sites to remove: done in 0.000583678 secs using 1152% CPU
Identifying sites to remove: done in 0.000608265 secs using 1334% CPU
Identifying sites to remove: done in 0.000604443 secs using 961.4% CPU
Identifying sites to remove: done in 0.000677511 secs using 1786% CPU
Identifying sites to remove: done in 0.000700317 secs using 1914% CPU
Identifying sites to remove: done in 0.000719011 secs using 2351% CPU
Identifying sites to remove: done in 0.000755653 secs using 2109% CPU
Identifying sites to remove: done in 0.000788212 secs using 1893% CPU
Identifying sites to remove: done in 0.000839308 secs using 1374% CPU
Identifying sites to remove: done in 0.000954174 secs using 1107% CPU
Identifying sites to remove: done in 0.000581749 secs using 1.075e+04% CPU
Identifying sites to remove: done in 0.000576124 secs using 1.052e+04% CPU
Identifying sites to remove: done in 0.000773028 secs using 8369% CPU
Identifying sites to remove: done in 0.000657693 secs using 99.74% CPU
Identifying sites to remove: done in 0.000324428 secs using 1434% CPU
Identifying sites to remove: done in 0.000561371 secs using 228.2% CPU
Identifying sites to remove: done in 0.000693463 secs using 496.5% CPU
Identifying sites to remove: done in 0.000293747 secs using 198.8% CPU
Identifying sites to remove: done in 0.000652947 secs using 785.1% CPU
Identifying sites to remove: done in 0.00032521 secs using 2876% CPU
Identifying sites to remove: done in 0.000677101 secs using 9311% CPU
Identifying sites to remove: done in 0.000552304 secs using 1.074e+04% CPU
Identifying sites to remove: done in 0.000709638 secs using 7891% CPU
Identifying sites to remove: done in 0.000589557 secs using 9263% CPU
Identifying sites to remove: done in 0.000308014 secs using 328.9% CPU
Identifying sites to remove: done in 0.000595517 secs using 311.5% CPU
Identifying sites to remove: done in 0.000701435 secs using 107.8% CPU
Identifying sites to remove: done in 0.000702821 secs using 99.31% CPU
Identifying sites to remove: done in 0.00064861 secs using 99.29% CPU
Identifying sites to remove: done in 0.000714846 secs using 1.003e+04% CPU
Identifying sites to remove: done in 0.000708178 secs using 596.5% CPU
Identifying sites to remove: done in 0.000730805 secs using 539.5% CPU
Identifying sites to remove: done in 0.000665709 secs using 420.3% CPU
Identifying sites to remove: done in 0.000734642 secs using 232.8% CPU
Identifying sites to remove: done in 0.000691772 secs using 99.74% CPU
Identifying sites to remove: done in 0.000610657 secs using 654.2% CPU
Identifying sites to remove: done in 0.000741757 secs using 9116% CPU
Identifying sites to remove: done in 0.000747167 secs using 8310% CPU
Identifying sites to remove: done in 0.000600144 secs using 9583% CPU
Identifying sites to remove: done in 0.000684917 secs using 523.7% CPU
Identifying sites to remove: done in 0.000562884 secs using 381.8% CPU
Identifying sites to remove: done in 0.000715747 secs using 529.2% CPU
Identifying sites to remove: done in 0.000535168 secs using 960.1% CPU
Identifying sites to remove: done in 0.000749096 secs using 1177% CPU
Identifying sites to remove: done in 0.00058873 secs using 1013% CPU
Identifying sites to remove: done in 0.000728905 secs using 632.2% CPU
Identifying sites to remove: done in 0.000714883 secs using 575.1% CPU
Identifying sites to remove: done in 0.000654116 secs using 901.2% CPU
Identifying sites to remove: done in 0.000563316 secs using 736.5% CPU
Identifying sites to remove: done in 0.000580862 secs using 415.8% CPU
Identifying sites to remove: done in 0.000716276 secs using 7642% CPU
Identifying sites to remove: done in 0.000561953 secs using 207% CPU
Identifying sites to remove: done in 0.000712402 secs using 286.2% CPU
Identifying sites to remove: done in 0.000611059 secs using 140.1% CPU
Identifying sites to remove: done in 0.000686482 secs using 444.6% CPU
Identifying sites to remove: done in 0.000699081 secs using 124.4% CPU
Identifying sites to remove: done in 0.000704043 secs using 499% CPU
Identifying sites to remove: done in 0.000696592 secs using 189.2% CPU
Identifying sites to remove: done in 0.000705659 secs using 283.8% CPU
Identifying sites to remove: done in 0.000571236 secs using 970% CPU
Identifying sites to remove: done in 0.000569582 secs using 993.5% CPU
Identifying sites to remove: done in 0.000697412 secs using 960.6% CPU
Identifying sites to remove: done in 0.000806049 secs using 1149% CPU
Identifying sites to remove: done in 0.00080514 secs using 1072% CPU
Identifying sites to remove: done in 0.000911549 secs using 1275% CPU
Identifying sites to remove: done in 0.00100559 secs using 819.6% CPU
Identifying sites to remove: done in 0.0010457 secs using 1037% CPU
Identifying sites to remove: done in 0.00106435 secs using 846.5% CPU
Identifying sites to remove: done in 0.00115135 secs using 1019% CPU
Identifying sites to remove: done in 0.000776738 secs using 425.6% CPU
Identifying sites to remove: done in 0.000752948 secs using 8576% CPU
Identifying sites to remove: done in 0.000604577 secs using 194.4% CPU
Identifying sites to remove: done in 0.000654869 secs using 99.87% CPU
Identifying sites to remove: done in 0.000322565 secs using 99.82% CPU
Identifying sites to remove: done in 0.00069274 secs using 1.008e+04% CPU
Identifying sites to remove: done in 0.000267439 secs using 221% CPU
Identifying sites to remove: done in 0.000570469 secs using 1.159e+04% CPU
Identifying sites to remove: done in 0.000370882 secs using 352.1% CPU
Identifying sites to remove: done in 0.000567965 secs using 1104% CPU
Identifying sites to remove: done in 0.000470884 secs using 1126% CPU
Identifying sites to remove: done in 0.000584349 secs using 1164% CPU
Identifying sites to remove: done in 0.000285447 secs using 900.3% CPU
Identifying sites to remove: done in 0.000570461 secs using 997.6% CPU
Identifying sites to remove: done in 0.000693932 secs using 656% CPU
Identifying sites to remove: done in 0.000475653 secs using 208.3% CPU
Identifying sites to remove: done in 0.000761643 secs using 8912% CPU
Identifying sites to remove: done in 0.000761069 secs using 8727% CPU
Identifying sites to remove: done in 0.000561021 secs using 99.82% CPU
Identifying sites to remove: done in 0.000705145 secs using 670.9% CPU
Identifying sites to remove: done in 0.000739686 secs using 320.1% CPU
Identifying sites to remove: done in 0.000729561 secs using 219.6% CPU
Identifying sites to remove: done in 0.000571042 secs using 99.82% CPU
Identifying sites to remove: done in 0.000726372 secs using 326% CPU
Identifying sites to remove: done in 0.000700355 secs using 123.8% CPU
Identifying sites to remove: done in 0.000731692 secs using 99.91% CPU
Identifying sites to remove: done in 0.000729941 secs using 9446% CPU
Identifying sites to remove: done in 0.000705294 secs using 9309% CPU
Identifying sites to remove: done in 0.000663683 secs using 9360% CPU
Identifying sites to remove: done in 0.000558354 secs using 256.3% CPU
Identifying sites to remove: done in 0.00057286 secs using 359.6% CPU
Identifying sites to remove: done in 0.000839546 secs using 105.3% CPU
Identifying sites to remove: done in 0.000451371 secs using 1466% CPU
Identifying sites to remove: done in 0.000561409 secs using 1425% CPU
Identifying sites to remove: done in 0.000734299 secs using 1440% CPU
Identifying sites to remove: done in 0.000774756 secs using 926.7% CPU
Identifying sites to remove: done in 0.000899851 secs using 530.8% CPU
Identifying sites to remove: done in 0.000573553 secs using 821.7% CPU
Identifying sites to remove: done in 0.000688232 secs using 8184% CPU
Identifying sites to remove: done in 0.000550546 secs using 226.1% CPU
Identifying sites to remove: done in 0.000862814 secs using 284.5% CPU
Identifying sites to remove: done in 0.000554211 secs using 173.6% CPU
Identifying sites to remove: done in 0.000824347 secs using 400.7% CPU
Identifying sites to remove: done in 0.000855312 secs using 494.1% CPU
Identifying sites to remove: done in 0.000697784 secs using 191.6% CPU
Identifying sites to remove: done in 0.000723511 secs using 99.79% CPU
Identifying sites to remove: done in 0.000704587 secs using 702.5% CPU
Identifying sites to remove: done in 0.000849634 secs using 384% CPU
Identifying sites to remove: done in 0.000700682 secs using 99.76% CPU
Identifying sites to remove: done in 0.000765808 secs using 1138% CPU
Identifying sites to remove: done in 0.000854351 secs using 845.6% CPU
Identifying sites to remove: done in 0.000942834 secs using 720.6% CPU
Identifying sites to remove: done in 0.00100961 secs using 1154% CPU
Identifying sites to remove: done in 0.0010327 secs using 1201% CPU
Identifying sites to remove: done in 0.00105551 secs using 1050% CPU
Identifying sites to remove: done in 0.00110568 secs using 893.5% CPU
Identifying sites to remove: done in 0.00158846 secs using 609.8% CPU
Identifying sites to remove: done in 0.000704326 secs using 9597% CPU
Identifying sites to remove: done in 0.000683531 secs using 150.2% CPU
Identifying sites to remove: done in 0.000437222 secs using 1.717e+04% CPU
Identifying sites to remove: done in 0.000905722 secs using 8755% CPU
Identifying sites to remove: done in 0.000395104 secs using 466.5% CPU
Identifying sites to remove: done in 0.000909001 secs using 510% CPU
Identifying sites to remove: done in 0.000697553 secs using 724.8% CPU
Identifying sites to remove: done in 0.000427343 secs using 784.8% CPU
Identifying sites to remove: done in 0.000773549 secs using 797.8% CPU
Identifying sites to remove: done in 0.000487447 secs using 286% CPU
Identifying sites to remove: done in 0.000963144 secs using 497.4% CPU
Identifying sites to remove: done in 0.000908419 secs using 252.4% CPU
Identifying sites to remove: done in 0.000987023 secs using 6930% CPU
Identifying sites to remove: done in 0.000943765 secs using 99.71% CPU
Identifying sites to remove: done in 0.000889681 secs using 418.8% CPU
Identifying sites to remove: done in 0.000914946 secs using 354.7% CPU
Identifying sites to remove: done in 0.000922985 secs using 163.5% CPU
Identifying sites to remove: done in 0.000501767 secs using 637.1% CPU
Identifying sites to remove: done in 0.000745773 secs using 1165% CPU
Identifying sites to remove: done in 0.000501402 secs using 1.22e+04% CPU
Identifying sites to remove: done in 0.000903957 secs using 6389% CPU
Identifying sites to remove: done in 0.000716858 secs using 659.4% CPU
Identifying sites to remove: done in 0.000913829 secs using 686% CPU
Identifying sites to remove: done in 0.000891767 secs using 460.1% CPU
Identifying sites to remove: done in 0.000940822 secs using 192.3% CPU
Identifying sites to remove: done in 0.000501946 secs using 207.6% CPU
Identifying sites to remove: done in 0.000884458 secs using 494.4% CPU
Identifying sites to remove: done in 0.000884846 secs using 380.9% CPU
Identifying sites to remove: done in 0.000891045 secs using 346.9% CPU
Identifying sites to remove: done in 0.00076624 secs using 403.7% CPU
Identifying sites to remove: done in 0.000913575 secs using 118% CPU
Identifying sites to remove: done in 0.00086078 secs using 99.79% CPU
Identifying sites to remove: done in 0.000877984 secs using 8755% CPU
Identifying sites to remove: done in 0.000596397 secs using 954.4% CPU
Identifying sites to remove: done in 0.000606574 secs using 1015% CPU
Identifying sites to remove: done in 0.000678144 secs using 943.3% CPU
Identifying sites to remove: done in 0.00075157 secs using 1035% CPU
Identifying sites to remove: done in 0.000829563 secs using 1043% CPU
Identifying sites to remove: done in 0.000981867 secs using 990.7% CPU
Identifying sites to remove: done in 0.00100603 secs using 1010% CPU
Identifying sites to remove: done in 0.00103787 secs using 909.8% CPU
Identifying sites to remove: done in 0.00107351 secs using 853.5% CPU
Identifying sites to remove: done in 0.00108182 secs using 925.3% CPU
Identifying sites to remove: done in 0.00076931 secs using 846% CPU
Identifying sites to remove: done in 0.000646777 secs using 1.021e+04% CPU
Identifying sites to remove: done in 0.000690639 secs using 9943% CPU
Identifying sites to remove: done in 0.000759691 secs using 99.91% CPU
Identifying sites to remove: done in 0.000376545 secs using 887.8% CPU
Identifying sites to remove: done in 0.000789404 secs using 572.3% CPU
Identifying sites to remove: done in 0.000634804 secs using 290% CPU
Identifying sites to remove: done in 0.000311293 secs using 2.281e+04% CPU
Identifying sites to remove: done in 0.000636652 secs using 336.9% CPU
Identifying sites to remove: done in 0.000371948 secs using 424% CPU
Identifying sites to remove: done in 0.000517234 secs using 644.6% CPU
Identifying sites to remove: done in 0.00083895 secs using 900.3% CPU
Identifying sites to remove: done in 0.000798732 secs using 832.3% CPU
Identifying sites to remove: done in 0.000555195 secs using 441.6% CPU
Identifying sites to remove: done in 0.000806592 secs using 645.2% CPU
Identifying sites to remove: done in 0.000826687 secs using 429.7% CPU
Identifying sites to remove: done in 0.000877596 secs using 7821% CPU
Identifying sites to remove: done in 0.000877872 secs using 7663% CPU
Identifying sites to remove: done in 0.000623792 secs using 99.71% CPU
Identifying sites to remove: done in 0.000790901 secs using 233.5% CPU
Identifying sites to remove: done in 0.000796638 secs using 8686% CPU
Identifying sites to remove: done in 0.000827737 secs using 4101% CPU
Identifying sites to remove: done in 0.00061664 secs using 158.9% CPU
Identifying sites to remove: done in 0.000818588 secs using 99.44% CPU
Identifying sites to remove: done in 0.000781514 secs using 99.29% CPU
Identifying sites to remove: done in 0.000851616 secs using 8775% CPU
Identifying sites to remove: done in 0.000639208 secs using 399.9% CPU
Identifying sites to remove: done in 0.00082428 secs using 388.9% CPU
Identifying sites to remove: done in 0.000692382 secs using 281.5% CPU
Identifying sites to remove: done in 0.000661135 secs using 862.6% CPU
Identifying sites to remove: done in 0.000640333 secs using 592.7% CPU
Identifying sites to remove: done in 0.000826165 secs using 205.2% CPU
Identifying sites to remove: done in 0.000800304 secs using 1745% CPU
Identifying sites to remove: done in 0.000844948 secs using 7299% CPU
Identifying sites to remove: done in 0.000814363 secs using 7162% CPU
Identifying sites to remove: done in 0.000539824 secs using 1.043e+04% CPU
Identifying sites to remove: done in 0.000684075 secs using 7642% CPU
Identifying sites to remove: done in 0.000642553 secs using 355.5% CPU
Identifying sites to remove: done in 0.000658631 secs using 719.8% CPU
Identifying sites to remove: done in 0.000826374 secs using 436.2% CPU
Identifying sites to remove: done in 0.000625871 secs using 201.8% CPU
Identifying sites to remove: done in 0.000632904 secs using 985.6% CPU
Identifying sites to remove: done in 0.000633076 secs using 514.3% CPU
Identifying sites to remove: done in 0.000809275 secs using 243.3% CPU
Identifying sites to remove: done in 0.000799328 secs using 99.83% CPU
Identifying sites to remove: done in 0.00081674 secs using 99.79% CPU
Identifying sites to remove: done in 0.000822611 secs using 8861% CPU
Identifying sites to remove: done in 0.000810176 secs using 8596% CPU
Identifying sites to remove: done in 0.000787273 secs using 392.9% CPU
Identifying sites to remove: done in 0.000417717 secs
Identifying sites to remove: done in 0.000461169 secs
Identifying sites to remove: done in 0.000508673 secs
Identifying sites to remove: done in 0.000530399 secs
Identifying sites to remove: done in 0.000509828 secs
Identifying sites to remove: done in 0.000602305 secs
Identifying sites to remove: done in 0.000622191 secs
Identifying sites to remove: done in 0.000653923 secs
Identifying sites to remove: done in 0.000655644 secs
Identifying sites to remove: done in 0.000719748 secs
Identifying sites to remove: done in 0.000525862 secs using 782.7% CPU
Identifying sites to remove: done in 0.000416793 secs using 744.3% CPU
Identifying sites to remove: done in 0.000392124 secs using 236.1% CPU
Identifying sites to remove: done in 0.000459522 secs using 1.48e+04% CPU
Identifying sites to remove: done in 0.000230066 secs using 99.54% CPU
Identifying sites to remove: done in 0.000471197 secs using 442.9% CPU
Identifying sites to remove: done in 0.00040862 secs using 188.7% CPU
Identifying sites to remove: done in 0.000198141 secs using 99.42% CPU
Identifying sites to remove: done in 0.000439584 secs using 779.6% CPU
Identifying sites to remove: done in 0.000221163 secs using 1332% CPU
Identifying sites to remove: done in 0.000359841 secs using 1731% CPU
Identifying sites to remove: done in 0.000444971 secs using 1965% CPU
Identifying sites to remove: done in 0.000365019 secs using 1313% CPU
Identifying sites to remove: done in 0.000458479 secs using 1385% CPU
Identifying sites to remove: done in 0.000240408 secs using 353.1% CPU
Identifying sites to remove: done in 0.000448458 secs using 362.4% CPU
Identifying sites to remove: done in 0.000483707 secs using 264% CPU
Identifying sites to remove: done in 0.000490293 secs using 119.3% CPU
Identifying sites to remove: done in 0.00043717 secs using 99.73% CPU
Identifying sites to remove: done in 0.000471473 secs using 311.6% CPU
Identifying sites to remove: done in 0.00047306 secs using 953.2% CPU
Identifying sites to remove: done in 0.000502355 secs using 1.421e+04% CPU
Identifying sites to remove: done in 0.000445321 secs using 105.8% CPU
Identifying sites to remove: done in 0.000492245 secs using 99.54% CPU
Identifying sites to remove: done in 0.000474982 secs using 99.58% CPU
Identifying sites to remove: done in 0.000491805 secs using 671.2% CPU
Identifying sites to remove: done in 0.000479862 secs using 1459% CPU
Identifying sites to remove: done in 0.000453152 secs using 1674% CPU
Identifying sites to remove: done in 0.00049752 secs using 1619% CPU
Identifying sites to remove: done in 0.000404529 secs using 1096% CPU
Identifying sites to remove: done in 0.000424102 secs using 1.301e+04% CPU
Identifying sites to remove: done in 0.000491649 secs using 715.8% CPU
Identifying sites to remove: done in 0.00036218 secs using 794.9% CPU
Identifying sites to remove: done in 0.000389673 secs using 843.8% CPU
Identifying sites to remove: done in 0.000545412 secs using 769% CPU
Identifying sites to remove: done in 0.000513598 secs using 530.2% CPU
Identifying sites to remove: done in 0.000482641 secs using 222.7% CPU
Identifying sites to remove: done in 0.000379711 secs using 852.2% CPU
Identifying sites to remove: done in 0.000456311 secs using 1162% CPU
Identifying sites to remove: done in 0.000402458 secs using 473.8% CPU
Identifying sites to remove: done in 0.000474878 secs using 140.2% CPU
Identifying sites to remove: done in 0.000364766 secs using 99.79% CPU
Identifying sites to remove: done in 0.000485346 secs using 1.212e+04% CPU
Identifying sites to remove: done in 0.000433564 secs using 105.6% CPU
Identifying sites to remove: done in 0.000490002 secs using 99.59% CPU
Identifying sites to remove: done in 0.00048431 secs using 99.73% CPU
Identifying sites to remove: done in 0.00047496 secs using 1148% CPU
Identifying sites to remove: done in 0.000492387 secs using 661.5% CPU
Identifying sites to remove: done in 0.000473931 secs using 99.8% CPU
Identifying sites to remove: done in 0.000484072 secs using 956.7% CPU
Identifying sites to remove: done in 0.000495732 secs using 1173% CPU
Identifying sites to remove: done in 0.000530444 secs using 1362% CPU
Identifying sites to remove: done in 0.000603519 secs using 1840% CPU
Identifying sites to remove: done in 0.000627242 secs using 1429% CPU
Identifying sites to remove: done in 0.000630409 secs using 2493% CPU
Identifying sites to remove: done in 0.000657372 secs using 2069% CPU
Identifying sites to remove: done in 0.000677675 secs using 1533% CPU
Identifying sites to remove: done in 0.000681363 secs using 2187% CPU
Identifying sites to remove: done in 0.00079377 secs using 1613% CPU
Identifying sites to remove: done in 0.000567265 secs using 864.9% CPU
Identifying sites to remove: done in 0.000464328 secs using 1.361e+04% CPU
Identifying sites to remove: done in 0.00046391 secs using 1.322e+04% CPU
Identifying sites to remove: done in 0.000544354 secs using 99.57% CPU
Identifying sites to remove: done in 0.000262663 secs using 99.75% CPU
Identifying sites to remove: done in 0.000236548 secs using 290.4% CPU
Identifying sites to remove: done in 0.000568323 secs using 704.2% CPU
Identifying sites to remove: done in 0.000466183 secs using 391.3% CPU
Identifying sites to remove: done in 0.000256635 secs using 1259% CPU
Identifying sites to remove: done in 0.000529863 secs using 136.6% CPU
Identifying sites to remove: done in 0.000242569 secs using 1831% CPU
Identifying sites to remove: done in 0.000421636 secs using 1565% CPU
Identifying sites to remove: done in 0.000529267 secs using 1927% CPU
Identifying sites to remove: done in 0.000570901 secs using 1.067e+04% CPU
Identifying sites to remove: done in 0.000438504 secs using 1.345e+04% CPU
Identifying sites to remove: done in 0.000560157 secs using 9801% CPU
Identifying sites to remove: done in 0.000575975 secs using 292% CPU
Identifying sites to remove: done in 0.000568472 secs using 113.3% CPU
Identifying sites to remove: done in 0.000528805 secs using 99.66% CPU
Identifying sites to remove: done in 0.000582255 secs using 1.262e+04% CPU
Identifying sites to remove: done in 0.000580207 secs using 253.7% CPU
Identifying sites to remove: done in 0.000574932 secs using 166.5% CPU
Identifying sites to remove: done in 0.000531815 secs using 390% CPU
Identifying sites to remove: done in 0.000573598 secs using 174.9% CPU
Identifying sites to remove: done in 0.000572756 secs using 99.69% CPU
Identifying sites to remove: done in 0.000583716 secs using 2006% CPU
Identifying sites to remove: done in 0.00055892 secs using 1632% CPU
Identifying sites to remove: done in 0.000599489 secs using 2082% CPU
Identifying sites to remove: done in 0.000555061 secs using 1.055e+04% CPU
Identifying sites to remove: done in 0.000476927 secs using 282.9% CPU
Identifying sites to remove: done in 0.000444457 secs using 126.7% CPU
Identifying sites to remove: done in 0.000579238 secs using 556.1% CPU
Identifying sites to remove: done in 0.000581682 secs using 1032% CPU
Identifying sites to remove: done in 0.000430703 secs using 1120% CPU
Identifying sites to remove: done in 0.00048551 secs using 1083% CPU
Identifying sites to remove: done in 0.00061243 secs using 604.3% CPU
Identifying sites to remove: done in 0.000594862 secs using 215.8% CPU
Identifying sites to remove: done in 0.00053221 secs using 1329% CPU
Identifying sites to remove: done in 0.000470728 secs using 1135% CPU
Identifying sites to remove: done in 0.00046517 secs using 273.2% CPU
Identifying sites to remove: done in 0.000573739 secs using 779.8% CPU
Identifying sites to remove: done in 0.000463866 secs using 1.176e+04% CPU
Identifying sites to remove: done in 0.000583991 secs using 280.5% CPU
Identifying sites to remove: done in 0.00052812 secs using 131.4% CPU
Identifying sites to remove: done in 0.000566743 secs using 447.6% CPU
Identifying sites to remove: done in 0.000575177 secs using 113% CPU
Identifying sites to remove: done in 0.000574395 secs using 637.5% CPU
Identifying sites to remove: done in 0.000579551 secs using 198.4% CPU
Identifying sites to remove: done in 0.000559688 secs using 99.7% CPU
Identifying sites to remove: done in 0.00054121 secs using 1839% CPU
Identifying sites to remove: done in 0.000522837 secs using 1019% CPU
Identifying sites to remove: done in 0.000535555 secs using 1428% CPU
Identifying sites to remove: done in 0.000668257 secs using 3584% CPU
Identifying sites to remove: done in 0.000670686 secs using 3920% CPU
Identifying sites to remove: done in 0.000668578 secs using 2923% CPU
Identifying sites to remove: done in 0.000723168 secs using 3086% CPU
Identifying sites to remove: done in 0.000724055 secs using 2463% CPU
Identifying sites to remove: done in 0.000723206 secs using 2145% CPU
Identifying sites to remove: done in 0.000854351 secs using 1573% CPU
Identifying sites to remove: done in 0.000548646 secs using 99.7% CPU
Identifying sites to remove: done in 0.000437222 secs using 1037% CPU
Identifying sites to remove: done in 0.000439242 secs using 677.8% CPU
Identifying sites to remove: done in 0.000513121 secs using 160.2% CPU
Identifying sites to remove: done in 0.000513129 secs using 292.9% CPU
Identifying sites to remove: done in 0.000259154 secs using 319.1% CPU
Identifying sites to remove: done in 0.000475384 secs using 485.9% CPU
Identifying sites to remove: done in 0.000494383 secs using 368.7% CPU
Identifying sites to remove: done in 0.000482269 secs using 289.3% CPU
Identifying sites to remove: done in 0.000225946 secs using 988.3% CPU
Identifying sites to remove: done in 0.000487141 secs using 658.3% CPU
Identifying sites to remove: done in 0.000245936 secs using 1813% CPU
Identifying sites to remove: done in 0.000477739 secs using 1104% CPU
Identifying sites to remove: done in 0.00040637 secs using 607.8% CPU
Identifying sites to remove: done in 0.000417277 secs using 263.4% CPU
Identifying sites to remove: done in 0.000220582 secs using 99.74% CPU
Identifying sites to remove: done in 0.000544809 secs using 343.6% CPU
Identifying sites to remove: done in 0.00056646 secs using 1.108e+04% CPU
Identifying sites to remove: done in 0.00049337 secs using 99.72% CPU
Identifying sites to remove: done in 0.000546463 secs using 99.73% CPU
Identifying sites to remove: done in 0.000545003 secs using 714.1% CPU
Identifying sites to remove: done in 0.000554934 secs using 145.4% CPU
Identifying sites to remove: done in 0.000517815 secs using 1.295e+04% CPU
Identifying sites to remove: done in 0.000574678 secs using 1.099e+04% CPU
Identifying sites to remove: done in 0.000535227 secs using 99.4% CPU
Identifying sites to remove: done in 0.000561289 secs using 1020% CPU
Identifying sites to remove: done in 0.000548817 secs using 1189% CPU
Identifying sites to remove: done in 0.000491142 secs using 805.9% CPU
Identifying sites to remove: done in 0.000514716 secs using 167.5% CPU
Identifying sites to remove: done in 0.000469021 secs using 1.345e+04% CPU
Identifying sites to remove: done in 0.00043682 secs using 634.8% CPU
Identifying sites to remove: done in 0.000568837 secs using 694.2% CPU
Identifying sites to remove: done in 0.000573061 secs using 624.9% CPU
Identifying sites to remove: done in 0.000614792 secs using 703.8% CPU
Identifying sites to remove: done in 0.00055746 secs using 710.2% CPU
Identifying sites to remove: done in 0.000461616 secs using 457.1% CPU
Identifying sites to remove: done in 0.000421837 secs using 174.5% CPU
Identifying sites to remove: done in 0.000492573 secs using 351.8% CPU
Identifying sites to remove: done in 0.00053414 secs using 522.7% CPU
Identifying sites to remove: done in 0.000431433 secs using 913.9% CPU
Identifying sites to remove: done in 0.000425361 secs using 146% CPU
Identifying sites to remove: done in 0.000448078 secs using 1.307e+04% CPU
Identifying sites to remove: done in 0.000562243 secs using 1.024e+04% CPU
Identifying sites to remove: done in 0.00052055 secs using 1.056e+04% CPU
Identifying sites to remove: done in 0.000545897 secs using 420.4% CPU
Identifying sites to remove: done in 0.000555992 secs using 123% CPU
Identifying sites to remove: done in 0.000527963 secs using 683.8% CPU
Identifying sites to remove: done in 0.000544749 secs using 772.3% CPU
Identifying sites to remove: done in 0.000538774 secs using 99.67% CPU
Identifying sites to remove: done in 0.000509255 secs using 2222% CPU
Identifying sites to remove: done in 0.000556745 secs using 1516% CPU
Identifying sites to remove: done in 0.000550397 secs using 929.5% CPU
Identifying sites to remove: done in 0.000680789 secs using 2799% CPU
Identifying sites to remove: done in 0.000683464 secs using 4221% CPU
Identifying sites to remove: done in 0.000717111 secs using 3591% CPU
Identifying sites to remove: done in 0.000759959 secs using 2142% CPU
Identifying sites to remove: done in 0.000789687 secs using 1.024e+04% CPU
Identifying sites to remove: done in 0.000790313 secs using 9817% CPU
Identifying sites to remove: done in 0.000896767 secs using 7577% CPU
Identifying sites to remove: done in 0.000600681 secs using 99.72% CPU
Identifying sites to remove: done in 0.000490524 secs using 637.7% CPU
Identifying sites to remove: done in 0.000583299 secs using 169% CPU
Identifying sites to remove: done in 0.000576548 secs using 1.263e+04% CPU
Identifying sites to remove: done in 0.000281431 secs using 99.85% CPU
Identifying sites to remove: done in 0.000584371 secs using 560.9% CPU
Identifying sites to remove: done in 0.000247009 secs using 221% CPU
Identifying sites to remove: done in 0.000478916 secs using 357.1% CPU
Identifying sites to remove: done in 0.000275023 secs using 201.1% CPU
Identifying sites to remove: done in 0.000544094 secs using 221.8% CPU
Identifying sites to remove: done in 0.000247449 secs using 3092% CPU
Identifying sites to remove: done in 0.000416249 secs using 2015% CPU
Identifying sites to remove: done in 0.000568643 secs using 1859% CPU
Identifying sites to remove: done in 0.000436611 secs using 1.403e+04% CPU
Identifying sites to remove: done in 0.000599258 secs using 1.055e+04% CPU
Identifying sites to remove: done in 0.000569679 secs using 1.015e+04% CPU
Identifying sites to remove: done in 0.000705913 secs using 413.6% CPU
Identifying sites to remove: done in 0.000728428 secs using 177.8% CPU
Identifying sites to remove: done in 0.000538215 secs using 1.404e+04% CPU
Identifying sites to remove: done in 0.000606991 secs using 290.8% CPU
Identifying sites to remove: done in 0.000605419 secs using 443.7% CPU
Identifying sites to remove: done in 0.000705324 secs using 447.6% CPU
Identifying sites to remove: done in 0.000540406 secs using 165.4% CPU
Identifying sites to remove: done in 0.000705689 secs using 99.76% CPU
Identifying sites to remove: done in 0.000604868 secs using 1.136e+04% CPU
Identifying sites to remove: done in 0.000711918 secs using 99.73% CPU
Identifying sites to remove: done in 0.000560321 secs using 831% CPU
Identifying sites to remove: done in 0.000529863 secs using 598.1% CPU
Identifying sites to remove: done in 0.000609398 secs using 590.7% CPU
Identifying sites to remove: done in 0.000653826 secs using 572% CPU
Identifying sites to remove: done in 0.000512041 secs using 186.3% CPU
Identifying sites to remove: done in 0.000620298 secs using 1.027e+04% CPU
Identifying sites to remove: done in 0.00044252 secs using 500.3% CPU
Identifying sites to remove: done in 0.00048738 secs using 603% CPU
Identifying sites to remove: done in 0.000617191 secs using 461.3% CPU
Identifying sites to remove: done in 0.000714116 secs using 479.1% CPU
Identifying sites to remove: done in 0.000579745 secs using 227.2% CPU
Identifying sites to remove: done in 0.000559531 secs using 99.73% CPU
Identifying sites to remove: done in 0.000470839 secs using 564.3% CPU
Identifying sites to remove: done in 0.000539176 secs using 889.1% CPU
Identifying sites to remove: done in 0.000603236 secs using 598.8% CPU
Identifying sites to remove: done in 0.000464939 secs using 114.6% CPU
Identifying sites to remove: done in 0.000532538 secs using 1.16e+04% CPU
Identifying sites to remove: done in 0.000610933 secs using 9928% CPU
Identifying sites to remove: done in 0.000595912 secs using 99.85% CPU
Identifying sites to remove: done in 0.000698663 secs using 99.91% CPU
Identifying sites to remove: done in 0.000620365 secs using 1.173e+04% CPU
Identifying sites to remove: done in 0.000624076 secs using 1.107e+04% CPU
Identifying sites to remove: done in 0.000603274 secs using 99.79% CPU
Identifying sites to remove: done in 0.00028345 secs using 2177% CPU
Identifying sites to remove: done in 0.000321224 secs using 890.7% CPU
Identifying sites to remove: done in 0.000348091 secs using 1377% CPU
Identifying sites to remove: done in 0.000360839 secs using 3332% CPU
Identifying sites to remove: done in 0.000398599 secs using 4025% CPU
Identifying sites to remove: done in 0.000402272 secs using 3551% CPU
Identifying sites to remove: done in 0.00041078 secs using 2613% CPU
Identifying sites to remove: done in 0.000440679 secs using 4073% CPU
Identifying sites to remove: done in 0.000442296 secs using 4478% CPU
Identifying sites to remove: done in 0.000480592 secs using 1907% CPU
Identifying sites to remove: done in 0.000271522 secs using 770.5% CPU
Identifying sites to remove: done in 0.00028117 secs using 283.5% CPU
Identifying sites to remove: done in 0.000435762 secs using 850.9% CPU
Identifying sites to remove: done in 0.000315003 secs using 99.68% CPU
Identifying sites to remove: done in 0.000166722 secs using 875.1% CPU
Identifying sites to remove: done in 0.000272498 secs using 678.9% CPU
Identifying sites to remove: done in 0.000325091 secs using 140% CPU
Identifying sites to remove: done in 0.000117891 secs using 99.24% CPU
Identifying sites to remove: done in 0.000207439 secs using 2415% CPU
Identifying sites to remove: done in 0.00027363 secs using 2597% CPU
Identifying sites to remove: done in 0.000155829 secs using 3634% CPU
Identifying sites to remove: done in 0.000268146 secs using 1448% CPU
Identifying sites to remove: done in 0.000283018 secs using 618% CPU
Identifying sites to remove: done in 0.000226177 secs using 317% CPU
Identifying sites to remove: done in 0.000142924 secs using 205% CPU
Identifying sites to remove: done in 0.000278108 secs using 268.6% CPU
Identifying sites to remove: done in 0.00030946 secs using 99.53% CPU
Identifying sites to remove: done in 0.000339001 secs using 1.778e+04% CPU
Identifying sites to remove: done in 0.000260219 secs using 99.53% CPU
Identifying sites to remove: done in 0.000333309 secs using 332.7% CPU
Identifying sites to remove: done in 0.000331573 secs using 587.5% CPU
Identifying sites to remove: done in 0.000315748 secs using 129.9% CPU
Identifying sites to remove: done in 0.000263847 secs using 923.6% CPU
Identifying sites to remove: done in 0.000361256 secs using 806.6% CPU
Identifying sites to remove: done in 0.000339568 secs using 136.6% CPU
Identifying sites to remove: done in 0.000333272 secs using 687.1% CPU
Identifying sites to remove: done in 0.000322923 secs using 201.9% CPU
Identifying sites to remove: done in 0.000260681 secs using 99.36% CPU
Identifying sites to remove: done in 0.000287957 secs using 1.94e+04% CPU
Identifying sites to remove: done in 0.000306904 secs using 1.702e+04% CPU
Identifying sites to remove: done in 0.000276946 secs using 1.741e+04% CPU
Identifying sites to remove: done in 0.000337981 secs using 760.4% CPU
Identifying sites to remove: done in 0.00022433 secs using 919.6% CPU
Identifying sites to remove: done in 0.000276767 secs using 547.4% CPU
Identifying sites to remove: done in 0.000376403 secs using 768.9% CPU
Identifying sites to remove: done in 0.000363462 secs using 833.4% CPU
Identifying sites to remove: done in 0.000331745 secs using 627.9% CPU
Identifying sites to remove: done in 0.000272505 secs using 688.1% CPU
Identifying sites to remove: done in 0.00025972 secs using 775.8% CPU
Identifying sites to remove: done in 0.000261784 secs using 418.3% CPU
Identifying sites to remove: done in 0.000331506 secs using 730.3% CPU
Identifying sites to remove: done in 0.000258975 secs using 459.9% CPU
Identifying sites to remove: done in 0.000343062 secs using 129.1% CPU
Identifying sites to remove: done in 0.000278741 secs using 1255% CPU
Identifying sites to remove: done in 0.000339769 secs using 123% CPU
Identifying sites to remove: done in 0.000345945 secs using 1.667e+04% CPU
Identifying sites to remove: done in 0.000334159 secs using 940.3% CPU
Identifying sites to remove: done in 0.000334181 secs using 138.5% CPU
Identifying sites to remove: done in 0.000330202 secs using 99.64% CPU
Identifying sites to remove: done in 0.000207469 secs using 1680% CPU
Identifying sites to remove: done in 0.000213847 secs using 1005% CPU
Identifying sites to remove: done in 0.0002096 secs using 2313% CPU
Identifying sites to remove: done in 0.000277698 secs using 906.4% CPU
Identifying sites to remove: done in 0.000206918 secs using 1850% CPU
Identifying sites to remove: done in 0.000162378 secs using 2573% CPU
Identifying sites to remove: done in 0.000246339 secs using 2425% CPU
Identifying sites to remove: done in 0.000187144 secs using 2525% CPU
Identifying sites to remove: done in 0.000230022 secs using 1348% CPU
Identifying sites to remove: done in 0.000133574 secs using 1845% CPU
Identifying sites to remove: done in 0.000226907 secs using 3270% CPU
Identifying sites to remove: done in 0.000194117 secs using 1903% CPU
Identifying sites to remove: done in 0.000190146 secs using 1079% CPU
Identifying sites to remove: done in 0.000180222 secs using 742.4% CPU
Identifying sites to remove: done in 0.000177756 secs using 650.9% CPU
Identifying sites to remove: done in 0.000179797 secs using 364.9% CPU
Identifying sites to remove: done in 0.000157617 secs using 340.1% CPU
Identifying sites to remove: done in 0.000133686 secs using 576% CPU
Identifying sites to remove: done in 0.000132054 secs using 402.1% CPU
Identifying sites to remove: done in 0.000146419 secs using 254.7% CPU
Identifying sites to remove: done in 0.000104904 secs using 99.14% CPU
Identifying sites to remove: done in 9.00552e-05 secs using 98.83% CPU
Identifying sites to remove: done in 0.000512362 secs using 1974% CPU
Identifying sites to remove: done in 0.000516012 secs using 1447% CPU
Identifying sites to remove: done in 0.000514969 secs using 912.5% CPU
Identifying sites to remove: done in 0.00059215 secs using 2260% CPU
Identifying sites to remove: done in 0.000615731 secs using 3966% CPU
Identifying sites to remove: done in 0.000629425 secs using 3042% CPU
Identifying sites to remove: done in 0.00066115 secs using 4550% CPU
Identifying sites to remove: done in 0.000720061 secs using 2335% CPU
Identifying sites to remove: done in 0.000743486 secs using 3734% CPU
Identifying sites to remove: done in 0.000820242 secs using 2738% CPU
Identifying sites to remove: done in 0.000568666 secs using 403.6% CPU
Identifying sites to remove: done in 0.000617772 secs using 481.6% CPU
Identifying sites to remove: done in 0.000589132 secs using 164.8% CPU
Identifying sites to remove: done in 0.000492759 secs using 99.64% CPU
Identifying sites to remove: done in 0.000261702 secs using 2.687e+04% CPU
Identifying sites to remove: done in 0.000428244 secs using 200.8% CPU
Identifying sites to remove: done in 0.000525549 secs using 226.4% CPU
Identifying sites to remove: done in 0.000218533 secs using 99.76% CPU
Identifying sites to remove: done in 0.000473976 secs using 196% CPU
Identifying sites to remove: done in 0.000237271 secs using 835.8% CPU
Identifying sites to remove: done in 0.000503294 secs using 1346% CPU
Identifying sites to remove: done in 0.000378609 secs using 1603% CPU
Identifying sites to remove: done in 0.00049419 secs using 1559% CPU
Identifying sites to remove: done in 0.000405475 secs using 1050% CPU
Identifying sites to remove: done in 0.000256903 secs using 1274% CPU
Identifying sites to remove: done in 0.000544995 secs using 251% CPU
Identifying sites to remove: done in 0.000516839 secs using 331.1% CPU
Identifying sites to remove: done in 0.000531398 secs using 1.188e+04% CPU
Identifying sites to remove: done in 0.000474244 secs using 99.74% CPU
Identifying sites to remove: done in 0.00052841 secs using 843.7% CPU
Identifying sites to remove: done in 0.000543877 secs using 722% CPU
Identifying sites to remove: done in 0.000529669 secs using 248.8% CPU
Identifying sites to remove: done in 0.000489913 secs using 858.5% CPU
Identifying sites to remove: done in 0.000546336 secs using 1.17e+04% CPU
Identifying sites to remove: done in 0.000531919 secs using 111.9% CPU
Identifying sites to remove: done in 0.000541449 secs using 1308% CPU
Identifying sites to remove: done in 0.000545077 secs using 1016% CPU
Identifying sites to remove: done in 0.00050801 secs using 698.6% CPU
Identifying sites to remove: done in 0.000504538 secs using 310.8% CPU
Identifying sites to remove: done in 0.000436626 secs using 99.4% CPU
Identifying sites to remove: done in 0.000427336 secs using 198.9% CPU
Identifying sites to remove: done in 0.000540026 secs using 769.4% CPU
Identifying sites to remove: done in 0.000548355 secs using 1.029e+04% CPU
Identifying sites to remove: done in 0.000431508 secs using 1.217e+04% CPU
Identifying sites to remove: done in 0.000405677 secs using 1.271e+04% CPU
Identifying sites to remove: done in 0.000556536 secs using 431.2% CPU
Identifying sites to remove: done in 0.000525139 secs using 331.2% CPU
Identifying sites to remove: done in 0.000487819 secs using 205.6% CPU
Identifying sites to remove: done in 0.000523537 secs using 821.3% CPU
Identifying sites to remove: done in 0.000421353 secs using 656.2% CPU
Identifying sites to remove: done in 0.000437066 secs using 239.8% CPU
Identifying sites to remove: done in 0.000411265 secs using 445.2% CPU
Identifying sites to remove: done in 0.000524305 secs using 172% CPU
Identifying sites to remove: done in 0.000488885 secs using 99.61% CPU
Identifying sites to remove: done in 0.000512876 secs using 201.4% CPU
Identifying sites to remove: done in 0.000523224 secs using 156.1% CPU
Identifying sites to remove: done in 0.00051862 secs using 292.1% CPU
Identifying sites to remove: done in 0.000526547 secs using 178.3% CPU
Identifying sites to remove: done in 0.000526786 secs using 99.66% CPU
Identifying sites to remove: done in 0.000195749 secs using 1149% CPU
Identifying sites to remove: done in 0.000189252 secs using 944.8% CPU
Identifying sites to remove: done in 0.000259325 secs using 1504% CPU
Identifying sites to remove: done in 0.000259444 secs using 1259% CPU
Identifying sites to remove: done in 0.000260465 secs using 1454% CPU
Identifying sites to remove: done in 0.000304386 secs using 1218% CPU
Identifying sites to remove: done in 0.000305042 secs using 1087% CPU
Identifying sites to remove: done in 0.000310145 secs using 1506% CPU
Identifying sites to remove: done in 0.000298008 secs using 898% CPU
Identifying sites to remove: done in 0.000418678 secs using 813.8% CPU
Identifying sites to remove: done in 0.000187546 secs using 743.8% CPU
Identifying sites to remove: done in 0.000267416 secs using 423.7% CPU
Identifying sites to remove: done in 0.000302464 secs using 670.2% CPU
Identifying sites to remove: done in 0.000202388 secs using 1670% CPU
Identifying sites to remove: done in 0.000164375 secs using 1001% CPU
Identifying sites to remove: done in 0.000280842 secs using 2189% CPU
Identifying sites to remove: done in 0.00015752 secs using 2506% CPU
Identifying sites to remove: done in 0.000158034 secs using 1600% CPU
Identifying sites to remove: done in 0.000192985 secs using 1488% CPU
Identifying sites to remove: done in 0.000105627 secs using 675% CPU
Identifying sites to remove: done in 0.000150323 secs using 700.5% CPU
Identifying sites to remove: done in 0.000191599 secs using 1459% CPU
Identifying sites to remove: done in 0.000111885 secs using 210% CPU
Identifying sites to remove: done in 0.000236057 secs using 218.6% CPU
Identifying sites to remove: done in 7.33361e-05 secs using 99.54% CPU
Identifying sites to remove: done in 0.00016132 secs using 1640% CPU
Identifying sites to remove: done in 0.000165112 secs using 135.1% CPU
Identifying sites to remove: done in 0.000227153 secs using 99.05% CPU
Identifying sites to remove: done in 0.000227503 secs using 4077% CPU
Identifying sites to remove: done in 0.000229351 secs using 3451% CPU
Identifying sites to remove: done in 0.000235461 secs using 3883% CPU
Identifying sites to remove: done in 0.000242308 secs using 2513% CPU
Identifying sites to remove: done in 0.000245318 secs using 977.9% CPU
Identifying sites to remove: done in 0.000165962 secs using 258.5% CPU
Identifying sites to remove: done in 0.00025034 secs using 1.621e+04% CPU
Identifying sites to remove: done in 0.00023821 secs using 272.4% CPU
Identifying sites to remove: done in 0.000238031 secs using 356.7% CPU
Identifying sites to remove: done in 0.000242025 secs using 379.3% CPU
Identifying sites to remove: done in 0.000199303 secs using 520.8% CPU
Identifying sites to remove: done in 0.000179425 secs using 1633% CPU
Identifying sites to remove: done in 0.000223108 secs using 1706% CPU
Identifying sites to remove: done in 0.00026343 secs using 1461% CPU
Identifying sites to remove: done in 0.000262879 secs using 1196% CPU
Identifying sites to remove: done in 0.000249662 secs using 1324% CPU
Identifying sites to remove: done in 0.000154212 secs using 1672% CPU
Identifying sites to remove: done in 0.000205189 secs using 836.8% CPU
Identifying sites to remove: done in 0.000187531 secs using 283.7% CPU
Identifying sites to remove: done in 0.000187553 secs using 853.1% CPU
Identifying sites to remove: done in 0.000255004 secs using 594.5% CPU
Identifying sites to remove: done in 0.000202224 secs using 336.8% CPU
Identifying sites to remove: done in 0.000252038 secs using 486.4% CPU
Identifying sites to remove: done in 0.000177346 secs using 1193% CPU
Identifying sites to remove: done in 0.000205606 secs using 855.5% CPU
Identifying sites to remove: done in 0.000254594 secs using 127.3% CPU
Identifying sites to remove: done in 0.000234544 secs using 744.4% CPU
Identifying sites to remove: done in 0.000237964 secs using 148.3% CPU
Identifying sites to remove: done in 0.000243872 secs using 2.532e+04% CPU
Identifying sites to remove: done in 0.000452213 secs using 2081% CPU
Identifying sites to remove: done in 0.000490025 secs using 912.4% CPU
Identifying sites to remove: done in 0.000541724 secs using 1414% CPU
Identifying sites to remove: done in 0.000646062 secs using 2133% CPU
Identifying sites to remove: done in 0.00064718 secs using 4168% CPU
Identifying sites to remove: done in 0.000651754 secs using 3333% CPU
Identifying sites to remove: done in 0.000647858 secs using 4576% CPU
Identifying sites to remove: done in 0.000699975 secs using 3499% CPU
Identifying sites to remove: done in 0.000719279 secs using 2319% CPU
Identifying sites to remove: done in 0.000793867 secs using 2440% CPU
Identifying sites to remove: done in 0.000609294 secs using 591.7% CPU
Identifying sites to remove: done in 0.000488192 secs using 215.5% CPU
Identifying sites to remove: done in 0.000613958 secs using 440.6% CPU
Identifying sites to remove: done in 0.000597604 secs using 99.73% CPU
Identifying sites to remove: done in 0.000309907 secs using 99.71% CPU
Identifying sites to remove: done in 0.000610597 secs using 99.41% CPU
Identifying sites to remove: done in 0.000232473 secs using 196.6% CPU
Identifying sites to remove: done in 0.000501685 secs using 554.3% CPU
Identifying sites to remove: done in 0.000274315 secs using 198.7% CPU
Identifying sites to remove: done in 0.000536345 secs using 211.4% CPU
Identifying sites to remove: done in 0.000238426 secs using 3069% CPU
Identifying sites to remove: done in 0.000389211 secs using 1462% CPU
Identifying sites to remove: done in 0.000539944 secs using 1489% CPU
Identifying sites to remove: done in 0.000548922 secs using 1055% CPU
Identifying sites to remove: done in 0.000488795 secs using 573% CPU
Identifying sites to remove: done in 0.000479564 secs using 267.3% CPU
Identifying sites to remove: done in 0.000616357 secs using 1.052e+04% CPU
Identifying sites to remove: done in 0.000616856 secs using 111.7% CPU
Identifying sites to remove: done in 0.00046692 secs using 99.59% CPU
Identifying sites to remove: done in 0.000653177 secs using 1.167e+04% CPU
Identifying sites to remove: done in 0.000665806 secs using 1.137e+04% CPU
Identifying sites to remove: done in 0.000645749 secs using 1.107e+04% CPU
Identifying sites to remove: done in 0.000514209 secs using 99.57% CPU
Identifying sites to remove: done in 0.000614747 secs using 99.72% CPU
Identifying sites to remove: done in 0.000611164 secs using 99.81% CPU
Identifying sites to remove: done in 0.000636756 secs using 666.3% CPU
Identifying sites to remove: done in 0.000490196 secs using 202.4% CPU
Identifying sites to remove: done in 0.000636809 secs using 1.001e+04% CPU
Identifying sites to remove: done in 0.000604779 secs using 9919% CPU
Identifying sites to remove: done in 0.000522122 secs using 289.2% CPU
Identifying sites to remove: done in 0.000505216 secs using 142.1% CPU
Identifying sites to remove: done in 0.000426546 secs using 1278% CPU
Identifying sites to remove: done in 0.000625499 secs using 1091% CPU
Identifying sites to remove: done in 0.000595257 secs using 676% CPU
Identifying sites to remove: done in 0.000625454 secs using 1098% CPU
Identifying sites to remove: done in 0.000523351 secs using 741.8% CPU
Identifying sites to remove: done in 0.000622131 secs using 182.3% CPU
Identifying sites to remove: done in 0.000494123 secs using 404.6% CPU
Identifying sites to remove: done in 0.00063318 secs using 9240% CPU
Identifying sites to remove: done in 0.000538774 secs using 1.011e+04% CPU
Identifying sites to remove: done in 0.000478134 secs using 229% CPU
Identifying sites to remove: done in 0.000502177 secs using 461% CPU
Identifying sites to remove: done in 0.00052657 secs using 710.3% CPU
Identifying sites to remove: done in 0.000620045 secs using 264.3% CPU
Identifying sites to remove: done in 0.000590146 secs using 539.2% CPU
Identifying sites to remove: done in 0.00074935 secs using 116.8% CPU
Identifying sites to remove: done in 0.000589363 secs using 262.5% CPU
Identifying sites to remove: done in 0.000627279 secs using 335.7% CPU
Identifying sites to remove: done in 0.000627749 secs using 597.4% CPU
Identifying sites to remove: done in 0.000225633 secs using 701.6% CPU
Identifying sites to remove: done in 0.000252999 secs using 5415% CPU
Identifying sites to remove: done in 0.000252642 secs using 4631% CPU
Identifying sites to remove: done in 0.000291765 secs using 3360% CPU
Identifying sites to remove: done in 0.000337556 secs using 1133% CPU
Identifying sites to remove: done in 0.000338517 secs using 1751% CPU
Identifying sites to remove: done in 0.000419348 secs using 1933% CPU
Identifying sites to remove: done in 0.000170082 secs using 99.36% CPU
Identifying sites to remove: done in 0.000158653 secs using 98.96% CPU
Identifying sites to remove: done in 0.000213012 secs using 5281% CPU
Identifying sites to remove: done in 0.00017605 secs using 4590% CPU
Identifying sites to remove: done in 0.000162944 secs using 5117% CPU
Identifying sites to remove: done in 0.00022959 secs using 1831% CPU
Identifying sites to remove: done in 0.000303678 secs using 1795% CPU
Identifying sites to remove: done in 0.000259697 secs using 342.7% CPU
Identifying sites to remove: done in 0.000119038 secs using 147.9% CPU
Identifying sites to remove: done in 0.000122726 secs using 3.678e+04% CPU
Identifying sites to remove: done in 0.00019867 secs using 99.16% CPU
Identifying sites to remove: done in 0.000200242 secs using 1767% CPU
Identifying sites to remove: done in 0.000229456 secs using 2230% CPU
Identifying sites to remove: done in 0.00022129 secs using 1907% CPU
Identifying sites to remove: done in 0.000200853 secs using 1541% CPU
Identifying sites to remove: done in 0.000205062 secs using 926.5% CPU
Identifying sites to remove: done in 0.000220865 secs using 309.7% CPU
Identifying sites to remove: done in 0.000166602 secs using 1217% CPU
Identifying sites to remove: done in 0.00021252 secs using 1915% CPU
Identifying sites to remove: done in 0.000215314 secs using 1267% CPU
Identifying sites to remove: done in 0.000209846 secs using 446.5% CPU
Identifying sites to remove: done in 0.000203192 secs using 166.3% CPU
Identifying sites to remove: done in 0.00019633 secs using 390.7% CPU
Identifying sites to remove: done in 0.000194557 secs using 721.6% CPU
Identifying sites to remove: done in 0.000198118 secs using 162% CPU
Identifying sites to remove: done in 0.00019446 secs using 642.3% CPU
Identifying sites to remove: done in 0.000191592 secs using 117.4% CPU
Identifying sites to remove: done in 0.000217699 secs using 865.4% CPU
Identifying sites to remove: done in 0.000218049 secs using 2287% CPU
Identifying sites to remove: done in 0.000267439 secs using 3150% CPU
Identifying sites to remove: done in 0.000273712 secs using 5362% CPU
Identifying sites to remove: done in 0.000271939 secs using 9905% CPU
Identifying sites to remove: done in 0.000274613 secs using 6481% CPU
Identifying sites to remove: done in 0.000299059 secs using 8046% CPU
Identifying sites to remove: done in 0.000273153 secs using 4228% CPU
Identifying sites to remove: done in 0.000314511 secs using 6703% CPU
Identifying sites to remove: done in 0.00031437 secs using 9629% CPU
Identifying sites to remove: done in 0.000256538 secs using 1.822e+04% CPU
Identifying sites to remove: done in 0.000198975 secs using 377.9% CPU
Identifying sites to remove: done in 0.000193834 secs using 388.5% CPU
Identifying sites to remove: done in 0.000236489 secs using 150.1% CPU
Identifying sites to remove: done in 0.000115618 secs using 99.47% CPU
Identifying sites to remove: done in 0.000193536 secs using 685.1% CPU
Identifying sites to remove: done in 8.98689e-05 secs using 158% CPU
Identifying sites to remove: done in 0.000241533 secs using 326.7% CPU
Identifying sites to remove: done in 0.000194646 secs using 1728% CPU
Identifying sites to remove: done in 0.0001278 secs using 1469% CPU
Identifying sites to remove: done in 0.000203907 secs using 1052% CPU
Identifying sites to remove: done in 0.000186108 secs using 313.8% CPU
Identifying sites to remove: done in 0.00015974 secs using 1603% CPU
Identifying sites to remove: done in 0.0001546 secs using 1411% CPU
Identifying sites to remove: done in 0.000107788 secs using 1750% CPU
Identifying sites to remove: done in 0.000211939 secs using 204.3% CPU
Identifying sites to remove: done in 0.000227675 secs using 98.83% CPU
Identifying sites to remove: done in 0.000233099 secs using 98.67% CPU
Identifying sites to remove: done in 0.000204116 secs using 863.2% CPU
Identifying sites to remove: done in 0.000252396 secs using 834% CPU
Identifying sites to remove: done in 0.000230163 secs using 125.1% CPU
Identifying sites to remove: done in 0.000237882 secs using 3245% CPU
Identifying sites to remove: done in 0.000278741 secs using 1545% CPU
Identifying sites to remove: done in 0.000305153 secs using 1.714e+04% CPU
Identifying sites to remove: done in 0.000251889 secs using 1.964e+04% CPU
Identifying sites to remove: done in 0.000245012 secs using 335.1% CPU
Identifying sites to remove: done in 0.000199318 secs using 155.5% CPU
Identifying sites to remove: done in 0.000230305 secs using 530.2% CPU
Identifying sites to remove: done in 0.000205345 secs using 187.5% CPU
Identifying sites to remove: done in 0.000201516 secs using 2044% CPU
Identifying sites to remove: done in 0.000259042 secs using 2309% CPU
Identifying sites to remove: done in 0.000254035 secs using 1947% CPU
Identifying sites to remove: done in 0.000233181 secs using 1569% CPU
Identifying sites to remove: done in 0.000222608 secs using 1699% CPU
Identifying sites to remove: done in 0.000280984 secs using 1469% CPU
Identifying sites to remove: done in 0.000218071 secs using 1156% CPU
Identifying sites to remove: done in 0.000203803 secs using 462.2% CPU
Identifying sites to remove: done in 0.000174411 secs using 225.9% CPU
Identifying sites to remove: done in 0.000230893 secs using 99.18% CPU
Identifying sites to remove: done in 0.000194788 secs using 395.3% CPU
Identifying sites to remove: done in 0.000248589 secs using 887% CPU
Identifying sites to remove: done in 0.000214972 secs using 656.4% CPU
Identifying sites to remove: done in 0.000219114 secs using 577.8% CPU
Identifying sites to remove: done in 0.000204965 secs using 128.8% CPU
Identifying sites to remove: done in 0.000229776 secs using 569.7% CPU
Identifying sites to remove: done in 0.000233442 secs using 197.1% CPU
Identifying sites to remove: done in 0.000239313 secs using 708.3% CPU
Identifying sites to remove: done in 0.00025636 secs using 427.1% CPU
Identifying sites to remove: done in 0.000238612 secs using 99.32% CPU
Identifying sites to remove: done in 0.000784479 secs using 1298% CPU
Identifying sites to remove: done in 0.000848778 secs using 1107% CPU
Identifying sites to remove: done in 0.000884049 secs using 955.8% CPU
Identifying sites to remove: done in 0.000995956 secs using 1958% CPU
Identifying sites to remove: done in 0.00106231 secs using 1319% CPU
Identifying sites to remove: done in 0.00106437 secs using 2148% CPU
Identifying sites to remove: done in 0.00106684 secs using 2011% CPU
Identifying sites to remove: done in 0.00106556 secs using 1733% CPU
Identifying sites to remove: done in 0.00113188 secs using 1522% CPU
Identifying sites to remove: done in 0.00115046 secs using 1375% CPU
Identifying sites to remove: done in 0.000854582 secs using 99.81% CPU
Identifying sites to remove: done in 0.000705533 secs using 1093% CPU
Identifying sites to remove: done in 0.000729881 secs using 9921% CPU
Identifying sites to remove: done in 0.000902407 secs using 8441% CPU
Identifying sites to remove: done in 0.000440188 secs using 209.7% CPU
Identifying sites to remove: done in 0.000886694 secs using 397.9% CPU
Identifying sites to remove: done in 0.000752859 secs using 9965% CPU
Identifying sites to remove: done in 0.000381462 secs using 1.829e+04% CPU
Identifying sites to remove: done in 0.000857338 secs using 8373% CPU
Identifying sites to remove: done in 0.000409745 secs using 853.5% CPU
Identifying sites to remove: done in 0.000834815 secs using 500.7% CPU
Identifying sites to remove: done in 0.000814661 secs using 424.2% CPU
Identifying sites to remove: done in 0.000818081 secs using 271.1% CPU
Identifying sites to remove: done in 0.000350326 secs using 715.3% CPU
Identifying sites to remove: done in 0.000553228 secs using 567.8% CPU
Identifying sites to remove: done in 0.000624537 secs using 169.7% CPU
Identifying sites to remove: done in 0.000918649 secs using 7677% CPU
Identifying sites to remove: done in 0.000935778 secs using 7124% CPU
Identifying sites to remove: done in 0.000705063 secs using 99.85% CPU
Identifying sites to remove: done in 0.000897042 secs using 233.8% CPU
Identifying sites to remove: done in 0.000911236 secs using 322.5% CPU
Identifying sites to remove: done in 0.000915922 secs using 173.6% CPU
Identifying sites to remove: done in 0.000812486 secs using 527.5% CPU
Identifying sites to remove: done in 0.000919096 secs using 7865% CPU
Identifying sites to remove: done in 0.000899881 secs using 99.9% CPU
Identifying sites to remove: done in 0.000924826 secs using 1087% CPU
Identifying sites to remove: done in 0.000812031 secs using 984.8% CPU
Identifying sites to remove: done in 0.000840314 secs using 629.4% CPU
Identifying sites to remove: done in 0.00094223 secs using 232.1% CPU
Identifying sites to remove: done in 0.000737719 secs using 337.1% CPU
Identifying sites to remove: done in 0.000778154 secs using 750.8% CPU
Identifying sites to remove: done in 0.000932351 secs using 761.2% CPU
Identifying sites to remove: done in 0.000907004 secs using 879.7% CPU
Identifying sites to remove: done in 0.000922129 secs using 1143% CPU
Identifying sites to remove: done in 0.000894226 secs using 864.5% CPU
Identifying sites to remove: done in 0.000646353 secs using 327.2% CPU
Identifying sites to remove: done in 0.000819892 secs using 7297% CPU
Identifying sites to remove: done in 0.000815772 secs using 308.8% CPU
Identifying sites to remove: done in 0.000900485 secs using 394.7% CPU
Identifying sites to remove: done in 0.00070408 secs using 487.2% CPU
Identifying sites to remove: done in 0.000737861 secs using 107.7% CPU
Identifying sites to remove: done in 0.000729978 secs using 9252% CPU
Identifying sites to remove: done in 0.000751898 secs using 8274% CPU
Identifying sites to remove: done in 0.000917755 secs using 7204% CPU
Identifying sites to remove: done in 0.000903465 secs using 99.84% CPU
Identifying sites to remove: done in 0.000890382 secs using 99.84% CPU
Identifying sites to remove: done in 0.000895031 secs using 468.9% CPU
Identifying sites to remove: done in 0.000924811 secs using 190.3% CPU
Identifying sites to remove: done in 0.000882976 secs using 99.78% CPU
Identifying sites to remove: done in 0.00044091 secs using 1423% CPU
Identifying sites to remove: done in 0.000440873 secs using 1173% CPU
Identifying sites to remove: done in 0.000580482 secs using 2241% CPU
Identifying sites to remove: done in 0.00057862 secs using 1859% CPU
Identifying sites to remove: done in 0.000613414 secs using 2509% CPU
Identifying sites to remove: done in 0.000619091 secs using 903.6% CPU
Identifying sites to remove: done in 0.000648953 secs using 2253% CPU
Identifying sites to remove: done in 0.000668667 secs using 1533% CPU
Identifying sites to remove: done in 0.000647247 secs using 1909% CPU
Identifying sites to remove: done in 0.000809982 secs using 1150% CPU
Identifying sites to remove: done in 0.000558205 secs using 1.158e+04% CPU
Identifying sites to remove: done in 0.000371039 secs using 290.5% CPU
Identifying sites to remove: done in 0.00038147 secs using 320.9% CPU
Identifying sites to remove: done in 0.000445917 secs using 138.8% CPU
Identifying sites to remove: done in 0.000231199 secs using 1532% CPU
Identifying sites to remove: done in 0.000466973 secs using 1444% CPU
Identifying sites to remove: done in 0.000394009 secs using 199.2% CPU
Identifying sites to remove: done in 0.000442959 secs using 275.4% CPU
Identifying sites to remove: done in 0.000219554 secs using 3.064e+04% CPU
Identifying sites to remove: done in 0.000469707 secs using 1.37e+04% CPU
Identifying sites to remove: done in 0.000350855 secs using 378.8% CPU
Identifying sites to remove: done in 0.000215925 secs using 286.7% CPU
Identifying sites to remove: done in 0.000470906 secs using 694.8% CPU
Identifying sites to remove: done in 0.000369623 secs using 218.6% CPU
Identifying sites to remove: done in 0.000470996 secs using 346.1% CPU
Identifying sites to remove: done in 0.000195928 secs using 99.53% CPU
Identifying sites to remove: done in 0.00046543 secs using 99.48% CPU
Identifying sites to remove: done in 0.000456333 secs using 99.71% CPU
Identifying sites to remove: done in 0.000433519 secs using 99.65% CPU
Identifying sites to remove: done in 0.000462361 secs using 302.6% CPU
Identifying sites to remove: done in 0.000464313 secs using 128.6% CPU
Identifying sites to remove: done in 0.000457965 secs using 501.8% CPU
Identifying sites to remove: done in 0.000477396 secs using 607.5% CPU
Identifying sites to remove: done in 0.00044255 secs using 150.9% CPU
Identifying sites to remove: done in 0.000467487 secs using 99.68% CPU
Identifying sites to remove: done in 0.000489645 secs using 1.435e+04% CPU
Identifying sites to remove: done in 0.000446327 secs using 275.4% CPU
Identifying sites to remove: done in 0.000502683 secs using 269.6% CPU
Identifying sites to remove: done in 0.000440016 secs using 372% CPU
Identifying sites to remove: done in 0.000391521 secs using 516.4% CPU
Identifying sites to remove: done in 0.000375651 secs using 99.83% CPU
Identifying sites to remove: done in 0.00047382 secs using 863.4% CPU
Identifying sites to remove: done in 0.000350632 secs using 1737% CPU
Identifying sites to remove: done in 0.000518002 secs using 1904% CPU
Identifying sites to remove: done in 0.000418939 secs using 1014% CPU
Identifying sites to remove: done in 0.000513911 secs using 1428% CPU
Identifying sites to remove: done in 0.000452541 secs using 1007% CPU
Identifying sites to remove: done in 0.000425123 secs using 123.7% CPU
Identifying sites to remove: done in 0.000373319 secs using 299.5% CPU
Identifying sites to remove: done in 0.000376083 secs using 305.3% CPU
Identifying sites to remove: done in 0.000483587 secs using 235.5% CPU
Identifying sites to remove: done in 0.000467837 secs using 399.7% CPU
Identifying sites to remove: done in 0.000367127 secs using 161.5% CPU
Identifying sites to remove: done in 0.000438519 secs using 99.88% CPU
Identifying sites to remove: done in 0.000458226 secs using 99.51% CPU
Identifying sites to remove: done in 0.000462204 secs using 99.74% CPU
Identifying sites to remove: done in 0.000459433 secs using 99.69% CPU
Identifying sites to remove: done in 0.000475802 secs using 1.528e+04% CPU
Identifying sites to remove: done in 0.000477284 secs using 99.73% CPU
Identifying sites to remove: done in 0.000401415 secs using 1824% CPU
Identifying sites to remove: done in 0.000452638 secs using 1323% CPU
Identifying sites to remove: done in 0.000443429 secs using 928.7% CPU
Identifying sites to remove: done in 0.000501469 secs using 2005% CPU
Identifying sites to remove: done in 0.000502102 secs using 2725% CPU
Identifying sites to remove: done in 0.000538923 secs using 3236% CPU
Identifying sites to remove: done in 0.00055217 secs using 2837% CPU
Identifying sites to remove: done in 0.000553623 secs using 3483% CPU
Identifying sites to remove: done in 0.000555597 secs using 3798% CPU
Identifying sites to remove: done in 0.000606775 secs using 2015% CPU
Identifying sites to remove: done in 0.000500306 secs using 1.201e+04% CPU
Identifying sites to remove: done in 0.000390947 secs using 1.496e+04% CPU
Identifying sites to remove: done in 0.000372522 secs using 202.4% CPU
Identifying sites to remove: done in 0.000437282 secs using 99.71% CPU
Identifying sites to remove: done in 0.000276528 secs using 892.9% CPU
Identifying sites to remove: done in 0.000460602 secs using 670.9% CPU
Identifying sites to remove: done in 0.000437498 secs using 784.7% CPU
Identifying sites to remove: done in 0.000452951 secs using 333.1% CPU
Identifying sites to remove: done in 0.000242382 secs using 1479% CPU
Identifying sites to remove: done in 0.000425853 secs using 945.2% CPU
Identifying sites to remove: done in 0.000221096 secs using 1715% CPU
Identifying sites to remove: done in 0.000445887 secs using 1885% CPU
Identifying sites to remove: done in 0.000379927 secs using 1257% CPU
Identifying sites to remove: done in 0.000538573 secs using 1.052e+04% CPU
Identifying sites to remove: done in 0.000432596 secs using 1.276e+04% CPU
Identifying sites to remove: done in 0.000445038 secs using 325.8% CPU
Identifying sites to remove: done in 0.000462301 secs using 101.2% CPU
Identifying sites to remove: done in 0.000441656 secs using 99.85% CPU
Identifying sites to remove: done in 0.000405312 secs using 99.68% CPU
Identifying sites to remove: done in 0.000456758 secs using 99.62% CPU
Identifying sites to remove: done in 0.000449449 secs using 969.6% CPU
Identifying sites to remove: done in 0.000478417 secs using 1.449e+04% CPU
Identifying sites to remove: done in 0.000439011 secs using 259.2% CPU
Identifying sites to remove: done in 0.000469804 secs using 343.5% CPU
Identifying sites to remove: done in 0.000479981 secs using 123.8% CPU
Identifying sites to remove: done in 0.000465915 secs using 1142% CPU
Identifying sites to remove: done in 0.000484832 secs using 702.5% CPU
Identifying sites to remove: done in 0.000428885 secs using 837.5% CPU
Identifying sites to remove: done in 0.000421442 secs using 111% CPU
Identifying sites to remove: done in 0.000385076 secs using 2954% CPU
Identifying sites to remove: done in 0.000422932 secs using 1.411e+04% CPU
Identifying sites to remove: done in 0.000513949 secs using 1.239e+04% CPU
Identifying sites to remove: done in 0.000486076 secs using 1.16e+04% CPU
Identifying sites to remove: done in 0.000476599 secs using 1.097e+04% CPU
Identifying sites to remove: done in 0.000458598 secs using 404.7% CPU
Identifying sites to remove: done in 0.00036642 secs using 354% CPU
Identifying sites to remove: done in 0.000375874 secs using 681.6% CPU
Identifying sites to remove: done in 0.000389561 secs using 447.4% CPU
Identifying sites to remove: done in 0.000453316 secs using 159.9% CPU
Identifying sites to remove: done in 0.000359721 secs using 662.5% CPU
Identifying sites to remove: done in 0.000360809 secs using 189.9% CPU
Identifying sites to remove: done in 0.000460707 secs using 592.8% CPU
Identifying sites to remove: done in 0.000383817 secs using 180.3% CPU
Identifying sites to remove: done in 0.000360489 secs using 99.86% CPU
Identifying sites to remove: done in 0.000463337 secs using 582.3% CPU
Identifying sites to remove: done in 0.000478923 secs using 1.225e+04% CPU
Identifying sites to remove: done in 0.000462227 secs using 926.6% CPU
Identifying sites to remove: done in 0.00047186 secs using 1.542e+04% CPU
Identifying sites to remove: done in 0.000461653 secs using 441.2% CPU
Identifying sites to remove: done in 0.000483207 secs using 1140% CPU
Identifying sites to remove: done in 0.000540845 secs using 2438% CPU
Identifying sites to remove: done in 0.000572696 secs using 1717% CPU
Identifying sites to remove: done in 0.000583462 secs using 755% CPU
Identifying sites to remove: done in 0.000631481 secs using 1896% CPU
Identifying sites to remove: done in 0.000665449 secs using 2372% CPU
Identifying sites to remove: done in 0.000698291 secs using 2535% CPU
Identifying sites to remove: done in 0.000853218 secs using 1014% CPU
Identifying sites to remove: done in 0.00040973 secs using 1.49e+04% CPU
Identifying sites to remove: done in 0.000447929 secs using 112.3% CPU
Identifying sites to remove: done in 0.00059551 secs using 509.5% CPU
Identifying sites to remove: done in 0.000290588 secs using 114.9% CPU
Identifying sites to remove: done in 0.000230446 secs using 405.7% CPU
Identifying sites to remove: done in 0.000613704 secs using 2339% CPU
Identifying sites to remove: done in 0.000500217 secs using 2270% CPU
Identifying sites to remove: done in 0.000622831 secs using 1409% CPU
Identifying sites to remove: done in 0.000410073 secs using 415% CPU
Identifying sites to remove: done in 0.000440039 secs using 1174% CPU
Identifying sites to remove: done in 0.000295669 secs using 229.6% CPU
Identifying sites to remove: done in 0.000612855 secs using 254.2% CPU
Identifying sites to remove: done in 0.000519514 secs using 189% CPU
Identifying sites to remove: done in 0.000488229 secs using 99.75% CPU
Identifying sites to remove: done in 0.000615358 secs using 1.252e+04% CPU
Identifying sites to remove: done in 0.000650279 secs using 1.128e+04% CPU
Identifying sites to remove: done in 0.000645593 secs using 1.075e+04% CPU
Identifying sites to remove: done in 0.000368968 secs using 99.74% CPU
Identifying sites to remove: done in 0.000505134 secs using 874.2% CPU
Identifying sites to remove: done in 0.000384271 secs using 256.1% CPU
Identifying sites to remove: done in 0.000645287 secs using 469.6% CPU
Identifying sites to remove: done in 0.000489384 secs using 1511% CPU
Identifying sites to remove: done in 0.000626922 secs using 1323% CPU
Identifying sites to remove: done in 0.000518568 secs using 898.6% CPU
Identifying sites to remove: done in 0.000520214 secs using 187% CPU
Identifying sites to remove: done in 0.000282988 secs using 219.4% CPU
Identifying sites to remove: done in 0.000504643 secs using 150.6% CPU
Identifying sites to remove: done in 0.000512682 secs using 484.7% CPU
Identifying sites to remove: done in 0.000515282 secs using 429.3% CPU
Identifying sites to remove: done in 0.000416987 secs using 153.7% CPU
Identifying sites to remove: done in 0.00056877 secs using 99.69% CPU
Identifying sites to remove: done in 0.000491552 secs using 99.68% CPU
Identifying sites to remove: done in 0.00049299 secs using 99.6% CPU
Identifying sites to remove: done in 0.00033512 secs using 900.9% CPU
Identifying sites to remove: done in 0.00047832 secs using 2134% CPU
Identifying sites to remove: done in 0.000495426 secs using 1512% CPU
Identifying sites to remove: done in 0.000494555 secs using 1216% CPU
Identifying sites to remove: done in 0.000539206 secs using 2271% CPU
Identifying sites to remove: done in 0.00057999 secs using 2668% CPU
Identifying sites to remove: done in 0.000584744 secs using 3155% CPU
Identifying sites to remove: done in 0.000630327 secs using 2244% CPU
Identifying sites to remove: done in 0.000673294 secs using 2557% CPU
Identifying sites to remove: done in 0.000673287 secs using 1457% CPU
Identifying sites to remove: done in 0.000397697 secs using 629.9% CPU
Identifying sites to remove: done in 0.000427596 secs using 273.4% CPU
Identifying sites to remove: done in 0.000693649 secs using 593.2% CPU
Identifying sites to remove: done in 0.000472598 secs using 1.168e+04% CPU
Identifying sites to remove: done in 0.000270158 secs using 410.9% CPU
Identifying sites to remove: done in 0.000484794 secs using 379.3% CPU
Identifying sites to remove: done in 0.000414796 secs using 300.4% CPU
Identifying sites to remove: done in 0.000152066 secs using 1091% CPU
Identifying sites to remove: done in 0.000314049 secs using 194.9% CPU
Identifying sites to remove: done in 0.000235409 secs using 927.3% CPU
Identifying sites to remove: done in 0.000307813 secs using 1072% CPU
Identifying sites to remove: done in 0.000252306 secs using 403.1% CPU
Identifying sites to remove: done in 0.000145391 secs using 274.4% CPU
Identifying sites to remove: done in 0.000378609 secs using 529.8% CPU
Identifying sites to remove: done in 0.000301786 secs using 99.74% CPU
Identifying sites to remove: done in 0.000300765 secs using 1154% CPU
Identifying sites to remove: done in 0.00049518 secs using 120.6% CPU
Identifying sites to remove: done in 0.000496835 secs using 302.1% CPU
Identifying sites to remove: done in 0.000498481 secs using 171.9% CPU
Identifying sites to remove: done in 0.000309862 secs using 651.6% CPU
Identifying sites to remove: done in 0.000507608 secs using 744.1% CPU
Identifying sites to remove: done in 0.00050205 secs using 898.5% CPU
Identifying sites to remove: done in 0.000495642 secs using 717% CPU
Identifying sites to remove: done in 0.000483297 secs using 129.5% CPU
Identifying sites to remove: done in 0.000321917 secs using 193.2% CPU
Identifying sites to remove: done in 0.000509277 secs using 808.2% CPU
Identifying sites to remove: done in 0.000440046 secs using 1.372e+04% CPU
Identifying sites to remove: done in 0.000520356 secs using 1.151e+04% CPU
Identifying sites to remove: done in 0.000502154 secs using 270.4% CPU
Identifying sites to remove: done in 0.0005114 secs using 217.2% CPU
Identifying sites to remove: done in 0.000243284 secs using 1773% CPU
Identifying sites to remove: done in 0.000492975 secs using 773.7% CPU
Identifying sites to remove: done in 0.000493392 secs using 944.1% CPU
Identifying sites to remove: done in 0.00041572 secs using 404.6% CPU
Identifying sites to remove: done in 0.000416674 secs using 639.1% CPU
Identifying sites to remove: done in 0.000509284 secs using 540.2% CPU
Identifying sites to remove: done in 0.000496432 secs using 202% CPU
Identifying sites to remove: done in 0.000385456 secs using 1245% CPU
Identifying sites to remove: done in 0.000401698 secs using 585% CPU
Identifying sites to remove: done in 0.000329413 secs using 259.6% CPU
Identifying sites to remove: done in 0.000490122 secs using 99.57% CPU
Identifying sites to remove: done in 0.000513285 secs using 1.143e+04% CPU
Identifying sites to remove: done in 0.000514477 secs using 1.071e+04% CPU
Identifying sites to remove: done in 0.000485964 secs using 99.8% CPU
Identifying sites to remove: done in 0.000503972 secs using 99.61% CPU
Identifying sites to remove: done in 0.000497535 secs using 1.441e+04% CPU
Identifying sites to remove: done in 0.000507742 secs using 99.66% CPU
Identifying sites to remove: done in 0.000204608 secs using 2.961e+04% CPU
Identifying sites to remove: done in 0.000208721 secs using 3.079e+04% CPU
Identifying sites to remove: done in 0.000275478 secs using 2.891e+04% CPU
Identifying sites to remove: done in 0.000277162 secs using 2.738e+04% CPU
Identifying sites to remove: done in 0.000278428 secs using 2.452e+04% CPU
Identifying sites to remove: done in 0.00028 secs using 2.577e+04% CPU
Identifying sites to remove: done in 0.000134729 secs using 590.8% CPU
Identifying sites to remove: done in 0.000168778 secs using 2057% CPU
Identifying sites to remove: done in 0.000105806 secs using 1183% CPU
Identifying sites to remove: done in 0.000187397 secs using 1593% CPU
Identifying sites to remove: done in 0.000163749 secs using 385.3% CPU
Identifying sites to remove: done in 0.000207119 secs using 1535% CPU
Identifying sites to remove: done in 0.000157863 secs using 119.7% CPU
Identifying sites to remove: done in 8.01384e-05 secs using 98.58% CPU
Identifying sites to remove: done in 0.000169531 secs using 520.9% CPU
Identifying sites to remove: done in 0.000165924 secs using 175.4% CPU
Identifying sites to remove: done in 0.000170201 secs using 1085% CPU
Identifying sites to remove: done in 0.000161476 secs using 159.2% CPU
Identifying sites to remove: done in 0.000165492 secs using 2722% CPU
Identifying sites to remove: done in 0.000178806 secs using 1547% CPU
Identifying sites to remove: done in 0.000172079 secs using 1414% CPU
Identifying sites to remove: done in 0.000164874 secs using 152.8% CPU
Identifying sites to remove: done in 0.000138536 secs using 1668% CPU
Identifying sites to remove: done in 0.000170641 secs using 122.5% CPU
Identifying sites to remove: done in 0.000131704 secs using 2139% CPU
Identifying sites to remove: done in 0.000171736 secs using 1791% CPU
Identifying sites to remove: done in 0.000164099 secs using 118.2% CPU
Identifying sites to remove: done in 0.0001375 secs using 636.4% CPU
Identifying sites to remove: done in 0.000177942 secs using 143.3% CPU
Identifying sites to remove: done in 0.000305407 secs using 1657% CPU
Identifying sites to remove: done in 0.00032863 secs using 880.3% CPU
Identifying sites to remove: done in 0.000353895 secs using 2181% CPU
Identifying sites to remove: done in 0.000382759 secs using 3929% CPU
Identifying sites to remove: done in 0.000383772 secs using 5139% CPU
Identifying sites to remove: done in 0.000416294 secs using 3113% CPU
Identifying sites to remove: done in 0.000417814 secs using 4213% CPU
Identifying sites to remove: done in 0.000451669 secs using 5461% CPU
Identifying sites to remove: done in 0.000453062 secs using 2376% CPU
Identifying sites to remove: done in 0.000485137 secs using 4627% CPU
Identifying sites to remove: done in 0.000383347 secs using 99.65% CPU
Identifying sites to remove: done in 0.000299893 secs using 203.1% CPU
Identifying sites to remove: done in 0.00033313 secs using 225.1% CPU
Identifying sites to remove: done in 0.000380047 secs using 99.72% CPU
Identifying sites to remove: done in 0.000190645 secs using 1073% CPU
Identifying sites to remove: done in 0.000391789 secs using 673.1% CPU
Identifying sites to remove: done in 0.000344895 secs using 173.4% CPU
Identifying sites to remove: done in 0.000147127 secs using 1809% CPU
Identifying sites to remove: done in 0.000319354 secs using 145.6% CPU
Identifying sites to remove: done in 0.000176169 secs using 4859% CPU
Identifying sites to remove: done in 0.000258163 secs using 2629% CPU
Identifying sites to remove: done in 0.000323676 secs using 2903% CPU
Identifying sites to remove: done in 0.000318199 secs using 1306% CPU
Identifying sites to remove: done in 0.000324301 secs using 656.8% CPU
Identifying sites to remove: done in 0.000240549 secs using 370.4% CPU
Identifying sites to remove: done in 0.000159986 secs using 236.9% CPU
Identifying sites to remove: done in 0.000396118 secs using 191.6% CPU
Identifying sites to remove: done in 0.00039304 secs using 166.1% CPU
Identifying sites to remove: done in 0.000309624 secs using 99.8% CPU
Identifying sites to remove: done in 0.00039883 secs using 284.8% CPU
Identifying sites to remove: done in 0.000397228 secs using 804.6% CPU
Identifying sites to remove: done in 0.000391968 secs using 166.3% CPU
Identifying sites to remove: done in 0.000319742 secs using 1109% CPU
Identifying sites to remove: done in 0.000397131 secs using 179.5% CPU
Identifying sites to remove: done in 0.000387266 secs using 99.41% CPU
Identifying sites to remove: done in 0.000405319 secs using 681.4% CPU
Identifying sites to remove: done in 0.000587657 secs using 607% CPU
Identifying sites to remove: done in 0.000460982 secs using 375.9% CPU
Identifying sites to remove: done in 0.000601344 secs using 421.1% CPU
Identifying sites to remove: done in 0.000341669 secs using 577.8% CPU
Identifying sites to remove: done in 0.000564627 secs using 488.3% CPU
Identifying sites to remove: done in 0.000409052 secs using 1920% CPU
Identifying sites to remove: done in 0.00037954 secs using 2184% CPU
Identifying sites to remove: done in 0.00037764 secs using 1627% CPU
Identifying sites to remove: done in 0.00044246 secs using 1738% CPU
Identifying sites to remove: done in 0.000412412 secs using 1257% CPU
Identifying sites to remove: done in 0.000319421 secs using 1144% CPU
Identifying sites to remove: done in 0.000298604 secs using 435% CPU
Identifying sites to remove: done in 0.000369154 secs using 574.3% CPU
Identifying sites to remove: done in 0.000319541 secs using 1339% CPU
Identifying sites to remove: done in 0.000310086 secs using 170% CPU
Identifying sites to remove: done in 0.000327162 secs using 440.1% CPU
Identifying sites to remove: done in 0.000375055 secs using 349.3% CPU
Identifying sites to remove: done in 0.000335254 secs using 281.6% CPU
Identifying sites to remove: done in 0.000368871 secs using 534.6% CPU
Identifying sites to remove: done in 0.000383049 secs using 195% CPU
Identifying sites to remove: done in 0.000360779 secs using 332.3% CPU
Identifying sites to remove: done in 0.000381626 secs using 138.1% CPU
Identifying sites to remove: done in 0.000384904 secs using 99.51% CPU
Identifying sites to remove: done in 0.000287548 secs using 1775% CPU
Identifying sites to remove: done in 0.000325531 secs using 2120% CPU
Identifying sites to remove: done in 0.000669651 secs using 1002% CPU
Identifying sites to remove: done in 0.000672936 secs using 1278% CPU
Identifying sites to remove: done in 0.000672631 secs using 765.8% CPU
Identifying sites to remove: done in 0.000690036 secs using 904.9% CPU
Identifying sites to remove: done in 0.000716276 secs using 599.1% CPU
Identifying sites to remove: done in 0.000726476 secs using 753.1% CPU
Identifying sites to remove: done in 0.000262618 secs using 99% CPU
Identifying sites to remove: done in 0.000203751 secs using 855% CPU
Identifying sites to remove: done in 0.000141688 secs using 2609% CPU
Identifying sites to remove: done in 0.000264131 secs using 2842% CPU
Identifying sites to remove: done in 0.000260226 secs using 1781% CPU
Identifying sites to remove: done in 0.000253297 secs using 1715% CPU
Identifying sites to remove: done in 0.000220649 secs using 353.5% CPU
Identifying sites to remove: done in 0.000160143 secs using 191.1% CPU
Identifying sites to remove: done in 0.000132546 secs using 322.2% CPU
Identifying sites to remove: done in 0.000276759 secs using 1.781e+04% CPU
Identifying sites to remove: done in 0.000187233 secs using 208.8% CPU
Identifying sites to remove: done in 0.00021074 secs using 99.65% CPU
Identifying sites to remove: done in 0.000255175 secs using 99.54% CPU
Identifying sites to remove: done in 0.000259928 secs using 99.64% CPU
Identifying sites to remove: done in 0.000255659 secs using 808.9% CPU
Identifying sites to remove: done in 0.000257313 secs using 148.1% CPU
Identifying sites to remove: done in 0.000257932 secs using 1127% CPU
Identifying sites to remove: done in 0.000169165 secs using 105.8% CPU
Identifying sites to remove: done in 0.000262752 secs using 2921% CPU
Identifying sites to remove: done in 0.000193775 secs using 1307% CPU
Identifying sites to remove: done in 0.000243634 secs using 1904% CPU
Identifying sites to remove: done in 0.000268832 secs using 1492% CPU
Identifying sites to remove: done in 0.000285417 secs using 1562% CPU
Identifying sites to remove: done in 0.000178069 secs using 440.3% CPU
Identifying sites to remove: done in 0.000210606 secs using 2013% CPU
Identifying sites to remove: done in 0.000269882 secs using 1.796e+04% CPU
Identifying sites to remove: done in 0.000266619 secs using 255% CPU
Identifying sites to remove: done in 0.000264369 secs using 179.3% CPU
Identifying sites to remove: done in 0.000259198 secs using 99.54% CPU
Identifying sites to remove: done in 0.000258267 secs using 99.12% CPU
Identifying sites to remove: done in 0.000221759 secs using 870.8% CPU
Identifying sites to remove: done in 0.000270471 secs using 181.2% CPU
Identifying sites to remove: done in 0.000260651 secs using 99.37% CPU
Identifying sites to remove: done in 0.000426792 secs using 958.5% CPU
Identifying sites to remove: done in 0.00045158 secs using 924.3% CPU
Identifying sites to remove: done in 0.000484139 secs using 909.7% CPU
Identifying sites to remove: done in 0.000560254 secs using 975.1% CPU
Identifying sites to remove: done in 0.000595555 secs using 931.7% CPU
Identifying sites to remove: done in 0.000597134 secs using 952.5% CPU
Identifying sites to remove: done in 0.000608645 secs using 919.7% CPU
Identifying sites to remove: done in 0.000599138 secs using 960.7% CPU
Identifying sites to remove: done in 0.000639029 secs using 891% CPU
Identifying sites to remove: done in 0.000671044 secs using 900.4% CPU
Identifying sites to remove: done in 0.000526488 secs using 400% CPU
Identifying sites to remove: done in 0.000444397 secs using 564.6% CPU
Identifying sites to remove: done in 0.000453748 secs using 161.1% CPU
Identifying sites to remove: done in 0.000524797 secs using 99.66% CPU
Identifying sites to remove: done in 0.000274591 secs using 99.42% CPU
Identifying sites to remove: done in 0.000217035 secs using 515.6% CPU
Identifying sites to remove: done in 0.000540376 secs using 400.6% CPU
Identifying sites to remove: done in 0.000451252 secs using 194.6% CPU
Identifying sites to remove: done in 0.00025095 secs using 613.3% CPU
Identifying sites to remove: done in 0.000454843 secs using 117.4% CPU
Identifying sites to remove: done in 0.00021524 secs using 2921% CPU
Identifying sites to remove: done in 0.000455849 secs using 1943% CPU
Identifying sites to remove: done in 0.000384517 secs using 1209% CPU
Identifying sites to remove: done in 0.0004986 secs using 1366% CPU
Identifying sites to remove: done in 0.000459872 secs using 606.7% CPU
Identifying sites to remove: done in 0.000381403 secs using 283.2% CPU
Identifying sites to remove: done in 0.000562616 secs using 793.1% CPU
Identifying sites to remove: done in 0.000561506 secs using 199.6% CPU
Identifying sites to remove: done in 0.000452131 secs using 99.53% CPU
Identifying sites to remove: done in 0.000544213 secs using 686.3% CPU
Identifying sites to remove: done in 0.000560321 secs using 842.6% CPU
Identifying sites to remove: done in 0.000563987 secs using 709.1% CPU
Identifying sites to remove: done in 0.000477307 secs using 776.6% CPU
Identifying sites to remove: done in 0.000565968 secs using 114.7% CPU
Identifying sites to remove: done in 0.000552103 secs using 1.198e+04% CPU
Identifying sites to remove: done in 0.000573806 secs using 771.2% CPU
Identifying sites to remove: done in 0.000469223 secs using 751.9% CPU
Identifying sites to remove: done in 0.000539243 secs using 786.3% CPU
Identifying sites to remove: done in 0.00060343 secs using 547.9% CPU
Identifying sites to remove: done in 0.000469543 secs using 558.4% CPU
Identifying sites to remove: done in 0.000439718 secs using 665% CPU
Identifying sites to remove: done in 0.00057777 secs using 803.6% CPU
Identifying sites to remove: done in 0.000368118 secs using 1969% CPU
Identifying sites to remove: done in 0.000573076 secs using 2098% CPU
Identifying sites to remove: done in 0.000449717 secs using 1763% CPU
Identifying sites to remove: done in 0.00058458 secs using 849.3% CPU
Identifying sites to remove: done in 0.000565305 secs using 219.2% CPU
Identifying sites to remove: done in 0.000461504 secs using 427.7% CPU
Identifying sites to remove: done in 0.000516161 secs using 413.6% CPU
Identifying sites to remove: done in 0.000447892 secs using 366.4% CPU
Identifying sites to remove: done in 0.000562981 secs using 235.4% CPU
Identifying sites to remove: done in 0.000415348 secs using 99.68% CPU
Identifying sites to remove: done in 0.000555202 secs using 484.7% CPU
Identifying sites to remove: done in 0.000455558 secs using 188.1% CPU
Identifying sites to remove: done in 0.000554845 secs using 477.1% CPU
Identifying sites to remove: done in 0.00055033 secs using 119.2% CPU
Identifying sites to remove: done in 0.000559188 secs using 708.3% CPU
Identifying sites to remove: done in 0.000571102 secs using 151.3% CPU
Identifying sites to remove: done in 0.000546649 secs using 296% CPU
Identifying sites to remove: done in 0.000372037 secs using 1901% CPU
Identifying sites to remove: done in 0.00041943 secs using 1341% CPU
Identifying sites to remove: done in 0.000411056 secs using 922.3% CPU
Identifying sites to remove: done in 0.000468723 secs using 3556% CPU
Identifying sites to remove: done in 0.000467815 secs using 3937% CPU
Identifying sites to remove: done in 0.000470825 secs using 4296% CPU
Identifying sites to remove: done in 0.000497505 secs using 2685% CPU
Identifying sites to remove: done in 0.000498496 secs using 3039% CPU
Identifying sites to remove: done in 0.000513203 secs using 2266% CPU
Identifying sites to remove: done in 0.000615314 secs using 1622% CPU
Identifying sites to remove: done in 0.00032182 secs using 627.1% CPU
Identifying sites to remove: done in 0.000328526 secs using 265.1% CPU
Identifying sites to remove: done in 0.000497617 secs using 701.1% CPU
Identifying sites to remove: done in 0.000396572 secs using 1.353e+04% CPU
Identifying sites to remove: done in 0.00020279 secs using 686.9% CPU
Identifying sites to remove: done in 0.000348695 secs using 686.8% CPU
Identifying sites to remove: done in 0.00041721 secs using 219.3% CPU
Identifying sites to remove: done in 0.000177398 secs using 1094% CPU
Identifying sites to remove: done in 0.000372209 secs using 1176% CPU
Identifying sites to remove: done in 0.000368498 secs using 1196% CPU
Identifying sites to remove: done in 0.0001885 secs using 406.4% CPU
Identifying sites to remove: done in 0.000388704 secs using 1037% CPU
Identifying sites to remove: done in 0.000318348 secs using 652.1% CPU
Identifying sites to remove: done in 0.000308342 secs using 431.7% CPU
Identifying sites to remove: done in 0.000174783 secs using 1656% CPU
Identifying sites to remove: done in 0.000387087 secs using 914% CPU
Identifying sites to remove: done in 0.000429146 secs using 155% CPU
Identifying sites to remove: done in 0.000415899 secs using 1016% CPU
Identifying sites to remove: done in 0.000392266 secs using 1.526e+04% CPU
Identifying sites to remove: done in 0.000403039 secs using 99.74% CPU
Identifying sites to remove: done in 0.000410087 secs using 582.8% CPU
Identifying sites to remove: done in 0.000450388 secs using 671.6% CPU
Identifying sites to remove: done in 0.000392981 secs using 839% CPU
Identifying sites to remove: done in 0.000429407 secs using 551.9% CPU
Identifying sites to remove: done in 0.000408836 secs using 161.4% CPU
Identifying sites to remove: done in 0.000424996 secs using 1145% CPU
Identifying sites to remove: done in 0.000413701 secs using 861.5% CPU
Identifying sites to remove: done in 0.000427179 secs using 276% CPU
Identifying sites to remove: done in 0.00033199 secs using 1054% CPU
Identifying sites to remove: done in 0.000398897 secs using 1880% CPU
Identifying sites to remove: done in 0.000416979 secs using 1052% CPU
Identifying sites to remove: done in 0.000360817 secs using 1279% CPU
Identifying sites to remove: done in 0.000470899 secs using 1.109e+04% CPU
Identifying sites to remove: done in 0.000370339 secs using 1.293e+04% CPU
Identifying sites to remove: done in 0.000398539 secs using 1.218e+04% CPU
Identifying sites to remove: done in 0.000439286 secs using 9355% CPU
Identifying sites to remove: done in 0.000458106 secs using 9817% CPU
Identifying sites to remove: done in 0.000411689 secs using 281.8% CPU
Identifying sites to remove: done in 0.000323728 secs using 647.1% CPU
Identifying sites to remove: done in 0.000350498 secs using 443.4% CPU
Identifying sites to remove: done in 0.00044056 secs using 631% CPU
Identifying sites to remove: done in 0.000319734 secs using 197.7% CPU
Identifying sites to remove: done in 0.000417039 secs using 441.4% CPU
Identifying sites to remove: done in 0.000377789 secs using 99.26% CPU
Identifying sites to remove: done in 0.000408746 secs using 442.8% CPU
Identifying sites to remove: done in 0.000417784 secs using 107.7% CPU
Identifying sites to remove: done in 0.000417866 secs using 404.4% CPU
Identifying sites to remove: done in 0.000423566 secs using 178.2% CPU
Identifying sites to remove: done in 0.000428617 secs using 99.62% CPU
Identifying sites to remove: done in 0.000135697 secs using 4920% CPU
Identifying sites to remove: done in 0.00013195 secs using 1612% CPU
Identifying sites to remove: done in 0.000181273 secs using 3817% CPU
Identifying sites to remove: done in 0.000181362 secs using 2999% CPU
Identifying sites to remove: done in 0.000170864 secs using 2318% CPU
Identifying sites to remove: done in 0.000147253 secs using 2668% CPU
Identifying sites to remove: done in 0.000114225 secs using 3421% CPU
Identifying sites to remove: done in 7.91475e-05 secs using 246.4% CPU
Identifying sites to remove: done in 0.000146128 secs using 1455% CPU
Identifying sites to remove: done in 0.000131458 secs using 648.9% CPU
Identifying sites to remove: done in 0.000149257 secs using 396.6% CPU
Identifying sites to remove: done in 0.000131287 secs using 229.3% CPU
Identifying sites to remove: done in 0.00012514 secs using 672% CPU
Identifying sites to remove: done in 0.00014957 secs using 2051% CPU
Identifying sites to remove: done in 0.000135697 secs using 708.2% CPU
Identifying sites to remove: done in 0.000142328 secs using 545.9% CPU
Identifying sites to remove: done in 0.000110798 secs using 267.2% CPU
Identifying sites to remove: done in 8.79914e-05 secs using 404.6% CPU
Identifying sites to remove: done in 0.000103295 secs using 339.8% CPU
Identifying sites to remove: done in 0.000109203 secs using 391% CPU
Identifying sites to remove: done in 8.49292e-05 secs using 201.3% CPU
Identifying sites to remove: done in 0.000114627 secs using 661.3% CPU
Identifying sites to remove: done in 0.000464603 secs using 1390% CPU
Identifying sites to remove: done in 0.000469156 secs using 925.9% CPU
Identifying sites to remove: done in 0.000496127 secs using 1144% CPU
Identifying sites to remove: done in 0.000593379 secs using 1448% CPU
Identifying sites to remove: done in 0.000617109 secs using 1769% CPU
Identifying sites to remove: done in 0.000616573 secs using 1940% CPU
Identifying sites to remove: done in 0.000645027 secs using 2366% CPU
Identifying sites to remove: done in 0.000683859 secs using 2101% CPU
Identifying sites to remove: done in 0.000685118 secs using 1477% CPU
Identifying sites to remove: done in 0.000747047 secs using 1795% CPU
Identifying sites to remove: done in 0.000539772 secs using 897.8% CPU
Identifying sites to remove: done in 0.000481904 secs using 1.322e+04% CPU
Identifying sites to remove: done in 0.000485234 secs using 1.271e+04% CPU
Identifying sites to remove: done in 0.00052581 secs using 99.66% CPU
Identifying sites to remove: done in 0.000262856 secs using 99.67% CPU
Identifying sites to remove: done in 0.000444278 secs using 202.6% CPU
Identifying sites to remove: done in 0.000545166 secs using 782.3% CPU
Identifying sites to remove: done in 0.00023184 secs using 122.1% CPU
Identifying sites to remove: done in 0.000255704 secs using 1668% CPU
Identifying sites to remove: done in 0.000496581 secs using 1005% CPU
Identifying sites to remove: done in 0.000422962 secs using 1.556e+04% CPU
Identifying sites to remove: done in 0.000509888 secs using 1.245e+04% CPU
Identifying sites to remove: done in 0.000233956 secs using 448.4% CPU
Identifying sites to remove: done in 0.000492886 secs using 555.3% CPU
Identifying sites to remove: done in 0.000424981 secs using 548.5% CPU
Identifying sites to remove: done in 0.00051 secs using 387.8% CPU
Identifying sites to remove: done in 0.000548571 secs using 402% CPU
Identifying sites to remove: done in 0.0005491 secs using 174.5% CPU
Identifying sites to remove: done in 0.000502147 secs using 1.448e+04% CPU
Identifying sites to remove: done in 0.000551052 secs using 255.1% CPU
Identifying sites to remove: done in 0.000547439 secs using 413% CPU
Identifying sites to remove: done in 0.000543445 secs using 175.2% CPU
Identifying sites to remove: done in 0.000493012 secs using 623.1% CPU
Identifying sites to remove: done in 0.000556916 secs using 145.3% CPU
Identifying sites to remove: done in 0.000541277 secs using 99.58% CPU
Identifying sites to remove: done in 0.00055965 secs using 514.1% CPU
Identifying sites to remove: done in 0.000528865 secs using 589.8% CPU
Identifying sites to remove: done in 0.000570938 secs using 685.5% CPU
Identifying sites to remove: done in 0.00050538 secs using 238.6% CPU
Identifying sites to remove: done in 0.000455849 secs using 511.1% CPU
Identifying sites to remove: done in 0.00047826 secs using 194.7% CPU
Identifying sites to remove: done in 0.000562772 secs using 1355% CPU
Identifying sites to remove: done in 0.00038854 secs using 1805% CPU
Identifying sites to remove: done in 0.000441857 secs using 2453% CPU
Identifying sites to remove: done in 0.000557221 secs using 1472% CPU
Identifying sites to remove: done in 0.000568487 secs using 830.6% CPU
Identifying sites to remove: done in 0.000560455 secs using 250.9% CPU
Identifying sites to remove: done in 0.000438929 secs using 1.171e+04% CPU
Identifying sites to remove: done in 0.000535272 secs using 422.4% CPU
Identifying sites to remove: done in 0.000447907 secs using 393.2% CPU
Identifying sites to remove: done in 0.000562035 secs using 171.3% CPU
Identifying sites to remove: done in 0.000420459 secs using 99.65% CPU
Identifying sites to remove: done in 0.000548445 secs using 593.5% CPU
Identifying sites to remove: done in 0.000515237 secs using 739.3% CPU
Identifying sites to remove: done in 0.000562504 secs using 128% CPU
Identifying sites to remove: done in 0.000553899 secs using 1.159e+04% CPU
Identifying sites to remove: done in 0.000551507 secs using 370.1% CPU
Identifying sites to remove: done in 0.000551403 secs using 174.8% CPU
Identifying sites to remove: done in 0.000534147 secs using 749.8% CPU
Identifying sites to remove: done in 0.000554405 secs using 1608% CPU
Identifying sites to remove: done in 0.000559986 secs using 2096% CPU
Identifying sites to remove: done in 0.000581816 secs using 2212% CPU
Identifying sites to remove: done in 0.000582531 secs using 1899% CPU
Identifying sites to remove: done in 0.000559039 secs using 2424% CPU
Identifying sites to remove: done in 0.000603877 secs using 1695% CPU
Identifying sites to remove: done in 0.000660926 secs using 1039% CPU
Identifying sites to remove: done in 0.000668451 secs using 1168% CPU
Identifying sites to remove: done in 0.000741929 secs using 817.9% CPU
Identifying sites to remove: done in 0.000851996 secs using 1065% CPU
Identifying sites to remove: done in 0.000551648 secs using 99.88% CPU
Identifying sites to remove: done in 0.000396967 secs using 442.6% CPU
Identifying sites to remove: done in 0.00039836 secs using 376.8% CPU
Identifying sites to remove: done in 0.000487857 secs using 238.8% CPU
Identifying sites to remove: done in 0.00047233 secs using 1097% CPU
Identifying sites to remove: done in 0.000244386 secs using 1191% CPU
Identifying sites to remove: done in 0.000398412 secs using 215.1% CPU
Identifying sites to remove: done in 0.000454254 secs using 259.1% CPU
Identifying sites to remove: done in 0.000210784 secs using 1698% CPU
Identifying sites to remove: done in 0.000448719 secs using 141.1% CPU
Identifying sites to remove: done in 0.000236988 secs using 2.717e+04% CPU
Identifying sites to remove: done in 0.000383288 secs using 1.659e+04% CPU
Identifying sites to remove: done in 0.000482164 secs using 1.25e+04% CPU
Identifying sites to remove: done in 0.000213906 secs using 321.2% CPU
Identifying sites to remove: done in 0.000395074 secs using 391.3% CPU
Identifying sites to remove: done in 0.000491872 secs using 438.1% CPU
Identifying sites to remove: done in 0.000493594 secs using 99.68% CPU
Identifying sites to remove: done in 0.000496887 secs using 99.82% CPU
Identifying sites to remove: done in 0.000454895 secs using 99.8% CPU
Identifying sites to remove: done in 0.000509024 secs using 1.388e+04% CPU
Identifying sites to remove: done in 0.000490755 secs using 99.64% CPU
Identifying sites to remove: done in 0.000501022 secs using 648.9% CPU
Identifying sites to remove: done in 0.000462875 secs using 499.7% CPU
Identifying sites to remove: done in 0.000530519 secs using 143.3% CPU
Identifying sites to remove: done in 0.000492476 secs using 99.7% CPU
Identifying sites to remove: done in 0.000507131 secs using 1529% CPU
Identifying sites to remove: done in 0.000526346 secs using 1.248e+04% CPU
Identifying sites to remove: done in 0.000486314 secs using 1.276e+04% CPU
Identifying sites to remove: done in 0.000476629 secs using 274.8% CPU
Identifying sites to remove: done in 0.000429645 secs using 193.6% CPU
Identifying sites to remove: done in 0.000552304 secs using 1718% CPU
Identifying sites to remove: done in 0.000419877 secs using 2194% CPU
Identifying sites to remove: done in 0.000484206 secs using 871.3% CPU
Identifying sites to remove: done in 0.000502862 secs using 1205% CPU
Identifying sites to remove: done in 0.000525564 secs using 1500% CPU
Identifying sites to remove: done in 0.000426859 secs using 417.7% CPU
Identifying sites to remove: done in 0.000367954 secs using 924.6% CPU
Identifying sites to remove: done in 0.000482507 secs using 167% CPU
Identifying sites to remove: done in 0.0004934 secs using 99.11% CPU
Identifying sites to remove: done in 0.000395574 secs using 500.3% CPU
Identifying sites to remove: done in 0.000375055 secs using 525.8% CPU
Identifying sites to remove: done in 0.00040248 secs using 409.2% CPU
Identifying sites to remove: done in 0.000510544 secs using 396.4% CPU
Identifying sites to remove: done in 0.000465631 secs using 149.3% CPU
Identifying sites to remove: done in 0.000513665 secs using 99.68% CPU
Identifying sites to remove: done in 0.000500694 secs using 99.86% CPU
Identifying sites to remove: done in 0.000500821 secs using 748.2% CPU
Identifying sites to remove: done in 0.00051368 secs using 169.8% CPU
Identifying sites to remove: done in 0.000487491 secs using 99.69% CPU
Identifying sites to remove: done in 0.00040032 secs using 977.7% CPU
Identifying sites to remove: done in 0.000411987 secs using 1393% CPU
Identifying sites to remove: done in 0.000462614 secs using 1699% CPU
Identifying sites to remove: done in 0.00051491 secs using 2599% CPU
Identifying sites to remove: done in 0.000535905 secs using 2231% CPU
Identifying sites to remove: done in 0.000555344 secs using 3140% CPU
Identifying sites to remove: done in 0.000556506 secs using 3458% CPU
Identifying sites to remove: done in 0.000557557 secs using 3775% CPU
Identifying sites to remove: done in 0.00061889 secs using 2557% CPU
Identifying sites to remove: done in 0.000639655 secs using 1647% CPU
Identifying sites to remove: done in 0.000538193 secs using 1.12e+04% CPU
Identifying sites to remove: done in 0.00040327 secs using 1.453e+04% CPU
Identifying sites to remove: done in 0.000403419 secs using 1.407e+04% CPU
Identifying sites to remove: done in 0.000424832 secs using 99.57% CPU
Identifying sites to remove: done in 0.000221238 secs using 974.5% CPU
Identifying sites to remove: done in 0.000447467 secs using 633.3% CPU
Identifying sites to remove: done in 0.000382401 secs using 179.9% CPU
Identifying sites to remove: done in 0.000180736 secs using 99.59% CPU
Identifying sites to remove: done in 0.000206091 secs using 191.7% CPU
Identifying sites to remove: done in 0.00040748 secs using 214% CPU
Identifying sites to remove: done in 0.000337914 secs using 1715% CPU
Identifying sites to remove: done in 0.000406474 secs using 2185% CPU
Identifying sites to remove: done in 0.000207059 secs using 2141% CPU
Identifying sites to remove: done in 0.000288531 secs using 1754% CPU
Identifying sites to remove: done in 0.000414923 secs using 1564% CPU
Identifying sites to remove: done in 0.000436999 secs using 1.256e+04% CPU
Identifying sites to remove: done in 0.000453696 secs using 99.63% CPU
Identifying sites to remove: done in 0.000445604 secs using 99.64% CPU
Identifying sites to remove: done in 0.000426359 secs using 99.68% CPU
Identifying sites to remove: done in 0.000441708 secs using 270.1% CPU
Identifying sites to remove: done in 0.000450686 secs using 962.3% CPU
Identifying sites to remove: done in 0.000468425 secs using 1.426e+04% CPU
Identifying sites to remove: done in 0.000420973 secs using 1.497e+04% CPU
Identifying sites to remove: done in 0.000462458 secs using 129.3% CPU
Identifying sites to remove: done in 0.000442073 secs using 99.3% CPU
Identifying sites to remove: done in 0.000466667 secs using 1106% CPU
Identifying sites to remove: done in 0.000462599 secs using 710.1% CPU
Identifying sites to remove: done in 0.000409476 secs using 870.9% CPU
Identifying sites to remove: done in 0.000439636 secs using 793.6% CPU
Identifying sites to remove: done in 0.000379205 secs using 991% CPU
Identifying sites to remove: done in 0.000378571 secs using 1987% CPU
Identifying sites to remove: done in 0.00046812 secs using 1.205e+04% CPU
Identifying sites to remove: done in 0.000380397 secs using 1.402e+04% CPU
Identifying sites to remove: done in 0.00032936 secs using 500.4% CPU
Identifying sites to remove: done in 0.000479773 secs using 457.7% CPU
Identifying sites to remove: done in 0.000474304 secs using 390.5% CPU
Identifying sites to remove: done in 0.000453115 secs using 252% CPU
Identifying sites to remove: done in 0.000429615 secs using 408.5% CPU
Identifying sites to remove: done in 0.000368409 secs using 825.7% CPU
Identifying sites to remove: done in 0.000355035 secs using 472.3% CPU
Identifying sites to remove: done in 0.000465579 secs using 539.1% CPU
Identifying sites to remove: done in 0.000354268 secs using 125.6% CPU
Identifying sites to remove: done in 0.000450708 secs using 576.9% CPU
Identifying sites to remove: done in 0.000356451 secs using 125.1% CPU
Identifying sites to remove: done in 0.000450931 secs using 99.79% CPU
Identifying sites to remove: done in 0.000452861 secs using 99.81% CPU
Identifying sites to remove: done in 0.000469297 secs using 1.541e+04% CPU
Identifying sites to remove: done in 0.000475474 secs using 1.601e+04% CPU
Identifying sites to remove: done in 0.000443712 secs using 99.61% CPU
Identifying sites to remove: done in 0.000311762 secs using 2038% CPU
Identifying sites to remove: done in 0.000350155 secs using 1410% CPU
Identifying sites to remove: done in 0.000342533 secs using 935.7% CPU
Identifying sites to remove: done in 0.000392109 secs using 3542% CPU
Identifying sites to remove: done in 0.000392735 secs using 2654% CPU
Identifying sites to remove: done in 0.000445299 secs using 3962% CPU
Identifying sites to remove: done in 0.000446677 secs using 3581% CPU
Identifying sites to remove: done in 0.000450172 secs using 4380% CPU
Identifying sites to remove: done in 0.000447549 secs using 2812% CPU
Identifying sites to remove: done in 0.000530206 secs using 1754% CPU
Identifying sites to remove: done in 0.000288092 secs using 743.9% CPU
Identifying sites to remove: done in 0.000431255 secs using 846.6% CPU
Identifying sites to remove: done in 0.000309139 secs using 258.8% CPU
Identifying sites to remove: done in 0.000349775 secs using 1.544e+04% CPU
Identifying sites to remove: done in 0.000181466 secs using 99.74% CPU
Identifying sites to remove: done in 0.000296533 secs using 196.9% CPU
Identifying sites to remove: done in 0.000356711 secs using 483.6% CPU
Identifying sites to remove: done in 0.000133626 secs using 99.53% CPU
Identifying sites to remove: done in 0.000298843 secs using 867.7% CPU
Identifying sites to remove: done in 0.000171013 secs using 1358% CPU
Identifying sites to remove: done in 0.000296973 secs using 1919% CPU
Identifying sites to remove: done in 0.000243239 secs using 1631% CPU
Identifying sites to remove: done in 0.000292286 secs using 703.4% CPU
Identifying sites to remove: done in 0.000220194 secs using 456.9% CPU
Identifying sites to remove: done in 0.000145636 secs using 223.2% CPU
Identifying sites to remove: done in 0.000293575 secs using 99.46% CPU
Identifying sites to remove: done in 0.000361606 secs using 99.28% CPU
Identifying sites to remove: done in 0.000379838 secs using 1.62e+04% CPU
Identifying sites to remove: done in 0.000292681 secs using 99.43% CPU
Identifying sites to remove: done in 0.000352256 secs using 270% CPU
Identifying sites to remove: done in 0.000354625 secs using 522% CPU
Identifying sites to remove: done in 0.000371039 secs using 158.2% CPU
Identifying sites to remove: done in 0.000298962 secs using 771.7% CPU
Identifying sites to remove: done in 0.000375882 secs using 178.2% CPU
Identifying sites to remove: done in 0.0003502 secs using 99.09% CPU
Identifying sites to remove: done in 0.000374883 secs using 1936% CPU
Identifying sites to remove: done in 0.000302561 secs using 1335% CPU
Identifying sites to remove: done in 0.000360191 secs using 248.5% CPU
Identifying sites to remove: done in 0.000340529 secs using 1.771e+04% CPU
Identifying sites to remove: done in 0.000350378 secs using 1.62e+04% CPU
Identifying sites to remove: done in 0.00030341 secs using 276.5% CPU
Identifying sites to remove: done in 0.00038898 secs using 488.2% CPU
Identifying sites to remove: done in 0.00028573 secs using 1127% CPU
Identifying sites to remove: done in 0.000374779 secs using 1093% CPU
Identifying sites to remove: done in 0.000247411 secs using 1041% CPU
Identifying sites to remove: done in 0.0004021 secs using 495.1% CPU
Identifying sites to remove: done in 0.000368588 secs using 586.8% CPU
Identifying sites to remove: done in 0.000294022 secs using 121.1% CPU
Identifying sites to remove: done in 0.000302687 secs using 1446% CPU
Identifying sites to remove: done in 0.000281952 secs using 291.2% CPU
Identifying sites to remove: done in 0.000364505 secs using 1590% CPU
Identifying sites to remove: done in 0.000276923 secs using 425% CPU
Identifying sites to remove: done in 0.000355683 secs using 121.5% CPU
Identifying sites to remove: done in 0.000292458 secs using 99.5% CPU
Identifying sites to remove: done in 0.000357091 secs using 99.69% CPU
Identifying sites to remove: done in 0.000384651 secs using 1.483e+04% CPU
Identifying sites to remove: done in 0.000362977 secs using 892.6% CPU
Identifying sites to remove: done in 0.000357851 secs using 161.8% CPU
Identifying sites to remove: done in 0.000355557 secs using 99.56% CPU
Identifying sites to remove: done in 0.000445195 secs using 944.8% CPU
Identifying sites to remove: done in 0.000448063 secs using 1695% CPU
Identifying sites to remove: done in 0.000447966 secs using 1321% CPU
Identifying sites to remove: done in 0.000573747 secs using 2058% CPU
Identifying sites to remove: done in 0.000597388 secs using 2833% CPU
Identifying sites to remove: done in 0.000600219 secs using 2554% CPU
Identifying sites to remove: done in 0.000598997 secs using 3383% CPU
Identifying sites to remove: done in 0.00064043 secs using 1637% CPU
Identifying sites to remove: done in 0.000642829 secs using 2934% CPU
Identifying sites to remove: done in 0.000687353 secs using 2026% CPU
Identifying sites to remove: done in 0.000520289 secs using 792.1% CPU
Identifying sites to remove: done in 0.000445232 secs using 1.328e+04% CPU
Identifying sites to remove: done in 0.000442162 secs using 1.296e+04% CPU
Identifying sites to remove: done in 0.000498146 secs using 99.57% CPU
Identifying sites to remove: done in 0.000252597 secs using 99.76% CPU
Identifying sites to remove: done in 0.000421651 secs using 389.4% CPU
Identifying sites to remove: done in 0.000529326 secs using 755.3% CPU
Identifying sites to remove: done in 0.000222921 secs using 261.5% CPU
Identifying sites to remove: done in 0.000245623 secs using 204.8% CPU
Identifying sites to remove: done in 0.000479445 secs using 931.1% CPU
Identifying sites to remove: done in 0.000473633 secs using 2867% CPU
Identifying sites to remove: done in 0.000403374 secs using 1709% CPU
Identifying sites to remove: done in 0.000482105 secs using 2139% CPU
Identifying sites to remove: done in 0.000245623 secs using 2037% CPU
Identifying sites to remove: done in 0.000412866 secs using 1.419e+04% CPU
Identifying sites to remove: done in 0.000526123 secs using 1.031e+04% CPU
Identifying sites to remove: done in 0.000526339 secs using 328.9% CPU
Identifying sites to remove: done in 0.000523821 secs using 136.5% CPU
Identifying sites to remove: done in 0.000485167 secs using 99.55% CPU
Identifying sites to remove: done in 0.000510968 secs using 872.7% CPU
Identifying sites to remove: done in 0.000722401 secs using 1.009e+04% CPU
Identifying sites to remove: done in 0.000758246 secs using 9525% CPU
Identifying sites to remove: done in 0.000475354 secs using 361.6% CPU
Identifying sites to remove: done in 0.000522338 secs using 157% CPU
Identifying sites to remove: done in 0.00050693 secs using 99.62% CPU
Identifying sites to remove: done in 0.000494234 secs using 1266% CPU
Identifying sites to remove: done in 0.000538565 secs using 670.3% CPU
Identifying sites to remove: done in 0.000551514 secs using 280% CPU
Identifying sites to remove: done in 0.000488937 secs using 832.4% CPU
Identifying sites to remove: done in 0.00050547 secs using 1.207e+04% CPU
Identifying sites to remove: done in 0.000473641 secs using 251.9% CPU
Identifying sites to remove: done in 0.000544123 secs using 318.3% CPU
Identifying sites to remove: done in 0.000542194 secs using 1027% CPU
Identifying sites to remove: done in 0.000531062 secs using 941.3% CPU
Identifying sites to remove: done in 0.000475235 secs using 832% CPU
Identifying sites to remove: done in 0.00045415 secs using 349.4% CPU
Identifying sites to remove: done in 0.000558488 secs using 505.5% CPU
Identifying sites to remove: done in 0.000473887 secs using 99.81% CPU
Identifying sites to remove: done in 0.000414185 secs using 726.5% CPU
Identifying sites to remove: done in 0.00055021 secs using 1016% CPU
Identifying sites to remove: done in 0.000439189 secs using 284.4% CPU
Identifying sites to remove: done in 0.000422254 secs using 764.9% CPU
Identifying sites to remove: done in 0.000545926 secs using 958.9% CPU
Identifying sites to remove: done in 0.000513457 secs using 1.022e+04% CPU
Identifying sites to remove: done in 0.000510074 secs using 99.2% CPU
Identifying sites to remove: done in 0.000508226 secs using 99.37% CPU
Identifying sites to remove: done in 0.000519641 secs using 380.5% CPU
Identifying sites to remove: done in 0.000526778 secs using 198% CPU
Identifying sites to remove: done in 0.000503205 secs using 99.36% CPU
Identifying sites to remove: done in 0.000903413 secs using 1051% CPU
Identifying sites to remove: done in 0.000896111 secs using 979.5% CPU
Identifying sites to remove: done in 0.00103176 secs using 992.2% CPU
Identifying sites to remove: done in 0.00106253 secs using 1050% CPU
Identifying sites to remove: done in 0.00108846 secs using 1144% CPU
Identifying sites to remove: done in 0.00110894 secs using 1197% CPU
Identifying sites to remove: done in 0.00116793 secs using 1194% CPU
Identifying sites to remove: done in 0.00120223 secs using 1044% CPU
Identifying sites to remove: done in 0.0013534 secs using 1010% CPU
Identifying sites to remove: done in 0.00148308 secs using 855.7% CPU
Identifying sites to remove: done in 0.00112427 secs using 208.2% CPU
Identifying sites to remove: done in 0.000927426 secs using 336.8% CPU
Identifying sites to remove: done in 0.00085099 secs using 152.6% CPU
Identifying sites to remove: done in 0.00109753 secs using 99.86% CPU
Identifying sites to remove: done in 0.000558116 secs using 99.98% CPU
Identifying sites to remove: done in 0.000466287 secs using 748% CPU
Identifying sites to remove: done in 0.00115526 secs using 524.5% CPU
Identifying sites to remove: done in 0.000954799 secs using 617.9% CPU
Identifying sites to remove: done in 0.000496328 secs using 865.8% CPU
Identifying sites to remove: done in 0.00106519 secs using 6702% CPU
Identifying sites to remove: done in 0.000453137 secs using 465.2% CPU
Identifying sites to remove: done in 0.000841051 secs using 459.3% CPU
Identifying sites to remove: done in 0.00108511 secs using 680.7% CPU
Identifying sites to remove: done in 0.00110149 secs using 595.4% CPU
Identifying sites to remove: done in 0.000847876 secs using 490% CPU
Identifying sites to remove: done in 0.000901811 secs using 262% CPU
Identifying sites to remove: done in 0.00110712 secs using 228.9% CPU
Identifying sites to remove: done in 0.00111389 secs using 189.7% CPU
Identifying sites to remove: done in 0.00103663 secs using 7527% CPU
Identifying sites to remove: done in 0.00113648 secs using 265.8% CPU
Identifying sites to remove: done in 0.0011403 secs using 691.6% CPU
Identifying sites to remove: done in 0.00109349 secs using 422.1% CPU
Identifying sites to remove: done in 0.00104831 secs using 214% CPU
Identifying sites to remove: done in 0.00111275 secs using 173.4% CPU
Identifying sites to remove: done in 0.00110929 secs using 99.43% CPU
Identifying sites to remove: done in 0.000861667 secs using 470.6% CPU
Identifying sites to remove: done in 0.00114778 secs using 429.5% CPU
Identifying sites to remove: done in 0.00112948 secs using 395.2% CPU
Identifying sites to remove: done in 0.000852719 secs using 221.4% CPU
Identifying sites to remove: done in 0.000879467 secs using 434.8% CPU
Identifying sites to remove: done in 0.000944085 secs using 177.4% CPU
Identifying sites to remove: done in 0.00110421 secs using 6138% CPU
Identifying sites to remove: done in 0.0011077 secs using 528.1% CPU
Identifying sites to remove: done in 0.000842996 secs using 583% CPU
Identifying sites to remove: done in 0.00117439 secs using 396.7% CPU
Identifying sites to remove: done in 0.00094413 secs using 489.6% CPU
Identifying sites to remove: done in 0.00115687 secs using 545.6% CPU
Identifying sites to remove: done in 0.000877969 secs using 1089% CPU
Identifying sites to remove: done in 0.00112462 secs using 6004% CPU
Identifying sites to remove: done in 0.000893064 secs using 6796% CPU
Identifying sites to remove: done in 0.000948764 secs using 6018% CPU
Identifying sites to remove: done in 0.000912361 secs using 505.7% CPU
Identifying sites to remove: done in 0.00110424 secs using 617.4% CPU
Identifying sites to remove: done in 0.001077 secs using 234.8% CPU
Identifying sites to remove: done in 0.00111347 secs using 213.9% CPU
Identifying sites to remove: done in 0.00109287 secs using 187% CPU
Identifying sites to remove: done in 0.00106774 secs using 554.6% CPU
Identifying sites to remove: done in 0.00112747 secs using 887.9% CPU
Identifying sites to remove: done in 0.00111742 secs using 99.87% CPU
Identifying sites to remove: done in 0.000413813 secs using 971% CPU
Identifying sites to remove: done in 0.000464864 secs using 942% CPU
Identifying sites to remove: done in 0.000538081 secs using 3328% CPU
Identifying sites to remove: done in 0.000536472 secs using 2117% CPU
Identifying sites to remove: done in 0.000535913 secs using 944.7% CPU
Identifying sites to remove: done in 0.000611864 secs using 2469% CPU
Identifying sites to remove: done in 0.000614308 secs using 3520% CPU
Identifying sites to remove: done in 0.000671364 secs using 1324% CPU
Identifying sites to remove: done in 0.00068263 secs using 832.4% CPU
Identifying sites to remove: done in 0.000932336 secs using 3806% CPU
Identifying sites to remove: done in 0.000383303 secs using 1098% CPU
Identifying sites to remove: done in 0.000383601 secs using 678.6% CPU
Identifying sites to remove: done in 0.000547037 secs using 625.6% CPU
Identifying sites to remove: done in 0.000434145 secs using 120.9% CPU
Identifying sites to remove: done in 0.000225261 secs using 99.44% CPU
Identifying sites to remove: done in 0.000401005 secs using 199% CPU
Identifying sites to remove: done in 0.000465542 secs using 202.1% CPU
Identifying sites to remove: done in 0.000195995 secs using 467.9% CPU
Identifying sites to remove: done in 0.000435464 secs using 200% CPU
Identifying sites to remove: done in 0.000211947 secs using 733.2% CPU
Identifying sites to remove: done in 0.00034482 secs using 506.6% CPU
Identifying sites to remove: done in 0.000446372 secs using 818.6% CPU
Identifying sites to remove: done in 0.000201799 secs using 1122% CPU
Identifying sites to remove: done in 0.000338711 secs using 887.8% CPU
Identifying sites to remove: done in 0.000444621 secs using 632.4% CPU
Identifying sites to remove: done in 0.000424385 secs using 108.4% CPU
Identifying sites to remove: done in 0.000459701 secs using 99.63% CPU
Identifying sites to remove: done in 0.00047446 secs using 1.399e+04% CPU
Identifying sites to remove: done in 0.000426769 secs using 99.82% CPU
Identifying sites to remove: done in 0.000456788 secs using 267.5% CPU
Identifying sites to remove: done in 0.000454322 secs using 106.3% CPU
Identifying sites to remove: done in 0.000462443 secs using 762% CPU
Identifying sites to remove: done in 0.000467032 secs using 1232% CPU
Identifying sites to remove: done in 0.000440262 secs using 291.4% CPU
Identifying sites to remove: done in 0.000456221 secs using 99.51% CPU
Identifying sites to remove: done in 0.000441827 secs using 337% CPU
Identifying sites to remove: done in 0.000492834 secs using 301.1% CPU
Identifying sites to remove: done in 0.000490732 secs using 368.4% CPU
Identifying sites to remove: done in 0.000391662 secs using 114.1% CPU
Identifying sites to remove: done in 0.000381328 secs using 616% CPU
Identifying sites to remove: done in 0.000452384 secs using 822.8% CPU
Identifying sites to remove: done in 0.000346407 secs using 1513% CPU
Identifying sites to remove: done in 0.00046704 secs using 1337% CPU
Identifying sites to remove: done in 0.000375845 secs using 1634% CPU
Identifying sites to remove: done in 0.000507146 secs using 1737% CPU
Identifying sites to remove: done in 0.000496164 secs using 805.8% CPU
Identifying sites to remove: done in 0.000487491 secs using 242.5% CPU
Identifying sites to remove: done in 0.000433482 secs using 1350% CPU
Identifying sites to remove: done in 0.000373363 secs using 1164% CPU
Identifying sites to remove: done in 0.000369906 secs using 475.3% CPU
Identifying sites to remove: done in 0.000463352 secs using 1.05e+04% CPU
Identifying sites to remove: done in 0.00036604 secs using 286.3% CPU
Identifying sites to remove: done in 0.000462778 secs using 363.5% CPU
Identifying sites to remove: done in 0.00037805 secs using 144.2% CPU
Identifying sites to remove: done in 0.000457659 secs using 99.64% CPU
Identifying sites to remove: done in 0.000461161 secs using 99.75% CPU
Identifying sites to remove: done in 0.000459485 secs using 639.8% CPU
Identifying sites to remove: done in 0.000458218 secs using 170.7% CPU
Identifying sites to remove: done in 0.000593126 secs using 122.6% CPU
Identifying sites to remove: done in 0.000637546 secs using 1616% CPU
Identifying sites to remove: done in 0.000638582 secs using 2009% CPU
Identifying sites to remove: done in 0.000706315 secs using 1970% CPU
Identifying sites to remove: done in 0.000705414 secs using 1391% CPU
Identifying sites to remove: done in 0.000745215 secs using 1699% CPU
Identifying sites to remove: done in 0.000745974 secs using 1598% CPU
Identifying sites to remove: done in 0.000723898 secs using 1194% CPU
Identifying sites to remove: done in 0.000815555 secs using 993.4% CPU
Identifying sites to remove: done in 0.000782512 secs using 861.3% CPU
Identifying sites to remove: done in 0.000898644 secs using 1102% CPU
Identifying sites to remove: done in 0.00058195 secs using 99.84% CPU
Identifying sites to remove: done in 0.000499986 secs using 496% CPU
Identifying sites to remove: done in 0.000496238 secs using 403% CPU
Identifying sites to remove: done in 0.000620723 secs using 251.6% CPU
Identifying sites to remove: done in 0.000294007 secs using 1019% CPU
Identifying sites to remove: done in 0.000571907 secs using 115.6% CPU
Identifying sites to remove: done in 0.000490233 secs using 1077% CPU
Identifying sites to remove: done in 0.000272691 secs using 291.5% CPU
Identifying sites to remove: done in 0.000564434 secs using 372.6% CPU
Identifying sites to remove: done in 0.000278443 secs using 367.8% CPU
Identifying sites to remove: done in 0.000551358 secs using 307.8% CPU
Identifying sites to remove: done in 0.000557952 secs using 349.7% CPU
Identifying sites to remove: done in 0.00052657 secs using 756% CPU
Identifying sites to remove: done in 0.000250831 secs using 1226% CPU
Identifying sites to remove: done in 0.00045944 secs using 527.4% CPU
Identifying sites to remove: done in 0.000450447 secs using 215.8% CPU
Identifying sites to remove: done in 0.000595629 secs using 331.1% CPU
Identifying sites to remove: done in 0.000593908 secs using 130.5% CPU
Identifying sites to remove: done in 0.000551298 secs using 99.76% CPU
Identifying sites to remove: done in 0.00061281 secs using 262.4% CPU
Identifying sites to remove: done in 0.000601046 secs using 474.8% CPU
Identifying sites to remove: done in 0.00059437 secs using 151.6% CPU
Identifying sites to remove: done in 0.000561938 secs using 689.4% CPU
Identifying sites to remove: done in 0.000616312 secs using 177.2% CPU
Identifying sites to remove: done in 0.000615366 secs using 1.097e+04% CPU
Identifying sites to remove: done in 0.000627168 secs using 602.1% CPU
Identifying sites to remove: done in 0.000616752 secs using 1019% CPU
Identifying sites to remove: done in 0.000567921 secs using 858.7% CPU
Identifying sites to remove: done in 0.000560418 secs using 494.1% CPU
Identifying sites to remove: done in 0.000503942 secs using 2342% CPU
Identifying sites to remove: done in 0.000682406 secs using 9607% CPU
Identifying sites to remove: done in 0.000549562 secs using 1.125e+04% CPU
Identifying sites to remove: done in 0.000660554 secs using 8862% CPU
Identifying sites to remove: done in 0.000643708 secs using 8454% CPU
Identifying sites to remove: done in 0.000616446 secs using 306.8% CPU
Identifying sites to remove: done in 0.000514038 secs using 362% CPU
Identifying sites to remove: done in 0.000439174 secs using 446.1% CPU
Identifying sites to remove: done in 0.000555024 secs using 358.4% CPU
Identifying sites to remove: done in 0.000594899 secs using 112.6% CPU
Identifying sites to remove: done in 0.000472151 secs using 683.5% CPU
Identifying sites to remove: done in 0.000471331 secs using 192.6% CPU
Identifying sites to remove: done in 0.000599578 secs using 1010% CPU
Identifying sites to remove: done in 0.000490956 secs using 811.3% CPU
Identifying sites to remove: done in 0.000589095 secs using 210.7% CPU
Identifying sites to remove: done in 0.000602253 secs using 99.79% CPU
Identifying sites to remove: done in 0.000594944 secs using 99.84% CPU
Identifying sites to remove: done in 0.000595227 secs using 527% CPU
Identifying sites to remove: done in 0.000616819 secs using 149.8% CPU
Identifying sites to remove: done in 0.000597112 secs using 99.81% CPU
Identifying sites to remove: done in 0.000516891 secs using 2184% CPU
Identifying sites to remove: done in 0.000554793 secs using 955.9% CPU
Identifying sites to remove: done in 0.000657767 secs using 2843% CPU
Identifying sites to remove: done in 0.000682093 secs using 1362% CPU
Identifying sites to remove: done in 0.000737347 secs using 2200% CPU
Identifying sites to remove: done in 0.000739172 secs using 3931% CPU
Identifying sites to remove: done in 0.000792496 secs using 4099% CPU
Identifying sites to remove: done in 0.000794597 secs using 4497% CPU
Identifying sites to remove: done in 0.000839919 secs using 8486% CPU
Identifying sites to remove: done in 0.000967525 secs using 7051% CPU
Identifying sites to remove: done in 0.000763834 secs using 838.5% CPU
Identifying sites to remove: done in 0.000629999 secs using 655.9% CPU
Identifying sites to remove: done in 0.000590406 secs using 261.5% CPU
Identifying sites to remove: done in 0.000698857 secs using 1.03e+04% CPU
Identifying sites to remove: done in 0.000343263 secs using 99.92% CPU
Identifying sites to remove: done in 0.000257783 secs using 322.4% CPU
Identifying sites to remove: done in 0.000721939 secs using 572.5% CPU
Identifying sites to remove: done in 0.000595972 secs using 369.5% CPU
Identifying sites to remove: done in 0.00031805 secs using 992.9% CPU
Identifying sites to remove: done in 0.000556871 secs using 135.6% CPU
Identifying sites to remove: done in 0.000251591 secs using 1662% CPU
Identifying sites to remove: done in 0.000474527 secs using 1075% CPU
Identifying sites to remove: done in 0.000601366 secs using 1.087e+04% CPU
Identifying sites to remove: done in 0.000476383 secs using 1.343e+04% CPU
Identifying sites to remove: done in 0.000578575 secs using 295.7% CPU
Identifying sites to remove: done in 0.000563733 secs using 158.1% CPU
Identifying sites to remove: done in 0.000729404 secs using 322.2% CPU
Identifying sites to remove: done in 0.000740893 secs using 134.2% CPU
Identifying sites to remove: done in 0.000570618 secs using 99.72% CPU
Identifying sites to remove: done in 0.000725754 secs using 284.5% CPU
Identifying sites to remove: done in 0.000724234 secs using 475.4% CPU
Identifying sites to remove: done in 0.000719443 secs using 542.6% CPU
Identifying sites to remove: done in 0.000564061 secs using 131% CPU
Identifying sites to remove: done in 0.000744544 secs using 9370% CPU
Identifying sites to remove: done in 0.000712514 secs using 99.79% CPU
Identifying sites to remove: done in 0.000716649 secs using 413.6% CPU
Identifying sites to remove: done in 0.000715941 secs using 909.7% CPU
Identifying sites to remove: done in 0.000583299 secs using 691.1% CPU
Identifying sites to remove: done in 0.000592865 secs using 1271% CPU
Identifying sites to remove: done in 0.000614651 secs using 734.6% CPU
Identifying sites to remove: done in 0.000627749 secs using 170% CPU
Identifying sites to remove: done in 0.000725515 secs using 698.3% CPU
Identifying sites to remove: done in 0.000468433 secs using 933.3% CPU
Identifying sites to remove: done in 0.000605874 secs using 896.6% CPU
Identifying sites to remove: done in 0.000760585 secs using 642.9% CPU
Identifying sites to remove: done in 0.0007765 secs using 533.5% CPU
Identifying sites to remove: done in 0.000727318 secs using 221.8% CPU
Identifying sites to remove: done in 0.000577971 secs using 1067% CPU
Identifying sites to remove: done in 0.000586092 secs using 929.5% CPU
Identifying sites to remove: done in 0.000575759 secs using 451.6% CPU
Identifying sites to remove: done in 0.000717953 secs using 152.1% CPU
Identifying sites to remove: done in 0.000568897 secs using 1.01e+04% CPU
Identifying sites to remove: done in 0.000724204 secs using 274.9% CPU
Identifying sites to remove: done in 0.000583142 secs using 178.2% CPU
Identifying sites to remove: done in 0.000723064 secs using 99.85% CPU
Identifying sites to remove: done in 0.000736885 secs using 99.88% CPU
Identifying sites to remove: done in 0.000717841 secs using 403.4% CPU
Identifying sites to remove: done in 0.000772379 secs using 166.9% CPU
Identifying sites to remove: done in 0.00072784 secs using 7917% CPU
Identifying sites to remove: done in 0.00027103 secs using 3437% CPU
Identifying sites to remove: done in 0.000284329 secs using 7104% CPU
Identifying sites to remove: done in 0.000421979 secs using 1.561e+04% CPU
Identifying sites to remove: done in 0.00043188 secs using 1.276e+04% CPU
Identifying sites to remove: done in 0.000468746 secs using 1.102e+04% CPU
Identifying sites to remove: done in 0.0004967 secs using 1.479e+04% CPU
Identifying sites to remove: done in 0.000541963 secs using 1.424e+04% CPU
Identifying sites to remove: done in 0.000580795 secs using 1.081e+04% CPU
Identifying sites to remove: done in 0.000345148 secs using 413.4% CPU
Identifying sites to remove: done in 0.000610344 secs using 403.2% CPU
Identifying sites to remove: done in 0.00035549 secs using 185.7% CPU
Identifying sites to remove: done in 0.000403196 secs using 99.21% CPU
Identifying sites to remove: done in 0.000219315 secs using 286.3% CPU
Identifying sites to remove: done in 0.000347085 secs using 1014% CPU
Identifying sites to remove: done in 0.000441097 secs using 1426% CPU
Identifying sites to remove: done in 0.000197016 secs using 1937% CPU
Identifying sites to remove: done in 0.000418723 secs using 1058% CPU
Identifying sites to remove: done in 0.000412576 secs using 338.8% CPU
Identifying sites to remove: done in 0.000226796 secs using 344.8% CPU
Identifying sites to remove: done in 0.000190355 secs using 1267% CPU
Identifying sites to remove: done in 0.000231542 secs using 2.444e+04% CPU
Identifying sites to remove: done in 0.000194445 secs using 213.4% CPU
Identifying sites to remove: done in 0.000430562 secs using 344.7% CPU
Identifying sites to remove: done in 0.000417486 secs using 128.1% CPU
Identifying sites to remove: done in 0.000270233 secs using 99.54% CPU
Identifying sites to remove: done in 0.000421897 secs using 993.6% CPU
Identifying sites to remove: done in 0.000429861 secs using 749.5% CPU
Identifying sites to remove: done in 0.000430129 secs using 819.1% CPU
Identifying sites to remove: done in 0.000430092 secs using 127.6% CPU
Identifying sites to remove: done in 0.000424489 secs using 99.65% CPU
Identifying sites to remove: done in 0.0002767 secs using 309.4% CPU
Identifying sites to remove: done in 0.000439011 secs using 332.6% CPU
Identifying sites to remove: done in 0.0003381 secs using 479.7% CPU
Identifying sites to remove: done in 0.000441037 secs using 808.5% CPU
Identifying sites to remove: done in 0.000345245 secs using 643.3% CPU
Identifying sites to remove: done in 0.000373609 secs using 1651% CPU
Identifying sites to remove: done in 0.000474423 secs using 1940% CPU
Identifying sites to remove: done in 0.00045456 secs using 1667% CPU
Identifying sites to remove: done in 0.000435114 secs using 1332% CPU
Identifying sites to remove: done in 0.000289656 secs using 364.9% CPU
Identifying sites to remove: done in 0.000447571 secs using 1318% CPU
Identifying sites to remove: done in 0.000349492 secs using 478.1% CPU
Identifying sites to remove: done in 0.000339478 secs using 464.8% CPU
Identifying sites to remove: done in 0.000332348 secs using 350.5% CPU
Identifying sites to remove: done in 0.000430018 secs using 143.9% CPU
Identifying sites to remove: done in 0.000243932 secs using 690.4% CPU
Identifying sites to remove: done in 0.000453994 secs using 1514% CPU
Identifying sites to remove: done in 0.000468627 secs using 1.029e+04% CPU
Identifying sites to remove: done in 0.000427239 secs using 793.5% CPU
Identifying sites to remove: done in 0.000422612 secs using 179.6% CPU
Identifying sites to remove: done in 0.00042522 secs using 99.48% CPU
Identifying sites to remove: done in 0.000458561 secs using 8716% CPU
Identifying sites to remove: done in 0.000456147 secs using 7966% CPU
Identifying sites to remove: done in 0.000506774 secs using 8681% CPU
Identifying sites to remove: done in 0.000558361 secs using 1.243e+04% CPU
Identifying sites to remove: done in 0.000560723 secs using 1.047e+04% CPU
Identifying sites to remove: done in 0.000637896 secs using 7551% CPU
Identifying sites to remove: done in 0.000640057 secs using 8093% CPU
Identifying sites to remove: done in 0.000682853 secs using 9184% CPU
Identifying sites to remove: done in 0.000683449 secs using 9718% CPU
Identifying sites to remove: done in 0.00071381 secs using 7812% CPU
Identifying sites to remove: done in 0.000436246 secs using 99.26% CPU
Identifying sites to remove: done in 0.000387207 secs using 682.3% CPU
Identifying sites to remove: done in 0.000382729 secs using 199.1% CPU
Identifying sites to remove: done in 0.000420786 secs using 99.1% CPU
Identifying sites to remove: done in 0.000244729 secs using 99.29% CPU
Identifying sites to remove: done in 0.000197709 secs using 313.6% CPU
Identifying sites to remove: done in 0.000388138 secs using 349.1% CPU
Identifying sites to remove: done in 0.000461809 secs using 389.3% CPU
Identifying sites to remove: done in 0.000209734 secs using 99.17% CPU
Identifying sites to remove: done in 0.000424847 secs using 467.9% CPU
Identifying sites to remove: done in 0.000202842 secs using 1321% CPU
Identifying sites to remove: done in 0.000440508 secs using 1881% CPU
Identifying sites to remove: done in 0.000359438 secs using 1385% CPU
Identifying sites to remove: done in 0.000422224 secs using 1607% CPU
Identifying sites to remove: done in 0.000349373 secs using 289.1% CPU
Identifying sites to remove: done in 0.000452459 secs using 564.3% CPU
Identifying sites to remove: done in 0.00045348 secs using 369.6% CPU
Identifying sites to remove: done in 0.000447229 secs using 142.9% CPU
Identifying sites to remove: done in 0.00042136 secs using 99.68% CPU
Identifying sites to remove: done in 0.000446491 secs using 744% CPU
Identifying sites to remove: done in 0.000455528 secs using 657.3% CPU
Identifying sites to remove: done in 0.000457346 secs using 197.9% CPU
Identifying sites to remove: done in 0.000427403 secs using 873.9% CPU
Identifying sites to remove: done in 0.000470184 secs using 190.4% CPU
Identifying sites to remove: done in 0.000449106 secs using 99.75% CPU
Identifying sites to remove: done in 0.00046397 secs using 575.3% CPU
Identifying sites to remove: done in 0.000426449 secs using 754.1% CPU
Identifying sites to remove: done in 0.000475183 secs using 517.9% CPU
Identifying sites to remove: done in 0.000432931 secs using 174.4% CPU
Identifying sites to remove: done in 0.000377059 secs using 693.8% CPU
Identifying sites to remove: done in 0.000368007 secs using 813.6% CPU
Identifying sites to remove: done in 0.000465423 secs using 758.9% CPU
Identifying sites to remove: done in 0.00046888 secs using 2504% CPU
Identifying sites to remove: done in 0.000351056 secs using 3121% CPU
Identifying sites to remove: done in 0.000367939 secs using 2156% CPU
Identifying sites to remove: done in 0.000518128 secs using 954.4% CPU
Identifying sites to remove: done in 0.00051032 secs using 306.7% CPU
Identifying sites to remove: done in 0.000454135 secs using 1.048e+04% CPU
Identifying sites to remove: done in 0.000373229 secs using 501.6% CPU
Identifying sites to remove: done in 0.000471756 secs using 359.3% CPU
Identifying sites to remove: done in 0.000364535 secs using 240.6% CPU
Identifying sites to remove: done in 0.000368021 secs using 480.7% CPU
Identifying sites to remove: done in 0.000461936 secs using 160.6% CPU
Identifying sites to remove: done in 0.000418946 secs using 99.54% CPU
Identifying sites to remove: done in 0.000470266 secs using 99.52% CPU
Identifying sites to remove: done in 0.000449054 secs using 99.77% CPU
Identifying sites to remove: done in 0.000456542 secs using 881.8% CPU
Identifying sites to remove: done in 0.000453845 secs using 149.8% CPU
Identifying sites to remove: done in 0.000449084 secs using 466.7% CPU
Identifying sites to remove: done in 0.000276081 secs using 2131% CPU
Identifying sites to remove: done in 0.00030119 secs using 921% CPU
Identifying sites to remove: done in 0.000322782 secs using 1409% CPU
Identifying sites to remove: done in 0.000337891 secs using 4285% CPU
Identifying sites to remove: done in 0.000338465 secs using 2827% CPU
Identifying sites to remove: done in 0.000341788 secs using 5212% CPU
Identifying sites to remove: done in 0.000403591 secs using 2033% CPU
Identifying sites to remove: done in 0.000423856 secs using 3894% CPU
Identifying sites to remove: done in 0.000440016 secs using 3027% CPU
Identifying sites to remove: done in 0.000441067 secs using 2663% CPU
Identifying sites to remove: done in 0.000393428 secs using 771.4% CPU
Identifying sites to remove: done in 0.000275239 secs using 694.7% CPU
Identifying sites to remove: done in 0.000257924 secs using 283.8% CPU
Identifying sites to remove: done in 0.000265636 secs using 99.38% CPU
Identifying sites to remove: done in 0.000163287 secs using 99.21% CPU
Identifying sites to remove: done in 0.000292987 secs using 546.8% CPU
Identifying sites to remove: done in 0.000258401 secs using 376.2% CPU
Identifying sites to remove: done in 0.000138544 secs using 242.5% CPU
Identifying sites to remove: done in 0.00014212 secs using 1086% CPU
Identifying sites to remove: done in 0.000253484 secs using 739.7% CPU
Identifying sites to remove: done in 0.000254564 secs using 742.8% CPU
Identifying sites to remove: done in 0.000213109 secs using 1373% CPU
Identifying sites to remove: done in 0.00012172 secs using 907% CPU
Identifying sites to remove: done in 0.000267491 secs using 619.1% CPU
Identifying sites to remove: done in 0.000218585 secs using 230.1% CPU
Identifying sites to remove: done in 0.000259392 secs using 99.08% CPU
Identifying sites to remove: done in 0.00027208 secs using 99.24% CPU
Identifying sites to remove: done in 0.000277922 secs using 99.31% CPU
Identifying sites to remove: done in 0.000250168 secs using 98.73% CPU
Identifying sites to remove: done in 0.000287719 secs using 99.05% CPU
Identifying sites to remove: done in 0.000302948 secs using 2.049e+04% CPU
Identifying sites to remove: done in 0.000275567 secs using 125.2% CPU
Identifying sites to remove: done in 0.000252135 secs using 387.5% CPU
Identifying sites to remove: done in 0.000293233 secs using 469.6% CPU
Identifying sites to remove: done in 0.000279516 secs using 154.6% CPU
Identifying sites to remove: done in 0.00029254 secs using 1387% CPU
Identifying sites to remove: done in 0.000298396 secs using 842.8% CPU
Identifying sites to remove: done in 0.000276312 secs using 140.1% CPU
Identifying sites to remove: done in 0.000250421 secs using 99.43% CPU
Identifying sites to remove: done in 0.000226714 secs using 2540% CPU
Identifying sites to remove: done in 0.000244975 secs using 1336% CPU
Identifying sites to remove: done in 0.000296466 secs using 1212% CPU
Identifying sites to remove: done in 0.000292644 secs using 2324% CPU
Identifying sites to remove: done in 0.000287004 secs using 2681% CPU
Identifying sites to remove: done in 0.000290558 secs using 1600% CPU
Identifying sites to remove: done in 0.000226691 secs using 1756% CPU
Identifying sites to remove: done in 0.000277184 secs using 1526% CPU
Identifying sites to remove: done in 0.000280485 secs using 130.8% CPU
Identifying sites to remove: done in 0.000332721 secs using 1.357e+04% CPU
Identifying sites to remove: done in 0.000245251 secs using 169.6% CPU
Identifying sites to remove: done in 0.000223964 secs using 99.57% CPU
Identifying sites to remove: done in 0.00029511 secs using 629.3% CPU
Identifying sites to remove: done in 0.000234418 secs using 496.5% CPU
Identifying sites to remove: done in 0.000265241 secs using 520.3% CPU
Identifying sites to remove: done in 0.000287108 secs using 149.1% CPU
Identifying sites to remove: done in 0.000279807 secs using 99.71% CPU
Identifying sites to remove: done in 0.000298016 secs using 225.2% CPU
Identifying sites to remove: done in 0.000292651 secs using 164.4% CPU
Identifying sites to remove: done in 0.000284679 secs using 99.76% CPU
Identifying sites to remove: done in 0.000562914 secs using 1813% CPU
Identifying sites to remove: done in 0.000568397 secs using 948.3% CPU
Identifying sites to remove: done in 0.000647865 secs using 1297% CPU
Identifying sites to remove: done in 0.000700258 secs using 3231% CPU
Identifying sites to remove: done in 0.000700921 secs using 2402% CPU
Identifying sites to remove: done in 0.000743993 secs using 3490% CPU
Identifying sites to remove: done in 0.000774719 secs using 4105% CPU
Identifying sites to remove: done in 0.000795953 secs using 3649% CPU
Identifying sites to remove: done in 0.000796601 secs using 2557% CPU
Identifying sites to remove: done in 0.000869602 secs using 1696% CPU
Identifying sites to remove: done in 0.000699922 secs using 99.87% CPU
Identifying sites to remove: done in 0.000609212 secs using 568.6% CPU
Identifying sites to remove: done in 0.000564165 secs using 167.1% CPU
Identifying sites to remove: done in 0.000693627 secs using 99.77% CPU
Identifying sites to remove: done in 0.000549592 secs using 99.89% CPU
Identifying sites to remove: done in 0.000709355 secs using 241.2% CPU
Identifying sites to remove: done in 0.000281788 secs using 929.4% CPU
Identifying sites to remove: done in 0.000587001 secs using 665.9% CPU
Identifying sites to remove: done in 0.000331372 secs using 255.9% CPU
Identifying sites to remove: done in 0.000593781 secs using 262% CPU
Identifying sites to remove: done in 0.000267126 secs using 2994% CPU
Identifying sites to remove: done in 0.00060086 secs using 1.159e+04% CPU
Identifying sites to remove: done in 0.000606596 secs using 1.084e+04% CPU
Identifying sites to remove: done in 0.000582546 secs using 1.062e+04% CPU
Identifying sites to remove: done in 0.00052081 secs using 1.112e+04% CPU
Identifying sites to remove: done in 0.000445902 secs using 99.8% CPU
Identifying sites to remove: done in 0.000745021 secs using 431.9% CPU
Identifying sites to remove: done in 0.00075379 secs using 198.5% CPU
Identifying sites to remove: done in 0.000589184 secs using 1.26e+04% CPU
Identifying sites to remove: done in 0.000746936 secs using 279.4% CPU
Identifying sites to remove: done in 0.000741318 secs using 458.8% CPU
Identifying sites to remove: done in 0.000734858 secs using 144.2% CPU
Identifying sites to remove: done in 0.000582308 secs using 678.7% CPU
Identifying sites to remove: done in 0.000744551 secs using 123% CPU
Identifying sites to remove: done in 0.000726528 secs using 160.6% CPU
Identifying sites to remove: done in 0.000766709 secs using 975.3% CPU
Identifying sites to remove: done in 0.000601709 secs using 1027% CPU
Identifying sites to remove: done in 0.000589028 secs using 686.4% CPU
Identifying sites to remove: done in 0.000743598 secs using 282.8% CPU
Identifying sites to remove: done in 0.000607662 secs using 1.071e+04% CPU
Identifying sites to remove: done in 0.000587486 secs using 1.05e+04% CPU
Identifying sites to remove: done in 0.000740066 secs using 398.5% CPU
Identifying sites to remove: done in 0.000748262 secs using 501.6% CPU
Identifying sites to remove: done in 0.000460945 secs using 925.7% CPU
Identifying sites to remove: done in 0.000753447 secs using 825.4% CPU
Identifying sites to remove: done in 0.00057736 secs using 547.7% CPU
Identifying sites to remove: done in 0.000760376 secs using 240% CPU
Identifying sites to remove: done in 0.000584036 secs using 1473% CPU
Identifying sites to remove: done in 0.000739053 secs using 1051% CPU
Identifying sites to remove: done in 0.000604495 secs using 841.7% CPU
Identifying sites to remove: done in 0.0005695 secs using 175.6% CPU
Identifying sites to remove: done in 0.000573836 secs using 436.4% CPU
Identifying sites to remove: done in 0.00074356 secs using 335.5% CPU
Identifying sites to remove: done in 0.00059095 secs using 227.1% CPU
Identifying sites to remove: done in 0.000735447 secs using 461.2% CPU
Identifying sites to remove: done in 0.000751182 secs using 121.8% CPU
Identifying sites to remove: done in 0.000730723 secs using 496.4% CPU
Identifying sites to remove: done in 0.00073909 secs using 380.5% CPU
Identifying sites to remove: done in 0.000740923 secs using 8266% CPU
Identifying sites to remove: done in 0.000749022 secs using 1809% CPU
Identifying sites to remove: done in 0.000795163 secs using 1336% CPU
Identifying sites to remove: done in 0.000840269 secs using 5256% CPU
Identifying sites to remove: done in 0.000953957 secs using 6727% CPU
Identifying sites to remove: done in 0.000981592 secs using 7526% CPU
Identifying sites to remove: done in 0.00097996 secs using 6244% CPU
Identifying sites to remove: done in 0.00100397 secs using 7062% CPU
Identifying sites to remove: done in 0.00109283 secs using 5053% CPU
Identifying sites to remove: done in 0.00111721 secs using 6093% CPU
Identifying sites to remove: done in 0.00124111 secs using 4726% CPU
Identifying sites to remove: done in 0.000885941 secs using 851% CPU
Identifying sites to remove: done in 0.000791833 secs using 9637% CPU
Identifying sites to remove: done in 0.000754669 secs using 9661% CPU
Identifying sites to remove: done in 0.00089135 secs using 99.85% CPU
Identifying sites to remove: done in 0.000427775 secs using 99.82% CPU
Identifying sites to remove: done in 0.000387453 secs using 289.3% CPU
Identifying sites to remove: done in 0.000949576 secs using 8126% CPU
Identifying sites to remove: done in 0.000772141 secs using 253.6% CPU
Identifying sites to remove: done in 0.00041011 secs using 423.3% CPU
Identifying sites to remove: done in 0.000865497 secs using 355.1% CPU
Identifying sites to remove: done in 0.00038328 secs using 866.7% CPU
Identifying sites to remove: done in 0.000711367 secs using 1033% CPU
Identifying sites to remove: done in 0.000896148 secs using 1144% CPU
Identifying sites to remove: done in 0.000871144 secs using 879.8% CPU
Identifying sites to remove: done in 0.000672422 secs using 750.4% CPU
Identifying sites to remove: done in 0.000868373 secs using 277.2% CPU
Identifying sites to remove: done in 0.000942685 secs using 357.5% CPU
Identifying sites to remove: done in 0.00094337 secs using 184.8% CPU
Identifying sites to remove: done in 0.0008552 secs using 99.86% CPU
Identifying sites to remove: done in 0.000925146 secs using 268.6% CPU
Identifying sites to remove: done in 0.000932902 secs using 516.5% CPU
Identifying sites to remove: done in 0.000937685 secs using 7989% CPU
Identifying sites to remove: done in 0.000863671 secs using 243.3% CPU
Identifying sites to remove: done in 0.000930756 secs using 144.8% CPU
Identifying sites to remove: done in 0.000910304 secs using 99.86% CPU
Identifying sites to remove: done in 0.000938699 secs using 7827% CPU
Identifying sites to remove: done in 0.0008775 secs using 624.4% CPU
Identifying sites to remove: done in 0.000936255 secs using 549.2% CPU
Identifying sites to remove: done in 0.000873692 secs using 481.9% CPU
Identifying sites to remove: done in 0.000780761 secs using 426.9% CPU
Identifying sites to remove: done in 0.00074999 secs using 149.6% CPU
Identifying sites to remove: done in 0.000690505 secs using 9632% CPU
Identifying sites to remove: done in 0.000965051 secs using 7102% CPU
Identifying sites to remove: done in 0.000744142 secs using 410.9% CPU
Identifying sites to remove: done in 0.00097131 secs using 6647% CPU
Identifying sites to remove: done in 0.000967838 secs using 362.7% CPU
Identifying sites to remove: done in 0.000924058 secs using 355.4% CPU
Identifying sites to remove: done in 0.000718214 secs using 801% CPU
Identifying sites to remove: done in 0.000735581 secs using 500% CPU
Identifying sites to remove: done in 0.00086268 secs using 752.3% CPU
Identifying sites to remove: done in 0.000928231 secs using 187.5% CPU
Identifying sites to remove: done in 0.000715539 secs using 99.78% CPU
Identifying sites to remove: done in 0.00091964 secs using 329% CPU
Identifying sites to remove: done in 0.0008443 secs using 163.8% CPU
Identifying sites to remove: done in 0.000922516 secs using 99.84% CPU
Identifying sites to remove: done in 0.000944257 secs using 6759% CPU
Identifying sites to remove: done in 0.000923485 secs using 303.3% CPU
Identifying sites to remove: done in 0.000951424 secs using 263.3% CPU
Identifying sites to remove: done in 0.000935674 secs using 5848% CPU
Identifying sites to remove: done in 0.00118365 secs using 4153% CPU
Identifying sites to remove: done in 0.00123334 secs using 3977% CPU
Identifying sites to remove: done in 0.00134493 secs using 3968% CPU
Identifying sites to remove: done in 0.00140325 secs using 4346% CPU
Identifying sites to remove: done in 0.00142129 secs using 3561% CPU
Identifying sites to remove: done in 0.00160876 secs using 4305% CPU
Identifying sites to remove: done in 0.00164022 secs using 4441% CPU
Identifying sites to remove: done in 0.00163738 secs using 3602% CPU
Identifying sites to remove: done in 0.00170071 secs using 3885% CPU
Identifying sites to remove: done in 0.00183013 secs using 2857% CPU
Identifying sites to remove: done in 0.00125316 secs using 5819% CPU
Identifying sites to remove: done in 0.000829101 secs using 99.87% CPU
Identifying sites to remove: done in 0.000867911 secs using 401.9% CPU
Identifying sites to remove: done in 0.00103465 secs using 167.1% CPU
Identifying sites to remove: done in 0.000506282 secs using 362.6% CPU
Identifying sites to remove: done in 0.00107714 secs using 324.7% CPU
Identifying sites to remove: done in 0.000896759 secs using 627.9% CPU
Identifying sites to remove: done in 0.000412673 secs using 872.1% CPU
Identifying sites to remove: done in 0.000901848 secs using 604.4% CPU
Identifying sites to remove: done in 0.000512585 secs using 907.2% CPU
Identifying sites to remove: done in 0.000919186 secs using 7520% CPU
Identifying sites to remove: done in 0.000913739 secs using 592.3% CPU
Identifying sites to remove: done in 0.000426322 secs using 822.6% CPU
Identifying sites to remove: done in 0.000896379 secs using 627.1% CPU
Identifying sites to remove: done in 0.000728115 secs using 343.1% CPU
Identifying sites to remove: done in 0.000816807 secs using 431.4% CPU
Identifying sites to remove: done in 0.00112499 secs using 6544% CPU
Identifying sites to remove: done in 0.00111743 secs using 6431% CPU
Identifying sites to remove: done in 0.000992812 secs using 99.82% CPU
Identifying sites to remove: done in 0.00109222 secs using 7071% CPU
Identifying sites to remove: done in 0.00108707 secs using 263.8% CPU
Identifying sites to remove: done in 0.00109891 secs using 178.8% CPU
Identifying sites to remove: done in 0.000905372 secs using 764.8% CPU
Identifying sites to remove: done in 0.00112057 secs using 425.4% CPU
Identifying sites to remove: done in 0.00108101 secs using 99.91% CPU
Identifying sites to remove: done in 0.00111616 secs using 948.7% CPU
Identifying sites to remove: done in 0.000914164 secs using 901.3% CPU
Identifying sites to remove: done in 0.00111722 secs using 558.2% CPU
Identifying sites to remove: done in 0.00103315 secs using 265.2% CPU
Identifying sites to remove: done in 0.000916526 secs using 6743% CPU
Identifying sites to remove: done in 0.000885576 secs using 357.6% CPU
Identifying sites to remove: done in 0.00113866 secs using 1078% CPU
Identifying sites to remove: done in 0.000722118 secs using 1562% CPU
Identifying sites to remove: done in 0.00116545 secs using 1237% CPU
Identifying sites to remove: done in 0.000932962 secs using 414.3% CPU
Identifying sites to remove: done in 0.00114658 secs using 905.3% CPU
Identifying sites to remove: done in 0.00112779 secs using 640.5% CPU
Identifying sites to remove: done in 0.000882544 secs using 99.83% CPU
Identifying sites to remove: done in 0.000880659 secs using 490.9% CPU
Identifying sites to remove: done in 0.000881955 secs using 298.4% CPU
Identifying sites to remove: done in 0.00112459 secs using 555.2% CPU
Identifying sites to remove: done in 0.000858366 secs using 400.8% CPU
Identifying sites to remove: done in 0.00111058 secs using 5989% CPU
Identifying sites to remove: done in 0.000867262 secs using 123.8% CPU
Identifying sites to remove: done in 0.00107861 secs using 99.85% CPU
Identifying sites to remove: done in 0.00108847 secs using 99.86% CPU
Identifying sites to remove: done in 0.00107772 secs using 407.1% CPU
Identifying sites to remove: done in 0.00114066 secs using 5764% CPU
Identifying sites to remove: done in 0.00108659 secs using 99.85% CPU
Identifying sites to remove: done in 0.000326656 secs using 988.8% CPU
Identifying sites to remove: done in 0.000360057 secs using 967.9% CPU
Identifying sites to remove: done in 0.000434428 secs using 1517% CPU
Identifying sites to remove: done in 0.000471756 secs using 2647% CPU
Identifying sites to remove: done in 0.000446297 secs using 921.1% CPU
Identifying sites to remove: done in 0.000540033 secs using 3444% CPU
Identifying sites to remove: done in 0.000579365 secs using 3740% CPU
Identifying sites to remove: done in 0.000621654 secs using 2615% CPU
Identifying sites to remove: done in 0.000620976 secs using 1716% CPU
Identifying sites to remove: done in 0.000675984 secs using 753.4% CPU
Identifying sites to remove: done in 0.00034377 secs using 506.7% CPU
Identifying sites to remove: done in 0.000372432 secs using 714.8% CPU
Identifying sites to remove: done in 0.000511765 secs using 488.9% CPU
Identifying sites to remove: done in 0.000382885 secs using 116% CPU
Identifying sites to remove: done in 0.000208974 secs using 1575% CPU
Identifying sites to remove: done in 0.000357494 secs using 1740% CPU
Identifying sites to remove: done in 0.000429846 secs using 230.3% CPU
Identifying sites to remove: done in 0.000154361 secs using 193.1% CPU
Identifying sites to remove: done in 0.000336528 secs using 2073% CPU
Identifying sites to remove: done in 0.000283465 secs using 624.4% CPU
Identifying sites to remove: done in 0.000332974 secs using 1300% CPU
Identifying sites to remove: done in 0.000214428 secs using 674.8% CPU
Identifying sites to remove: done in 0.00029318 secs using 1.975e+04% CPU
Identifying sites to remove: done in 0.0003547 secs using 232.3% CPU
Identifying sites to remove: done in 0.000174962 secs using 421.2% CPU
Identifying sites to remove: done in 0.000337459 secs using 350.9% CPU
Identifying sites to remove: done in 0.000422575 secs using 118.8% CPU
Identifying sites to remove: done in 0.000422664 secs using 99.61% CPU
Identifying sites to remove: done in 0.000341833 secs using 99.46% CPU
Identifying sites to remove: done in 0.0004002 secs using 99.45% CPU
Identifying sites to remove: done in 0.000403047 secs using 1791% CPU
Identifying sites to remove: done in 0.000429049 secs using 1956% CPU
Identifying sites to remove: done in 0.000365026 secs using 1.716e+04% CPU
Identifying sites to remove: done in 0.000460058 secs using 1.444e+04% CPU
Identifying sites to remove: done in 0.000408769 secs using 99.32% CPU
Identifying sites to remove: done in 0.000346318 secs using 958.9% CPU
Identifying sites to remove: done in 0.000423729 secs using 543.3% CPU
Identifying sites to remove: done in 0.000438221 secs using 246.9% CPU
Identifying sites to remove: done in 0.000338145 secs using 716.9% CPU
Identifying sites to remove: done in 0.000318885 secs using 859.6% CPU
Identifying sites to remove: done in 0.000356369 secs using 834% CPU
Identifying sites to remove: done in 0.000425868 secs using 970.3% CPU
Identifying sites to remove: done in 0.000262819 secs using 3604% CPU
Identifying sites to remove: done in 0.000344336 secs using 2020% CPU
Identifying sites to remove: done in 0.000437841 secs using 1712% CPU
Identifying sites to remove: done in 0.000458211 secs using 1002% CPU
Identifying sites to remove: done in 0.000443377 secs using 1326% CPU
Identifying sites to remove: done in 0.000354618 secs using 1669% CPU
Identifying sites to remove: done in 0.000343539 secs using 2473% CPU
Identifying sites to remove: done in 0.000337228 secs using 1.321e+04% CPU
Identifying sites to remove: done in 0.000320494 secs using 552.6% CPU
Identifying sites to remove: done in 0.000435211 secs using 366.3% CPU
Identifying sites to remove: done in 0.0004251 secs using 219.7% CPU
Identifying sites to remove: done in 0.000324637 secs using 99.5% CPU
Identifying sites to remove: done in 0.000419348 secs using 99.68% CPU
Identifying sites to remove: done in 0.000426635 secs using 99.62% CPU
Identifying sites to remove: done in 0.000419311 secs using 438.6% CPU
Identifying sites to remove: done in 0.000423767 secs using 160.2% CPU
Identifying sites to remove: done in 0.000411242 secs using 99.7% CPU
Identifying sites to remove: done in 0.000294812 secs using 1677% CPU
Identifying sites to remove: done in 0.000318639 secs using 1277% CPU
Identifying sites to remove: done in 0.000317335 secs using 914.2% CPU
Identifying sites to remove: done in 0.000350252 secs using 2534% CPU
Identifying sites to remove: done in 0.000351071 secs using 2851% CPU
Identifying sites to remove: done in 0.000352032 secs using 3483% CPU
Identifying sites to remove: done in 0.000371039 secs using 3009% CPU
Identifying sites to remove: done in 0.00037355 secs using 3601% CPU
Identifying sites to remove: done in 0.000371374 secs using 2104% CPU
Identifying sites to remove: done in 0.000453264 secs using 1504% CPU
Identifying sites to remove: done in 0.000338532 secs using 788.4% CPU
Identifying sites to remove: done in 0.000268005 secs using 641% CPU
Identifying sites to remove: done in 0.000260174 secs using 222.9% CPU
Identifying sites to remove: done in 0.000306755 secs using 99.75% CPU
Identifying sites to remove: done in 0.000147618 secs using 99.58% CPU
Identifying sites to remove: done in 0.000259519 secs using 207.3% CPU
Identifying sites to remove: done in 0.000332527 secs using 1.471e+04% CPU
Identifying sites to remove: done in 0.000149913 secs using 238.1% CPU
Identifying sites to remove: done in 0.000304572 secs using 531.2% CPU
Identifying sites to remove: done in 0.000160366 secs using 339.8% CPU
Identifying sites to remove: done in 0.00031469 secs using 952% CPU
Identifying sites to remove: done in 0.000315115 secs using 816.2% CPU
Identifying sites to remove: done in 0.000260219 secs using 983.8% CPU
Identifying sites to remove: done in 0.000248797 secs using 747.6% CPU
Identifying sites to remove: done in 0.000150003 secs using 262% CPU
Identifying sites to remove: done in 0.000314057 secs using 288.8% CPU
Identifying sites to remove: done in 0.000317141 secs using 99.01% CPU
Identifying sites to remove: done in 0.00032369 secs using 98.86% CPU
Identifying sites to remove: done in 0.000295468 secs using 99.16% CPU
Identifying sites to remove: done in 0.000314385 secs using 1033% CPU
Identifying sites to remove: done in 0.000332259 secs using 358.5% CPU
Identifying sites to remove: done in 0.000314891 secs using 2382% CPU
Identifying sites to remove: done in 0.000305325 secs using 1430% CPU
Identifying sites to remove: done in 0.000340261 secs using 2316% CPU
Identifying sites to remove: done in 0.000334106 secs using 1.664e+04% CPU
Identifying sites to remove: done in 0.000307173 secs using 709% CPU
Identifying sites to remove: done in 0.000328965 secs using 500.1% CPU
Identifying sites to remove: done in 0.000345446 secs using 246.9% CPU
Identifying sites to remove: done in 0.00026755 secs using 599.5% CPU
Identifying sites to remove: done in 0.000320554 secs using 171% CPU
Identifying sites to remove: done in 0.000261076 secs using 884% CPU
Identifying sites to remove: done in 0.000324689 secs using 1242% CPU
Identifying sites to remove: done in 0.000348285 secs using 1559% CPU
Identifying sites to remove: done in 0.000239357 secs using 1957% CPU
Identifying sites to remove: done in 0.000257537 secs using 1097% CPU
Identifying sites to remove: done in 0.000344642 secs using 1575% CPU
Identifying sites to remove: done in 0.000325814 secs using 926% CPU
Identifying sites to remove: done in 0.000314258 secs using 188.1% CPU
Identifying sites to remove: done in 0.00025104 secs using 889.1% CPU
Identifying sites to remove: done in 0.000327319 secs using 550.2% CPU
Identifying sites to remove: done in 0.000284813 secs using 233.1% CPU
Identifying sites to remove: done in 0.000251316 secs using 419% CPU
Identifying sites to remove: done in 0.000318579 secs using 540.5% CPU
Identifying sites to remove: done in 0.00029365 secs using 101.5% CPU
Identifying sites to remove: done in 0.000316225 secs using 263.1% CPU
Identifying sites to remove: done in 0.000330523 secs using 170% CPU
Identifying sites to remove: done in 0.000324838 secs using 961.7% CPU
Identifying sites to remove: done in 0.000329435 secs using 197.6% CPU
Identifying sites to remove: done in 0.000372343 secs using 1.87e+04% CPU
Identifying sites to remove: done in 0.000634685 secs using 1237% CPU
Identifying sites to remove: done in 0.000670344 secs using 947.9% CPU
Identifying sites to remove: done in 0.000701018 secs using 1075% CPU
Identifying sites to remove: done in 0.000738472 secs using 1529% CPU
Identifying sites to remove: done in 0.000740811 secs using 1292% CPU
Identifying sites to remove: done in 0.000806317 secs using 1657% CPU
Identifying sites to remove: done in 0.000811584 secs using 1867% CPU
Identifying sites to remove: done in 0.000829697 secs using 1729% CPU
Identifying sites to remove: done in 0.000859804 secs using 1273% CPU
Identifying sites to remove: done in 0.000862569 secs using 1474% CPU
Identifying sites to remove: done in 0.000718541 secs using 359.5% CPU
Identifying sites to remove: done in 0.000564635 secs using 1194% CPU
Identifying sites to remove: done in 0.000630111 secs using 9312% CPU
Identifying sites to remove: done in 0.000754535 secs using 7281% CPU
Identifying sites to remove: done in 0.000333644 secs using 99.51% CPU
Identifying sites to remove: done in 0.000585355 secs using 557.3% CPU
Identifying sites to remove: done in 0.000305913 secs using 280.1% CPU
Identifying sites to remove: done in 0.000742011 secs using 575.1% CPU
Identifying sites to remove: done in 0.000348948 secs using 1688% CPU
Identifying sites to remove: done in 0.000634491 secs using 1051% CPU
Identifying sites to remove: done in 0.000624768 secs using 848.8% CPU
Identifying sites to remove: done in 0.000638343 secs using 527.5% CPU
Identifying sites to remove: done in 0.000302717 secs using 2353% CPU
Identifying sites to remove: done in 0.000519164 secs using 1572% CPU
Identifying sites to remove: done in 0.000665411 secs using 737.4% CPU
Identifying sites to remove: done in 0.000528581 secs using 248.8% CPU
Identifying sites to remove: done in 0.000732869 secs using 7516% CPU
Identifying sites to remove: done in 0.000711091 secs using 99.71% CPU
Identifying sites to remove: done in 0.000608772 secs using 99.71% CPU
Identifying sites to remove: done in 0.000705905 secs using 670.6% CPU
Identifying sites to remove: done in 0.000723414 secs using 797.9% CPU
Identifying sites to remove: done in 0.000718765 secs using 1241% CPU
Identifying sites to remove: done in 0.000782691 secs using 8809% CPU
Identifying sites to remove: done in 0.000666514 secs using 9741% CPU
Identifying sites to remove: done in 0.000725746 secs using 191.5% CPU
Identifying sites to remove: done in 0.000614114 secs using 817.1% CPU
Identifying sites to remove: done in 0.000738055 secs using 498.1% CPU
Identifying sites to remove: done in 0.00073874 secs using 930.5% CPU
Identifying sites to remove: done in 0.000618234 secs using 723.2% CPU
Identifying sites to remove: done in 0.000723995 secs using 1425% CPU
Identifying sites to remove: done in 0.000720277 secs using 1610% CPU
Identifying sites to remove: done in 0.000733547 secs using 1364% CPU
Identifying sites to remove: done in 0.000639543 secs using 8757% CPU
Identifying sites to remove: done in 0.000568658 secs using 9047% CPU
Identifying sites to remove: done in 0.000615768 secs using 544.5% CPU
Identifying sites to remove: done in 0.000790097 secs using 6709% CPU
Identifying sites to remove: done in 0.000733055 secs using 465.4% CPU
Identifying sites to remove: done in 0.00064449 secs using 319.3% CPU
Identifying sites to remove: done in 0.000714488 secs using 339.5% CPU
Identifying sites to remove: done in 0.000587113 secs using 324.6% CPU
Identifying sites to remove: done in 0.000583336 secs using 870.3% CPU
Identifying sites to remove: done in 0.000733458 secs using 963.8% CPU
Identifying sites to remove: done in 0.00057397 secs using 605.3% CPU
Identifying sites to remove: done in 0.000642948 secs using 142% CPU
Identifying sites to remove: done in 0.000743128 secs using 8160% CPU
Identifying sites to remove: done in 0.00076659 secs using 7670% CPU
Identifying sites to remove: done in 0.000738956 secs using 1.029e+04% CPU
Identifying sites to remove: done in 0.000760779 secs using 9548% CPU
Identifying sites to remove: done in 0.000715934 secs using 769.6% CPU
Identifying sites to remove: done in 0.000886068 secs using 951.2% CPU
Identifying sites to remove: done in 0.00106396 secs using 966.2% CPU
Identifying sites to remove: done in 0.00110159 secs using 964.4% CPU
Identifying sites to remove: done in 0.00116231 secs using 945% CPU
Identifying sites to remove: done in 0.00116401 secs using 952.6% CPU
Identifying sites to remove: done in 0.00119615 secs using 937.2% CPU
Identifying sites to remove: done in 0.00130476 secs using 894.1% CPU
Identifying sites to remove: done in 0.0013445 secs using 878.2% CPU
Identifying sites to remove: done in 0.00135782 secs using 869.4% CPU
Identifying sites to remove: done in 0.00141047 secs using 847.4% CPU
Identifying sites to remove: done in 0.00103706 secs using 99.8% CPU
Identifying sites to remove: done in 0.000776961 secs using 1.01e+04% CPU
Identifying sites to remove: done in 0.000819363 secs using 9155% CPU
Identifying sites to remove: done in 0.000976034 secs using 99.79% CPU
Identifying sites to remove: done in 0.000474781 secs using 809.2% CPU
Identifying sites to remove: done in 0.00101873 secs using 7367% CPU
Identifying sites to remove: done in 0.000413366 secs using 358% CPU
Identifying sites to remove: done in 0.000812106 secs using 330.7% CPU
Identifying sites to remove: done in 0.000453658 secs using 204.1% CPU
Identifying sites to remove: done in 0.000958674 secs using 214.2% CPU
Identifying sites to remove: done in 0.000446677 secs using 510.4% CPU
Identifying sites to remove: done in 0.000655003 secs using 607% CPU
Identifying sites to remove: done in 0.000973716 secs using 1322% CPU
Identifying sites to remove: done in 0.000941671 secs using 1341% CPU
Identifying sites to remove: done in 0.000938214 secs using 1037% CPU
Identifying sites to remove: done in 0.000667535 secs using 8969% CPU
Identifying sites to remove: done in 0.00103035 secs using 379.2% CPU
Identifying sites to remove: done in 0.00106491 secs using 196.4% CPU
Identifying sites to remove: done in 0.000774845 secs using 99.89% CPU
Identifying sites to remove: done in 0.00104164 secs using 7564% CPU
Identifying sites to remove: done in 0.00105136 secs using 7442% CPU
Identifying sites to remove: done in 0.00102694 secs using 259.6% CPU
Identifying sites to remove: done in 0.00094568 secs using 265.4% CPU
Identifying sites to remove: done in 0.0010355 secs using 446.1% CPU
Identifying sites to remove: done in 0.00104084 secs using 6660% CPU
Identifying sites to remove: done in 0.00106007 secs using 521.4% CPU
Identifying sites to remove: done in 0.0009664 secs using 729.9% CPU
Identifying sites to remove: done in 0.00104318 secs using 472.3% CPU
Identifying sites to remove: done in 0.000809468 secs using 212.9% CPU
Identifying sites to remove: done in 0.000844277 secs using 7712% CPU
Identifying sites to remove: done in 0.000851125 secs using 7202% CPU
Identifying sites to remove: done in 0.00104494 secs using 812.5% CPU
Identifying sites to remove: done in 0.00100967 secs using 675.4% CPU
Identifying sites to remove: done in 0.00076136 secs using 1022% CPU
Identifying sites to remove: done in 0.000835702 secs using 1003% CPU
Identifying sites to remove: done in 0.00103031 secs using 556.3% CPU
Identifying sites to remove: done in 0.00101998 secs using 6054% CPU
Identifying sites to remove: done in 0.000785187 secs using 223.4% CPU
Identifying sites to remove: done in 0.000790119 secs using 424.2% CPU
Identifying sites to remove: done in 0.00106678 secs using 458% CPU
Identifying sites to remove: done in 0.000820026 secs using 276.3% CPU
Identifying sites to remove: done in 0.000796877 secs using 340.6% CPU
Identifying sites to remove: done in 0.0010255 secs using 6741% CPU
Identifying sites to remove: done in 0.000787579 secs using 117.6% CPU
Identifying sites to remove: done in 0.0010123 secs using 345.7% CPU
Identifying sites to remove: done in 0.00102159 secs using 129.4% CPU
Identifying sites to remove: done in 0.00102037 secs using 6760% CPU
Identifying sites to remove: done in 0.00106417 secs using 5853% CPU
Identifying sites to remove: done in 0.00103167 secs using 5403% CPU
Identifying sites to remove: done in 0.000226684 secs using 759.2% CPU
Identifying sites to remove: done in 0.000320323 secs using 1528% CPU
Identifying sites to remove: done in 0.000398144 secs using 1034% CPU
Identifying sites to remove: done in 0.000428393 secs using 711% CPU
Identifying sites to remove: done in 0.000476211 secs using 1480% CPU
Identifying sites to remove: done in 0.000486173 secs using 658.8% CPU
Identifying sites to remove: done in 0.000559688 secs using 623.2% CPU
Identifying sites to remove: done in 0.000616945 secs using 1416% CPU
Identifying sites to remove: done in 0.000375122 secs using 420.4% CPU
Identifying sites to remove: done in 0.000647187 secs using 937.6% CPU
Identifying sites to remove: done in 0.00032486 secs using 255.5% CPU
Identifying sites to remove: done in 0.000398375 secs using 620.8% CPU
Identifying sites to remove: done in 0.00021638 secs using 293.9% CPU
Identifying sites to remove: done in 0.000348948 secs using 504.4% CPU
Identifying sites to remove: done in 0.000420831 secs using 353.1% CPU
Identifying sites to remove: done in 0.000188358 secs using 862.7% CPU
Identifying sites to remove: done in 0.000406973 secs using 736.7% CPU
Identifying sites to remove: done in 0.00019832 secs using 374.1% CPU
Identifying sites to remove: done in 0.000408366 secs using 838.7% CPU
Identifying sites to remove: done in 0.000221401 secs using 1720% CPU
Identifying sites to remove: done in 0.00021822 secs using 1022% CPU
Identifying sites to remove: done in 0.000412941 secs using 721.4% CPU
Identifying sites to remove: done in 0.000207976 secs using 1243% CPU
Identifying sites to remove: done in 0.000412881 secs using 154.3% CPU
Identifying sites to remove: done in 0.000225805 secs using 99.64% CPU
Identifying sites to remove: done in 0.000409715 secs using 413.7% CPU
Identifying sites to remove: done in 0.000407159 secs using 168.5% CPU
Identifying sites to remove: done in 0.000405662 secs using 200.7% CPU
Identifying sites to remove: done in 0.000404805 secs using 161.3% CPU
Identifying sites to remove: done in 0.000405282 secs using 99.68% CPU
Identifying sites to remove: done in 0.000225022 secs using 99.1% CPU
Identifying sites to remove: done in 0.000417106 secs using 663.9% CPU
Identifying sites to remove: done in 0.000329889 secs using 186.1% CPU
Identifying sites to remove: done in 0.000413693 secs using 1449% CPU
Identifying sites to remove: done in 0.000330433 secs using 1058% CPU
Identifying sites to remove: done in 0.000358306 secs using 1038% CPU
Identifying sites to remove: done in 0.000443131 secs using 2306% CPU
Identifying sites to remove: done in 0.000263095 secs using 4066% CPU
Identifying sites to remove: done in 0.000429876 secs using 3406% CPU
Identifying sites to remove: done in 0.00041391 secs using 2044% CPU
Identifying sites to remove: done in 0.000407256 secs using 1226% CPU
Identifying sites to remove: done in 0.0003502 secs using 584.2% CPU
Identifying sites to remove: done in 0.000334099 secs using 1.34e+04% CPU
Identifying sites to remove: done in 0.000331074 secs using 218.4% CPU
Identifying sites to remove: done in 0.000427037 secs using 276.3% CPU
Identifying sites to remove: done in 0.000420816 secs using 566.3% CPU
Identifying sites to remove: done in 0.000248663 secs using 250.5% CPU
Identifying sites to remove: done in 0.000425518 secs using 399.3% CPU
Identifying sites to remove: done in 0.000412218 secs using 1021% CPU
Identifying sites to remove: done in 0.000412814 secs using 175.1% CPU
Identifying sites to remove: done in 0.000420183 secs using 99.48% CPU
Identifying sites to remove: done in 0.000311345 secs using 3263% CPU
Identifying sites to remove: done in 0.000331491 secs using 2382% CPU
Identifying sites to remove: done in 0.000330701 secs using 910.8% CPU
Identifying sites to remove: done in 0.000357971 secs using 7020% CPU
Identifying sites to remove: done in 0.000358887 secs using 5656% CPU
Identifying sites to remove: done in 0.000405096 secs using 1418% CPU
Identifying sites to remove: done in 0.000421658 secs using 3127% CPU
Identifying sites to remove: done in 0.000423245 secs using 3734% CPU
Identifying sites to remove: done in 0.00042282 secs using 5440% CPU
Identifying sites to remove: done in 0.000436492 secs using 4197% CPU
Identifying sites to remove: done in 0.000342704 secs using 800.1% CPU
Identifying sites to remove: done in 0.00027477 secs using 1.971e+04% CPU
Identifying sites to remove: done in 0.000294179 secs using 1.802e+04% CPU
Identifying sites to remove: done in 0.000327602 secs using 99.51% CPU
Identifying sites to remove: done in 0.000181846 secs using 99.53% CPU
Identifying sites to remove: done in 0.00014285 secs using 316.4% CPU
Identifying sites to remove: done in 0.000269301 secs using 402.5% CPU
Identifying sites to remove: done in 0.000335872 secs using 711% CPU
Identifying sites to remove: done in 0.000151254 secs using 1262% CPU
Identifying sites to remove: done in 0.000319369 secs using 1349% CPU
Identifying sites to remove: done in 0.000143208 secs using 1689% CPU
Identifying sites to remove: done in 0.000318296 secs using 1800% CPU
Identifying sites to remove: done in 0.000318214 secs using 1218% CPU
Identifying sites to remove: done in 0.000246443 secs using 1537% CPU
Identifying sites to remove: done in 0.000266224 secs using 1114% CPU
Identifying sites to remove: done in 0.000320062 secs using 180.6% CPU
Identifying sites to remove: done in 0.000335455 secs using 99.57% CPU
Identifying sites to remove: done in 0.000334695 secs using 99.49% CPU
Identifying sites to remove: done in 0.000311367 secs using 99.56% CPU
Identifying sites to remove: done in 0.000335768 secs using 313% CPU
Identifying sites to remove: done in 0.00035838 secs using 310.8% CPU
Identifying sites to remove: done in 0.000330485 secs using 880.5% CPU
Identifying sites to remove: done in 0.000321165 secs using 207.4% CPU
Identifying sites to remove: done in 0.000351004 secs using 532.8% CPU
Identifying sites to remove: done in 0.000333145 secs using 99.66% CPU
Identifying sites to remove: done in 0.000310943 secs using 1441% CPU
Identifying sites to remove: done in 0.000348672 secs using 1069% CPU
Identifying sites to remove: done in 0.000356235 secs using 1426% CPU
Identifying sites to remove: done in 0.000282601 secs using 212% CPU
Identifying sites to remove: done in 0.000345804 secs using 1040% CPU
Identifying sites to remove: done in 0.000273772 secs using 1382% CPU
Identifying sites to remove: done in 0.000336766 secs using 1403% CPU
Identifying sites to remove: done in 0.000247881 secs using 4631% CPU
Identifying sites to remove: done in 0.000349596 secs using 3508% CPU
Identifying sites to remove: done in 0.000305183 secs using 1.308e+04% CPU
Identifying sites to remove: done in 0.000352912 secs using 1.242e+04% CPU
Identifying sites to remove: done in 0.000373535 secs using 9870% CPU
Identifying sites to remove: done in 0.000306472 secs using 117.1% CPU
Identifying sites to remove: done in 0.000269376 secs using 706.1% CPU
Identifying sites to remove: done in 0.000269294 secs using 497.6% CPU
Identifying sites to remove: done in 0.000350542 secs using 233.9% CPU
Identifying sites to remove: done in 0.000265047 secs using 1136% CPU
Identifying sites to remove: done in 0.000342421 secs using 1233% CPU
Identifying sites to remove: done in 0.000308454 secs using 149.5% CPU
Identifying sites to remove: done in 0.000331096 secs using 531.6% CPU
Identifying sites to remove: done in 0.000354446 secs using 151.8% CPU
Identifying sites to remove: done in 0.000338309 secs using 369.5% CPU
Identifying sites to remove: done in 0.00034263 secs using 197.9% CPU
Identifying sites to remove: done in 0.000333667 secs using 99.8% CPU
Identifying sites to remove: done in 0.000215381 secs using 6975% CPU
Identifying sites to remove: done in 0.000295736 secs using 6528% CPU
Identifying sites to remove: done in 0.000297159 secs using 7735% CPU
Identifying sites to remove: done in 0.000300691 secs using 2793% CPU
Identifying sites to remove: done in 0.000300735 secs using 8869% CPU
Identifying sites to remove: done in 0.000426188 secs using 1.379e+04% CPU
Identifying sites to remove: done in 0.000425428 secs using 1.149e+04% CPU
Identifying sites to remove: done in 0.000426933 secs using 1.209e+04% CPU
Identifying sites to remove: done in 0.000207745 secs using 98.68% CPU
Identifying sites to remove: done in 0.00021451 secs using 98.83% CPU
Identifying sites to remove: done in 0.000126533 secs using 98.79% CPU
Identifying sites to remove: done in 0.000129513 secs using 234.7% CPU
Identifying sites to remove: done in 0.000278443 secs using 1046% CPU
Identifying sites to remove: done in 0.000284225 secs using 2016% CPU
Identifying sites to remove: done in 0.000224538 secs using 1475% CPU
Identifying sites to remove: done in 0.000133492 secs using 381.3% CPU
Identifying sites to remove: done in 0.000272185 secs using 393.9% CPU
Identifying sites to remove: done in 0.00018505 secs using 913.3% CPU
Identifying sites to remove: done in 0.000248887 secs using 1356% CPU
Identifying sites to remove: done in 0.000266798 secs using 141.7% CPU
Identifying sites to remove: done in 0.000264704 secs using 98.98% CPU
Identifying sites to remove: done in 0.00028649 secs using 1.973e+04% CPU
Identifying sites to remove: done in 0.000268109 secs using 445.7% CPU
Identifying sites to remove: done in 0.000257291 secs using 164.4% CPU
Identifying sites to remove: done in 0.000263795 secs using 99.32% CPU
Identifying sites to remove: done in 0.000166096 secs using 1201% CPU
Identifying sites to remove: done in 0.000172541 secs using 126.9% CPU
Identifying sites to remove: done in 0.000230677 secs using 208.9% CPU
Identifying sites to remove: done in 0.000289842 secs using 873.9% CPU
Identifying sites to remove: done in 0.000260167 secs using 1092% CPU
Identifying sites to remove: done in 0.000263967 secs using 197.4% CPU
Identifying sites to remove: done in 0.000225224 secs using 2618% CPU
Identifying sites to remove: done in 0.000180438 secs using 230% CPU
Identifying sites to remove: done in 0.000298381 secs using 1287% CPU
Identifying sites to remove: done in 0.000265144 secs using 107.9% CPU
Identifying sites to remove: done in 0.000261098 secs using 99.58% CPU
Identifying sites to remove: done in 0.000300616 secs using 1.951e+04% CPU
Identifying sites to remove: done in 0.000269942 secs using 275.6% CPU
Identifying sites to remove: done in 0.000318609 secs using 341.5% CPU
Identifying sites to remove: done in 0.000271454 secs using 122.3% CPU
Identifying sites to remove: done in 0.000261419 secs using 99.46% CPU
Identifying sites to remove: done in 0.000546478 secs using 8089% CPU
Identifying sites to remove: done in 0.000535876 secs using 7528% CPU
Identifying sites to remove: done in 0.000599079 secs using 8023% CPU
Identifying sites to remove: done in 0.000649817 secs using 1.102e+04% CPU
Identifying sites to remove: done in 0.000650369 secs using 8055% CPU
Identifying sites to remove: done in 0.000655517 secs using 1.151e+04% CPU
Identifying sites to remove: done in 0.000652052 secs using 9217% CPU
Identifying sites to remove: done in 0.000700191 secs using 9153% CPU
Identifying sites to remove: done in 0.000698686 secs using 9715% CPU
Identifying sites to remove: done in 0.000725873 secs using 7775% CPU
Identifying sites to remove: done in 0.000505641 secs using 99.28% CPU
Identifying sites to remove: done in 0.000457048 secs using 679.6% CPU
Identifying sites to remove: done in 0.000448272 secs using 143.4% CPU
Identifying sites to remove: done in 0.000562951 secs using 1.216e+04% CPU
Identifying sites to remove: done in 0.000254862 secs using 99.66% CPU
Identifying sites to remove: done in 0.000508212 secs using 99.56% CPU
Identifying sites to remove: done in 0.000214592 secs using 99.72% CPU
Identifying sites to remove: done in 0.000432864 secs using 868.2% CPU
Identifying sites to remove: done in 0.000252917 secs using 272% CPU
Identifying sites to remove: done in 0.000489183 secs using 303.4% CPU
Identifying sites to remove: done in 0.000223674 secs using 509.2% CPU
Identifying sites to remove: done in 0.000486366 secs using 2487% CPU
Identifying sites to remove: done in 0.000399724 secs using 577.6% CPU
Identifying sites to remove: done in 0.00047157 secs using 1919% CPU
Identifying sites to remove: done in 0.000484586 secs using 1192% CPU
Identifying sites to remove: done in 0.0004116 secs using 99.85% CPU
Identifying sites to remove: done in 0.000531398 secs using 382.6% CPU
Identifying sites to remove: done in 0.000538491 secs using 155.2% CPU
Identifying sites to remove: done in 0.000484243 secs using 99.74% CPU
Identifying sites to remove: done in 0.000541344 secs using 212.6% CPU
Identifying sites to remove: done in 0.000553571 secs using 309.1% CPU
Identifying sites to remove: done in 0.000530615 secs using 164.3% CPU
Identifying sites to remove: done in 0.000477448 secs using 99.7% CPU
Identifying sites to remove: done in 0.000538222 secs using 99.59% CPU
Identifying sites to remove: done in 0.00052797 secs using 99.82% CPU
Identifying sites to remove: done in 0.000558883 secs using 1.222e+04% CPU
Identifying sites to remove: done in 0.000496298 secs using 419.9% CPU
Identifying sites to remove: done in 0.000473902 secs using 262.3% CPU
Identifying sites to remove: done in 0.000539087 secs using 330.4% CPU
Identifying sites to remove: done in 0.00042811 secs using 576.5% CPU
Identifying sites to remove: done in 0.000425622 secs using 177.2% CPU
Identifying sites to remove: done in 0.000521958 secs using 652.2% CPU
Identifying sites to remove: done in 0.000533454 secs using 945.2% CPU
Identifying sites to remove: done in 0.00039053 secs using 1123% CPU
Identifying sites to remove: done in 0.000540435 secs using 1691% CPU
Identifying sites to remove: done in 0.00053113 secs using 895.6% CPU
Identifying sites to remove: done in 0.000453509 secs using 203.3% CPU
Identifying sites to remove: done in 0.00042215 secs using 429.9% CPU
Identifying sites to remove: done in 0.000539422 secs using 333.3% CPU
Identifying sites to remove: done in 0.000501692 secs using 243% CPU
Identifying sites to remove: done in 0.000411592 secs using 99.61% CPU
Identifying sites to remove: done in 0.000420474 secs using 1052% CPU
Identifying sites to remove: done in 0.000538118 secs using 662.1% CPU
Identifying sites to remove: done in 0.000505112 secs using 242.5% CPU
Identifying sites to remove: done in 0.000536971 secs using 614.9% CPU
Identifying sites to remove: done in 0.000543691 secs using 1.145e+04% CPU
Identifying sites to remove: done in 0.000533573 secs using 437.2% CPU
Identifying sites to remove: done in 0.000541493 secs using 198% CPU
Identifying sites to remove: done in 0.00053741 secs using 1.21e+04% CPU
Identifying sites to remove: done in 0.000674561 secs using 1281% CPU
Identifying sites to remove: done in 0.00085666 secs using 1699% CPU
Identifying sites to remove: done in 0.000857882 secs using 1578% CPU
Identifying sites to remove: done in 0.000923641 secs using 1057% CPU
Identifying sites to remove: done in 0.000943497 secs using 928.2% CPU
Identifying sites to remove: done in 0.000952773 secs using 1376% CPU
Identifying sites to remove: done in 0.00104994 secs using 1696% CPU
Identifying sites to remove: done in 0.00108257 secs using 1752% CPU
Identifying sites to remove: done in 0.00114071 secs using 1487% CPU
Identifying sites to remove: done in 0.00120144 secs using 1063% CPU
Identifying sites to remove: done in 0.00106889 secs using 5908% CPU
Identifying sites to remove: done in 0.000703916 secs using 355.6% CPU
Identifying sites to remove: done in 0.00070706 secs using 188% CPU
Identifying sites to remove: done in 0.00104192 secs using 99.91% CPU
Identifying sites to remove: done in 0.000559673 secs using 1.303e+04% CPU
Identifying sites to remove: done in 0.00108706 secs using 103.3% CPU
Identifying sites to remove: done in 0.000461459 secs using 941.4% CPU
Identifying sites to remove: done in 0.000887752 secs using 481.1% CPU
Identifying sites to remove: done in 0.00107286 secs using 281.7% CPU
Identifying sites to remove: done in 0.000435829 secs using 149.4% CPU
Identifying sites to remove: done in 0.000587262 secs using 889.6% CPU
Identifying sites to remove: done in 0.000458926 secs using 1877% CPU
Identifying sites to remove: done in 0.000874899 secs using 7417% CPU
Identifying sites to remove: done in 0.00111769 secs using 6206% CPU
Identifying sites to remove: done in 0.00102937 secs using 5955% CPU
Identifying sites to remove: done in 0.000727966 secs using 268% CPU
Identifying sites to remove: done in 0.000915401 secs using 441.7% CPU
Identifying sites to remove: done in 0.00110638 secs using 142.1% CPU
Identifying sites to remove: done in 0.000749379 secs using 99.68% CPU
Identifying sites to remove: done in 0.00111601 secs using 7293% CPU
Identifying sites to remove: done in 0.00112275 secs using 7054% CPU
Identifying sites to remove: done in 0.00105512 secs using 390.5% CPU
Identifying sites to remove: done in 0.00111648 secs using 318.1% CPU
Identifying sites to remove: done in 0.00108968 secs using 357.4% CPU
Identifying sites to remove: done in 0.00108244 secs using 461.8% CPU
Identifying sites to remove: done in 0.000879049 secs using 7571% CPU
Identifying sites to remove: done in 0.0011156 secs using 224.1% CPU
Identifying sites to remove: done in 0.000901349 secs using 806.7% CPU
Identifying sites to remove: done in 0.000755973 secs using 567.9% CPU
Identifying sites to remove: done in 0.000904307 secs using 332.7% CPU
Identifying sites to remove: done in 0.00114928 secs using 561.8% CPU
Identifying sites to remove: done in 0.000844136 secs using 7762% CPU
Identifying sites to remove: done in 0.00113755 secs using 5942% CPU
Identifying sites to remove: done in 0.000949077 secs using 6621% CPU
Identifying sites to remove: done in 0.000940219 secs using 330.1% CPU
Identifying sites to remove: done in 0.000877313 secs using 366.5% CPU
Identifying sites to remove: done in 0.000724062 secs using 424.1% CPU
Identifying sites to remove: done in 0.0011154 secs using 894.3% CPU
Identifying sites to remove: done in 0.000919387 secs using 882.2% CPU
Identifying sites to remove: done in 0.000899144 secs using 621.8% CPU
Identifying sites to remove: done in 0.000693955 secs using 203.6% CPU
Identifying sites to remove: done in 0.000759751 secs using 7751% CPU
Identifying sites to remove: done in 0.000670925 secs using 198.2% CPU
Identifying sites to remove: done in 0.00091216 secs using 256% CPU
Identifying sites to remove: done in 0.000893801 secs using 99.8% CPU
Identifying sites to remove: done in 0.000889644 secs using 99.93% CPU
Identifying sites to remove: done in 0.000873335 secs using 299.4% CPU
Identifying sites to remove: done in 0.0010727 secs using 99.84% CPU
Identifying sites to remove: done in 0.00107297 secs using 99.82% CPU
Identifying sites to remove: done in 0.000447631 secs using 932.7% CPU
Identifying sites to remove: done in 0.000448801 secs using 917.8% CPU
Identifying sites to remove: done in 0.000469066 secs using 887.5% CPU
Identifying sites to remove: done in 0.000551678 secs using 2545% CPU
Identifying sites to remove: done in 0.000557713 secs using 2488% CPU
Identifying sites to remove: done in 0.000594817 secs using 2404% CPU
Identifying sites to remove: done in 0.000578582 secs using 2446% CPU
Identifying sites to remove: done in 0.000647694 secs using 2258% CPU
Identifying sites to remove: done in 0.000642233 secs using 2265% CPU
Identifying sites to remove: done in 0.000796862 secs using 1841% CPU
Identifying sites to remove: done in 0.000567049 secs using 618.3% CPU
Identifying sites to remove: done in 0.00047823 secs using 1498% CPU
Identifying sites to remove: done in 0.000482276 secs using 907.2% CPU
Identifying sites to remove: done in 0.000463262 secs using 237.2% CPU
Identifying sites to remove: done in 0.000385463 secs using 99.62% CPU
Identifying sites to remove: done in 0.00056041 secs using 414.2% CPU
Identifying sites to remove: done in 0.000217713 secs using 1106% CPU
Identifying sites to remove: done in 0.000582755 secs using 849.6% CPU
Identifying sites to remove: done in 0.000390589 secs using 209.4% CPU
Identifying sites to remove: done in 0.000180162 secs using 191.5% CPU
Identifying sites to remove: done in 0.000431791 secs using 1231% CPU
Identifying sites to remove: done in 0.000328049 secs using 3119% CPU
Identifying sites to remove: done in 0.000310145 secs using 2430% CPU
Identifying sites to remove: done in 0.000207663 secs using 1901% CPU
Identifying sites to remove: done in 0.000384673 secs using 1223% CPU
Identifying sites to remove: done in 0.000426307 secs using 258.5% CPU
Identifying sites to remove: done in 0.000175595 secs using 99.66% CPU
Identifying sites to remove: done in 0.000406623 secs using 99.85% CPU
Identifying sites to remove: done in 0.000377879 secs using 99.5% CPU
Identifying sites to remove: done in 0.000421718 secs using 99.59% CPU
Identifying sites to remove: done in 0.00039763 secs using 99.59% CPU
Identifying sites to remove: done in 0.000408202 secs using 1615% CPU
Identifying sites to remove: done in 0.000390358 secs using 990.9% CPU
Identifying sites to remove: done in 0.00041981 secs using 1033% CPU
Identifying sites to remove: done in 0.000403069 secs using 109.4% CPU
Identifying sites to remove: done in 0.000410452 secs using 503.8% CPU
Identifying sites to remove: done in 0.000417404 secs using 395.3% CPU
Identifying sites to remove: done in 0.000408567 secs using 165.5% CPU
Identifying sites to remove: done in 0.000392064 secs using 622.3% CPU
Identifying sites to remove: done in 0.000420205 secs using 694.2% CPU
Identifying sites to remove: done in 0.000423156 secs using 2730% CPU
Identifying sites to remove: done in 0.000337996 secs using 2672% CPU
Identifying sites to remove: done in 0.000353821 secs using 1127% CPU
Identifying sites to remove: done in 0.000417575 secs using 1630% CPU
Identifying sites to remove: done in 0.000456609 secs using 956% CPU
Identifying sites to remove: done in 0.000325345 secs using 1186% CPU
Identifying sites to remove: done in 0.000391901 secs using 1276% CPU
Identifying sites to remove: done in 0.000307351 secs using 1660% CPU
Identifying sites to remove: done in 0.000425108 secs using 1.148e+04% CPU
Identifying sites to remove: done in 0.00033851 secs using 397.3% CPU
Identifying sites to remove: done in 0.000423796 secs using 697% CPU
Identifying sites to remove: done in 0.00032977 secs using 967.9% CPU
Identifying sites to remove: done in 0.000334866 secs using 649.5% CPU
Identifying sites to remove: done in 0.000403382 secs using 159.4% CPU
Identifying sites to remove: done in 0.000410102 secs using 619.1% CPU
Identifying sites to remove: done in 0.000428334 secs using 113.7% CPU
Identifying sites to remove: done in 0.00042107 secs using 666.6% CPU
Identifying sites to remove: done in 0.000414714 secs using 187.8% CPU
Identifying sites to remove: done in 0.000414483 secs using 99.64% CPU
Identifying sites to remove: done in 0.000234179 secs using 2686% CPU
Identifying sites to remove: done in 0.000253238 secs using 876.6% CPU
Identifying sites to remove: done in 0.000254907 secs using 1719% CPU
Identifying sites to remove: done in 0.000258185 secs using 8461% CPU
Identifying sites to remove: done in 0.000257984 secs using 5264% CPU
Identifying sites to remove: done in 0.00030791 secs using 6299% CPU
Identifying sites to remove: done in 0.000308223 secs using 2922% CPU
Identifying sites to remove: done in 0.000311688 secs using 8008% CPU
Identifying sites to remove: done in 0.000312924 secs using 5348% CPU
Identifying sites to remove: done in 0.000311196 secs using 3795% CPU
Identifying sites to remove: done in 0.000295177 secs using 1.757e+04% CPU
Identifying sites to remove: done in 0.000217952 secs using 2.337e+04% CPU
Identifying sites to remove: done in 0.000233494 secs using 2.147e+04% CPU
Identifying sites to remove: done in 0.00023336 secs using 98.99% CPU
Identifying sites to remove: done in 0.000121199 secs using 99.84% CPU
Identifying sites to remove: done in 0.0001968 secs using 367.9% CPU
Identifying sites to remove: done in 0.000244863 secs using 717.1% CPU
Identifying sites to remove: done in 0.000133142 secs using 138.2% CPU
Identifying sites to remove: done in 0.000235602 secs using 845.9% CPU
Identifying sites to remove: done in 0.000112973 secs using 2939% CPU
Identifying sites to remove: done in 0.000228994 secs using 1815% CPU
Identifying sites to remove: done in 0.000242166 secs using 1130% CPU
Identifying sites to remove: done in 0.000196345 secs using 696.7% CPU
Identifying sites to remove: done in 0.000121072 secs using 284.1% CPU
Identifying sites to remove: done in 0.000206009 secs using 395.6% CPU
Identifying sites to remove: done in 0.000195749 secs using 99.62% CPU
Identifying sites to remove: done in 0.000239067 secs using 99.14% CPU
Identifying sites to remove: done in 0.000245199 secs using 99.51% CPU
Identifying sites to remove: done in 0.000229873 secs using 99.62% CPU
Identifying sites to remove: done in 0.000242829 secs using 99.66% CPU
Identifying sites to remove: done in 0.000253215 secs using 2.383e+04% CPU
Identifying sites to remove: done in 0.00027205 secs using 2.147e+04% CPU
Identifying sites to remove: done in 0.000248499 secs using 235% CPU
Identifying sites to remove: done in 0.000250399 secs using 198.5% CPU
Identifying sites to remove: done in 0.000239298 secs using 99.46% CPU
Identifying sites to remove: done in 0.000247635 secs using 1093% CPU
Identifying sites to remove: done in 0.000205144 secs using 284.2% CPU
Identifying sites to remove: done in 0.000253774 secs using 691.2% CPU
Identifying sites to remove: done in 0.000203356 secs using 892.5% CPU
Identifying sites to remove: done in 0.000243269 secs using 182.1% CPU
Identifying sites to remove: done in 0.000238828 secs using 1979% CPU
Identifying sites to remove: done in 0.000210047 secs using 1382% CPU
Identifying sites to remove: done in 0.000189289 secs using 2596% CPU
Identifying sites to remove: done in 0.000252388 secs using 3060% CPU
Identifying sites to remove: done in 0.000216879 secs using 2347% CPU
Identifying sites to remove: done in 0.000252575 secs using 1195% CPU
Identifying sites to remove: done in 0.000272617 secs using 1154% CPU
Identifying sites to remove: done in 0.000233747 secs using 124.1% CPU
Identifying sites to remove: done in 0.000236839 secs using 1748% CPU
Identifying sites to remove: done in 0.000200197 secs using 670.3% CPU
Identifying sites to remove: done in 0.000207908 secs using 215% CPU
Identifying sites to remove: done in 0.000193745 secs using 457.8% CPU
Identifying sites to remove: done in 0.000241369 secs using 607% CPU
Identifying sites to remove: done in 0.000198394 secs using 141.1% CPU
Identifying sites to remove: done in 0.000247255 secs using 1.946e+04% CPU
Identifying sites to remove: done in 0.000254929 secs using 1.852e+04% CPU
Identifying sites to remove: done in 0.00024347 secs using 966.9% CPU
Identifying sites to remove: done in 0.000255331 secs using 194.3% CPU
Identifying sites to remove: done in 0.000249915 secs using 99.63% CPU
Identifying sites to remove: done in 0.000264168 secs using 3454% CPU
Identifying sites to remove: done in 0.00028348 secs using 865.3% CPU
Identifying sites to remove: done in 0.000304133 secs using 1971% CPU
Identifying sites to remove: done in 0.000318177 secs using 6130% CPU
Identifying sites to remove: done in 0.000318952 secs using 7175% CPU
Identifying sites to remove: done in 0.000359662 secs using 7386% CPU
Identifying sites to remove: done in 0.000362359 secs using 8265% CPU
Identifying sites to remove: done in 0.000364542 secs using 4564% CPU
Identifying sites to remove: done in 0.000361294 secs using 9214% CPU
Identifying sites to remove: done in 0.00041385 secs using 3218% CPU
Identifying sites to remove: done in 0.000337467 secs using 371.9% CPU
Identifying sites to remove: done in 0.000293583 secs using 503.8% CPU
Identifying sites to remove: done in 0.000287607 secs using 201% CPU
Identifying sites to remove: done in 0.000321575 secs using 99.51% CPU
Identifying sites to remove: done in 0.000161327 secs using 99.8% CPU
Identifying sites to remove: done in 0.000123076 secs using 2329% CPU
Identifying sites to remove: done in 0.00035993 secs using 1046% CPU
Identifying sites to remove: done in 0.000292681 secs using 235.8% CPU
Identifying sites to remove: done in 0.000151135 secs using 99.25% CPU
Identifying sites to remove: done in 0.000271484 secs using 902.8% CPU
Identifying sites to remove: done in 0.000123166 secs using 374.3% CPU
Identifying sites to remove: done in 0.000218078 secs using 3613% CPU
Identifying sites to remove: done in 0.000270613 secs using 2715% CPU
Identifying sites to remove: done in 0.000271775 secs using 1454% CPU
Identifying sites to remove: done in 0.000214763 secs using 200.7% CPU
Identifying sites to remove: done in 0.000271037 secs using 487.8% CPU
Identifying sites to remove: done in 0.000336915 secs using 347.3% CPU
Identifying sites to remove: done in 0.000338607 secs using 128.5% CPU
Identifying sites to remove: done in 0.000265189 secs using 99.17% CPU
Identifying sites to remove: done in 0.000339799 secs using 294.9% CPU
Identifying sites to remove: done in 0.000337347 secs using 963.1% CPU
Identifying sites to remove: done in 0.000335805 secs using 167.7% CPU
Identifying sites to remove: done in 0.000273705 secs using 185.2% CPU
Identifying sites to remove: done in 0.000339344 secs using 1107% CPU
Identifying sites to remove: done in 0.00033322 secs using 99.63% CPU
Identifying sites to remove: done in 0.000345312 secs using 568.5% CPU
Identifying sites to remove: done in 0.000270911 secs using 507.9% CPU
Identifying sites to remove: done in 0.000342011 secs using 524.5% CPU
Identifying sites to remove: done in 0.000272922 secs using 136.7% CPU
Identifying sites to remove: done in 0.000266582 secs using 638.5% CPU
Identifying sites to remove: done in 0.00026495 secs using 166.1% CPU
Identifying sites to remove: done in 0.000335306 secs using 675.2% CPU
Identifying sites to remove: done in 0.000335544 secs using 982.3% CPU
Identifying sites to remove: done in 0.000218317 secs using 1268% CPU
Identifying sites to remove: done in 0.000269242 secs using 1299% CPU
Identifying sites to remove: done in 0.000362463 secs using 861.3% CPU
Identifying sites to remove: done in 0.000346556 secs using 938.4% CPU
Identifying sites to remove: done in 0.000267103 secs using 1933% CPU
Identifying sites to remove: done in 0.000271998 secs using 1612% CPU
Identifying sites to remove: done in 0.000339627 secs using 1105% CPU
Identifying sites to remove: done in 0.000272341 secs using 232.1% CPU
Identifying sites to remove: done in 0.000260942 secs using 446.1% CPU
Identifying sites to remove: done in 0.000345543 secs using 1.439e+04% CPU
Identifying sites to remove: done in 0.000264391 secs using 99.47% CPU
Identifying sites to remove: done in 0.000334628 secs using 382.8% CPU
Identifying sites to remove: done in 0.000333846 secs using 129.1% CPU
Identifying sites to remove: done in 0.000349388 secs using 2.115e+04% CPU
Identifying sites to remove: done in 0.00034833 secs using 2.011e+04% CPU
Identifying sites to remove: done in 0.00033778 secs using 99.47% CPU
Identifying sites to remove: done in 0.000156716 secs using 1989% CPU
Identifying sites to remove: done in 0.000177003 secs using 740.7% CPU
Identifying sites to remove: done in 0.000209562 secs using 7237% CPU
Identifying sites to remove: done in 0.000211529 secs using 2553% CPU
Identifying sites to remove: done in 0.000248462 secs using 8351% CPU
Identifying sites to remove: done in 0.000248395 secs using 4139% CPU
Identifying sites to remove: done in 0.000278741 secs using 6558% CPU
Identifying sites to remove: done in 0.000281043 secs using 2775% CPU
Identifying sites to remove: done in 0.000299275 secs using 4376% CPU
Identifying sites to remove: done in 0.000221044 secs using 99.53% CPU
Identifying sites to remove: done in 0.000184372 secs using 2070% CPU
Identifying sites to remove: done in 0.000222929 secs using 135% CPU
Identifying sites to remove: done in 0.000141405 secs using 3.427e+04% CPU
Identifying sites to remove: done in 0.000173695 secs using 250.4% CPU
Identifying sites to remove: done in 6.79269e-05 secs using 176.7% CPU
Identifying sites to remove: done in 0.000149973 secs using 480.1% CPU
Identifying sites to remove: done in 0.000228584 secs using 743.3% CPU
Identifying sites to remove: done in 7.26283e-05 secs using 782.1% CPU
Identifying sites to remove: done in 0.000155129 secs using 1113% CPU
Identifying sites to remove: done in 0.000151083 secs using 1254% CPU
Identifying sites to remove: done in 0.000132985 secs using 871.5% CPU
Identifying sites to remove: done in 0.000168055 secs using 739.6% CPU
Identifying sites to remove: done in 0.000237256 secs using 143.7% CPU
Identifying sites to remove: done in 0.000224672 secs using 99.26% CPU
Identifying sites to remove: done in 0.000147857 secs using 210.3% CPU
Identifying sites to remove: done in 0.000239491 secs using 1465% CPU
Identifying sites to remove: done in 0.000231095 secs using 703.2% CPU
Identifying sites to remove: done in 0.000232898 secs using 304.9% CPU
Identifying sites to remove: done in 0.000218846 secs using 1321% CPU
Identifying sites to remove: done in 0.000227369 secs using 1016% CPU
Identifying sites to remove: done in 0.000145137 secs using 2059% CPU
Identifying sites to remove: done in 0.000216454 secs using 134.4% CPU
Identifying sites to remove: done in 0.000236519 secs using 1187% CPU
Identifying sites to remove: done in 0.000230968 secs using 495.7% CPU
Identifying sites to remove: done in 0.000234671 secs using 255.3% CPU
Identifying sites to remove: done in 0.000181057 secs using 99.42% CPU
Identifying sites to remove: done in 0.000154965 secs using 3006% CPU
Identifying sites to remove: done in 0.000193767 secs using 2.451e+04% CPU
Identifying sites to remove: done in 0.000131704 secs using 3.453e+04% CPU
Identifying sites to remove: done in 0.000240639 secs using 1.914e+04% CPU
Identifying sites to remove: done in 0.00021103 secs using 2.024e+04% CPU
Identifying sites to remove: done in 0.000237279 secs using 293.3% CPU
Identifying sites to remove: done in 0.000234425 secs using 379.7% CPU
Identifying sites to remove: done in 0.000174999 secs using 466.3% CPU
Identifying sites to remove: done in 0.000183664 secs using 444.3% CPU
Identifying sites to remove: done in 0.000169195 secs using 119.4% CPU
Identifying sites to remove: done in 0.00021895 secs using 99.57% CPU
Identifying sites to remove: done in 0.000226758 secs using 99.22% CPU
Identifying sites to remove: done in 0.000218213 secs using 99.44% CPU
Identifying sites to remove: done in 0.000239804 secs using 2.851e+04% CPU
Identifying sites to remove: done in 0.000719279 secs using 2165% CPU
Identifying sites to remove: done in 0.000745475 secs using 932.8% CPU
Identifying sites to remove: done in 0.000775307 secs using 2481% CPU
Identifying sites to remove: done in 0.000887588 secs using 1595% CPU
Identifying sites to remove: done in 0.000889145 secs using 3282% CPU
Identifying sites to remove: done in 0.000926092 secs using 3815% CPU
Identifying sites to remove: done in 0.000957131 secs using 2454% CPU
Identifying sites to remove: done in 0.000977397 secs using 2727% CPU
Identifying sites to remove: done in 0.000978887 secs using 3336% CPU
Identifying sites to remove: done in 0.0010078 secs using 1163% CPU
Identifying sites to remove: done in 0.000903942 secs using 99.79% CPU
Identifying sites to remove: done in 0.000748619 secs using 582% CPU
Identifying sites to remove: done in 0.000740945 secs using 176.9% CPU
Identifying sites to remove: done in 0.000904672 secs using 99.82% CPU
Identifying sites to remove: done in 0.00043045 secs using 99.9% CPU
Identifying sites to remove: done in 0.00037235 secs using 1049% CPU
Identifying sites to remove: done in 0.000954397 secs using 8032% CPU
Identifying sites to remove: done in 0.00045342 secs using 266.4% CPU
Identifying sites to remove: done in 0.000779487 secs using 9314% CPU
Identifying sites to remove: done in 0.000381298 secs using 627.6% CPU
Identifying sites to remove: done in 0.000859343 secs using 453.6% CPU
Identifying sites to remove: done in 0.000683434 secs using 491.8% CPU
Identifying sites to remove: done in 0.00084883 secs using 1089% CPU
Identifying sites to remove: done in 0.000842996 secs using 832.6% CPU
Identifying sites to remove: done in 0.000867747 secs using 573.3% CPU
Identifying sites to remove: done in 0.000647016 secs using 321.8% CPU
Identifying sites to remove: done in 0.000940785 secs using 305.3% CPU
Identifying sites to remove: done in 0.000944771 secs using 168% CPU
Identifying sites to remove: done in 0.000836372 secs using 99.84% CPU
Identifying sites to remove: done in 0.000939399 secs using 602.9% CPU
Identifying sites to remove: done in 0.00095211 secs using 835.1% CPU
Identifying sites to remove: done in 0.000929005 secs using 520.4% CPU
Identifying sites to remove: done in 0.000868827 secs using 7813% CPU
Identifying sites to remove: done in 0.00094492 secs using 129.6% CPU
Identifying sites to remove: done in 0.00105027 secs using 99.88% CPU
Identifying sites to remove: done in 0.000964977 secs using 7642% CPU
Identifying sites to remove: done in 0.000846602 secs using 380.3% CPU
Identifying sites to remove: done in 0.000750363 secs using 291.2% CPU
Identifying sites to remove: done in 0.000952728 secs using 320.7% CPU
Identifying sites to remove: done in 0.000857309 secs using 365.1% CPU
Identifying sites to remove: done in 0.000883341 secs using 196.6% CPU
Identifying sites to remove: done in 0.000988267 secs using 6948% CPU
Identifying sites to remove: done in 0.00101968 secs using 6540% CPU
Identifying sites to remove: done in 0.000903763 secs using 6960% CPU
Identifying sites to remove: done in 0.000673965 secs using 467.8% CPU
Identifying sites to remove: done in 0.000947095 secs using 426.4% CPU
Identifying sites to remove: done in 0.00105029 secs using 140.2% CPU
Identifying sites to remove: done in 0.000718698 secs using 1181% CPU
Identifying sites to remove: done in 0.000748031 secs using 674.7% CPU
Identifying sites to remove: done in 0.000928573 secs using 865.2% CPU
Identifying sites to remove: done in 0.00075423 secs using 279% CPU
Identifying sites to remove: done in 0.000713602 secs using 99.92% CPU
Identifying sites to remove: done in 0.00091175 secs using 328.3% CPU
Identifying sites to remove: done in 0.000843622 secs using 174.6% CPU
Identifying sites to remove: done in 0.000912443 secs using 496.7% CPU
Identifying sites to remove: done in 0.000923797 secs using 7347% CPU
Identifying sites to remove: done in 0.000948496 secs using 7420% CPU
Identifying sites to remove: done in 0.000965998 secs using 6880% CPU
Identifying sites to remove: done in 0.000941135 secs using 5857% CPU
Identifying sites to remove: done in 0.00019417 secs using 4005% CPU
Identifying sites to remove: done in 0.00019142 secs using 382.9% CPU
Identifying sites to remove: done in 0.00024461 secs using 2263% CPU
Identifying sites to remove: done in 0.000308141 secs using 1063% CPU
Identifying sites to remove: done in 0.000156693 secs using 1964% CPU
Identifying sites to remove: done in 0.000181973 secs using 125.8% CPU
Identifying sites to remove: done in 0.000153206 secs using 99.21% CPU
Identifying sites to remove: done in 9.86308e-05 secs using 1007% CPU
Identifying sites to remove: done in 0.00015375 secs using 3.852e+04% CPU
Identifying sites to remove: done in 0.000179127 secs using 112.8% CPU
Identifying sites to remove: done in 0.000191197 secs using 99.37% CPU
Identifying sites to remove: done in 0.000172488 secs using 99.14% CPU
Identifying sites to remove: done in 0.000164181 secs using 1691% CPU
Identifying sites to remove: done in 0.000165842 secs using 997.9% CPU
Identifying sites to remove: done in 0.000184037 secs using 259.2% CPU
Identifying sites to remove: done in 0.000167362 secs using 99.78% CPU
Identifying sites to remove: done in 0.000159845 secs using 99.47% CPU
Identifying sites to remove: done in 0.000166468 secs using 2286% CPU
Identifying sites to remove: done in 0.000167482 secs using 2721% CPU
Identifying sites to remove: done in 0.000144929 secs using 957% CPU
Identifying sites to remove: done in 0.000179619 secs using 2025% CPU
Identifying sites to remove: done in 0.000177443 secs using 152.7% CPU
Identifying sites to remove: done in 0.000242226 secs using 3730% CPU
Identifying sites to remove: done in 0.000267945 secs using 2820% CPU
Identifying sites to remove: done in 0.000269957 secs using 897.9% CPU
Identifying sites to remove: done in 0.000290252 secs using 3822% CPU
Identifying sites to remove: done in 0.000315905 secs using 5731% CPU
Identifying sites to remove: done in 0.000319004 secs using 1398% CPU
Identifying sites to remove: done in 0.000322163 secs using 4072% CPU
Identifying sites to remove: done in 0.000318721 secs using 4622% CPU
Identifying sites to remove: done in 0.000316486 secs using 1938% CPU
Identifying sites to remove: done in 0.000400491 secs using 4147% CPU
Identifying sites to remove: done in 0.000287883 secs using 1666% CPU
Identifying sites to remove: done in 0.000214577 secs using 1943% CPU
Identifying sites to remove: done in 0.000224628 secs using 1542% CPU
Identifying sites to remove: done in 0.000287019 secs using 216.7% CPU
Identifying sites to remove: done in 0.000224695 secs using 2441% CPU
Identifying sites to remove: done in 0.000152044 secs using 219.7% CPU
Identifying sites to remove: done in 0.000295632 secs using 1408% CPU
Identifying sites to remove: done in 0.00026466 secs using 1.421e+04% CPU
Identifying sites to remove: done in 0.000262149 secs using 1.224e+04% CPU
Identifying sites to remove: done in 0.00026904 secs using 1.262e+04% CPU
Identifying sites to remove: done in 0.000154972 secs using 514.3% CPU
Identifying sites to remove: done in 0.000195093 secs using 329.6% CPU
Identifying sites to remove: done in 0.000198454 secs using 452.5% CPU
Identifying sites to remove: done in 0.000131004 secs using 600% CPU
Identifying sites to remove: done in 0.000259668 secs using 452.1% CPU
Identifying sites to remove: done in 0.000291258 secs using 247.9% CPU
Identifying sites to remove: done in 0.000123389 secs using 142.6% CPU
Identifying sites to remove: done in 0.000288725 secs using 99.06% CPU
Identifying sites to remove: done in 0.000260361 secs using 656.4% CPU
Identifying sites to remove: done in 0.000301018 secs using 704.3% CPU
Identifying sites to remove: done in 0.000283241 secs using 849.1% CPU
Identifying sites to remove: done in 0.000286296 secs using 1079% CPU
Identifying sites to remove: done in 0.000292815 secs using 1717% CPU
Identifying sites to remove: done in 0.00030873 secs using 966.5% CPU
Identifying sites to remove: done in 0.000258565 secs using 220.4% CPU
Identifying sites to remove: done in 0.000240915 secs using 195.5% CPU
Identifying sites to remove: done in 0.000287846 secs using 1145% CPU
Identifying sites to remove: done in 0.000235371 secs using 2504% CPU
Identifying sites to remove: done in 0.000293449 secs using 3148% CPU
Identifying sites to remove: done in 0.000256509 secs using 4208% CPU
Identifying sites to remove: done in 0.000268303 secs using 2796% CPU
Identifying sites to remove: done in 0.000248693 secs using 4554% CPU
Identifying sites to remove: done in 0.000320524 secs using 4414% CPU
Identifying sites to remove: done in 0.000249319 secs using 4284% CPU
Identifying sites to remove: done in 0.000294685 secs using 9947% CPU
Identifying sites to remove: done in 0.000251018 secs using 1.004e+04% CPU
Identifying sites to remove: done in 0.000329122 secs using 7828% CPU
Identifying sites to remove: done in 0.000327468 secs using 7112% CPU
Identifying sites to remove: done in 0.000223063 secs using 264.9% CPU
Identifying sites to remove: done in 0.000281923 secs using 520.4% CPU
Identifying sites to remove: done in 0.0002345 secs using 547.1% CPU
Identifying sites to remove: done in 0.000283465 secs using 669.6% CPU
Identifying sites to remove: done in 0.000240281 secs using 224.7% CPU
Identifying sites to remove: done in 0.000245549 secs using 98.55% CPU
Identifying sites to remove: done in 0.000257134 secs using 758.7% CPU
Identifying sites to remove: done in 0.000253439 secs using 172.8% CPU
Identifying sites to remove: done in 0.000262186 secs using 1233% CPU
Identifying sites to remove: done in 0.000289746 secs using 188.8% CPU
Identifying sites to remove: done in 0.000304326 secs using 2.123e+04% CPU
Identifying sites to remove: done in 0.000229992 secs using 877.4% CPU
Identifying sites to remove: done in 0.000232153 secs using 2441% CPU
Identifying sites to remove: done in 0.000235744 secs using 3977% CPU
Identifying sites to remove: done in 0.000273868 secs using 1.008e+04% CPU
Identifying sites to remove: done in 0.000273898 secs using 8758% CPU
Identifying sites to remove: done in 0.000277564 secs using 1.128e+04% CPU
Identifying sites to remove: done in 0.000277787 secs using 6040% CPU
Identifying sites to remove: done in 0.00027933 secs using 7309% CPU
Identifying sites to remove: done in 0.000276856 secs using 1.261e+04% CPU
Identifying sites to remove: done in 0.000386715 secs using 1.38e+04% CPU
Identifying sites to remove: done in 0.000231273 secs using 98.58% CPU
Identifying sites to remove: done in 0.000206113 secs using 182.9% CPU
Identifying sites to remove: done in 0.000208959 secs using 603% CPU
Identifying sites to remove: done in 0.000220872 secs using 98.7% CPU
Identifying sites to remove: done in 0.000115804 secs using 3745% CPU
Identifying sites to remove: done in 0.000230305 secs using 1121% CPU
Identifying sites to remove: done in 0.000197314 secs using 238.7% CPU
Identifying sites to remove: done in 0.000100359 secs using 2655% CPU
Identifying sites to remove: done in 0.000217117 secs using 3422% CPU
Identifying sites to remove: done in 0.00021477 secs using 3376% CPU
Identifying sites to remove: done in 0.000120565 secs using 2102% CPU
Identifying sites to remove: done in 0.000213772 secs using 2180% CPU
Identifying sites to remove: done in 0.000182949 secs using 1919% CPU
Identifying sites to remove: done in 0.00023637 secs using 519.5% CPU
Identifying sites to remove: done in 0.000179887 secs using 219% CPU
Identifying sites to remove: done in 9.74089e-05 secs using 98.55% CPU
Identifying sites to remove: done in 0.000225432 secs using 98.92% CPU
Identifying sites to remove: done in 0.000232965 secs using 98.73% CPU
Identifying sites to remove: done in 0.000215016 secs using 99.53% CPU
Identifying sites to remove: done in 0.000240944 secs using 719.3% CPU
Identifying sites to remove: done in 0.000233948 secs using 392% CPU
Identifying sites to remove: done in 0.00024163 secs using 210.7% CPU
Identifying sites to remove: done in 0.000217877 secs using 188.6% CPU
Identifying sites to remove: done in 0.000240594 secs using 794.3% CPU
Identifying sites to remove: done in 0.000224233 secs using 99.45% CPU
Identifying sites to remove: done in 0.000236176 secs using 2363% CPU
Identifying sites to remove: done in 0.000220254 secs using 1415% CPU
Identifying sites to remove: done in 0.000228956 secs using 274.7% CPU
Identifying sites to remove: done in 0.000224136 secs using 99.49% CPU
Identifying sites to remove: done in 0.000186063 secs using 1834% CPU
Identifying sites to remove: done in 0.000185445 secs using 1966% CPU
Identifying sites to remove: done in 0.000232905 secs using 112.1% CPU
Identifying sites to remove: done in 0.000234522 secs using 4756% CPU
Identifying sites to remove: done in 0.000169516 secs using 6365% CPU
Identifying sites to remove: done in 0.000180811 secs using 3999% CPU
Identifying sites to remove: done in 0.000251971 secs using 1.751e+04% CPU
Identifying sites to remove: done in 0.00025396 secs using 1.587e+04% CPU
Identifying sites to remove: done in 0.000222147 secs using 240.4% CPU
Identifying sites to remove: done in 0.000191942 secs using 608.5% CPU
Identifying sites to remove: done in 0.000248499 secs using 396% CPU
Identifying sites to remove: done in 0.000187233 secs using 216.8% CPU
Identifying sites to remove: done in 0.000180535 secs using 487.4% CPU
Identifying sites to remove: done in 0.000232823 secs using 142.2% CPU
Identifying sites to remove: done in 0.000212684 secs using 99.21% CPU
Identifying sites to remove: done in 0.00025028 secs using 99.49% CPU
Identifying sites to remove: done in 0.000230663 secs using 99.28% CPU
Identifying sites to remove: done in 0.000247024 secs using 2.781e+04% CPU
Identifying sites to remove: done in 0.000250548 secs using 192.8% CPU
Identifying sites to remove: done in 0.000234 secs using 99.15% CPU
Identifying sites to remove: done in 0.000227131 secs using 1286% CPU
Identifying sites to remove: done in 0.000228941 secs using 1762% CPU
Identifying sites to remove: done in 0.00025218 secs using 873.2% CPU
Identifying sites to remove: done in 0.000295408 secs using 2744% CPU
Identifying sites to remove: done in 0.000297099 secs using 3836% CPU
Identifying sites to remove: done in 0.000299625 secs using 3082% CPU
Identifying sites to remove: done in 0.00029628 secs using 3476% CPU
Identifying sites to remove: done in 0.000300482 secs using 1981% CPU
Identifying sites to remove: done in 0.000299476 secs using 4171% CPU
Identifying sites to remove: done in 0.000301875 secs using 2340% CPU
Identifying sites to remove: done in 0.000245556 secs using 983.5% CPU
Identifying sites to remove: done in 0.00020431 secs using 725.9% CPU
Identifying sites to remove: done in 0.000203326 secs using 201.6% CPU
Identifying sites to remove: done in 0.000231743 secs using 99.68% CPU
Identifying sites to remove: done in 0.000111915 secs using 99.18% CPU
Identifying sites to remove: done in 0.000103265 secs using 3640% CPU
Identifying sites to remove: done in 0.000189222 secs using 1385% CPU
Identifying sites to remove: done in 0.000114352 secs using 214.3% CPU
Identifying sites to remove: done in 0.000242598 secs using 285.2% CPU
Identifying sites to remove: done in 0.000232197 secs using 543.5% CPU
Identifying sites to remove: done in 0.000130236 secs using 1050% CPU
Identifying sites to remove: done in 0.000228822 secs using 858.3% CPU
Identifying sites to remove: done in 0.000255138 secs using 683.2% CPU
Identifying sites to remove: done in 0.000208832 secs using 551.6% CPU
Identifying sites to remove: done in 0.000180714 secs using 593.8% CPU
Identifying sites to remove: done in 0.000229418 secs using 145.1% CPU
Identifying sites to remove: done in 0.000232726 secs using 98.83% CPU
Identifying sites to remove: done in 0.000236206 secs using 99.07% CPU
Identifying sites to remove: done in 0.000228934 secs using 99.16% CPU
Identifying sites to remove: done in 0.000250712 secs using 307.9% CPU
Identifying sites to remove: done in 0.000238411 secs using 1161% CPU
Identifying sites to remove: done in 0.000236213 secs using 154.1% CPU
Identifying sites to remove: done in 0.000235841 secs using 1594% CPU
Identifying sites to remove: done in 0.00023324 secs using 1734% CPU
Identifying sites to remove: done in 0.000234321 secs using 153.2% CPU
Identifying sites to remove: done in 0.000243835 secs using 648.8% CPU
Identifying sites to remove: done in 0.000251956 secs using 463.2% CPU
Identifying sites to remove: done in 0.000230819 secs using 263.8% CPU
Identifying sites to remove: done in 0.000231996 secs using 525.4% CPU
Identifying sites to remove: done in 0.000194274 secs using 716.5% CPU
Identifying sites to remove: done in 0.000191063 secs using 114.6% CPU
Identifying sites to remove: done in 0.000236973 secs using 771.8% CPU
Identifying sites to remove: done in 0.000249401 secs using 1095% CPU
Identifying sites to remove: done in 0.000193343 secs using 526% CPU
Identifying sites to remove: done in 0.000193968 secs using 1219% CPU
Identifying sites to remove: done in 0.000251248 secs using 937.7% CPU
Identifying sites to remove: done in 0.000244811 secs using 1033% CPU
Identifying sites to remove: done in 0.00023777 secs using 130.8% CPU
Identifying sites to remove: done in 0.000191621 secs using 1576% CPU
Identifying sites to remove: done in 0.000244066 secs using 1679% CPU
Identifying sites to remove: done in 0.000212707 secs using 277.4% CPU
Identifying sites to remove: done in 0.000188544 secs using 472% CPU
Identifying sites to remove: done in 0.000237875 secs using 123.2% CPU
Identifying sites to remove: done in 0.000227518 secs using 98.89% CPU
Identifying sites to remove: done in 0.000255913 secs using 98.86% CPU
Identifying sites to remove: done in 0.000288524 secs using 1.71e+04% CPU
Identifying sites to remove: done in 0.000244156 secs using 1129% CPU
Identifying sites to remove: done in 0.000251636 secs using 195.9% CPU
Identifying sites to remove: done in 0.000271618 secs using 2.451e+04% CPU
Identifying sites to remove: done in 0.000201017 secs using 6659% CPU
Identifying sites to remove: done in 0.000219926 secs using 762.1% CPU
Identifying sites to remove: done in 0.000283852 secs using 2515% CPU
Identifying sites to remove: done in 0.000308849 secs using 5753% CPU
Identifying sites to remove: done in 0.000362486 secs using 6326% CPU
Identifying sites to remove: done in 0.000362292 secs using 3037% CPU
Identifying sites to remove: done in 0.000399627 secs using 6657% CPU
Identifying sites to remove: done in 0.000402376 secs using 4871% CPU
Identifying sites to remove: done in 0.000437155 secs using 966% CPU
Identifying sites to remove: done in 0.000303954 secs using 99.36% CPU
Identifying sites to remove: done in 0.000291437 secs using 440.6% CPU
Identifying sites to remove: done in 0.000300266 secs using 120.9% CPU
Identifying sites to remove: done in 0.000159316 secs using 99.8% CPU
Identifying sites to remove: done in 9.24319e-05 secs using 2059% CPU
Identifying sites to remove: done in 0.000240721 secs using 137.5% CPU
Identifying sites to remove: done in 0.000204831 secs using 1387% CPU
Identifying sites to remove: done in 0.000112675 secs using 2180% CPU
Identifying sites to remove: done in 0.000315689 secs using 1898% CPU
Identifying sites to remove: done in 0.000211813 secs using 3307% CPU
Identifying sites to remove: done in 0.000218362 secs using 2141% CPU
Identifying sites to remove: done in 0.000173554 secs using 2350% CPU
Identifying sites to remove: done in 0.000167213 secs using 295.4% CPU
Identifying sites to remove: done in 0.000383101 secs using 619.7% CPU
Identifying sites to remove: done in 0.000348128 secs using 99.68% CPU
Identifying sites to remove: done in 0.000203729 secs using 175.2% CPU
Identifying sites to remove: done in 0.000394754 secs using 1.474e+04% CPU
Identifying sites to remove: done in 0.000321969 secs using 423% CPU
Identifying sites to remove: done in 0.000346959 secs using 320.8% CPU
Identifying sites to remove: done in 0.000307038 secs using 181.1% CPU
Identifying sites to remove: done in 0.000351444 secs using 471.5% CPU
Identifying sites to remove: done in 0.000197314 secs using 205.3% CPU
Identifying sites to remove: done in 0.000301704 secs using 628.4% CPU
Identifying sites to remove: done in 0.000361063 secs using 1303% CPU
Identifying sites to remove: done in 0.000314631 secs using 309.3% CPU
Identifying sites to remove: done in 0.000358045 secs using 820.8% CPU
Identifying sites to remove: done in 0.000282221 secs using 99.57% CPU
Identifying sites to remove: done in 0.000250898 secs using 1140% CPU
Identifying sites to remove: done in 0.000220239 secs using 193.9% CPU
Identifying sites to remove: done in 0.00015568 secs using 295.5% CPU
Identifying sites to remove: done in 0.000244796 secs using 1368% CPU
Identifying sites to remove: done in 0.000332184 secs using 330.8% CPU
Identifying sites to remove: done in 0.000367872 secs using 2390% CPU
Identifying sites to remove: done in 0.000360131 secs using 1509% CPU
Identifying sites to remove: done in 0.000255227 secs using 335.4% CPU
Identifying sites to remove: done in 0.000309311 secs using 1729% CPU
Identifying sites to remove: done in 0.000248462 secs using 1.747e+04% CPU
Identifying sites to remove: done in 0.000307962 secs using 99.69% CPU
Identifying sites to remove: done in 0.000357144 secs using 99.68% CPU
Identifying sites to remove: done in 0.000303634 secs using 99.46% CPU
Identifying sites to remove: done in 0.000302851 secs using 99.39% CPU
Identifying sites to remove: done in 0.000192255 secs using 536.8% CPU
Identifying sites to remove: done in 0.000194713 secs using 864.9% CPU
Identifying sites to remove: done in 0.00023564 secs using 1815% CPU
Identifying sites to remove: done in 0.000236385 secs using 1044% CPU
Identifying sites to remove: done in 0.000236668 secs using 1558% CPU
Identifying sites to remove: done in 0.000298344 secs using 1070% CPU
Identifying sites to remove: done in 0.00014317 secs using 1199% CPU
Identifying sites to remove: done in 0.00010363 secs using 1730% CPU
Identifying sites to remove: done in 0.000182971 secs using 3028% CPU
Identifying sites to remove: done in 0.000176519 secs using 2260% CPU
Identifying sites to remove: done in 0.000203513 secs using 1287% CPU
Identifying sites to remove: done in 0.000190951 secs using 393.3% CPU
Identifying sites to remove: done in 0.000117891 secs using 1834% CPU
Identifying sites to remove: done in 0.000171475 secs using 833.4% CPU
Identifying sites to remove: done in 0.000181228 secs using 122.5% CPU
Identifying sites to remove: done in 0.000136666 secs using 98.78% CPU
Identifying sites to remove: done in 0.000169374 secs using 1715% CPU
Identifying sites to remove: done in 0.000168264 secs using 461.2% CPU
Identifying sites to remove: done in 0.000182763 secs using 757.3% CPU
Identifying sites to remove: done in 0.000162065 secs using 2025% CPU
Identifying sites to remove: done in 0.000182159 secs using 1869% CPU
Identifying sites to remove: done in 0.000178069 secs using 134.8% CPU
Identifying sites to remove: done in 0.000135869 secs using 99.36% CPU
Identifying sites to remove: done in 0.00017447 secs using 835.1% CPU
Identifying sites to remove: done in 0.000186123 secs using 1955% CPU
Identifying sites to remove: done in 0.000142619 secs using 2294% CPU
Identifying sites to remove: done in 0.000218153 secs using 1.642e+04% CPU
Identifying sites to remove: done in 0.000147216 secs using 663% CPU
Identifying sites to remove: done in 0.000182457 secs using 119.5% CPU
Identifying sites to remove: done in 0.000355251 secs using 1005% CPU
Identifying sites to remove: done in 0.000359416 secs using 1117% CPU
Identifying sites to remove: done in 0.000359066 secs using 908.5% CPU
Identifying sites to remove: done in 0.000419147 secs using 1513% CPU
Identifying sites to remove: done in 0.000420578 secs using 1448% CPU
Identifying sites to remove: done in 0.000419326 secs using 1110% CPU
Identifying sites to remove: done in 0.000421606 secs using 1621% CPU
Identifying sites to remove: done in 0.000423446 secs using 1380% CPU
Identifying sites to remove: done in 0.000488989 secs using 1160% CPU
Identifying sites to remove: done in 0.000512622 secs using 1056% CPU
Identifying sites to remove: done in 0.0003298 secs using 460% CPU
Identifying sites to remove: done in 0.000291802 secs using 609% CPU
Identifying sites to remove: done in 0.000293046 secs using 183.9% CPU
Identifying sites to remove: done in 0.000323139 secs using 99.34% CPU
Identifying sites to remove: done in 0.000182509 secs using 99.17% CPU
Identifying sites to remove: done in 0.000281237 secs using 397.5% CPU
Identifying sites to remove: done in 0.000342563 secs using 1331% CPU
Identifying sites to remove: done in 0.000157066 secs using 299.9% CPU
Identifying sites to remove: done in 0.00021334 secs using 2.668e+04% CPU
Identifying sites to remove: done in 0.000372559 secs using 1.545e+04% CPU
Identifying sites to remove: done in 0.000333719 secs using 421.3% CPU
Identifying sites to remove: done in 0.000333399 secs using 522.8% CPU
Identifying sites to remove: done in 0.000269048 secs using 795% CPU
Identifying sites to remove: done in 0.000151947 secs using 376.4% CPU
Identifying sites to remove: done in 0.000256591 secs using 449.4% CPU
Identifying sites to remove: done in 0.000330143 secs using 532.8% CPU
Identifying sites to remove: done in 0.000332609 secs using 99.52% CPU
Identifying sites to remove: done in 0.000336938 secs using 99.42% CPU
Identifying sites to remove: done in 0.000314474 secs using 99.21% CPU
Identifying sites to remove: done in 0.000338577 secs using 889.9% CPU
Identifying sites to remove: done in 0.000337213 secs using 348.1% CPU
Identifying sites to remove: done in 0.000343777 secs using 173.4% CPU
Identifying sites to remove: done in 0.000316419 secs using 1312% CPU
Identifying sites to remove: done in 0.000352733 secs using 1289% CPU
Identifying sites to remove: done in 0.000405714 secs using 1.411e+04% CPU
Identifying sites to remove: done in 0.000333317 secs using 830.4% CPU
Identifying sites to remove: done in 0.000348978 secs using 547.6% CPU
Identifying sites to remove: done in 0.000358395 secs using 288.5% CPU
Identifying sites to remove: done in 0.000322223 secs using 596.8% CPU
Identifying sites to remove: done in 0.000293493 secs using 115.8% CPU
Identifying sites to remove: done in 0.000286378 secs using 1644% CPU
Identifying sites to remove: done in 0.000356987 secs using 827.5% CPU
Identifying sites to remove: done in 0.000340573 secs using 2532% CPU
Identifying sites to remove: done in 0.000259526 secs using 3210% CPU
Identifying sites to remove: done in 0.000302196 secs using 2111% CPU
Identifying sites to remove: done in 0.000372522 secs using 2433% CPU
Identifying sites to remove: done in 0.000374116 secs using 1105% CPU
Identifying sites to remove: done in 0.000344932 secs using 171.9% CPU
Identifying sites to remove: done in 0.000343032 secs using 467% CPU
Identifying sites to remove: done in 0.000278607 secs using 1458% CPU
Identifying sites to remove: done in 0.000274666 secs using 1528% CPU
Identifying sites to remove: done in 0.000386916 secs using 1.1e+04% CPU
Identifying sites to remove: done in 0.000316575 secs using 1.306e+04% CPU
Identifying sites to remove: done in 0.000313781 secs using 99.11% CPU
Identifying sites to remove: done in 0.000352971 secs using 387.9% CPU
Identifying sites to remove: done in 0.000338502 secs using 114.6% CPU
Identifying sites to remove: done in 0.000343375 secs using 1251% CPU
Identifying sites to remove: done in 0.0003682 secs using 1.884e+04% CPU
Identifying sites to remove: done in 0.000347085 secs using 99.4% CPU
Identifying sites to remove: done in 0.000503786 secs using 1584% CPU
Identifying sites to remove: done in 0.000542149 secs using 2138% CPU
Identifying sites to remove: done in 0.000536829 secs using 935.1% CPU
Identifying sites to remove: done in 0.00055673 secs using 3843% CPU
Identifying sites to remove: done in 0.000595219 secs using 3091% CPU
Identifying sites to remove: done in 0.000613272 secs using 5138% CPU
Identifying sites to remove: done in 0.000614688 secs using 4071% CPU
Identifying sites to remove: done in 0.000617452 secs using 5645% CPU
Identifying sites to remove: done in 0.0006437 secs using 2394% CPU
Identifying sites to remove: done in 0.000643209 secs using 4425% CPU
Identifying sites to remove: done in 0.000539318 secs using 99.76% CPU
Identifying sites to remove: done in 0.000462838 secs using 572.6% CPU
Identifying sites to remove: done in 0.000477165 secs using 196.4% CPU
Identifying sites to remove: done in 0.000525683 secs using 99.68% CPU
Identifying sites to remove: done in 0.000291117 secs using 1442% CPU
Identifying sites to remove: done in 0.000638045 secs using 1.073e+04% CPU
Identifying sites to remove: done in 0.000545725 secs using 411.4% CPU
Identifying sites to remove: done in 0.000265293 secs using 443.7% CPU
Identifying sites to remove: done in 0.000526331 secs using 207.3% CPU
Identifying sites to remove: done in 0.000270478 secs using 1166% CPU
Identifying sites to remove: done in 0.000517651 secs using 920.3% CPU
Identifying sites to remove: done in 0.000531085 secs using 1139% CPU
Identifying sites to remove: done in 0.000513949 secs using 968.6% CPU
Identifying sites to remove: done in 0.000455707 secs using 707.7% CPU
Identifying sites to remove: done in 0.000257358 secs using 315.1% CPU
Identifying sites to remove: done in 0.000424057 secs using 373.3% CPU
Identifying sites to remove: done in 0.000560276 secs using 334.8% CPU
Identifying sites to remove: done in 0.000556692 secs using 169% CPU
Identifying sites to remove: done in 0.000516213 secs using 99.76% CPU
Identifying sites to remove: done in 0.000557996 secs using 643.9% CPU
Identifying sites to remove: done in 0.000560418 secs using 558.7% CPU
Identifying sites to remove: done in 0.000571005 secs using 208.9% CPU
Identifying sites to remove: done in 0.000529192 secs using 687.8% CPU
Identifying sites to remove: done in 0.000588901 secs using 723.4% CPU
Identifying sites to remove: done in 0.000559442 secs using 108% CPU
Identifying sites to remove: done in 0.000577487 secs using 677.4% CPU
Identifying sites to remove: done in 0.000458337 secs using 684.4% CPU
Identifying sites to remove: done in 0.000585504 secs using 467.8% CPU
Identifying sites to remove: done in 0.000525087 secs using 284.1% CPU
Identifying sites to remove: done in 0.000471167 secs using 1555% CPU
Identifying sites to remove: done in 0.000498526 secs using 777.7% CPU
Identifying sites to remove: done in 0.000600539 secs using 1067% CPU
Identifying sites to remove: done in 0.000593618 secs using 748.6% CPU
Identifying sites to remove: done in 0.000603482 secs using 1498% CPU
Identifying sites to remove: done in 0.000458829 secs using 1095% CPU
Identifying sites to remove: done in 0.000516035 secs using 1143% CPU
Identifying sites to remove: done in 0.000595339 secs using 941% CPU
Identifying sites to remove: done in 0.000551201 secs using 8733% CPU
Identifying sites to remove: done in 0.000572287 secs using 372.4% CPU
Identifying sites to remove: done in 0.000446461 secs using 369.3% CPU
Identifying sites to remove: done in 0.000463225 secs using 220.4% CPU
Identifying sites to remove: done in 0.000563554 secs using 741% CPU
Identifying sites to remove: done in 0.000458196 secs using 595.4% CPU
Identifying sites to remove: done in 0.000485159 secs using 149.2% CPU
Identifying sites to remove: done in 0.000553139 secs using 522.7% CPU
Identifying sites to remove: done in 0.000564359 secs using 144.8% CPU
Identifying sites to remove: done in 0.000549152 secs using 737% CPU
Identifying sites to remove: done in 0.00055559 secs using 172.8% CPU
Identifying sites to remove: done in 0.000553496 secs using 443.2% CPU
Identifying sites to remove: done in 0.000379182 secs using 4308% CPU
Identifying sites to remove: done in 0.000413857 secs using 773.7% CPU
Identifying sites to remove: done in 0.000463374 secs using 1330% CPU
Identifying sites to remove: done in 0.000479825 secs using 4127% CPU
Identifying sites to remove: done in 0.000480473 secs using 2996% CPU
Identifying sites to remove: done in 0.000484832 secs using 4661% CPU
Identifying sites to remove: done in 0.000482462 secs using 1859% CPU
Identifying sites to remove: done in 0.000644267 secs using 1849% CPU
Identifying sites to remove: done in 0.000335172 secs using 99.35% CPU
Identifying sites to remove: done in 0.000306204 secs using 99.93% CPU
Identifying sites to remove: done in 0.000243276 secs using 2061% CPU
Identifying sites to remove: done in 0.000444226 secs using 1712% CPU
Identifying sites to remove: done in 0.000318237 secs using 1032% CPU
Identifying sites to remove: done in 0.000415452 secs using 256.3% CPU
Identifying sites to remove: done in 0.000225522 secs using 1043% CPU
Identifying sites to remove: done in 0.000477038 secs using 1947% CPU
Identifying sites to remove: done in 0.000387236 secs using 1848% CPU
Identifying sites to remove: done in 0.000283733 secs using 1508% CPU
Identifying sites to remove: done in 0.000213921 secs using 239.3% CPU
Identifying sites to remove: done in 0.000454433 secs using 341.7% CPU
Identifying sites to remove: done in 0.00061468 secs using 9737% CPU
Identifying sites to remove: done in 0.000451669 secs using 159.6% CPU
Identifying sites to remove: done in 0.000412315 secs using 1057% CPU
Identifying sites to remove: done in 0.000408828 secs using 687.3% CPU
Identifying sites to remove: done in 0.000430994 secs using 189.8% CPU
Identifying sites to remove: done in 0.000238314 secs using 1370% CPU
Identifying sites to remove: done in 0.000351571 secs using 2600% CPU
Identifying sites to remove: done in 0.000262327 secs using 2444% CPU
Identifying sites to remove: done in 0.000417635 secs using 1887% CPU
Identifying sites to remove: done in 0.0003796 secs using 1195% CPU
Identifying sites to remove: done in 0.000433922 secs using 1200% CPU
Identifying sites to remove: done in 0.000373296 secs using 1.517e+04% CPU
Identifying sites to remove: done in 0.000296891 secs using 1.772e+04% CPU
Identifying sites to remove: done in 0.000389792 secs using 124.9% CPU
Identifying sites to remove: done in 0.000381477 secs using 288.4% CPU
Identifying sites to remove: done in 0.00037469 secs using 145.7% CPU
Identifying sites to remove: done in 0.000385121 secs using 572.3% CPU
Identifying sites to remove: done in 0.000370279 secs using 443.7% CPU
Identifying sites to remove: done in 0.000384241 secs using 742% CPU
Identifying sites to remove: done in 0.000390165 secs using 115.1% CPU
Identifying sites to remove: done in 0.000385731 secs using 1.748e+04% CPU
Identifying sites to remove: done in 0.000221662 secs using 4981% CPU
Identifying sites to remove: done in 0.000275373 secs using 1877% CPU
Identifying sites to remove: done in 0.000296496 secs using 717.4% CPU
Identifying sites to remove: done in 0.000312872 secs using 4745% CPU
Identifying sites to remove: done in 0.00031469 secs using 6730% CPU
Identifying sites to remove: done in 0.000315689 secs using 7713% CPU
Identifying sites to remove: done in 0.000335418 secs using 5400% CPU
Identifying sites to remove: done in 0.000392653 secs using 2215% CPU
Identifying sites to remove: done in 0.000239432 secs using 99.4% CPU
Identifying sites to remove: done in 0.0002288 secs using 99.21% CPU
Identifying sites to remove: done in 0.000149533 secs using 190.6% CPU
Identifying sites to remove: done in 0.000307426 secs using 1741% CPU
Identifying sites to remove: done in 0.00029961 secs using 1542% CPU
Identifying sites to remove: done in 0.000255503 secs using 1104% CPU
Identifying sites to remove: done in 0.00014019 secs using 309.6% CPU
Identifying sites to remove: done in 0.000312448 secs using 1035% CPU
Identifying sites to remove: done in 0.000200093 secs using 871.1% CPU
Identifying sites to remove: done in 0.000245921 secs using 1248% CPU
Identifying sites to remove: done in 0.000139765 secs using 1878% CPU
Identifying sites to remove: done in 0.000290133 secs using 121.7% CPU
Identifying sites to remove: done in 0.000285186 secs using 99.58% CPU
Identifying sites to remove: done in 0.000289381 secs using 99.52% CPU
Identifying sites to remove: done in 0.000294469 secs using 215.3% CPU
Identifying sites to remove: done in 0.000288107 secs using 319.3% CPU
Identifying sites to remove: done in 0.000311345 secs using 122.4% CPU
Identifying sites to remove: done in 0.000189044 secs using 721.5% CPU
Identifying sites to remove: done in 0.000195771 secs using 801.4% CPU
Identifying sites to remove: done in 0.000248253 secs using 715.4% CPU
Identifying sites to remove: done in 0.000299245 secs using 705.4% CPU
Identifying sites to remove: done in 0.000292733 secs using 910% CPU
Identifying sites to remove: done in 0.000314012 secs using 331.2% CPU
Identifying sites to remove: done in 0.000268184 secs using 993.7% CPU
Identifying sites to remove: done in 0.000186935 secs using 172.3% CPU
Identifying sites to remove: done in 0.000297606 secs using 899.8% CPU
Identifying sites to remove: done in 0.000289254 secs using 276.9% CPU
Identifying sites to remove: done in 0.000286371 secs using 124% CPU
Identifying sites to remove: done in 0.000249811 secs using 488.4% CPU
Identifying sites to remove: done in 0.000308238 secs using 167.1% CPU
Identifying sites to remove: done in 0.000291698 secs using 884.1% CPU
Identifying sites to remove: done in 0.000304073 secs using 1.909e+04% CPU
Identifying sites to remove: done in 0.000288077 secs using 544% CPU
Identifying sites to remove: done in 0.000280067 secs using 1882% CPU
Identifying sites to remove: done in 0.000279211 secs using 905.8% CPU
Identifying sites to remove: done in 0.000313237 secs using 4408% CPU
Identifying sites to remove: done in 0.000339158 secs using 3270% CPU
Identifying sites to remove: done in 0.000339918 secs using 5689% CPU
Identifying sites to remove: done in 0.000373378 secs using 5981% CPU
Identifying sites to remove: done in 0.000395976 secs using 6342% CPU
Identifying sites to remove: done in 0.000398397 secs using 2194% CPU
Identifying sites to remove: done in 0.000416644 secs using 6713% CPU
Identifying sites to remove: done in 0.000473283 secs using 3628% CPU
Identifying sites to remove: done in 0.000363059 secs using 1.451e+04% CPU
Identifying sites to remove: done in 0.000271149 secs using 326.4% CPU
Identifying sites to remove: done in 0.000297338 secs using 214.2% CPU
Identifying sites to remove: done in 0.000335924 secs using 99.72% CPU
Identifying sites to remove: done in 0.000158995 secs using 99.37% CPU
Identifying sites to remove: done in 0.000136606 secs using 1668% CPU
Identifying sites to remove: done in 0.000352085 secs using 898.1% CPU
Identifying sites to remove: done in 0.000286266 secs using 273.2% CPU
Identifying sites to remove: done in 0.000148147 secs using 139.1% CPU
Identifying sites to remove: done in 0.00028801 secs using 207.6% CPU
Identifying sites to remove: done in 0.000139266 secs using 1715% CPU
Identifying sites to remove: done in 0.000239 secs using 2662% CPU
Identifying sites to remove: done in 0.000294954 secs using 2450% CPU
Identifying sites to remove: done in 0.00029473 secs using 1509% CPU
Identifying sites to remove: done in 0.000263177 secs using 1293% CPU
Identifying sites to remove: done in 0.00030344 secs using 219.5% CPU
Identifying sites to remove: done in 0.000375517 secs using 1.469e+04% CPU
Identifying sites to remove: done in 0.000372849 secs using 160.9% CPU
Identifying sites to remove: done in 0.000292152 secs using 99.26% CPU
Identifying sites to remove: done in 0.000351973 secs using 856.9% CPU
Identifying sites to remove: done in 0.000355296 secs using 781.6% CPU
Identifying sites to remove: done in 0.000366725 secs using 213.2% CPU
Identifying sites to remove: done in 0.000295602 secs using 1052% CPU
Identifying sites to remove: done in 0.000370033 secs using 165.4% CPU
Identifying sites to remove: done in 0.000343487 secs using 99.28% CPU
Identifying sites to remove: done in 0.000389583 secs using 1.714e+04% CPU
Identifying sites to remove: done in 0.000282675 secs using 448.6% CPU
Identifying sites to remove: done in 0.000379004 secs using 486.8% CPU
Identifying sites to remove: done in 0.000320628 secs using 429.5% CPU
Identifying sites to remove: done in 0.000308245 secs using 208.6% CPU
Identifying sites to remove: done in 0.000279076 secs using 99.61% CPU
Identifying sites to remove: done in 0.000308372 secs using 780.6% CPU
Identifying sites to remove: done in 0.000244066 secs using 891.6% CPU
Identifying sites to remove: done in 0.000381157 secs using 1222% CPU
Identifying sites to remove: done in 0.00028611 secs using 1416% CPU
Identifying sites to remove: done in 0.000314608 secs using 810.2% CPU
Identifying sites to remove: done in 0.000353113 secs using 729.5% CPU
Identifying sites to remove: done in 0.00028152 secs using 1787% CPU
Identifying sites to remove: done in 0.000291385 secs using 1352% CPU
Identifying sites to remove: done in 0.000318743 secs using 1043% CPU
Identifying sites to remove: done in 0.000284344 secs using 264.8% CPU
Identifying sites to remove: done in 0.000274137 secs using 401.3% CPU
Identifying sites to remove: done in 0.000309758 secs using 667.6% CPU
Identifying sites to remove: done in 0.000287421 secs using 139.2% CPU
Identifying sites to remove: done in 0.000306129 secs using 243.4% CPU
Identifying sites to remove: done in 0.000356868 secs using 170.1% CPU
Identifying sites to remove: done in 0.00031253 secs using 1208% CPU
Identifying sites to remove: done in 0.00036072 secs using 186% CPU
Identifying sites to remove: done in 0.000351124 secs using 99.68% CPU
Identifying sites to remove: done in 0.000495128 secs using 1433% CPU
Identifying sites to remove: done in 0.000514939 secs using 936.2% CPU
Identifying sites to remove: done in 0.000532493 secs using 2377% CPU
Identifying sites to remove: done in 0.000593558 secs using 3549% CPU
Identifying sites to remove: done in 0.000614829 secs using 1719% CPU
Identifying sites to remove: done in 0.000617228 secs using 4769% CPU
Identifying sites to remove: done in 0.000631131 secs using 2508% CPU
Identifying sites to remove: done in 0.000634074 secs using 4220% CPU
Identifying sites to remove: done in 0.000634521 secs using 3792% CPU
Identifying sites to remove: done in 0.000694491 secs using 2692% CPU
Identifying sites to remove: done in 0.000572547 secs using 99.9% CPU
Identifying sites to remove: done in 0.000492856 secs using 459.6% CPU
Identifying sites to remove: done in 0.000490233 secs using 177.9% CPU
Identifying sites to remove: done in 0.000567868 secs using 99.67% CPU
Identifying sites to remove: done in 0.000300288 secs using 99.9% CPU
Identifying sites to remove: done in 0.000260778 secs using 360.1% CPU
Identifying sites to remove: done in 0.000622362 secs using 1.133e+04% CPU
Identifying sites to remove: done in 0.000477985 secs using 257.5% CPU
Identifying sites to remove: done in 0.000268996 secs using 472.1% CPU
Identifying sites to remove: done in 0.000562549 secs using 380.4% CPU
Identifying sites to remove: done in 0.000250727 secs using 1601% CPU
Identifying sites to remove: done in 0.00045646 secs using 1568% CPU
Identifying sites to remove: done in 0.000563808 secs using 1213% CPU
Identifying sites to remove: done in 0.000569426 secs using 899.2% CPU
Identifying sites to remove: done in 0.000550248 secs using 526.5% CPU
Identifying sites to remove: done in 0.000445843 secs using 249.6% CPU
Identifying sites to remove: done in 0.000625402 secs using 1.045e+04% CPU
Identifying sites to remove: done in 0.000612736 secs using 1.045e+04% CPU
Identifying sites to remove: done in 0.000543252 secs using 99.77% CPU
Identifying sites to remove: done in 0.000595473 secs using 298.1% CPU
Identifying sites to remove: done in 0.000601716 secs using 713.6% CPU
Identifying sites to remove: done in 0.00060226 secs using 146.6% CPU
Identifying sites to remove: done in 0.000573903 secs using 1.222e+04% CPU
Identifying sites to remove: done in 0.000631608 secs using 1.049e+04% CPU
Identifying sites to remove: done in 0.00059253 secs using 99.74% CPU
Identifying sites to remove: done in 0.000608549 secs using 1451% CPU
Identifying sites to remove: done in 0.00055977 secs using 795% CPU
Identifying sites to remove: done in 0.00061468 secs using 1138% CPU
Identifying sites to remove: done in 0.00058461 secs using 775% CPU
Identifying sites to remove: done in 0.000477478 secs using 892.4% CPU
Identifying sites to remove: done in 0.000480704 secs using 158.3% CPU
Identifying sites to remove: done in 0.000601776 secs using 576.6% CPU
Identifying sites to remove: done in 0.000450321 secs using 777.7% CPU
Identifying sites to remove: done in 0.000616699 secs using 745.1% CPU
Identifying sites to remove: done in 0.00050284 secs using 531% CPU
Identifying sites to remove: done in 0.000619084 secs using 487.5% CPU
Identifying sites to remove: done in 0.000603423 secs using 147.2% CPU
Identifying sites to remove: done in 0.000476375 secs using 1427% CPU
Identifying sites to remove: done in 0.000562251 secs using 908.1% CPU
Identifying sites to remove: done in 0.000494093 secs using 529.3% CPU
Identifying sites to remove: done in 0.000604704 secs using 247.4% CPU
Identifying sites to remove: done in 0.000462271 secs using 99.72% CPU
Identifying sites to remove: done in 0.000604674 secs using 9748% CPU
Identifying sites to remove: done in 0.000545874 secs using 131.2% CPU
Identifying sites to remove: done in 0.000594467 secs using 394.3% CPU
Identifying sites to remove: done in 0.000586271 secs using 108.7% CPU
Identifying sites to remove: done in 0.000595808 secs using 685% CPU
Identifying sites to remove: done in 0.000614546 secs using 187.6% CPU
Identifying sites to remove: done in 0.000593163 secs using 395.5% CPU
Identifying sites to remove: done in 0.00039278 secs using 1707% CPU
Identifying sites to remove: done in 0.000394069 secs using 917.4% CPU
Identifying sites to remove: done in 0.000435315 secs using 2310% CPU
Identifying sites to remove: done in 0.000475056 secs using 5434% CPU
Identifying sites to remove: done in 0.000503585 secs using 4563% CPU
Identifying sites to remove: done in 0.000505932 secs using 5765% CPU
Identifying sites to remove: done in 0.00050813 secs using 3317% CPU
Identifying sites to remove: done in 0.000508092 secs using 6351% CPU
Identifying sites to remove: done in 0.000586517 secs using 3425% CPU
Identifying sites to remove: done in 0.000675693 secs using 2085% CPU
Identifying sites to remove: done in 0.000368901 secs using 616.7% CPU
Identifying sites to remove: done in 0.000537023 secs using 694.8% CPU
Identifying sites to remove: done in 0.000375606 secs using 289.1% CPU
Identifying sites to remove: done in 0.000428304 secs using 99.7% CPU
Identifying sites to remove: done in 0.000222035 secs using 99.98% CPU
Identifying sites to remove: done in 0.000448637 secs using 1108% CPU
Identifying sites to remove: done in 0.000379786 secs using 380.2% CPU
Identifying sites to remove: done in 0.000209749 secs using 3.111e+04% CPU
Identifying sites to remove: done in 0.000400171 secs using 367.8% CPU
Identifying sites to remove: done in 0.000608191 secs using 480.9% CPU
Identifying sites to remove: done in 0.000423357 secs using 667.5% CPU
Identifying sites to remove: done in 0.000360392 secs using 509.4% CPU
Identifying sites to remove: done in 0.000195801 secs using 888.7% CPU
Identifying sites to remove: done in 0.00044211 secs using 629.5% CPU
Identifying sites to remove: done in 0.000370868 secs using 619.4% CPU
Identifying sites to remove: done in 0.000459105 secs using 138.7% CPU
Identifying sites to remove: done in 0.000429176 secs using 99.49% CPU
Identifying sites to remove: done in 0.000442684 secs using 99.62% CPU
Identifying sites to remove: done in 0.000413202 secs using 99.71% CPU
Identifying sites to remove: done in 0.00044664 secs using 279% CPU
Identifying sites to remove: done in 0.000443242 secs using 141.7% CPU
Identifying sites to remove: done in 0.000436068 secs using 99.76% CPU
Identifying sites to remove: done in 0.000421524 secs using 583.1% CPU
Identifying sites to remove: done in 0.000438437 secs using 668.5% CPU
Identifying sites to remove: done in 0.00043615 secs using 109.1% CPU
Identifying sites to remove: done in 0.000456683 secs using 1711% CPU
Identifying sites to remove: done in 0.000448443 secs using 1031% CPU
Identifying sites to remove: done in 0.00042785 secs using 1.493e+04% CPU
Identifying sites to remove: done in 0.000434883 secs using 256.9% CPU
Identifying sites to remove: done in 0.000368595 secs using 389.3% CPU
Identifying sites to remove: done in 0.000386775 secs using 388.9% CPU
Identifying sites to remove: done in 0.000460573 secs using 415.8% CPU
Identifying sites to remove: done in 0.000465333 secs using 1468% CPU
Identifying sites to remove: done in 0.000383437 secs using 1703% CPU
Identifying sites to remove: done in 0.000423081 secs using 892% CPU
Identifying sites to remove: done in 0.00050047 secs using 1496% CPU
Identifying sites to remove: done in 0.000492208 secs using 1161% CPU
Identifying sites to remove: done in 0.00043007 secs using 132.3% CPU
Identifying sites to remove: done in 0.000367753 secs using 1071% CPU
Identifying sites to remove: done in 0.000473648 secs using 1214% CPU
Identifying sites to remove: done in 0.000382997 secs using 290.1% CPU
Identifying sites to remove: done in 0.000483461 secs using 1.164e+04% CPU
Identifying sites to remove: done in 0.000383034 secs using 1.423e+04% CPU
Identifying sites to remove: done in 0.000439167 secs using 288.3% CPU
Identifying sites to remove: done in 0.000465505 secs using 143.7% CPU
Identifying sites to remove: done in 0.000436291 secs using 99.7% CPU
Identifying sites to remove: done in 0.000448383 secs using 437.6% CPU
Identifying sites to remove: done in 0.000454634 secs using 198% CPU
Identifying sites to remove: done in 0.000454783 secs using 925.7% CPU
Identifying sites to remove: done in 0.000284985 secs using 2868% CPU
Identifying sites to remove: done in 0.000311457 secs using 884.9% CPU
Identifying sites to remove: done in 0.000340611 secs using 6504% CPU
Identifying sites to remove: done in 0.000340819 secs using 4901% CPU
Identifying sites to remove: done in 0.000381067 secs using 7305% CPU
Identifying sites to remove: done in 0.000382051 secs using 6593% CPU
Identifying sites to remove: done in 0.000373408 secs using 1596% CPU
Identifying sites to remove: done in 0.00043001 secs using 4632% CPU
Identifying sites to remove: done in 0.000429846 secs using 2737% CPU
Identifying sites to remove: done in 0.000432394 secs using 3377% CPU
Identifying sites to remove: done in 0.000366382 secs using 431% CPU
Identifying sites to remove: done in 0.00029622 secs using 408.8% CPU
Identifying sites to remove: done in 0.000257842 secs using 253.3% CPU
Identifying sites to remove: done in 0.000322953 secs using 99.09% CPU
Identifying sites to remove: done in 0.000177845 secs using 98.96% CPU
Identifying sites to remove: done in 0.000341974 secs using 745.4% CPU
Identifying sites to remove: done in 0.000296012 secs using 333.1% CPU
Identifying sites to remove: done in 0.000128813 secs using 148.3% CPU
Identifying sites to remove: done in 0.000274688 secs using 1196% CPU
Identifying sites to remove: done in 0.000177272 secs using 207.6% CPU
Identifying sites to remove: done in 0.000284627 secs using 2089% CPU
Identifying sites to remove: done in 0.000284873 secs using 1016% CPU
Identifying sites to remove: done in 0.000241958 secs using 553% CPU
Identifying sites to remove: done in 0.000128277 secs using 2303% CPU
Identifying sites to remove: done in 0.000220768 secs using 1567% CPU
Identifying sites to remove: done in 0.000307605 secs using 144.7% CPU
Identifying sites to remove: done in 0.000361495 secs using 1.486e+04% CPU
Identifying sites to remove: done in 0.000341572 secs using 99.54% CPU
Identifying sites to remove: done in 0.000268266 secs using 99.53% CPU
Identifying sites to remove: done in 0.000349507 secs using 266.4% CPU
Identifying sites to remove: done in 0.000342302 secs using 739.7% CPU
Identifying sites to remove: done in 0.000336342 secs using 132.6% CPU
Identifying sites to remove: done in 0.000279315 secs using 193% CPU
Identifying sites to remove: done in 0.000346437 secs using 886.2% CPU
Identifying sites to remove: done in 0.000336617 secs using 99.52% CPU
Identifying sites to remove: done in 0.000383578 secs using 1.64e+04% CPU
Identifying sites to remove: done in 0.000322767 secs using 1.714e+04% CPU
Identifying sites to remove: done in 0.000381514 secs using 1.555e+04% CPU
Identifying sites to remove: done in 0.000276156 secs using 98.86% CPU
Identifying sites to remove: done in 0.000289336 secs using 825.3% CPU
Identifying sites to remove: done in 0.000299416 secs using 958.5% CPU
Identifying sites to remove: done in 0.000361085 secs using 561.1% CPU
Identifying sites to remove: done in 0.0003509 secs using 630.7% CPU
Identifying sites to remove: done in 0.000340931 secs using 1332% CPU
Identifying sites to remove: done in 0.000375465 secs using 1375% CPU
Identifying sites to remove: done in 0.000262268 secs using 1029% CPU
Identifying sites to remove: done in 0.000341125 secs using 1047% CPU
Identifying sites to remove: done in 0.000303507 secs using 239.9% CPU
Identifying sites to remove: done in 0.00033015 secs using 485.5% CPU
Identifying sites to remove: done in 0.000281893 secs using 2053% CPU
Identifying sites to remove: done in 0.000269324 secs using 142.2% CPU
Identifying sites to remove: done in 0.000326097 secs using 99.05% CPU
Identifying sites to remove: done in 0.000282712 secs using 744.9% CPU
Identifying sites to remove: done in 0.000285216 secs using 182.7% CPU
Identifying sites to remove: done in 0.000350654 secs using 1.46e+04% CPU
Identifying sites to remove: done in 0.000340506 secs using 128.3% CPU
Identifying sites to remove: done in 0.000331916 secs using 1086% CPU
Identifying sites to remove: done in 0.00034304 secs using 138.8% CPU
Identifying sites to remove: done in 0.000342727 secs using 99.5% CPU
Identifying sites to remove: done in 0.000291042 secs using 2634% CPU
Identifying sites to remove: done in 0.000288576 secs using 1794% CPU
Identifying sites to remove: done in 0.000314273 secs using 899.2% CPU
Identifying sites to remove: done in 0.000344463 secs using 6677% CPU
Identifying sites to remove: done in 0.000344746 secs using 4506% CPU
Identifying sites to remove: done in 0.000392884 secs using 4632% CPU
Identifying sites to remove: done in 0.00039389 secs using 5280% CPU
Identifying sites to remove: done in 0.000395231 secs using 2766% CPU
Identifying sites to remove: done in 0.000396073 secs using 6536% CPU
Identifying sites to remove: done in 0.000467509 secs using 2897% CPU
Identifying sites to remove: done in 0.000384167 secs using 1.438e+04% CPU
Identifying sites to remove: done in 0.000311732 secs using 1.736e+04% CPU
Identifying sites to remove: done in 0.000233211 secs using 233.7% CPU
Identifying sites to remove: done in 0.000259459 secs using 99.44% CPU
Identifying sites to remove: done in 0.000153564 secs using 99.63% CPU
Identifying sites to remove: done in 0.000234179 secs using 898.5% CPU
Identifying sites to remove: done in 0.000129566 secs using 223.8% CPU
Identifying sites to remove: done in 0.000292316 secs using 372.5% CPU
Identifying sites to remove: done in 0.000134967 secs using 2994% CPU
Identifying sites to remove: done in 0.000260018 secs using 1718% CPU
Identifying sites to remove: done in 0.000270821 secs using 954.5% CPU
Identifying sites to remove: done in 0.000259645 secs using 266.9% CPU
Identifying sites to remove: done in 0.000121117 secs using 263.4% CPU
Identifying sites to remove: done in 0.000197224 secs using 417.3% CPU
Identifying sites to remove: done in 0.000208221 secs using 747.8% CPU
Identifying sites to remove: done in 0.000282496 secs using 99.47% CPU
Identifying sites to remove: done in 0.000263155 secs using 99.56% CPU
Identifying sites to remove: done in 0.000268124 secs using 99.58% CPU
Identifying sites to remove: done in 0.000285901 secs using 2.024e+04% CPU
Identifying sites to remove: done in 0.000275128 secs using 99.59% CPU
Identifying sites to remove: done in 0.000274196 secs using 377.8% CPU
Identifying sites to remove: done in 0.000269227 secs using 200.6% CPU
Identifying sites to remove: done in 0.000267439 secs using 998% CPU
Identifying sites to remove: done in 0.000274427 secs using 640.6% CPU
Identifying sites to remove: done in 0.000273794 secs using 187.4% CPU
Identifying sites to remove: done in 0.000267841 secs using 1463% CPU
Identifying sites to remove: done in 0.000259615 secs using 757.7% CPU
Identifying sites to remove: done in 0.000268862 secs using 193.8% CPU
Identifying sites to remove: done in 0.000260033 secs using 1221% CPU
Identifying sites to remove: done in 0.000233032 secs using 1456% CPU
Identifying sites to remove: done in 0.000270523 secs using 2577% CPU
Identifying sites to remove: done in 0.000250258 secs using 1644% CPU
Identifying sites to remove: done in 0.000289321 secs using 2558% CPU
Identifying sites to remove: done in 0.000317924 secs using 3697% CPU
Identifying sites to remove: done in 0.000292972 secs using 2841% CPU
Identifying sites to remove: done in 0.000309646 secs using 1752% CPU
Identifying sites to remove: done in 0.000277638 secs using 1723% CPU
Identifying sites to remove: done in 0.000297077 secs using 394.2% CPU
Identifying sites to remove: done in 0.00027585 secs using 263.5% CPU
Identifying sites to remove: done in 0.000222206 secs using 123.3% CPU
Identifying sites to remove: done in 0.000235975 secs using 479.7% CPU
Identifying sites to remove: done in 0.000280216 secs using 182.4% CPU
Identifying sites to remove: done in 0.000218026 secs using 631.6% CPU
Identifying sites to remove: done in 0.000267483 secs using 140.9% CPU
Identifying sites to remove: done in 0.000264518 secs using 629.4% CPU
Identifying sites to remove: done in 0.000266969 secs using 159.2% CPU
Identifying sites to remove: done in 0.000279717 secs using 2.442e+04% CPU
Identifying sites to remove: done in 0.000273444 secs using 148.8% CPU
Identifying sites to remove: done in 0.000274383 secs using 99.5% CPU
Identifying sites to remove: done in 0.000196576 secs using 763.1% CPU
Identifying sites to remove: done in 0.000202902 secs using 1839% CPU
Identifying sites to remove: done in 0.000282027 secs using 3774% CPU
Identifying sites to remove: done in 0.000307389 secs using 4248% CPU
Identifying sites to remove: done in 0.000311345 secs using 4904% CPU
Identifying sites to remove: done in 0.000310041 secs using 6294% CPU
Identifying sites to remove: done in 0.000310898 secs using 5594% CPU
Identifying sites to remove: done in 0.000359237 secs using 2481% CPU
Identifying sites to remove: done in 0.000308193 secs using 2168% CPU
Identifying sites to remove: done in 0.000258997 secs using 98.84% CPU
Identifying sites to remove: done in 0.000218935 secs using 1646% CPU
Identifying sites to remove: done in 0.000255696 secs using 158% CPU
Identifying sites to remove: done in 0.000129655 secs using 3070% CPU
Identifying sites to remove: done in 0.000251122 secs using 1.967e+04% CPU
Identifying sites to remove: done in 8.99732e-05 secs using 494.6% CPU
Identifying sites to remove: done in 0.000181109 secs using 401.4% CPU
Identifying sites to remove: done in 0.000169575 secs using 511.3% CPU
Identifying sites to remove: done in 0.000168562 secs using 273.5% CPU
Identifying sites to remove: done in 0.000298381 secs using 468.9% CPU
Identifying sites to remove: done in 8.02204e-05 secs using 1849% CPU
Identifying sites to remove: done in 0.000144444 secs using 1304% CPU
Identifying sites to remove: done in 0.000167817 secs using 635.2% CPU
Identifying sites to remove: done in 0.00030531 secs using 498.8% CPU
Identifying sites to remove: done in 0.000251777 secs using 133.8% CPU
Identifying sites to remove: done in 0.000175968 secs using 552.4% CPU
Identifying sites to remove: done in 0.00027471 secs using 643.2% CPU
Identifying sites to remove: done in 0.000271223 secs using 688.4% CPU
Identifying sites to remove: done in 0.000252225 secs using 338.2% CPU
Identifying sites to remove: done in 0.000256382 secs using 1052% CPU
Identifying sites to remove: done in 0.000253581 secs using 154.6% CPU
Identifying sites to remove: done in 0.000162378 secs using 187.2% CPU
Identifying sites to remove: done in 0.000249706 secs using 988.4% CPU
Identifying sites to remove: done in 0.000264563 secs using 1550% CPU
Identifying sites to remove: done in 0.000261933 secs using 498.2% CPU
Identifying sites to remove: done in 0.000256956 secs using 215.2% CPU
Identifying sites to remove: done in 0.000216328 secs using 1812% CPU
Identifying sites to remove: done in 0.000206023 secs using 1049% CPU
Identifying sites to remove: done in 0.000337146 secs using 1.279e+04% CPU
Identifying sites to remove: done in 0.000259727 secs using 1.544e+04% CPU
Identifying sites to remove: done in 0.000235736 secs using 575.2% CPU
Identifying sites to remove: done in 0.000144176 secs using 505.6% CPU
Identifying sites to remove: done in 0.000282951 secs using 502.9% CPU
Identifying sites to remove: done in 0.000285015 secs using 194.7% CPU
Identifying sites to remove: done in 0.000202134 secs using 392.8% CPU
Identifying sites to remove: done in 0.000228383 secs using 866.5% CPU
Identifying sites to remove: done in 0.000210397 secs using 672.5% CPU
Identifying sites to remove: done in 0.000265203 secs using 211.2% CPU
Identifying sites to remove: done in 0.000255629 secs using 98.97% CPU
Identifying sites to remove: done in 0.000251889 secs using 98.85% CPU
Identifying sites to remove: done in 0.000256419 secs using 99.45% CPU
Identifying sites to remove: done in 0.000649802 secs using 6872% CPU
Identifying sites to remove: done in 0.000676662 secs using 6090% CPU
Identifying sites to remove: done in 0.000723176 secs using 6768% CPU
Identifying sites to remove: done in 0.000754572 secs using 8897% CPU
Identifying sites to remove: done in 0.000754766 secs using 7440% CPU
Identifying sites to remove: done in 0.000818633 secs using 8675% CPU
Identifying sites to remove: done in 0.000824802 secs using 7296% CPU
Identifying sites to remove: done in 0.000860088 secs using 7442% CPU
Identifying sites to remove: done in 0.000880942 secs using 8523% CPU
Identifying sites to remove: done in 0.00088045 secs using 6073% CPU
Identifying sites to remove: done in 0.000733532 secs using 99.25% CPU
Identifying sites to remove: done in 0.000615619 secs using 630.3% CPU
Identifying sites to remove: done in 0.00059434 secs using 183.7% CPU
Identifying sites to remove: done in 0.000922516 secs using 7308% CPU
Identifying sites to remove: done in 0.000359312 secs using 99.63% CPU
Identifying sites to remove: done in 0.000751443 secs using 475.2% CPU
Identifying sites to remove: done in 0.000274427 secs using 203.7% CPU
Identifying sites to remove: done in 0.000657521 secs using 814.7% CPU
Identifying sites to remove: done in 0.000625096 secs using 240% CPU
Identifying sites to remove: done in 0.000342965 secs using 194.2% CPU
Identifying sites to remove: done in 0.000644311 secs using 1.056e+04% CPU
Identifying sites to remove: done in 0.000624955 secs using 525.3% CPU
Identifying sites to remove: done in 0.000308588 secs using 433.6% CPU
Identifying sites to remove: done in 0.000507958 secs using 478.6% CPU
Identifying sites to remove: done in 0.000609271 secs using 637% CPU
Identifying sites to remove: done in 0.000474922 secs using 105.3% CPU
Identifying sites to remove: done in 0.00079643 secs using 497.1% CPU
Identifying sites to remove: done in 0.000784971 secs using 200.9% CPU
Identifying sites to remove: done in 0.000620827 secs using 99.71% CPU
Identifying sites to remove: done in 0.000785418 secs using 262.7% CPU
Identifying sites to remove: done in 0.000782534 secs using 519.8% CPU
Identifying sites to remove: done in 0.00077302 secs using 167.4% CPU
Identifying sites to remove: done in 0.00063806 secs using 1.126e+04% CPU
Identifying sites to remove: done in 0.000797361 secs using 8551% CPU
Identifying sites to remove: done in 0.00076621 secs using 283.5% CPU
Identifying sites to remove: done in 0.000788271 secs using 1256% CPU
Identifying sites to remove: done in 0.000622787 secs using 783.1% CPU
Identifying sites to remove: done in 0.000623085 secs using 336.6% CPU
Identifying sites to remove: done in 0.000786386 secs using 1016% CPU
Identifying sites to remove: done in 0.000638075 secs using 9632% CPU
Identifying sites to remove: done in 0.000615709 secs using 161% CPU
Identifying sites to remove: done in 0.0007708 secs using 689.2% CPU
Identifying sites to remove: done in 0.000791475 secs using 830.1% CPU
Identifying sites to remove: done in 0.000518255 secs using 1408% CPU
Identifying sites to remove: done in 0.000624582 secs using 652.8% CPU
Identifying sites to remove: done in 0.000797279 secs using 820.7% CPU
Identifying sites to remove: done in 0.000798039 secs using 229.1% CPU
Identifying sites to remove: done in 0.000628628 secs using 872.5% CPU
Identifying sites to remove: done in 0.000632055 secs using 495.8% CPU
Identifying sites to remove: done in 0.000800595 secs using 7328% CPU
Identifying sites to remove: done in 0.000625722 secs using 8566% CPU
Identifying sites to remove: done in 0.000601545 secs using 350.4% CPU
Identifying sites to remove: done in 0.000775412 secs using 395.9% CPU
Identifying sites to remove: done in 0.000618532 secs using 182.9% CPU
Identifying sites to remove: done in 0.000767007 secs using 513.3% CPU
Identifying sites to remove: done in 0.000789672 secs using 127.3% CPU
Identifying sites to remove: done in 0.000770703 secs using 589.5% CPU
Identifying sites to remove: done in 0.000778735 secs using 415.4% CPU
Identifying sites to remove: done in 0.000768118 secs using 103.8% CPU
Identifying sites to remove: done in 0.000246875 secs using 1433% CPU
Identifying sites to remove: done in 0.000272512 secs using 914.8% CPU
Identifying sites to remove: done in 0.000276938 secs using 1161% CPU
Identifying sites to remove: done in 0.000285894 secs using 2567% CPU
Identifying sites to remove: done in 0.000289157 secs using 2779% CPU
Identifying sites to remove: done in 0.000284351 secs using 2336% CPU
Identifying sites to remove: done in 0.000288978 secs using 3009% CPU
Identifying sites to remove: done in 0.000372902 secs using 1677% CPU
Identifying sites to remove: done in 0.000377379 secs using 1496% CPU
Identifying sites to remove: done in 0.000414975 secs using 1213% CPU
Identifying sites to remove: done in 0.000213772 secs using 1182% CPU
Identifying sites to remove: done in 0.000358917 secs using 549.7% CPU
Identifying sites to remove: done in 0.000250183 secs using 250.2% CPU
Identifying sites to remove: done in 0.000245899 secs using 99.23% CPU
Identifying sites to remove: done in 0.000215821 secs using 200.2% CPU
Identifying sites to remove: done in 0.000279866 secs using 1386% CPU
Identifying sites to remove: done in 0.00013987 secs using 99.38% CPU
Identifying sites to remove: done in 0.000248224 secs using 2.201e+04% CPU
Identifying sites to remove: done in 0.000251904 secs using 2.029e+04% CPU
Identifying sites to remove: done in 0.000120804 secs using 766.5% CPU
Identifying sites to remove: done in 0.000200689 secs using 627.8% CPU
Identifying sites to remove: done in 0.000200741 secs using 244.1% CPU
Identifying sites to remove: done in 0.000266455 secs using 395.9% CPU
Identifying sites to remove: done in 0.000131257 secs using 131% CPU
Identifying sites to remove: done in 0.000234179 secs using 465% CPU
Identifying sites to remove: done in 0.00011193 secs using 226% CPU
Identifying sites to remove: done in 0.000254579 secs using 285.2% CPU
Identifying sites to remove: done in 0.000253983 secs using 780% CPU
Identifying sites to remove: done in 0.000238925 secs using 115.1% CPU
Identifying sites to remove: done in 0.000252068 secs using 99.58% CPU
Identifying sites to remove: done in 0.00025484 secs using 99.67% CPU
Identifying sites to remove: done in 0.000255205 secs using 1266% CPU
Identifying sites to remove: done in 0.000243597 secs using 1432% CPU
Identifying sites to remove: done in 0.000268497 secs using 140.4% CPU
Identifying sites to remove: done in 0.000255197 secs using 99.53% CPU
Identifying sites to remove: done in 0.000272296 secs using 2.15e+04% CPU
Identifying sites to remove: done in 0.000273511 secs using 2.096e+04% CPU
Identifying sites to remove: done in 0.000245214 secs using 289.1% CPU
Identifying sites to remove: done in 0.000211298 secs using 153.8% CPU
Identifying sites to remove: done in 0.000249788 secs using 813.9% CPU
Identifying sites to remove: done in 0.000214361 secs using 627% CPU
Identifying sites to remove: done in 0.000258446 secs using 392% CPU
Identifying sites to remove: done in 0.000189722 secs using 133.9% CPU
Identifying sites to remove: done in 0.0002428 secs using 2570% CPU
Identifying sites to remove: done in 0.000287108 secs using 1816% CPU
Identifying sites to remove: done in 0.000291422 secs using 1364% CPU
Identifying sites to remove: done in 0.000285976 secs using 909.2% CPU
Identifying sites to remove: done in 0.000259228 secs using 393.5% CPU
Identifying sites to remove: done in 0.000201136 secs using 645.3% CPU
Identifying sites to remove: done in 0.000204265 secs using 177.7% CPU
Identifying sites to remove: done in 0.000260644 secs using 783.8% CPU
Identifying sites to remove: done in 0.000261091 secs using 594.8% CPU
Identifying sites to remove: done in 0.000204235 secs using 178.7% CPU
Identifying sites to remove: done in 0.000239849 secs using 99.65% CPU
Identifying sites to remove: done in 0.000260152 secs using 99.56% CPU
Identifying sites to remove: done in 0.000273824 secs using 2.139e+04% CPU
Identifying sites to remove: done in 0.000259228 secs using 754.2% CPU
Identifying sites to remove: done in 0.00025671 secs using 146.5% CPU
Identifying sites to remove: done in 0.000262819 secs using 99.31% CPU
Identifying sites to remove: done in 0.000523396 secs using 1.171e+04% CPU
Identifying sites to remove: done in 0.000671022 secs using 7713% CPU
Identifying sites to remove: done in 0.000669569 secs using 7447% CPU
Identifying sites to remove: done in 0.000704557 secs using 7864% CPU
Identifying sites to remove: done in 0.000706427 secs using 8346% CPU
Identifying sites to remove: done in 0.000767253 secs using 8622% CPU
Identifying sites to remove: done in 0.000788823 secs using 9297% CPU
Identifying sites to remove: done in 0.000831604 secs using 8412% CPU
Identifying sites to remove: done in 0.000495002 secs using 561% CPU
Identifying sites to remove: done in 0.000569142 secs using 141.1% CPU
Identifying sites to remove: done in 0.000345685 secs using 2.123e+04% CPU
Identifying sites to remove: done in 0.000286758 secs using 446% CPU
Identifying sites to remove: done in 0.000734583 secs using 198.8% CPU
Identifying sites to remove: done in 0.00033313 secs using 1727% CPU
Identifying sites to remove: done in 0.000627212 secs using 1307% CPU
Identifying sites to remove: done in 0.000755042 secs using 1355% CPU
Identifying sites to remove: done in 0.000739694 secs using 948.8% CPU
Identifying sites to remove: done in 0.000400618 secs using 378.4% CPU
Identifying sites to remove: done in 0.000612848 secs using 654.8% CPU
Identifying sites to remove: done in 0.000758812 secs using 8578% CPU
Identifying sites to remove: done in 0.000770673 secs using 8358% CPU
Identifying sites to remove: done in 0.000733025 secs using 99.72% CPU
Identifying sites to remove: done in 0.000738114 secs using 1.068e+04% CPU
Identifying sites to remove: done in 0.000744432 secs using 1.015e+04% CPU
Identifying sites to remove: done in 0.000737742 secs using 99.9% CPU
Identifying sites to remove: done in 0.000389963 secs using 99.5% CPU
Identifying sites to remove: done in 0.000391111 secs using 1147% CPU
Identifying sites to remove: done in 0.000605851 secs using 882.7% CPU
Identifying sites to remove: done in 0.000720665 secs using 123.6% CPU
Identifying sites to remove: done in 0.000739552 secs using 772.8% CPU
Identifying sites to remove: done in 0.000576757 secs using 302.4% CPU
Identifying sites to remove: done in 0.000642762 secs using 401.1% CPU
Identifying sites to remove: done in 0.00065992 secs using 8705% CPU
Identifying sites to remove: done in 0.000383817 secs using 205% CPU
Identifying sites to remove: done in 0.000658438 secs using 276.6% CPU
Identifying sites to remove: done in 0.000638671 secs using 786.3% CPU
Identifying sites to remove: done in 0.000607632 secs using 510.2% CPU
Identifying sites to remove: done in 0.000660457 secs using 177.2% CPU
Identifying sites to remove: done in 0.000745103 secs using 99.72% CPU
Identifying sites to remove: done in 0.000644915 secs using 9956% CPU
Identifying sites to remove: done in 0.000642069 secs using 1.185e+04% CPU
Identifying sites to remove: done in 0.000260018 secs using 3689% CPU
Identifying sites to remove: done in 0.000261083 secs using 885.5% CPU
Identifying sites to remove: done in 0.000300542 secs using 2066% CPU
Identifying sites to remove: done in 0.000331938 secs using 6336% CPU
Identifying sites to remove: done in 0.00033927 secs using 7327% CPU
Identifying sites to remove: done in 0.000354663 secs using 8042% CPU
Identifying sites to remove: done in 0.000341475 secs using 1.047e+04% CPU
Identifying sites to remove: done in 0.000338383 secs using 9491% CPU
Identifying sites to remove: done in 0.000413768 secs using 1.411e+04% CPU
Identifying sites to remove: done in 0.000454649 secs using 1.206e+04% CPU
Identifying sites to remove: done in 0.00024768 secs using 813.1% CPU
Identifying sites to remove: done in 0.000281729 secs using 269.8% CPU
Identifying sites to remove: done in 0.000444196 secs using 773.5% CPU
Identifying sites to remove: done in 0.000418894 secs using 99.31% CPU
Identifying sites to remove: done in 0.000185594 secs using 1532% CPU
Identifying sites to remove: done in 0.000299096 secs using 2065% CPU
Identifying sites to remove: done in 0.000279777 secs using 2344% CPU
Identifying sites to remove: done in 0.000280529 secs using 1315% CPU
Identifying sites to remove: done in 0.000131808 secs using 195.7% CPU
Identifying sites to remove: done in 0.000291608 secs using 361.1% CPU
Identifying sites to remove: done in 0.000132203 secs using 193.6% CPU
Identifying sites to remove: done in 0.000209697 secs using 276.6% CPU
Identifying sites to remove: done in 0.000283614 secs using 1.926e+04% CPU
Identifying sites to remove: done in 0.000339717 secs using 1.638e+04% CPU
Identifying sites to remove: done in 0.000202179 secs using 336.8% CPU
Identifying sites to remove: done in 0.00037723 secs using 1.359e+04% CPU
Identifying sites to remove: done in 0.000253849 secs using 136.7% CPU
Identifying sites to remove: done in 0.000272334 secs using 1157% CPU
Identifying sites to remove: done in 0.000254139 secs using 764.5% CPU
Identifying sites to remove: done in 0.000286028 secs using 218.5% CPU
Identifying sites to remove: done in 0.000268221 secs using 99.54% CPU
Identifying sites to remove: done in 0.000253059 secs using 1048% CPU
Identifying sites to remove: done in 0.000271715 secs using 1152% CPU
Identifying sites to remove: done in 0.000272483 secs using 150.5% CPU
Identifying sites to remove: done in 0.00027094 secs using 1174% CPU
Identifying sites to remove: done in 0.000279948 secs using 110.4% CPU
Identifying sites to remove: done in 0.00027629 secs using 1491% CPU
Identifying sites to remove: done in 0.000303254 secs using 1.909e+04% CPU
Identifying sites to remove: done in 0.000238262 secs using 842.3% CPU
Identifying sites to remove: done in 0.00027585 secs using 923.3% CPU
Identifying sites to remove: done in 0.000299886 secs using 990% CPU
Identifying sites to remove: done in 0.00028111 secs using 860.2% CPU
Identifying sites to remove: done in 0.000288196 secs using 627.7% CPU
Identifying sites to remove: done in 0.000286579 secs using 174.5% CPU
Identifying sites to remove: done in 0.00030335 secs using 753.3% CPU
Identifying sites to remove: done in 0.000234507 secs using 766.3% CPU
Identifying sites to remove: done in 0.000290617 secs using 749.4% CPU
Identifying sites to remove: done in 0.000225775 secs using 143.9% CPU
Identifying sites to remove: done in 0.000218093 secs using 1356% CPU
Identifying sites to remove: done in 0.00023374 secs using 1111% CPU
Identifying sites to remove: done in 0.000285119 secs using 1621% CPU
Identifying sites to remove: done in 0.000266589 secs using 492.5% CPU
Identifying sites to remove: done in 0.000280499 secs using 188.6% CPU
Identifying sites to remove: done in 0.000250347 secs using 1283% CPU
Identifying sites to remove: done in 0.000303313 secs using 147.4% CPU
Identifying sites to remove: done in 0.000275619 secs using 99.78% CPU
Identifying sites to remove: done in 0.000279769 secs using 703.4% CPU
Identifying sites to remove: done in 0.000290073 secs using 195.5% CPU
Identifying sites to remove: done in 0.000289686 secs using 99.42% CPU
Identifying sites to remove: done in 0.000173494 secs using 1648% CPU
Identifying sites to remove: done in 0.00019794 secs using 1247% CPU
Identifying sites to remove: done in 0.00020279 secs using 1360% CPU
Identifying sites to remove: done in 0.000200234 secs using 1051% CPU
Identifying sites to remove: done in 0.000260383 secs using 1373% CPU
Identifying sites to remove: done in 0.000280999 secs using 936.7% CPU
Identifying sites to remove: done in 0.000263989 secs using 657.6% CPU
Identifying sites to remove: done in 0.000269324 secs using 774.2% CPU
Identifying sites to remove: done in 0.000222377 secs using 342.2% CPU
Identifying sites to remove: done in 0.000187159 secs using 819.1% CPU
Identifying sites to remove: done in 0.000215821 secs using 525.9% CPU
Identifying sites to remove: done in 0.000197537 secs using 131.1% CPU
Identifying sites to remove: done in 0.000176169 secs using 1977% CPU
Identifying sites to remove: done in 0.000125282 secs using 1337% CPU
Identifying sites to remove: done in 0.000223935 secs using 1693% CPU
Identifying sites to remove: done in 0.000217304 secs using 2121% CPU
Identifying sites to remove: done in 0.0002179 secs using 1184% CPU
Identifying sites to remove: done in 0.000215001 secs using 374.4% CPU
Identifying sites to remove: done in 0.000123091 secs using 1531% CPU
Identifying sites to remove: done in 0.00013984 secs using 1079% CPU
Identifying sites to remove: done in 0.000254206 secs using 557.4% CPU
Identifying sites to remove: done in 0.000127077 secs using 388.7% CPU
Identifying sites to remove: done in 0.000111505 secs using 158.7% CPU
Identifying sites to remove: done in 0.000143766 secs using 98.77% CPU
Identifying sites to remove: done in 0.000119068 secs using 99.1% CPU
Identifying sites to remove: done in 0.000218488 secs using 329.1% CPU
Identifying sites to remove: done in 0.000224583 secs using 174.5% CPU
Identifying sites to remove: done in 0.000210933 secs using 99.56% CPU
Identifying sites to remove: done in 0.000211954 secs using 1010% CPU
Identifying sites to remove: done in 0.000263415 secs using 1.732e+04% CPU
Identifying sites to remove: done in 0.00015226 secs using 343.5% CPU
Identifying sites to remove: done in 0.00021822 secs using 116.9% CPU
Identifying sites to remove: done in 0.000212193 secs using 1017% CPU
Identifying sites to remove: done in 0.000231735 secs using 1089% CPU
Identifying sites to remove: done in 0.000198781 secs using 759.1% CPU
Identifying sites to remove: done in 0.000166006 secs using 2405% CPU
Identifying sites to remove: done in 0.000237636 secs using 2007% CPU
Identifying sites to remove: done in 0.000240393 secs using 2485% CPU
Identifying sites to remove: done in 0.000267223 secs using 1390% CPU
Identifying sites to remove: done in 0.000173338 secs using 501.9% CPU
Identifying sites to remove: done in 0.000185557 secs using 1164% CPU
Identifying sites to remove: done in 0.000212342 secs using 973.4% CPU
Identifying sites to remove: done in 0.000178285 secs using 1240% CPU
Identifying sites to remove: done in 0.000214554 secs using 1299% CPU
Identifying sites to remove: done in 0.000157908 secs using 1462% CPU
Identifying sites to remove: done in 0.000210866 secs using 912.4% CPU
Identifying sites to remove: done in 0.000204936 secs using 372.8% CPU
Identifying sites to remove: done in 0.000240669 secs using 585.9% CPU
Identifying sites to remove: done in 0.000209965 secs using 195.3% CPU
Identifying sites to remove: done in 0.000215232 secs using 865.1% CPU
Identifying sites to remove: done in 0.000226907 secs using 99.16% CPU
Identifying sites to remove: done in 0.000337973 secs using 3032% CPU
Identifying sites to remove: done in 0.000361674 secs using 900% CPU
Identifying sites to remove: done in 0.000398025 secs using 1776% CPU
Identifying sites to remove: done in 0.000441961 secs using 6516% CPU
Identifying sites to remove: done in 0.000437453 secs using 3293% CPU
Identifying sites to remove: done in 0.00050462 secs using 1.446e+04% CPU
Identifying sites to remove: done in 0.0004398 secs using 4113% CPU
Identifying sites to remove: done in 0.00055588 secs using 1.121e+04% CPU
Identifying sites to remove: done in 0.000578292 secs using 1.323e+04% CPU
Identifying sites to remove: done in 0.000618823 secs using 1.065e+04% CPU
Identifying sites to remove: done in 0.000402272 secs
Identifying sites to remove: done in 0.00032147 secs
Identifying sites to remove: done in 0.000344746 secs
Identifying sites to remove: done in 0.00039871 secs
Identifying sites to remove: done in 0.000196286 secs using 98.84% CPU
Identifying sites to remove: done in 0.000413589 secs using 957.7% CPU
Identifying sites to remove: done in 0.000358626 secs using 329.9% CPU
Identifying sites to remove: done in 0.000167884 secs using 2329% CPU
Identifying sites to remove: done in 0.000374734 secs using 1.645e+04% CPU
Identifying sites to remove: done in 0.000210814 secs using 370% CPU
Identifying sites to remove: done in 0.000355087 secs using 367.2% CPU
Identifying sites to remove: done in 0.000354715 secs using 407.1% CPU
Identifying sites to remove: done in 0.000338957 secs using 736.1% CPU
Identifying sites to remove: done in 0.000170946 secs using 733% CPU
Identifying sites to remove: done in 0.000283107 secs using 661.6% CPU
Identifying sites to remove: done in 0.000282601 secs using 270.3% CPU
Identifying sites to remove: done in 0.0004097 secs using 359.8% CPU
Identifying sites to remove: done in 0.000413671 secs using 174.3% CPU
Identifying sites to remove: done in 0.000331931 secs using 99.42% CPU
Identifying sites to remove: done in 0.000417545 secs using 1043% CPU
Identifying sites to remove: done in 0.000461936 secs using 1.512e+04% CPU
Identifying sites to remove: done in 0.000449695 secs using 1.482e+04% CPU
Identifying sites to remove: done in 0.000344746 secs using 198.7% CPU
Identifying sites to remove: done in 0.000426538 secs using 276.4% CPU
Identifying sites to remove: done in 0.000402398 secs using 99.65% CPU
Identifying sites to remove: done in 0.000329539 secs using 1570% CPU
Identifying sites to remove: done in 0.000423484 secs using 1742% CPU
Identifying sites to remove: done in 0.000377782 secs using 318.4% CPU
Identifying sites to remove: done in 0.000454798 secs using 771.8% CPU
Identifying sites to remove: done in 0.000334337 secs using 99.9% CPU
Identifying sites to remove: done in 0.000399984 secs using 1898% CPU
Identifying sites to remove: done in 0.000349529 secs using 1240% CPU
Identifying sites to remove: done in 0.000426635 secs using 1278% CPU
Identifying sites to remove: done in 0.000312157 secs using 1.702e+04% CPU
Identifying sites to remove: done in 0.000455514 secs using 1.189e+04% CPU
Identifying sites to remove: done in 0.000501737 secs using 1.002e+04% CPU
Identifying sites to remove: done in 0.000409178 secs using 416.7% CPU
Identifying sites to remove: done in 0.00033883 secs using 183.3% CPU
Identifying sites to remove: done in 0.000393853 secs using 99.53% CPU
Identifying sites to remove: done in 0.000331081 secs using 530.1% CPU
Identifying sites to remove: done in 0.000327013 secs using 437.6% CPU
Identifying sites to remove: done in 0.000398301 secs using 552.8% CPU
Identifying sites to remove: done in 0.000343315 secs using 614% CPU
Identifying sites to remove: done in 0.000342198 secs using 184.1% CPU
Identifying sites to remove: done in 0.000391282 secs using 582.4% CPU
Identifying sites to remove: done in 0.000416115 secs using 168.7% CPU
Identifying sites to remove: done in 0.000396453 secs using 653% CPU
Identifying sites to remove: done in 0.000411965 secs using 163.1% CPU
Identifying sites to remove: done in 0.000444092 secs using 1.617e+04% CPU
Identifying sites to remove: done in 0.000279598 secs using 2750% CPU
Identifying sites to remove: done in 0.000301264 secs using 889.9% CPU
Identifying sites to remove: done in 0.000320278 secs using 1661% CPU
Identifying sites to remove: done in 0.000330076 secs using 4751% CPU
Identifying sites to remove: done in 0.000330031 secs using 3201% CPU
Identifying sites to remove: done in 0.000345938 secs using 6051% CPU
Identifying sites to remove: done in 0.000386126 secs using 4780% CPU
Identifying sites to remove: done in 0.000388339 secs using 6754% CPU
Identifying sites to remove: done in 0.000388719 secs using 6116% CPU
Identifying sites to remove: done in 0.000452496 secs using 3014% CPU
Identifying sites to remove: done in 0.000224322 secs using 2339% CPU
Identifying sites to remove: done in 0.000339761 secs using 1832% CPU
Identifying sites to remove: done in 0.000262983 secs using 332% CPU
Identifying sites to remove: done in 0.000366852 secs using 1.359e+04% CPU
Identifying sites to remove: done in 0.000154659 secs using 345.3% CPU
Identifying sites to remove: done in 0.000240639 secs using 123% CPU
Identifying sites to remove: done in 0.000126809 secs using 1543% CPU
Identifying sites to remove: done in 0.000308491 secs using 1117% CPU
Identifying sites to remove: done in 0.000262283 secs using 1056% CPU
Identifying sites to remove: done in 0.000244729 secs using 771.5% CPU
Identifying sites to remove: done in 0.000272617 secs using 606% CPU
Identifying sites to remove: done in 0.000164777 secs using 592.9% CPU
Identifying sites to remove: done in 0.000230573 secs using 748.6% CPU
Identifying sites to remove: done in 0.00021822 secs using 928.9% CPU
Identifying sites to remove: done in 0.000135466 secs using 1390% CPU
Identifying sites to remove: done in 0.000304043 secs using 815.3% CPU
Identifying sites to remove: done in 0.000285499 secs using 184.9% CPU
Identifying sites to remove: done in 0.000264272 secs using 372% CPU
Identifying sites to remove: done in 0.000315659 secs using 658.9% CPU
Identifying sites to remove: done in 0.000291027 secs using 1688% CPU
Identifying sites to remove: done in 0.000288278 secs using 1353% CPU
Identifying sites to remove: done in 0.000304945 secs using 1378% CPU
Identifying sites to remove: done in 0.00030674 secs using 2014% CPU
Identifying sites to remove: done in 0.000297822 secs using 1012% CPU
Identifying sites to remove: done in 0.000253677 secs using 186.5% CPU
Identifying sites to remove: done in 0.000254229 secs using 196.7% CPU
Identifying sites to remove: done in 0.000336796 secs using 1.575e+04% CPU
Identifying sites to remove: done in 0.000298157 secs using 398.8% CPU
Identifying sites to remove: done in 0.00026565 secs using 814.2% CPU
Identifying sites to remove: done in 0.000285067 secs using 894.5% CPU
Identifying sites to remove: done in 0.000285871 secs using 1715% CPU
Identifying sites to remove: done in 0.000332989 secs using 1725% CPU
Identifying sites to remove: done in 0.000289202 secs using 1544% CPU
Identifying sites to remove: done in 0.000269726 secs using 1553% CPU
Identifying sites to remove: done in 0.000255547 secs using 954.4% CPU
Identifying sites to remove: done in 0.000298336 secs using 1172% CPU
Identifying sites to remove: done in 0.000309907 secs using 577.3% CPU
Identifying sites to remove: done in 0.000228897 secs using 247.3% CPU
Identifying sites to remove: done in 0.000250846 secs using 609.9% CPU
Identifying sites to remove: done in 0.000278711 secs using 423.7% CPU
Identifying sites to remove: done in 0.000278935 secs using 265.7% CPU
Identifying sites to remove: done in 0.000239536 secs using 879.6% CPU
Identifying sites to remove: done in 0.000240877 secs using 582.9% CPU
Identifying sites to remove: done in 0.000256702 secs using 154.7% CPU
Identifying sites to remove: done in 0.000263423 secs using 191.7% CPU
Identifying sites to remove: done in 0.000292569 secs using 897.6% CPU
Identifying sites to remove: done in 0.000269145 secs using 1278% CPU
Identifying sites to remove: done in 0.000360049 secs using 1.657e+04% CPU
Identifying sites to remove: done in 0.000302263 secs using 99.58% CPU
Identifying sites to remove: done in 0.000292249 secs using 910.5% CPU
Identifying sites to remove: done in 0.000307985 secs using 2263% CPU
Identifying sites to remove: done in 0.000297993 secs using 1609% CPU
Identifying sites to remove: done in 0.000367559 secs using 2541% CPU
Identifying sites to remove: done in 0.000374116 secs using 4213% CPU
Identifying sites to remove: done in 0.000376612 secs using 4752% CPU
Identifying sites to remove: done in 0.000370234 secs using 3101% CPU
Identifying sites to remove: done in 0.000376567 secs using 5319% CPU
Identifying sites to remove: done in 0.000372045 secs using 5900% CPU
Identifying sites to remove: done in 0.000457793 secs using 3041% CPU
Identifying sites to remove: done in 0.000288561 secs using 492.1% CPU
Identifying sites to remove: done in 0.000240989 secs using 690.5% CPU
Identifying sites to remove: done in 0.000228994 secs using 181.2% CPU
Identifying sites to remove: done in 0.000323273 secs using 1.499e+04% CPU
Identifying sites to remove: done in 0.000142992 secs using 98.61% CPU
Identifying sites to remove: done in 0.00022769 secs using 808.1% CPU
Identifying sites to remove: done in 0.000295557 secs using 359% CPU
Identifying sites to remove: done in 0.000149608 secs using 236% CPU
Identifying sites to remove: done in 0.000141345 secs using 2521% CPU
Identifying sites to remove: done in 0.000275061 secs using 1428% CPU
Identifying sites to remove: done in 0.000280753 secs using 1470% CPU
Identifying sites to remove: done in 0.000274822 secs using 1840% CPU
Identifying sites to remove: done in 0.000244901 secs using 1496% CPU
Identifying sites to remove: done in 0.000132591 secs using 355.2% CPU
Identifying sites to remove: done in 0.000209853 secs using 482.2% CPU
Identifying sites to remove: done in 0.000281952 secs using 667.1% CPU
Identifying sites to remove: done in 0.000274256 secs using 98.81% CPU
Identifying sites to remove: done in 0.000278845 secs using 98.98% CPU
Identifying sites to remove: done in 0.000261024 secs using 98.84% CPU
Identifying sites to remove: done in 0.000277825 secs using 224.6% CPU
Identifying sites to remove: done in 0.00029932 secs using 329.7% CPU
Identifying sites to remove: done in 0.000280038 secs using 164.6% CPU
Identifying sites to remove: done in 0.000283621 secs using 466.5% CPU
Identifying sites to remove: done in 0.000281237 secs using 570.3% CPU
Identifying sites to remove: done in 0.000268787 secs using 111.2% CPU
Identifying sites to remove: done in 0.000268124 secs using 1489% CPU
Identifying sites to remove: done in 0.000283234 secs using 734.4% CPU
Identifying sites to remove: done in 0.000289567 secs using 1047% CPU
Identifying sites to remove: done in 0.000279725 secs using 124.1% CPU
Identifying sites to remove: done in 0.000236183 secs using 99.5% CPU
Identifying sites to remove: done in 0.00023587 secs using 1573% CPU
Identifying sites to remove: done in 0.000287272 secs using 2357% CPU
Identifying sites to remove: done in 0.000297748 secs using 3711% CPU
Identifying sites to remove: done in 0.000264287 secs using 2910% CPU
Identifying sites to remove: done in 0.000343435 secs using 3537% CPU
Identifying sites to remove: done in 0.000290535 secs using 1708% CPU
Identifying sites to remove: done in 0.000314564 secs using 2695% CPU
Identifying sites to remove: done in 0.000321984 secs using 1.284e+04% CPU
Identifying sites to remove: done in 0.000299186 secs using 443.9% CPU
Identifying sites to remove: done in 0.00025785 secs using 402.9% CPU
Identifying sites to remove: done in 0.000244446 secs using 209% CPU
Identifying sites to remove: done in 0.000288874 secs using 471.8% CPU
Identifying sites to remove: done in 0.000230193 secs using 179.8% CPU
Identifying sites to remove: done in 0.000266239 secs using 558.1% CPU
Identifying sites to remove: done in 0.000282042 secs using 99.28% CPU
Identifying sites to remove: done in 0.000284508 secs using 99.47% CPU
Identifying sites to remove: done in 0.000288829 secs using 287% CPU
Identifying sites to remove: done in 0.000284724 secs using 200.2% CPU
Identifying sites to remove: done in 0.000286482 secs using 99.48% CPU
Identifying sites to remove: done in 0.000257008 secs using 615.2% CPU
Identifying sites to remove: done in 0.000290327 secs using 1269% CPU
Identifying sites to remove: done in 0.000291429 secs using 2043% CPU
Identifying sites to remove: done in 0.000299267 secs using 4280% CPU
Identifying sites to remove: done in 0.000295162 secs using 3554% CPU
Identifying sites to remove: done in 0.000292644 secs using 2812% CPU
Identifying sites to remove: done in 0.000297889 secs using 5038% CPU
Identifying sites to remove: done in 0.000189386 secs using 98.74% CPU
Identifying sites to remove: done in 0.000114597 secs using 196.3% CPU
Identifying sites to remove: done in 0.00018952 secs using 1721% CPU
Identifying sites to remove: done in 0.000119694 secs using 3405% CPU
Identifying sites to remove: done in 0.000242196 secs using 3886% CPU
Identifying sites to remove: done in 0.000236832 secs using 2471% CPU
Identifying sites to remove: done in 0.000246733 secs using 890.8% CPU
Identifying sites to remove: done in 0.000300877 secs using 1.538e+04% CPU
Identifying sites to remove: done in 0.000182047 secs using 2.52e+04% CPU
Identifying sites to remove: done in 0.000270791 secs using 1.547e+04% CPU
Identifying sites to remove: done in 0.000232384 secs using 568.5% CPU
Identifying sites to remove: done in 0.000220969 secs using 113.6% CPU
Identifying sites to remove: done in 0.000228487 secs using 809.7% CPU
Identifying sites to remove: done in 0.000243165 secs using 873.5% CPU
Identifying sites to remove: done in 0.000244692 secs using 1701% CPU
Identifying sites to remove: done in 0.000222526 secs using 1176% CPU
Identifying sites to remove: done in 0.000248127 secs using 1826% CPU
Identifying sites to remove: done in 0.000241339 secs using 1117% CPU
Identifying sites to remove: done in 0.000237592 secs using 1282% CPU
Identifying sites to remove: done in 0.000207037 secs using 1374% CPU
Identifying sites to remove: done in 0.000246219 secs using 181.1% CPU
Identifying sites to remove: done in 0.000232175 secs using 199.4% CPU
Identifying sites to remove: done in 0.000241041 secs using 425.2% CPU
Identifying sites to remove: done in 0.000242718 secs using 671.6% CPU
Identifying sites to remove: done in 0.000248 secs using 395.2% CPU
Identifying sites to remove: done in 0.000229485 secs using 120.3% CPU
Identifying sites to remove: done in 0.000227913 secs using 99.6% CPU
Identifying sites to remove: done in 0.000209361 secs using 1000% CPU
Identifying sites to remove: done in 0.000242844 secs using 678.2% CPU
Identifying sites to remove: done in 0.000243694 secs using 840.8% CPU
Identifying sites to remove: done in 0.000251234 secs using 1408% CPU
Identifying sites to remove: done in 0.000281751 secs using 1044% CPU
Identifying sites to remove: done in 0.000249729 secs using 1548% CPU
Identifying sites to remove: done in 0.000248618 secs using 1684% CPU
Identifying sites to remove: done in 0.000311427 secs using 1078% CPU
Identifying sites to remove: done in 0.000208706 secs using 99.18% CPU
Identifying sites to remove: done in 0.000179596 secs using 99.11% CPU
Identifying sites to remove: done in 0.000105515 secs using 98.56% CPU
Identifying sites to remove: done in 0.000104763 secs using 1500% CPU
Identifying sites to remove: done in 0.000219233 secs using 3267% CPU
Identifying sites to remove: done in 0.000218697 secs using 2380% CPU
Identifying sites to remove: done in 0.000232361 secs using 1352% CPU
Identifying sites to remove: done in 0.00020171 secs using 483.9% CPU
Identifying sites to remove: done in 0.000127152 secs using 328% CPU
Identifying sites to remove: done in 0.00015229 secs using 2441% CPU
Identifying sites to remove: done in 0.000224844 secs using 1325% CPU
Identifying sites to remove: done in 0.000225544 secs using 204% CPU
Identifying sites to remove: done in 0.000221379 secs using 99.38% CPU
Identifying sites to remove: done in 0.000217646 secs using 99.24% CPU
Identifying sites to remove: done in 0.00021489 secs using 830.2% CPU
Identifying sites to remove: done in 0.00022494 secs using 194.3% CPU
Identifying sites to remove: done in 0.000218429 secs using 99.35% CPU
Identifying sites to remove: done in 0.000148594 secs using 98.25% CPU
Identifying sites to remove: done in 0.000152357 secs using 606.5% CPU
Identifying sites to remove: done in 0.000196725 secs using 1083% CPU
Identifying sites to remove: done in 0.000218086 secs using 649.7% CPU
Identifying sites to remove: done in 0.000224054 secs using 282.5% CPU
Identifying sites to remove: done in 0.000217736 secs using 803.7% CPU
Identifying sites to remove: done in 0.000167735 secs using 369.6% CPU
Identifying sites to remove: done in 0.000203729 secs using 835.4% CPU
Identifying sites to remove: done in 0.000237666 secs using 169.1% CPU
Identifying sites to remove: done in 0.000224076 secs using 330.7% CPU
Identifying sites to remove: done in 0.000223868 secs using 155% CPU
Identifying sites to remove: done in 0.000246383 secs using 1069% CPU
Identifying sites to remove: done in 0.000221066 secs using 451.4% CPU
Identifying sites to remove: done in 0.000222132 secs using 825.6% CPU
Identifying sites to remove: done in 0.000217699 secs using 179.1% CPU
Identifying sites to remove: done in 0.000214443 secs using 99.33% CPU
Identifying sites to remove: done in 0.000120223 secs using 1.581e+04% CPU
Identifying sites to remove: done in 0.000144176 secs using 8257% CPU
Identifying sites to remove: done in 0.000138976 secs using 3280% CPU
Identifying sites to remove: done in 0.000160336 secs using 1.433e+04% CPU
Identifying sites to remove: done in 0.000161581 secs using 9694% CPU
Identifying sites to remove: done in 0.000197396 secs using 1.358e+04% CPU
Identifying sites to remove: done in 0.000170827 secs using 646.9% CPU
Identifying sites to remove: done in 0.000171974 secs using 4923% CPU
Identifying sites to remove: done in 0.00014466 secs using 551.6% CPU
Identifying sites to remove: done in 0.000139423 secs using 437.5% CPU
Identifying sites to remove: done in 0.00017406 secs using 474% CPU
Identifying sites to remove: done in 0.000160329 secs using 515.2% CPU
Identifying sites to remove: done in 0.00014367 secs using 176.1% CPU
Identifying sites to remove: done in 0.000118457 secs using 787.6% CPU
Identifying sites to remove: done in 6.90222e-05 secs using 1515% CPU
Identifying sites to remove: done in 0.000143372 secs using 2268% CPU
Identifying sites to remove: done in 0.000152573 secs using 1629% CPU
Identifying sites to remove: done in 0.000153743 secs using 1022% CPU
Identifying sites to remove: done in 0.000155024 secs using 416.7% CPU
Identifying sites to remove: done in 9.83253e-05 secs using 542.1% CPU
Identifying sites to remove: done in 9.96217e-05 secs using 170.6% CPU
Identifying sites to remove: done in 9.58517e-05 secs using 189.9% CPU
Identifying sites to remove: done in 0.000172131 secs using 228.9% CPU
Identifying sites to remove: done in 8.98689e-05 secs using 1773% CPU
Identifying sites to remove: done in 0.00011415 secs using 145.4% CPU
Identifying sites to remove: done in 0.000135981 secs using 330.2% CPU
Identifying sites to remove: done in 0.000155576 secs using 780.3% CPU
Identifying sites to remove: done in 0.000131615 secs using 141.3% CPU
Identifying sites to remove: done in 0.000129052 secs using 1960% CPU
Identifying sites to remove: done in 0.000129245 secs using 197.3% CPU
Identifying sites to remove: done in 0.000114307 secs using 2447% CPU
Identifying sites to remove: done in 0.000151373 secs using 150% CPU
Identifying sites to remove: done in 0.000127271 secs using 99% CPU
Identifying sites to remove: done in 0.000133447 secs using 2492% CPU
Identifying sites to remove: done in 0.000110179 secs using 5555% CPU
Identifying sites to remove: done in 0.000122495 secs using 4686% CPU
Identifying sites to remove: done in 0.000150956 secs using 4017% CPU
Identifying sites to remove: done in 0.000164859 secs using 5026% CPU
Identifying sites to remove: done in 0.000168405 secs using 3483% CPU
Identifying sites to remove: done in 0.000189275 secs using 1362% CPU
Identifying sites to remove: done in 0.000115179 secs using 228.3% CPU
Identifying sites to remove: done in 0.000134908 secs using 2870% CPU
Identifying sites to remove: done in 0.000111818 secs using 217.3% CPU
Identifying sites to remove: done in 0.000115477 secs using 592.3% CPU
Identifying sites to remove: done in 0.000138409 secs using 789% CPU
Identifying sites to remove: done in 0.000157647 secs using 2.018e+04% CPU
Identifying sites to remove: done in 0.000145629 secs using 2.157e+04% CPU
Identifying sites to remove: done in 0.000176631 secs using 191.4% CPU
Identifying sites to remove: done in 0.000136159 secs using 773.4% CPU
Identifying sites to remove: done in 0.000132293 secs using 200.3% CPU
Identifying sites to remove: done in 0.000139311 secs using 99.06% CPU
Identifying sites to remove: done in 0.000285916 secs using 3385% CPU
Identifying sites to remove: done in 0.000303708 secs using 7965% CPU
Identifying sites to remove: done in 0.000325292 secs using 4624% CPU
Identifying sites to remove: done in 0.00030344 secs using 5975% CPU
Identifying sites to remove: done in 0.000340536 secs using 8200% CPU
Identifying sites to remove: done in 0.000345267 secs using 6089% CPU
Identifying sites to remove: done in 0.000342682 secs using 9178% CPU
Identifying sites to remove: done in 0.000341944 secs using 3950% CPU
Identifying sites to remove: done in 0.000304133 secs using 963.4% CPU
Identifying sites to remove: done in 0.000308223 secs using 2061% CPU
Identifying sites to remove: done in 0.000271462 secs using 99.09% CPU
Identifying sites to remove: done in 0.000229619 secs using 612.3% CPU
Identifying sites to remove: done in 0.000221953 secs using 721.3% CPU
Identifying sites to remove: done in 0.000265412 secs using 128.5% CPU
Identifying sites to remove: done in 0.000135206 secs using 1630% CPU
Identifying sites to remove: done in 0.000287861 secs using 934.1% CPU
Identifying sites to remove: done in 0.000232227 secs using 164.1% CPU
Identifying sites to remove: done in 0.000120938 secs using 2220% CPU
Identifying sites to remove: done in 0.000264257 secs using 2316% CPU
Identifying sites to remove: done in 0.000152171 secs using 5396% CPU
Identifying sites to remove: done in 0.000258401 secs using 2241% CPU
Identifying sites to remove: done in 0.000304386 secs using 1623% CPU
Identifying sites to remove: done in 0.00025861 secs using 1274% CPU
Identifying sites to remove: done in 0.000224859 secs using 695.1% CPU
Identifying sites to remove: done in 0.00015825 secs using 275.5% CPU
Identifying sites to remove: done in 0.000213064 secs using 407.4% CPU
Identifying sites to remove: done in 0.000277832 secs using 374.3% CPU
Identifying sites to remove: done in 0.000317253 secs using 1.659e+04% CPU
Identifying sites to remove: done in 0.000256836 secs using 99.28% CPU
Identifying sites to remove: done in 0.000274688 secs using 802% CPU
Identifying sites to remove: done in 0.000275709 secs using 737.7% CPU
Identifying sites to remove: done in 0.00028713 secs using 217% CPU
Identifying sites to remove: done in 0.000259943 secs using 862.1% CPU
Identifying sites to remove: done in 0.00028836 secs using 906.2% CPU
Identifying sites to remove: done in 0.000268124 secs using 115.2% CPU
Identifying sites to remove: done in 0.000282839 secs using 3370% CPU
Identifying sites to remove: done in 0.00025484 secs using 2644% CPU
Identifying sites to remove: done in 0.000283785 secs using 1371% CPU
Identifying sites to remove: done in 0.000258639 secs using 273% CPU
Identifying sites to remove: done in 0.000236891 secs using 1741% CPU
Identifying sites to remove: done in 0.000316978 secs using 1.708e+04% CPU
Identifying sites to remove: done in 0.000269167 secs using 1.864e+04% CPU
Identifying sites to remove: done in 0.000314787 secs using 1.47e+04% CPU
Identifying sites to remove: done in 0.000310615 secs using 689.3% CPU
Identifying sites to remove: done in 0.000285655 secs using 634.3% CPU
Identifying sites to remove: done in 0.000282422 secs using 741.1% CPU
Identifying sites to remove: done in 0.000245787 secs using 636.3% CPU
Identifying sites to remove: done in 0.00026872 secs using 359.1% CPU
Identifying sites to remove: done in 0.000273839 secs using 527.3% CPU
Identifying sites to remove: done in 0.000219971 secs using 612.8% CPU
Identifying sites to remove: done in 0.00022462 secs using 178.5% CPU
Identifying sites to remove: done in 0.000282764 secs using 506.4% CPU
Identifying sites to remove: done in 0.000225984 secs using 186.7% CPU
Identifying sites to remove: done in 0.000253074 secs using 934.5% CPU
Identifying sites to remove: done in 0.000285923 secs using 912.5% CPU
Identifying sites to remove: done in 0.00026685 secs using 99.68% CPU
Identifying sites to remove: done in 0.000282727 secs using 446% CPU
Identifying sites to remove: done in 0.000283979 secs using 198.6% CPU
Identifying sites to remove: done in 0.000275023 secs using 99.63% CPU
Identifying sites to remove: done in 0.000173479 secs using 733.2% CPU
Identifying sites to remove: done in 0.000198513 secs using 3425% CPU
Identifying sites to remove: done in 0.000233248 secs using 6894% CPU
Identifying sites to remove: done in 0.000248864 secs using 1721% CPU
Identifying sites to remove: done in 0.000278674 secs using 4798% CPU
Identifying sites to remove: done in 0.000278451 secs using 6938% CPU
Identifying sites to remove: done in 0.000302508 secs using 3462% CPU
Identifying sites to remove: done in 0.000304103 secs using 7397% CPU
Identifying sites to remove: done in 0.000302404 secs using 8390% CPU
Identifying sites to remove: done in 0.000253342 secs using 99.08% CPU
Identifying sites to remove: done in 0.000215694 secs using 98.75% CPU
Identifying sites to remove: done in 0.000247359 secs using 98.64% CPU
Identifying sites to remove: done in 0.000149071 secs using 98.61% CPU
Identifying sites to remove: done in 7.42227e-05 secs using 204.8% CPU
Identifying sites to remove: done in 0.000197612 secs using 275.3% CPU
Identifying sites to remove: done in 0.000157155 secs using 957% CPU
Identifying sites to remove: done in 8.24556e-05 secs using 1997% CPU
Identifying sites to remove: done in 0.000258371 secs using 1504% CPU
Identifying sites to remove: done in 0.00018464 secs using 1071% CPU
Identifying sites to remove: done in 0.000190713 secs using 1255% CPU
Identifying sites to remove: done in 0.00013262 secs using 1559% CPU
Identifying sites to remove: done in 0.000137813 secs using 2527% CPU
Identifying sites to remove: done in 0.000282414 secs using 193.3% CPU
Identifying sites to remove: done in 0.000240684 secs using 98.89% CPU
Identifying sites to remove: done in 0.000163935 secs using 203.7% CPU
Identifying sites to remove: done in 0.000255324 secs using 1272% CPU
Identifying sites to remove: done in 0.000245884 secs using 952.5% CPU
Identifying sites to remove: done in 0.000242732 secs using 366.7% CPU
Identifying sites to remove: done in 0.000245735 secs using 1638% CPU
Identifying sites to remove: done in 0.000242211 secs using 110.6% CPU
Identifying sites to remove: done in 0.000251032 secs using 2.07e+04% CPU
Identifying sites to remove: done in 0.000185013 secs using 199.4% CPU
Identifying sites to remove: done in 0.00026276 secs using 562.1% CPU
Identifying sites to remove: done in 0.000252135 secs using 456.9% CPU
Identifying sites to remove: done in 0.0002653 secs using 268% CPU
Identifying sites to remove: done in 0.000210509 secs using 637% CPU
Identifying sites to remove: done in 0.000180259 secs using 840.5% CPU
Identifying sites to remove: done in 0.000206783 secs using 837.1% CPU
Identifying sites to remove: done in 0.000151575 secs using 2413% CPU
Identifying sites to remove: done in 0.000284456 secs using 1517% CPU
Identifying sites to remove: done in 0.000248052 secs using 1675% CPU
Identifying sites to remove: done in 0.00026387 secs using 901.6% CPU
Identifying sites to remove: done in 0.000275664 secs using 212.2% CPU
Identifying sites to remove: done in 0.000197656 secs using 190.7% CPU
Identifying sites to remove: done in 0.000224791 secs using 1147% CPU
Identifying sites to remove: done in 0.000199869 secs using 1422% CPU
Identifying sites to remove: done in 0.000250138 secs using 137.1% CPU
Identifying sites to remove: done in 0.000253901 secs using 99.65% CPU
Identifying sites to remove: done in 0.000247076 secs using 99.56% CPU
Identifying sites to remove: done in 0.000253007 secs using 99.6% CPU
Identifying sites to remove: done in 0.000188693 secs using 2996% CPU
Identifying sites to remove: done in 0.000195831 secs using 858.4% CPU
Identifying sites to remove: done in 0.000211768 secs using 1802% CPU
Identifying sites to remove: done in 0.000236668 secs using 6785% CPU
Identifying sites to remove: done in 0.000235371 secs using 5120% CPU
Identifying sites to remove: done in 0.000268094 secs using 3767% CPU
Identifying sites to remove: done in 0.000270091 secs using 5264% CPU
Identifying sites to remove: done in 0.000285976 secs using 6417% CPU
Identifying sites to remove: done in 0.000286117 secs using 2901% CPU
Identifying sites to remove: done in 0.000334926 secs using 6146% CPU
Identifying sites to remove: done in 0.0001693 secs using 98.64% CPU
Identifying sites to remove: done in 0.00016617 secs using 598.8% CPU
Identifying sites to remove: done in 0.000141591 secs using 2372% CPU
Identifying sites to remove: done in 0.000166312 secs using 124.5% CPU
Identifying sites to remove: done in 0.000106364 secs using 99.66% CPU
Identifying sites to remove: done in 0.000140019 secs using 1416% CPU
Identifying sites to remove: done in 8.62479e-05 secs using 269% CPU
Identifying sites to remove: done in 0.000173502 secs using 357.9% CPU
Identifying sites to remove: done in 0.000114575 secs using 226.1% CPU
Identifying sites to remove: done in 0.000163041 secs using 662.4% CPU
Identifying sites to remove: done in 0.000175864 secs using 910.9% CPU
Identifying sites to remove: done in 0.00016325 secs using 893.1% CPU
Identifying sites to remove: done in 7.64206e-05 secs using 438.4% CPU
Identifying sites to remove: done in 0.000174269 secs using 854.4% CPU
Identifying sites to remove: done in 0.00014586 secs using 730.8% CPU
Identifying sites to remove: done in 0.000175737 secs using 453.5% CPU
Identifying sites to remove: done in 0.000195399 secs using 99.28% CPU
Identifying sites to remove: done in 0.000198998 secs using 99% CPU
Identifying sites to remove: done in 0.000157364 secs using 99.13% CPU
Identifying sites to remove: done in 0.000178032 secs using 922.3% CPU
Identifying sites to remove: done in 0.000202149 secs using 319.1% CPU
Identifying sites to remove: done in 0.000186183 secs using 1258% CPU
Identifying sites to remove: done in 0.000203878 secs using 2318% CPU
Identifying sites to remove: done in 0.000169024 secs using 1506% CPU
Identifying sites to remove: done in 0.000175774 secs using 154.7% CPU
Identifying sites to remove: done in 0.000169054 secs using 1816% CPU
Identifying sites to remove: done in 0.000173323 secs using 714.9% CPU
Identifying sites to remove: done in 0.000201069 secs using 246.2% CPU
Identifying sites to remove: done in 0.000167802 secs using 99.52% CPU
Identifying sites to remove: done in 0.00017269 secs using 3818% CPU
Identifying sites to remove: done in 0.000210226 secs using 1632% CPU
Identifying sites to remove: done in 0.000156954 secs using 2493% CPU
Identifying sites to remove: done in 0.000218861 secs using 4089% CPU
Identifying sites to remove: done in 0.000159614 secs using 5089% CPU
Identifying sites to remove: done in 0.000192851 secs using 5920% CPU
Identifying sites to remove: done in 0.000160925 secs using 344.9% CPU
Identifying sites to remove: done in 0.000197984 secs using 539.4% CPU
Identifying sites to remove: done in 0.000240535 secs using 2090% CPU
Identifying sites to remove: done in 0.000148267 secs using 476.2% CPU
Identifying sites to remove: done in 0.000213675 secs using 475% CPU
Identifying sites to remove: done in 0.000190005 secs using 286.8% CPU
Identifying sites to remove: done in 0.000142686 secs using 213.8% CPU
Identifying sites to remove: done in 0.000216328 secs using 404.5% CPU
Identifying sites to remove: done in 0.00016924 secs using 704.9% CPU
Identifying sites to remove: done in 0.000202596 secs using 140.7% CPU
Identifying sites to remove: done in 0.00017111 secs using 98.77% CPU
Identifying sites to remove: done in 0.000170045 secs using 1292% CPU
Identifying sites to remove: done in 0.000213884 secs using 178.1% CPU
Identifying sites to remove: done in 0.000178643 secs using 99.64% CPU
Identifying sites to remove: done in 0.000535779 secs using 2005% CPU
Identifying sites to remove: done in 0.000561416 secs using 930% CPU
Identifying sites to remove: done in 0.000580437 secs using 1413% CPU
Identifying sites to remove: done in 0.000662245 secs using 3053% CPU
Identifying sites to remove: done in 0.000665292 secs using 4750% CPU
Identifying sites to remove: done in 0.00066369 secs using 4329% CPU
Identifying sites to remove: done in 0.000663668 secs using 3479% CPU
Identifying sites to remove: done in 0.00066644 secs using 3897% CPU
Identifying sites to remove: done in 0.000665739 secs using 2200% CPU
Identifying sites to remove: done in 0.000762127 secs using 2312% CPU
Identifying sites to remove: done in 0.000568882 secs using 99.67% CPU
Identifying sites to remove: done in 0.000580192 secs using 490.5% CPU
Identifying sites to remove: done in 0.000460587 secs using 167.4% CPU
Identifying sites to remove: done in 0.000556163 secs using 99.61% CPU
Identifying sites to remove: done in 0.00035537 secs using 1.996e+04% CPU
Identifying sites to remove: done in 0.000253998 secs using 199.6% CPU
Identifying sites to remove: done in 0.000592716 secs using 477.6% CPU
Identifying sites to remove: done in 0.000585712 secs using 510.3% CPU
Identifying sites to remove: done in 0.000290886 secs using 814.4% CPU
Identifying sites to remove: done in 0.000536479 secs using 164.4% CPU
Identifying sites to remove: done in 0.00026042 secs using 4109% CPU
Identifying sites to remove: done in 0.000538982 secs using 1334% CPU
Identifying sites to remove: done in 0.000570677 secs using 1703% CPU
Identifying sites to remove: done in 0.000483029 secs using 397.7% CPU
Identifying sites to remove: done in 0.000553004 secs using 826.2% CPU
Identifying sites to remove: done in 0.000416145 secs using 99.72% CPU
Identifying sites to remove: done in 0.000603668 secs using 195.5% CPU
Identifying sites to remove: done in 0.000693128 secs using 257.1% CPU
Identifying sites to remove: done in 0.000527151 secs using 99.78% CPU
Identifying sites to remove: done in 0.000606857 secs using 1.243e+04% CPU
Identifying sites to remove: done in 0.00059782 secs using 254.4% CPU
Identifying sites to remove: done in 0.000574321 secs using 160.2% CPU
Identifying sites to remove: done in 0.000538908 secs using 414.2% CPU
Identifying sites to remove: done in 0.000586063 secs using 141.5% CPU
Identifying sites to remove: done in 0.000576638 secs using 99.89% CPU
Identifying sites to remove: done in 0.000606544 secs using 1.081e+04% CPU
Identifying sites to remove: done in 0.000553526 secs using 337.1% CPU
Identifying sites to remove: done in 0.000622377 secs using 1.005e+04% CPU
Identifying sites to remove: done in 0.000557557 secs using 309.7% CPU
Identifying sites to remove: done in 0.000500724 secs using 1495% CPU
Identifying sites to remove: done in 0.000511952 secs using 750.9% CPU
Identifying sites to remove: done in 0.000613362 secs using 1430% CPU
Identifying sites to remove: done in 0.000625469 secs using 686.7% CPU
Identifying sites to remove: done in 0.000604816 secs using 686.7% CPU
Identifying sites to remove: done in 0.000622839 secs using 936.4% CPU
Identifying sites to remove: done in 0.000461377 secs using 1008% CPU
Identifying sites to remove: done in 0.000504822 secs using 242.1% CPU
Identifying sites to remove: done in 0.000543661 secs using 220.4% CPU
Identifying sites to remove: done in 0.000609875 secs using 178.9% CPU
Identifying sites to remove: done in 0.000538446 secs using 360.1% CPU
Identifying sites to remove: done in 0.000460997 secs using 166.4% CPU
Identifying sites to remove: done in 0.000592068 secs using 978.6% CPU
Identifying sites to remove: done in 0.000476703 secs using 273.1% CPU
Identifying sites to remove: done in 0.000564814 secs using 663.6% CPU
Identifying sites to remove: done in 0.00058607 secs using 595% CPU
Identifying sites to remove: done in 0.000703074 secs using 8792% CPU
Identifying sites to remove: done in 0.000591584 secs using 733.8% CPU
Identifying sites to remove: done in 0.000598468 secs using 474.2% CPU
Identifying sites to remove: done in 0.000600725 secs using 1.013e+04% CPU
Identifying sites to remove: done in 0.000220478 secs using 6385% CPU
Identifying sites to remove: done in 0.000246763 secs using 1723% CPU
Identifying sites to remove: done in 0.000268571 secs using 664.3% CPU
Identifying sites to remove: done in 0.000293128 secs using 6666% CPU
Identifying sites to remove: done in 0.000291996 secs using 4122% CPU
Identifying sites to remove: done in 0.000293873 secs using 5806% CPU
Identifying sites to remove: done in 0.00034067 secs using 2105% CPU
Identifying sites to remove: done in 0.00041426 secs using 2365% CPU
Identifying sites to remove: done in 0.000210412 secs using 98.85% CPU
Identifying sites to remove: done in 0.000201419 secs using 99.3% CPU
Identifying sites to remove: done in 0.000253148 secs using 888.8% CPU
Identifying sites to remove: done in 0.000211678 secs using 796.5% CPU
Identifying sites to remove: done in 0.000260651 secs using 1062% CPU
Identifying sites to remove: done in 0.000157371 secs using 1021% CPU
Identifying sites to remove: done in 0.000227749 secs using 777.6% CPU
Identifying sites to remove: done in 0.000120878 secs using 1564% CPU
Identifying sites to remove: done in 0.000263989 secs using 931.5% CPU
Identifying sites to remove: done in 0.000250734 secs using 938% CPU
Identifying sites to remove: done in 0.000177346 secs using 296.6% CPU
Identifying sites to remove: done in 0.000124007 secs using 203.2% CPU
Identifying sites to remove: done in 0.000267655 secs using 325.8% CPU
Identifying sites to remove: done in 0.000281163 secs using 158.3% CPU
Identifying sites to remove: done in 0.000250578 secs using 99.37% CPU
Identifying sites to remove: done in 0.000297248 secs using 2.039e+04% CPU
Identifying sites to remove: done in 0.000291452 secs using 2.011e+04% CPU
Identifying sites to remove: done in 0.00016091 secs using 346.8% CPU
Identifying sites to remove: done in 0.000210576 secs using 382.8% CPU
Identifying sites to remove: done in 0.000252783 secs using 164.6% CPU
Identifying sites to remove: done in 0.000173725 secs using 945.7% CPU
Identifying sites to remove: done in 0.000290327 secs using 933.8% CPU
Identifying sites to remove: done in 0.000287697 secs using 1178% CPU
Identifying sites to remove: done in 0.000288665 secs using 1074% CPU
Identifying sites to remove: done in 0.000190429 secs using 889% CPU
Identifying sites to remove: done in 0.000286117 secs using 220.5% CPU
Identifying sites to remove: done in 0.000254244 secs using 307.6% CPU
Identifying sites to remove: done in 0.000257194 secs using 145.4% CPU
Identifying sites to remove: done in 0.000231475 secs using 511.1% CPU
Identifying sites to remove: done in 0.000275806 secs using 182.7% CPU
Identifying sites to remove: done in 0.000252806 secs using 959.2% CPU
Identifying sites to remove: done in 0.000254743 secs using 178.6% CPU
Identifying sites to remove: done in 0.000256613 secs using 99.37% CPU
Identifying sites to remove: done in 0.000136413 secs using 1354% CPU
Identifying sites to remove: done in 0.000135712 secs using 745% CPU
Identifying sites to remove: done in 0.000167124 secs using 1717% CPU
Identifying sites to remove: done in 0.000169151 secs using 2688% CPU
Identifying sites to remove: done in 0.000200316 secs using 4022% CPU
Identifying sites to remove: done in 0.000201456 secs using 3599% CPU
Identifying sites to remove: done in 0.000202261 secs using 2778% CPU
Identifying sites to remove: done in 0.000203431 secs using 3172% CPU
Identifying sites to remove: done in 0.00020276 secs using 1961% CPU
Identifying sites to remove: done in 0.000157565 secs using 410.6% CPU
Identifying sites to remove: done in 0.000123926 secs using 1379% CPU
Identifying sites to remove: done in 0.000151299 secs using 179.1% CPU
Identifying sites to remove: done in 7.73296e-05 secs using 98.28% CPU
Identifying sites to remove: done in 0.000121273 secs using 99.77% CPU
Identifying sites to remove: done in 6.01858e-05 secs using 217.7% CPU
Identifying sites to remove: done in 0.000125684 secs using 3568% CPU
Identifying sites to remove: done in 0.00012064 secs using 2880% CPU
Identifying sites to remove: done in 0.000134803 secs using 1277% CPU
Identifying sites to remove: done in 0.000156112 secs using 1061% CPU
Identifying sites to remove: done in 9.12696e-05 secs using 1288% CPU
Identifying sites to remove: done in 7.72104e-05 secs using 1151% CPU
Identifying sites to remove: done in 0.000109971 secs using 972.1% CPU
Identifying sites to remove: done in 0.000175171 secs using 1568% CPU
Identifying sites to remove: done in 0.000166282 secs using 203.9% CPU
Identifying sites to remove: done in 0.000121638 secs using 508.1% CPU
Identifying sites to remove: done in 0.000168078 secs using 1229% CPU
Identifying sites to remove: done in 0.00017 secs using 746.5% CPU
Identifying sites to remove: done in 0.000143737 secs using 2454% CPU
Identifying sites to remove: done in 0.000150397 secs using 2570% CPU
Identifying sites to remove: done in 0.000151187 secs using 2417% CPU
Identifying sites to remove: done in 0.00015346 secs using 230.7% CPU
Identifying sites to remove: done in 0.000128038 secs using 2559% CPU
Identifying sites to remove: done in 0.000161439 secs using 1497% CPU
Identifying sites to remove: done in 0.000163354 secs using 231.4% CPU
Identifying sites to remove: done in 0.000167549 secs using 2.294e+04% CPU
Identifying sites to remove: done in 0.000136577 secs using 2.598e+04% CPU
Identifying sites to remove: done in 0.000107966 secs using 1043% CPU
Identifying sites to remove: done in 0.000137702 secs using 1200% CPU
Identifying sites to remove: done in 0.000131264 secs using 1060% CPU
Identifying sites to remove: done in 0.000167131 secs using 1470% CPU
Identifying sites to remove: done in 0.000188202 secs using 875.1% CPU
Identifying sites to remove: done in 0.000189759 secs using 718.3% CPU
Identifying sites to remove: done in 0.000166826 secs using 544.9% CPU
Identifying sites to remove: done in 0.000120118 secs using 101.6% CPU
Identifying sites to remove: done in 0.000118718 secs using 925.7% CPU
Identifying sites to remove: done in 0.000119202 secs using 1236% CPU
Identifying sites to remove: done in 0.000154756 secs using 203.5% CPU
Identifying sites to remove: done in 0.000149071 secs using 98.61% CPU
Identifying sites to remove: done in 0.00014814 secs using 99.23% CPU
Identifying sites to remove: done in 0.000153087 secs using 99.29% CPU
Identifying sites to remove: done in 0.000313103 secs using 1757% CPU
Identifying sites to remove: done in 0.000331096 secs using 896.4% CPU
Identifying sites to remove: done in 0.000349998 secs using 1469% CPU
Identifying sites to remove: done in 0.000387512 secs using 2086% CPU
Identifying sites to remove: done in 0.000413314 secs using 1167% CPU
Identifying sites to remove: done in 0.00041496 secs using 1652% CPU
Identifying sites to remove: done in 0.000450693 secs using 1725% CPU
Identifying sites to remove: done in 0.00045421 secs using 2167% CPU
Identifying sites to remove: done in 0.000467546 secs using 972.1% CPU
Identifying sites to remove: done in 0.000467591 secs using 1968% CPU
Identifying sites to remove: done in 0.000398859 secs using 756.9% CPU
Identifying sites to remove: done in 0.000342764 secs using 603.3% CPU
Identifying sites to remove: done in 0.000347637 secs using 223.5% CPU
Identifying sites to remove: done in 0.000384733 secs using 99.55% CPU
Identifying sites to remove: done in 0.000185631 secs using 99.66% CPU
Identifying sites to remove: done in 0.000148609 secs using 304.2% CPU
Identifying sites to remove: done in 0.000417396 secs using 1.439e+04% CPU
Identifying sites to remove: done in 0.000325635 secs using 270.5% CPU
Identifying sites to remove: done in 0.000181206 secs using 439.3% CPU
Identifying sites to remove: done in 0.000326104 secs using 112.2% CPU
Identifying sites to remove: done in 0.000152625 secs using 2279% CPU
Identifying sites to remove: done in 0.000267297 secs using 664.8% CPU
Identifying sites to remove: done in 0.000330411 secs using 1564% CPU
Identifying sites to remove: done in 0.000325426 secs using 1302% CPU
Identifying sites to remove: done in 0.000269525 secs using 706.8% CPU
Identifying sites to remove: done in 0.000343554 secs using 214.2% CPU
Identifying sites to remove: done in 0.000398383 secs using 341.1% CPU
Identifying sites to remove: done in 0.000405371 secs using 144.6% CPU
Identifying sites to remove: done in 0.000319608 secs using 99.81% CPU
Identifying sites to remove: done in 0.000417799 secs using 1.569e+04% CPU
Identifying sites to remove: done in 0.000410616 secs using 298.1% CPU
Identifying sites to remove: done in 0.000412807 secs using 220.4% CPU
Identifying sites to remove: done in 0.000326157 secs using 464.5% CPU
Identifying sites to remove: done in 0.000418015 secs using 177.5% CPU
Identifying sites to remove: done in 0.000394866 secs using 99.53% CPU
Identifying sites to remove: done in 0.000329189 secs using 1031% CPU
Identifying sites to remove: done in 0.000418745 secs using 2106% CPU
Identifying sites to remove: done in 0.000416659 secs using 951.1% CPU
Identifying sites to remove: done in 0.000355229 secs using 1052% CPU
Identifying sites to remove: done in 0.000337169 secs using 1136% CPU
Identifying sites to remove: done in 0.000316381 secs using 132.4% CPU
Identifying sites to remove: done in 0.000412159 secs using 1.37e+04% CPU
Identifying sites to remove: done in 0.000286579 secs using 1.826e+04% CPU
Identifying sites to remove: done in 0.000432707 secs using 1.233e+04% CPU
Identifying sites to remove: done in 0.000341713 secs using 433.7% CPU
Identifying sites to remove: done in 0.000406936 secs using 465.4% CPU
Identifying sites to remove: done in 0.000417709 secs using 272.4% CPU
Identifying sites to remove: done in 0.000332452 secs using 940.6% CPU
Identifying sites to remove: done in 0.000333279 secs using 757.3% CPU
Identifying sites to remove: done in 0.000330284 secs using 502.6% CPU
Identifying sites to remove: done in 0.000410296 secs using 194.7% CPU
Identifying sites to remove: done in 0.000314228 secs using 391.8% CPU
Identifying sites to remove: done in 0.000396609 secs using 576.1% CPU
Identifying sites to remove: done in 0.000319384 secs using 146.8% CPU
Identifying sites to remove: done in 0.000396527 secs using 533.1% CPU
Identifying sites to remove: done in 0.000402436 secs using 122% CPU
Identifying sites to remove: done in 0.000407882 secs using 706.3% CPU
Identifying sites to remove: done in 0.000412978 secs using 198.1% CPU
Identifying sites to remove: done in 0.000420064 secs using 1.698e+04% CPU
Identifying sites to remove: done in 0.000235893 secs using 2689% CPU
Identifying sites to remove: done in 0.00025557 secs using 849.5% CPU
Identifying sites to remove: done in 0.000258915 secs using 1955% CPU
Identifying sites to remove: done in 0.000284031 secs using 4358% CPU
Identifying sites to remove: done in 0.000307299 secs using 4516% CPU
Identifying sites to remove: done in 0.000307694 secs using 3608% CPU
Identifying sites to remove: done in 0.000307947 secs using 3162% CPU
Identifying sites to remove: done in 0.000307687 secs using 1328% CPU
Identifying sites to remove: done in 0.000310875 secs using 4970% CPU
Identifying sites to remove: done in 0.000344038 secs using 2458% CPU
Identifying sites to remove: done in 0.000257552 secs using 978.1% CPU
Identifying sites to remove: done in 0.000199668 secs using 771.8% CPU
Identifying sites to remove: done in 0.000210106 secs using 203.2% CPU
Identifying sites to remove: done in 0.000243902 secs using 99.63% CPU
Identifying sites to remove: done in 0.000150762 secs using 99.49% CPU
Identifying sites to remove: done in 0.000119492 secs using 422.6% CPU
Identifying sites to remove: done in 0.000207275 secs using 221.4% CPU
Identifying sites to remove: done in 0.000265971 secs using 287.2% CPU
Identifying sites to remove: done in 0.000116274 secs using 98.9% CPU
Identifying sites to remove: done in 0.000245705 secs using 99.31% CPU
Identifying sites to remove: done in 0.000114873 secs using 1841% CPU
Identifying sites to remove: done in 0.000242889 secs using 1115% CPU
Identifying sites to remove: done in 0.000199296 secs using 679.9% CPU
Identifying sites to remove: done in 0.00024581 secs using 1399% CPU
Identifying sites to remove: done in 0.000206463 secs using 736.2% CPU
Identifying sites to remove: done in 0.000239432 secs using 192.5% CPU
Identifying sites to remove: done in 0.00024388 secs using 99.64% CPU
Identifying sites to remove: done in 0.000250638 secs using 99.35% CPU
Identifying sites to remove: done in 0.000235662 secs using 99.72% CPU
Identifying sites to remove: done in 0.000254564 secs using 312.3% CPU
Identifying sites to remove: done in 0.000251479 secs using 1127% CPU
Identifying sites to remove: done in 0.000253588 secs using 157.3% CPU
Identifying sites to remove: done in 0.000257 secs using 204.3% CPU
Identifying sites to remove: done in 0.000250779 secs using 201% CPU
Identifying sites to remove: done in 0.000251569 secs using 99.38% CPU
Identifying sites to remove: done in 0.000261307 secs using 1157% CPU
Identifying sites to remove: done in 0.000255689 secs using 741.1% CPU
Identifying sites to remove: done in 0.000240602 secs using 244.8% CPU
Identifying sites to remove: done in 0.00024619 secs using 795.3% CPU
Identifying sites to remove: done in 0.0002077 secs using 123.3% CPU
Identifying sites to remove: done in 0.000201941 secs using 99.53% CPU
Identifying sites to remove: done in 0.000248119 secs using 1064% CPU
Identifying sites to remove: done in 0.000255741 secs using 2406% CPU
Identifying sites to remove: done in 0.000203326 secs using 2736% CPU
Identifying sites to remove: done in 0.000208594 secs using 1583% CPU
Identifying sites to remove: done in 0.000281647 secs using 2145% CPU
Identifying sites to remove: done in 0.000269085 secs using 224.8% CPU
Identifying sites to remove: done in 0.00023827 secs using 99.47% CPU
Identifying sites to remove: done in 0.000204913 secs using 1857% CPU
Identifying sites to remove: done in 0.00025516 secs using 1953% CPU
Identifying sites to remove: done in 0.000211857 secs using 226.1% CPU
Identifying sites to remove: done in 0.000212029 secs using 2.261e+04% CPU
Identifying sites to remove: done in 0.000281483 secs using 1.747e+04% CPU
Identifying sites to remove: done in 0.000243761 secs using 99.28% CPU
Identifying sites to remove: done in 0.000265323 secs using 99.5% CPU
Identifying sites to remove: done in 0.000258289 secs using 99.5% CPU
Identifying sites to remove: done in 0.000254549 secs using 1496% CPU
Identifying sites to remove: done in 0.000263922 secs using 195.5% CPU
Identifying sites to remove: done in 0.000256389 secs using 99.46% CPU
Identifying sites to remove: done in 0.000325315 secs using 2266% CPU
Identifying sites to remove: done in 0.000406869 secs using 1568% CPU
Identifying sites to remove: done in 0.000405736 secs using 910.7% CPU
Identifying sites to remove: done in 0.000452518 secs using 1668% CPU
Identifying sites to remove: done in 0.000459 secs using 1095% CPU
Identifying sites to remove: done in 0.000455774 secs using 1281% CPU
Identifying sites to remove: done in 0.000505552 secs using 2067% CPU
Identifying sites to remove: done in 0.00050661 secs using 2241% CPU
Identifying sites to remove: done in 0.000531681 secs using 1826% CPU
Identifying sites to remove: done in 0.000533789 secs using 2313% CPU
Identifying sites to remove: done in 0.000557326 secs using 614% CPU
Identifying sites to remove: done in 0.000320159 secs using 1554% CPU
Identifying sites to remove: done in 0.000370957 secs using 1010% CPU
Identifying sites to remove: done in 0.000429623 secs using 191.8% CPU
Identifying sites to remove: done in 0.000415593 secs using 672.1% CPU
Identifying sites to remove: done in 0.000475958 secs using 1.208e+04% CPU
Identifying sites to remove: done in 0.000399858 secs using 1.346e+04% CPU
Identifying sites to remove: done in 0.00020957 secs using 317.8% CPU
Identifying sites to remove: done in 0.000436582 secs using 394.9% CPU
Identifying sites to remove: done in 0.000191651 secs using 297.9% CPU
Identifying sites to remove: done in 0.000398137 secs using 433.3% CPU
Identifying sites to remove: done in 0.00040172 secs using 266.9% CPU
Identifying sites to remove: done in 0.000180334 secs using 1259% CPU
Identifying sites to remove: done in 0.000253744 secs using 1348% CPU
Identifying sites to remove: done in 0.000347562 secs using 1393% CPU
Identifying sites to remove: done in 0.000377432 secs using 626.9% CPU
Identifying sites to remove: done in 0.000470348 secs using 235.6% CPU
Identifying sites to remove: done in 0.000352882 secs using 844.2% CPU
Identifying sites to remove: done in 0.000324525 secs using 153.8% CPU
Identifying sites to remove: done in 0.000443146 secs using 818% CPU
Identifying sites to remove: done in 0.000444025 secs using 764.1% CPU
Identifying sites to remove: done in 0.000443645 secs using 2747% CPU
Identifying sites to remove: done in 0.000458427 secs using 1.323e+04% CPU
Identifying sites to remove: done in 0.00043489 secs using 1.222e+04% CPU
Identifying sites to remove: done in 0.000472739 secs using 1.203e+04% CPU
Identifying sites to remove: done in 0.000443727 secs using 1070% CPU
Identifying sites to remove: done in 0.000445239 secs using 876.2% CPU
Identifying sites to remove: done in 0.0003867 secs using 666.1% CPU
Identifying sites to remove: done in 0.000338085 secs using 800.7% CPU
Identifying sites to remove: done in 0.000362821 secs using 1193% CPU
Identifying sites to remove: done in 0.000427559 secs using 1708% CPU
Identifying sites to remove: done in 0.000388302 secs using 1396% CPU
Identifying sites to remove: done in 0.000383228 secs using 985.1% CPU
Identifying sites to remove: done in 0.00040929 secs using 1013% CPU
Identifying sites to remove: done in 0.000376582 secs using 2445% CPU
Identifying sites to remove: done in 0.000370398 secs using 1976% CPU
Identifying sites to remove: done in 0.000476412 secs using 1061% CPU
Identifying sites to remove: done in 0.000401571 secs using 1301% CPU
Identifying sites to remove: done in 0.000429392 secs using 1043% CPU
Identifying sites to remove: done in 0.000351563 secs using 313.7% CPU
Identifying sites to remove: done in 0.000394382 secs using 787.8% CPU
Identifying sites to remove: done in 0.000350118 secs using 1.351e+04% CPU
Identifying sites to remove: done in 0.000478812 secs using 1.017e+04% CPU
Identifying sites to remove: done in 0.000381269 secs using 411% CPU
Identifying sites to remove: done in 0.000458799 secs using 462.9% CPU
Identifying sites to remove: done in 0.000400938 secs using 152.4% CPU
Identifying sites to remove: done in 0.000385784 secs using 905.9% CPU
Identifying sites to remove: done in 0.000438645 secs using 140.4% CPU
Identifying sites to remove: done in 0.000430651 secs using 99.62% CPU
Identifying sites to remove: done in 0.000224911 secs using 1487% CPU
Identifying sites to remove: done in 0.000230767 secs using 2875% CPU
Identifying sites to remove: done in 0.000250004 secs using 1140% CPU
Identifying sites to remove: done in 0.000247896 secs using 887.1% CPU
Identifying sites to remove: done in 0.000278555 secs using 1793% CPU
Identifying sites to remove: done in 0.00027708 secs using 2722% CPU
Identifying sites to remove: done in 0.000276253 secs using 2016% CPU
Identifying sites to remove: done in 0.000278912 secs using 1565% CPU
Identifying sites to remove: done in 0.00034707 secs using 2421% CPU
Identifying sites to remove: done in 0.000375077 secs using 1751% CPU
Identifying sites to remove: done in 0.000190057 secs using 858.7% CPU
Identifying sites to remove: done in 0.00026869 secs using 498.7% CPU
Identifying sites to remove: done in 0.000207931 secs using 1108% CPU
Identifying sites to remove: done in 0.000232697 secs using 111.3% CPU
Identifying sites to remove: done in 0.000124186 secs using 99.04% CPU
Identifying sites to remove: done in 0.00017444 secs using 1134% CPU
Identifying sites to remove: done in 9.99644e-05 secs using 240.1% CPU
Identifying sites to remove: done in 0.00021141 secs using 286.2% CPU
Identifying sites to remove: done in 0.000102937 secs using 4421% CPU
Identifying sites to remove: done in 0.000199169 secs using 2748% CPU
Identifying sites to remove: done in 0.000199392 secs using 1863% CPU
Identifying sites to remove: done in 0.000226386 secs using 601.2% CPU
Identifying sites to remove: done in 0.000106193 secs using 1366% CPU
Identifying sites to remove: done in 0.000215665 secs using 946.4% CPU
Identifying sites to remove: done in 0.00015758 secs using 208.8% CPU
Identifying sites to remove: done in 0.000219658 secs using 831.3% CPU
Identifying sites to remove: done in 0.000205979 secs using 204.4% CPU
Identifying sites to remove: done in 0.000253856 secs using 1.902e+04% CPU
Identifying sites to remove: done in 0.000256866 secs using 1.772e+04% CPU
Identifying sites to remove: done in 0.000220306 secs using 276.9% CPU
Identifying sites to remove: done in 0.000217348 secs using 523.6% CPU
Identifying sites to remove: done in 0.000215054 secs using 775.6% CPU
Identifying sites to remove: done in 0.000229441 secs using 835.1% CPU
Identifying sites to remove: done in 0.000203528 secs using 621.5% CPU
Identifying sites to remove: done in 0.000208803 secs using 162.4% CPU
Identifying sites to remove: done in 0.00021784 secs using 726.2% CPU
Identifying sites to remove: done in 0.000217028 secs using 511.5% CPU
Identifying sites to remove: done in 0.000216641 secs using 127.4% CPU
Identifying sites to remove: done in 0.000184394 secs using 1084% CPU
Identifying sites to remove: done in 0.000220992 secs using 3759% CPU
Identifying sites to remove: done in 0.000231206 secs using 3579% CPU
Identifying sites to remove: done in 0.000214383 secs using 5081% CPU
Identifying sites to remove: done in 0.000231832 secs using 4051% CPU
Identifying sites to remove: done in 0.000258908 secs using 2303% CPU
Identifying sites to remove: done in 0.000288956 secs using 2673% CPU
Identifying sites to remove: done in 0.000263587 secs using 1429% CPU
Identifying sites to remove: done in 0.000250831 secs using 582.9% CPU
Identifying sites to remove: done in 0.000253096 secs using 397.1% CPU
Identifying sites to remove: done in 0.000172384 secs using 346.3% CPU
Identifying sites to remove: done in 0.000234105 secs using 642% CPU
Identifying sites to remove: done in 0.000225313 secs using 510% CPU
Identifying sites to remove: done in 0.00020346 secs using 269.3% CPU
Identifying sites to remove: done in 0.000167996 secs using 555.4% CPU
Identifying sites to remove: done in 0.00020279 secs using 120.8% CPU
Identifying sites to remove: done in 0.000213385 secs using 99.35% CPU
Identifying sites to remove: done in 0.000216402 secs using 99.35% CPU
Identifying sites to remove: done in 0.000219248 secs using 472.5% CPU
Identifying sites to remove: done in 0.000213549 secs using 105.4% CPU
Identifying sites to remove: done in 0.000222944 secs using 99.13% CPU
Identifying sites to remove: done in 0.00030829 secs using 884.9% CPU
Identifying sites to remove: done in 0.00031288 secs using 1320% CPU
Identifying sites to remove: done in 0.000378869 secs using 1579% CPU
Identifying sites to remove: done in 0.000390194 secs using 2606% CPU
Identifying sites to remove: done in 0.000389136 secs using 3289% CPU
Identifying sites to remove: done in 0.000387207 secs using 1907% CPU
Identifying sites to remove: done in 0.000418745 secs using 3410% CPU
Identifying sites to remove: done in 0.00041806 secs using 2765% CPU
Identifying sites to remove: done in 0.000465289 secs using 1945% CPU
Identifying sites to remove: done in 0.000468664 secs using 3381% CPU
Identifying sites to remove: done in 0.000360698 secs using 99.53% CPU
Identifying sites to remove: done in 0.000297129 secs using 192.2% CPU
Identifying sites to remove: done in 0.000311859 secs using 646.8% CPU
Identifying sites to remove: done in 0.000352822 secs using 99.48% CPU
Identifying sites to remove: done in 0.000217013 secs using 99.53% CPU
Identifying sites to remove: done in 0.000141837 secs using 939.1% CPU
Identifying sites to remove: done in 0.00037837 secs using 575.9% CPU
Identifying sites to remove: done in 0.000322573 secs using 207.1% CPU
Identifying sites to remove: done in 0.00017418 secs using 939.8% CPU
Identifying sites to remove: done in 0.000300996 secs using 156.8% CPU
Identifying sites to remove: done in 0.000301786 secs using 2225% CPU
Identifying sites to remove: done in 0.000305295 secs using 1655% CPU
Identifying sites to remove: done in 0.000173137 secs using 2599% CPU
Identifying sites to remove: done in 0.00025405 secs using 1114% CPU
Identifying sites to remove: done in 0.000300474 secs using 606% CPU
Identifying sites to remove: done in 0.000237167 secs using 126.9% CPU
Identifying sites to remove: done in 0.000361718 secs using 377.6% CPU
Identifying sites to remove: done in 0.000372715 secs using 182.4% CPU
Identifying sites to remove: done in 0.000293836 secs using 99.38% CPU
Identifying sites to remove: done in 0.000379398 secs using 564.8% CPU
Identifying sites to remove: done in 0.000372589 secs using 486.3% CPU
Identifying sites to remove: done in 0.000367239 secs using 196.6% CPU
Identifying sites to remove: done in 0.000368141 secs using 644.3% CPU
Identifying sites to remove: done in 0.000310726 secs using 200.5% CPU
Identifying sites to remove: done in 0.000362821 secs using 99.5% CPU
Identifying sites to remove: done in 0.000375442 secs using 2854% CPU
Identifying sites to remove: done in 0.000281632 secs using 1525% CPU
Identifying sites to remove: done in 0.000373147 secs using 2078% CPU
Identifying sites to remove: done in 0.000316493 secs using 362.7% CPU
Identifying sites to remove: done in 0.00030148 secs using 210.6% CPU
Identifying sites to remove: done in 0.000315547 secs using 499.5% CPU
Identifying sites to remove: done in 0.000372387 secs using 371.7% CPU
Identifying sites to remove: done in 0.000380702 secs using 462% CPU
Identifying sites to remove: done in 0.000245154 secs using 1156% CPU
Identifying sites to remove: done in 0.000385053 secs using 972.6% CPU
Identifying sites to remove: done in 0.000347041 secs using 1095% CPU
Identifying sites to remove: done in 0.000423014 secs using 1228% CPU
Identifying sites to remove: done in 0.000284925 secs using 427.8% CPU
Identifying sites to remove: done in 0.000376359 secs using 499.3% CPU
Identifying sites to remove: done in 0.000299573 secs using 894.9% CPU
Identifying sites to remove: done in 0.000305988 secs using 196.7% CPU
Identifying sites to remove: done in 0.000362664 secs using 482.3% CPU
Identifying sites to remove: done in 0.000303872 secs using 760.2% CPU
Identifying sites to remove: done in 0.000315771 secs using 194.8% CPU
Identifying sites to remove: done in 0.000381418 secs using 566% CPU
Identifying sites to remove: done in 0.000388764 secs using 1.418e+04% CPU
Identifying sites to remove: done in 0.000365838 secs using 949.9% CPU
Identifying sites to remove: done in 0.000369772 secs using 146.3% CPU
Identifying sites to remove: done in 0.000370607 secs using 99.57% CPU
Identifying sites to remove: done in 0.000167049 secs using 9349% CPU
Identifying sites to remove: done in 0.000171006 secs using 6233% CPU
Identifying sites to remove: done in 0.000193454 secs using 3115% CPU
Identifying sites to remove: done in 0.000213273 secs using 1729% CPU
Identifying sites to remove: done in 0.000226282 secs using 5938% CPU
Identifying sites to remove: done in 0.000229202 secs using 8051% CPU
Identifying sites to remove: done in 0.000270501 secs using 586.7% CPU
Identifying sites to remove: done in 0.000282794 secs using 3071% CPU
Identifying sites to remove: done in 0.000199184 secs using 188.8% CPU
Identifying sites to remove: done in 0.000251003 secs using 1750% CPU
Identifying sites to remove: done in 0.000199236 secs using 539.6% CPU
Identifying sites to remove: done in 0.000170611 secs using 157.7% CPU
Identifying sites to remove: done in 0.000132151 secs using 99.13% CPU
Identifying sites to remove: done in 0.000190109 secs using 2.565e+04% CPU
Identifying sites to remove: done in 9.87351e-05 secs using 249.2% CPU
Identifying sites to remove: done in 0.0002186 secs using 362.8% CPU
Identifying sites to remove: done in 0.000204682 secs using 704.5% CPU
Identifying sites to remove: done in 0.000194103 secs using 789.3% CPU
Identifying sites to remove: done in 0.000109561 secs using 733.8% CPU
Identifying sites to remove: done in 0.000205658 secs using 575.2% CPU
Identifying sites to remove: done in 0.000127085 secs using 260.5% CPU
Identifying sites to remove: done in 0.000100419 secs using 1653% CPU
Identifying sites to remove: done in 0.000141121 secs using 229.6% CPU
Identifying sites to remove: done in 0.000247397 secs using 498% CPU
Identifying sites to remove: done in 0.000136927 secs using 99.32% CPU
Identifying sites to remove: done in 0.000204474 secs using 1095% CPU
Identifying sites to remove: done in 0.000212066 secs using 790.8% CPU
Identifying sites to remove: done in 0.000211023 secs using 128.9% CPU
Identifying sites to remove: done in 0.000198215 secs using 1246% CPU
Identifying sites to remove: done in 0.000194855 secs using 174.5% CPU
Identifying sites to remove: done in 0.000129774 secs using 99.4% CPU
Identifying sites to remove: done in 0.000204086 secs using 98.98% CPU
Identifying sites to remove: done in 0.000200815 secs using 1733% CPU
Identifying sites to remove: done in 0.000165872 secs using 159.2% CPU
Identifying sites to remove: done in 0.000211224 secs using 6865% CPU
Identifying sites to remove: done in 0.000148915 secs using 9539% CPU
Identifying sites to remove: done in 0.000205182 secs using 5793% CPU
Identifying sites to remove: done in 0.000216894 secs using 1905% CPU
Identifying sites to remove: done in 0.000266373 secs using 3962% CPU
Identifying sites to remove: done in 0.00023485 secs using 456.5% CPU
Identifying sites to remove: done in 0.000259057 secs using 2688% CPU
Identifying sites to remove: done in 0.000186048 secs using 221.4% CPU
Identifying sites to remove: done in 0.000218578 secs using 317% CPU
Identifying sites to remove: done in 0.000171177 secs using 732.6% CPU
Identifying sites to remove: done in 0.000251152 secs using 912.2% CPU
Identifying sites to remove: done in 0.00019291 secs using 846.5% CPU
Identifying sites to remove: done in 0.00015711 secs using 670.9% CPU
Identifying sites to remove: done in 0.000233464 secs using 236% CPU
Identifying sites to remove: done in 0.000198275 secs using 920.9% CPU
Identifying sites to remove: done in 0.000227958 secs using 164.5% CPU
Identifying sites to remove: done in 0.00020913 secs using 99.46% CPU
Identifying sites to remove: done in 0.000180975 secs using 2841% CPU
Identifying sites to remove: done in 0.000204362 secs using 1084% CPU
Identifying sites to remove: done in 0.00020656 secs using 1812% CPU
Identifying sites to remove: done in 0.000203304 secs using 370.4% CPU
Identifying sites to remove: done in 0.00013262 secs using 1532% CPU
Identifying sites to remove: done in 0.00014545 secs using 189.8% CPU
Identifying sites to remove: done in 7.67931e-05 secs using 97.66% CPU
Identifying sites to remove: done in 0.000124268 secs using 98.98% CPU
Identifying sites to remove: done in 0.00013306 secs using 2714% CPU
Identifying sites to remove: done in 0.000162892 secs using 749% CPU
Identifying sites to remove: done in 0.000156291 secs using 166.4% CPU
Identifying sites to remove: done in 0.000156507 secs using 99.68% CPU
Identifying sites to remove: done in 0.000145085 secs using 2479% CPU
Identifying sites to remove: done in 0.000152975 secs using 156.2% CPU
Identifying sites to remove: done in 0.000155807 secs using 2479% CPU
Identifying sites to remove: done in 0.00016544 secs using 192.2% CPU
Identifying sites to remove: done in 0.00019443 secs using 2.622e+04% CPU
Identifying sites to remove: done in 0.000197351 secs using 450.5% CPU
Identifying sites to remove: done in 0.000178784 secs using 485.5% CPU
Identifying sites to remove: done in 0.000172317 secs using 428.3% CPU
Identifying sites to remove: done in 0.000169635 secs using 313% CPU
Identifying sites to remove: done in 0.00014548 secs using 98.98% CPU
Identifying sites to remove: done in 0.000260562 secs using 2.038e+04% CPU
Identifying sites to remove: done in 0.000262156 secs using 1.878e+04% CPU
Identifying sites to remove: done in 0.000284187 secs using 1.618e+04% CPU
Identifying sites to remove: done in 0.000335112 secs using 1.716e+04% CPU
Identifying sites to remove: done in 0.000343554 secs using 2.011e+04% CPU
Identifying sites to remove: done in 0.000338122 secs using 2.147e+04% CPU
Identifying sites to remove: done in 0.000337243 secs using 2.266e+04% CPU
Identifying sites to remove: done in 0.000345059 secs using 1.899e+04% CPU
Identifying sites to remove: done in 0.000339776 secs using 1.809e+04% CPU
Identifying sites to remove: done in 0.000341825 secs using 2.354e+04% CPU
Identifying sites to remove: done in 0.000241734 secs using 996.5% CPU
Identifying sites to remove: done in 0.000216097 secs using 703.9% CPU
Identifying sites to remove: done in 0.00021898 secs using 215.5% CPU
Identifying sites to remove: done in 0.000225224 secs using 99.46% CPU
Identifying sites to remove: done in 0.000115447 secs using 98.75% CPU
Identifying sites to remove: done in 0.000106491 secs using 4684% CPU
Identifying sites to remove: done in 0.000195742 secs using 1383% CPU
Identifying sites to remove: done in 0.000236079 secs using 285.9% CPU
Identifying sites to remove: done in 0.000115827 secs using 126.9% CPU
Identifying sites to remove: done in 0.000225835 secs using 3058% CPU
Identifying sites to remove: done in 0.000121988 secs using 4418% CPU
Identifying sites to remove: done in 0.000234582 secs using 2524% CPU
Identifying sites to remove: done in 0.000219673 secs using 1418% CPU
Identifying sites to remove: done in 0.000189781 secs using 656.5% CPU
Identifying sites to remove: done in 0.000182219 secs using 1410% CPU
Identifying sites to remove: done in 0.000229776 secs using 161% CPU
Identifying sites to remove: done in 0.000246525 secs using 95.33% CPU
Identifying sites to remove: done in 0.000232525 secs using 99.34% CPU
Identifying sites to remove: done in 0.000218011 secs using 99.54% CPU
Identifying sites to remove: done in 0.000238851 secs using 322.8% CPU
Identifying sites to remove: done in 0.000232972 secs using 913% CPU
Identifying sites to remove: done in 0.000236817 secs using 175.2% CPU
Identifying sites to remove: done in 0.000227608 secs using 1094% CPU
Identifying sites to remove: done in 0.000230215 secs using 1203% CPU
Identifying sites to remove: done in 0.000231847 secs using 137.2% CPU
Identifying sites to remove: done in 0.000237517 secs using 2828% CPU
Identifying sites to remove: done in 0.000235528 secs using 1627% CPU
Identifying sites to remove: done in 0.000228159 secs using 280.9% CPU
Identifying sites to remove: done in 0.000218399 secs using 99.36% CPU
Identifying sites to remove: done in 0.000236154 secs using 2.185e+04% CPU
Identifying sites to remove: done in 0.000198022 secs using 351% CPU
Identifying sites to remove: done in 0.000240281 secs using 303.8% CPU
Identifying sites to remove: done in 0.000233255 secs using 166.3% CPU
Identifying sites to remove: done in 0.00020089 secs using 886.1% CPU
Identifying sites to remove: done in 0.00021223 secs using 1094% CPU
Identifying sites to remove: done in 0.000267327 secs using 841.7% CPU
Identifying sites to remove: done in 0.000285454 secs using 580.1% CPU
Identifying sites to remove: done in 0.000224911 secs using 191.6% CPU
Identifying sites to remove: done in 0.000231102 secs using 98.66% CPU
Identifying sites to remove: done in 0.000187457 secs using 886.1% CPU
Identifying sites to remove: done in 0.000185758 secs using 177.1% CPU
Identifying sites to remove: done in 0.000237279 secs using 608.1% CPU
Identifying sites to remove: done in 0.000191115 secs using 194.1% CPU
Identifying sites to remove: done in 0.000228316 secs using 2137% CPU
Identifying sites to remove: done in 0.000245981 secs using 646.4% CPU
Identifying sites to remove: done in 0.000233807 secs using 113.3% CPU
Identifying sites to remove: done in 0.000237718 secs using 598.2% CPU
Identifying sites to remove: done in 0.000236012 secs using 177.1% CPU
Identifying sites to remove: done in 0.000249863 secs using 99.65% CPU
Identifying sites to remove: done in 0.000173576 secs using 8487% CPU
Identifying sites to remove: done in 0.000173852 secs using 9830% CPU
Identifying sites to remove: done in 0.000181489 secs using 1.076e+04% CPU
Identifying sites to remove: done in 0.000181876 secs using 5585% CPU
Identifying sites to remove: done in 0.000231072 secs using 9544% CPU
Identifying sites to remove: done in 0.00024984 secs using 3221% CPU
Identifying sites to remove: done in 0.000253655 secs using 5060% CPU
Identifying sites to remove: done in 0.000240318 secs using 1508% CPU
Identifying sites to remove: done in 0.000234336 secs using 785.2% CPU
Identifying sites to remove: done in 0.000242919 secs using 2434% CPU
Identifying sites to remove: done in 0.000149831 secs using 98.11% CPU
Identifying sites to remove: done in 0.000119619 secs using 3499% CPU
Identifying sites to remove: done in 0.000145763 secs using 743% CPU
Identifying sites to remove: done in 0.000139259 secs using 253.5% CPU
Identifying sites to remove: done in 9.16272e-05 secs using 99.32% CPU
Identifying sites to remove: done in 0.00011833 secs using 400.6% CPU
Identifying sites to remove: done in 0.000195466 secs using 2.051e+04% CPU
Identifying sites to remove: done in 0.000133112 secs using 2.699e+04% CPU
Identifying sites to remove: done in 0.000144251 secs using 648.9% CPU
Identifying sites to remove: done in 0.000141002 secs using 573% CPU
Identifying sites to remove: done in 9.97782e-05 secs using 412.9% CPU
Identifying sites to remove: done in 0.000159509 secs using 433.2% CPU
Identifying sites to remove: done in 0.000121333 secs using 771.4% CPU
Identifying sites to remove: done in 0.000142947 secs using 781.4% CPU
Identifying sites to remove: done in 9.18731e-05 secs using 843.6% CPU
Identifying sites to remove: done in 0.000147976 secs using 665.6% CPU
Identifying sites to remove: done in 0.000143088 secs using 143.3% CPU
Identifying sites to remove: done in 0.000142537 secs using 98.22% CPU
Identifying sites to remove: done in 0.00013385 secs using 98.62% CPU
Identifying sites to remove: done in 0.000141107 secs using 98.51% CPU
Identifying sites to remove: done in 0.000143766 secs using 386.7% CPU
Identifying sites to remove: done in 0.00014136 secs using 198.8% CPU
Identifying sites to remove: done in 0.000139795 secs using 1516% CPU
Identifying sites to remove: done in 0.000133008 secs using 1698% CPU
Identifying sites to remove: done in 0.000137128 secs using 194% CPU
Identifying sites to remove: done in 0.000147663 secs using 1885% CPU
Identifying sites to remove: done in 0.000154272 secs using 711.1% CPU
Identifying sites to remove: done in 0.000161529 secs using 217.9% CPU
Identifying sites to remove: done in 0.000138551 secs using 98.88% CPU
Identifying sites to remove: done in 0.000139512 secs using 98.2% CPU
Identifying sites to remove: done in 0.000117123 secs using 2916% CPU
Identifying sites to remove: done in 0.000147484 secs using 1297% CPU
Identifying sites to remove: done in 0.000154354 secs using 6253% CPU
Identifying sites to remove: done in 0.000140078 secs using 4682% CPU
Identifying sites to remove: done in 0.000140332 secs using 4392% CPU
Identifying sites to remove: done in 0.000135183 secs using 2520% CPU
Identifying sites to remove: done in 0.000146061 secs using 410.1% CPU
Identifying sites to remove: done in 0.000127397 secs using 469.4% CPU
Identifying sites to remove: done in 0.00014402 secs using 105.5% CPU
Identifying sites to remove: done in 0.000150718 secs using 254.1% CPU
Identifying sites to remove: done in 0.000139646 secs using 203.4% CPU
Identifying sites to remove: done in 0.000122815 secs using 736.9% CPU
Identifying sites to remove: done in 0.00011427 secs using 555.7% CPU
Identifying sites to remove: done in 0.000145145 secs using 229.4% CPU
Identifying sites to remove: done in 0.000155151 secs using 99.26% CPU
Identifying sites to remove: done in 0.000145502 secs using 98.97% CPU
Identifying sites to remove: done in 0.000142761 secs using 1371% CPU
Identifying sites to remove: done in 0.000155166 secs using 189.5% CPU
Identifying sites to remove: done in 0.000143439 secs using 99% CPU
Identifying sites to remove: done in 0.000378393 secs using 913.3% CPU
Identifying sites to remove: done in 0.000384547 secs using 1675% CPU
Identifying sites to remove: done in 0.000392936 secs using 2751% CPU
Identifying sites to remove: done in 0.000411913 secs using 1259% CPU
Identifying sites to remove: done in 0.000389993 secs using 2394% CPU
Identifying sites to remove: done in 0.000452362 secs using 3399% CPU
Identifying sites to remove: done in 0.000449732 secs using 3091% CPU
Identifying sites to remove: done in 0.000434555 secs using 1869% CPU
Identifying sites to remove: done in 0.000484891 secs using 3493% CPU
Identifying sites to remove: done in 0.000512265 secs using 2484% CPU
Identifying sites to remove: done in 0.000378102 secs using 99.71% CPU
Identifying sites to remove: done in 0.000240356 secs using 1952% CPU
Identifying sites to remove: done in 0.000258729 secs using 1417% CPU
Identifying sites to remove: done in 0.000382662 secs using 169.6% CPU
Identifying sites to remove: done in 0.00018543 secs using 99.23% CPU
Identifying sites to remove: done in 0.000186913 secs using 466% CPU
Identifying sites to remove: done in 0.000449359 secs using 1.205e+04% CPU
Identifying sites to remove: done in 0.000349745 secs using 409.7% CPU
Identifying sites to remove: done in 0.00038521 secs using 313.3% CPU
Identifying sites to remove: done in 0.000157021 secs using 1004% CPU
Identifying sites to remove: done in 0.000379413 secs using 985.7% CPU
Identifying sites to remove: done in 0.000373386 secs using 839.3% CPU
Identifying sites to remove: done in 0.00031969 secs using 707.2% CPU
Identifying sites to remove: done in 0.000225455 secs using 1104% CPU
Identifying sites to remove: done in 0.000323579 secs using 539% CPU
Identifying sites to remove: done in 0.000240222 secs using 178.6% CPU
Identifying sites to remove: done in 0.000372089 secs using 255.9% CPU
Identifying sites to remove: done in 0.00040064 secs using 134.3% CPU
Identifying sites to remove: done in 0.000372633 secs using 99.83% CPU
Identifying sites to remove: done in 0.000386797 secs using 734.2% CPU
Identifying sites to remove: done in 0.000378802 secs using 1307% CPU
Identifying sites to remove: done in 0.000382945 secs using 2354% CPU
Identifying sites to remove: done in 0.0004334 secs using 1.323e+04% CPU
Identifying sites to remove: done in 0.000415549 secs using 1.201e+04% CPU
Identifying sites to remove: done in 0.000437401 secs using 1.221e+04% CPU
Identifying sites to remove: done in 0.00030119 secs using 595.3% CPU
Identifying sites to remove: done in 0.000397801 secs using 1050% CPU
Identifying sites to remove: done in 0.0003893 secs using 943.7% CPU
Identifying sites to remove: done in 0.000347361 secs using 652.3% CPU
Identifying sites to remove: done in 0.000403173 secs using 642.9% CPU
Identifying sites to remove: done in 0.000396334 secs using 1733% CPU
Identifying sites to remove: done in 0.000323981 secs using 1135% CPU
Identifying sites to remove: done in 0.000339918 secs using 1629% CPU
Identifying sites to remove: done in 0.000323288 secs using 533.9% CPU
Identifying sites to remove: done in 0.000338465 secs using 2340% CPU
Identifying sites to remove: done in 0.000345089 secs using 1669% CPU
Identifying sites to remove: done in 0.000324853 secs using 1049% CPU
Identifying sites to remove: done in 0.000404358 secs using 375.4% CPU
Identifying sites to remove: done in 0.000309773 secs using 1394% CPU
Identifying sites to remove: done in 0.000312701 secs using 1780% CPU
Identifying sites to remove: done in 0.000328422 secs using 782.8% CPU
Identifying sites to remove: done in 0.000326976 secs using 630.6% CPU
Identifying sites to remove: done in 0.000325397 secs using 186.5% CPU
Identifying sites to remove: done in 0.000358075 secs using 1.378e+04% CPU
Identifying sites to remove: done in 0.000339031 secs using 1.438e+04% CPU
Identifying sites to remove: done in 0.000297442 secs using 99.52% CPU
Identifying sites to remove: done in 0.000297919 secs using 99.36% CPU
Identifying sites to remove: done in 0.000376686 secs using 99.55% CPU
Identifying sites to remove: done in 0.000392094 secs using 99.72% CPU
Identifying sites to remove: done in 0.000230528 secs using 2461% CPU
Identifying sites to remove: done in 0.000231244 secs using 1651% CPU
Identifying sites to remove: done in 0.000248112 secs using 880.2% CPU
Identifying sites to remove: done in 0.000282302 secs using 3448% CPU
Identifying sites to remove: done in 0.000282981 secs using 4760% CPU
Identifying sites to remove: done in 0.000318848 secs using 4821% CPU
Identifying sites to remove: done in 0.000320382 secs using 5395% CPU
Identifying sites to remove: done in 0.000323445 secs using 3696% CPU
Identifying sites to remove: done in 0.000320256 secs using 2562% CPU
Identifying sites to remove: done in 0.000321746 secs using 5963% CPU
Identifying sites to remove: done in 0.00023514 secs using 481.8% CPU
Identifying sites to remove: done in 0.000213824 secs using 614.5% CPU
Identifying sites to remove: done in 0.000197381 secs using 149% CPU
Identifying sites to remove: done in 0.000213243 secs using 98.95% CPU
Identifying sites to remove: done in 0.000141248 secs using 99.82% CPU
Identifying sites to remove: done in 0.000203036 secs using 450.2% CPU
Identifying sites to remove: done in 0.000103861 secs using 259% CPU
Identifying sites to remove: done in 0.000234328 secs using 356.8% CPU
Identifying sites to remove: done in 0.000112705 secs using 191.7% CPU
Identifying sites to remove: done in 0.000222579 secs using 559.8% CPU
Identifying sites to remove: done in 0.000216536 secs using 1808% CPU
Identifying sites to remove: done in 0.000208236 secs using 1511% CPU
Identifying sites to remove: done in 0.000131391 secs using 1569% CPU
Identifying sites to remove: done in 0.000189401 secs using 1293% CPU
Identifying sites to remove: done in 0.000192918 secs using 847% CPU
Identifying sites to remove: done in 0.000224009 secs using 335.7% CPU
Identifying sites to remove: done in 0.000221521 secs using 99.31% CPU
Identifying sites to remove: done in 0.000225827 secs using 99.63% CPU
Identifying sites to remove: done in 0.000206113 secs using 98.97% CPU
Identifying sites to remove: done in 0.000232831 secs using 1094% CPU
Identifying sites to remove: done in 0.000239365 secs using 353.9% CPU
Identifying sites to remove: done in 0.00024759 secs using 199.5% CPU
Identifying sites to remove: done in 0.000211827 secs using 1719% CPU
Identifying sites to remove: done in 0.000231072 secs using 190.4% CPU
Identifying sites to remove: done in 0.000216708 secs using 99.21% CPU
Identifying sites to remove: done in 0.000253059 secs using 617.2% CPU
Identifying sites to remove: done in 0.000224978 secs using 512.5% CPU
Identifying sites to remove: done in 0.000247538 secs using 579.7% CPU
Identifying sites to remove: done in 0.000235513 secs using 156.7% CPU
Identifying sites to remove: done in 0.000194058 secs using 98.94% CPU
Identifying sites to remove: done in 0.000193305 secs using 830.3% CPU
Identifying sites to remove: done in 0.000231266 secs using 1224% CPU
Identifying sites to remove: done in 0.000266276 secs using 1495% CPU
Identifying sites to remove: done in 0.000183187 secs using 1863% CPU
Identifying sites to remove: done in 0.000217989 secs using 1051% CPU
Identifying sites to remove: done in 0.000234514 secs using 1599% CPU
Identifying sites to remove: done in 0.000236228 secs using 933.8% CPU
Identifying sites to remove: done in 0.000200056 secs using 141.5% CPU
Identifying sites to remove: done in 0.000224218 secs using 504.4% CPU
Identifying sites to remove: done in 0.000203177 secs using 1291% CPU
Identifying sites to remove: done in 0.000191495 secs using 416.2% CPU
Identifying sites to remove: done in 0.000225045 secs using 475.9% CPU
Identifying sites to remove: done in 0.000202365 secs using 701.2% CPU
Identifying sites to remove: done in 0.000199907 secs using 182.6% CPU
Identifying sites to remove: done in 0.000233151 secs using 525.8% CPU
Identifying sites to remove: done in 0.000235513 secs using 133.3% CPU
Identifying sites to remove: done in 0.000225335 secs using 671.9% CPU
Identifying sites to remove: done in 0.000237323 secs using 129.4% CPU
Identifying sites to remove: done in 0.000227876 secs using 99.62% CPU
Identifying sites to remove: done in 0.000217184 secs using 3738% CPU
Identifying sites to remove: done in 0.000267133 secs using 6496% CPU
Identifying sites to remove: done in 0.000290833 secs using 5257% CPU
Identifying sites to remove: done in 0.000291012 secs using 3727% CPU
Identifying sites to remove: done in 0.000322402 secs using 2048% CPU
Identifying sites to remove: done in 0.000326023 secs using 4091% CPU
Identifying sites to remove: done in 0.000323363 secs using 1387% CPU
Identifying sites to remove: done in 0.000303686 secs using 732.7% CPU
Identifying sites to remove: done in 0.000166379 secs using 99.17% CPU
Identifying sites to remove: done in 0.00016968 secs using 99.01% CPU
Identifying sites to remove: done in 0.000113085 secs using 99.04% CPU
Identifying sites to remove: done in 0.000285447 secs using 1.714e+04% CPU
Identifying sites to remove: done in 0.000268072 secs using 1.633e+04% CPU
Identifying sites to remove: done in 0.000283092 secs using 1.593e+04% CPU
Identifying sites to remove: done in 0.000186138 secs using 531.3% CPU
Identifying sites to remove: done in 0.000314653 secs using 1.121e+04% CPU
Identifying sites to remove: done in 0.000199698 secs using 410.1% CPU
Identifying sites to remove: done in 0.000216298 secs using 523.8% CPU
Identifying sites to remove: done in 0.000112452 secs using 663.4% CPU
Identifying sites to remove: done in 0.00018505 secs using 189.1% CPU
Identifying sites to remove: done in 0.000211962 secs using 561.9% CPU
Identifying sites to remove: done in 0.000221841 secs using 112.2% CPU
Identifying sites to remove: done in 0.000203393 secs using 816.2% CPU
Identifying sites to remove: done in 0.000200458 secs using 125.2% CPU
Identifying sites to remove: done in 0.000219271 secs using 1019% CPU
Identifying sites to remove: done in 0.000136606 secs using 160.3% CPU
Identifying sites to remove: done in 0.00015486 secs using 4193% CPU
Identifying sites to remove: done in 0.000189692 secs using 996.9% CPU
Identifying sites to remove: done in 0.000231043 secs using 3026% CPU
Identifying sites to remove: done in 0.000211582 secs using 1546% CPU
Identifying sites to remove: done in 0.000222586 secs using 1402% CPU
Identifying sites to remove: done in 0.000151031 secs using 209.9% CPU
Identifying sites to remove: done in 0.000167288 secs using 1827% CPU
Identifying sites to remove: done in 0.000226066 secs using 303% CPU
Identifying sites to remove: done in 0.000211291 secs using 369.6% CPU
Identifying sites to remove: done in 0.000221901 secs using 148.3% CPU
Identifying sites to remove: done in 0.000292756 secs using 1.683e+04% CPU
Identifying sites to remove: done in 0.000280626 secs using 1.645e+04% CPU
Identifying sites to remove: done in 0.000272743 secs using 1.672e+04% CPU
Identifying sites to remove: done in 0.000220709 secs using 225.6% CPU
Identifying sites to remove: done in 0.000209041 secs using 99.02% CPU
Identifying sites to remove: done in 0.000190407 secs using 3718% CPU
Identifying sites to remove: done in 0.000194296 secs using 3034% CPU
Identifying sites to remove: done in 0.000195712 secs using 1780% CPU
Identifying sites to remove: done in 0.000192203 secs using 2429% CPU
Identifying sites to remove: done in 0.000227809 secs using 509.2% CPU
Identifying sites to remove: done in 0.000244319 secs using 995.8% CPU
Identifying sites to remove: done in 0.00010781 secs using 98.32% CPU
Identifying sites to remove: done in 7.8097e-05 secs using 5197% CPU
Identifying sites to remove: done in 0.000134431 secs using 1688% CPU
Identifying sites to remove: done in 0.000155628 secs using 216.5% CPU
Identifying sites to remove: done in 9.8832e-05 secs using 4722% CPU
Identifying sites to remove: done in 0.000148259 secs using 3326% CPU
Identifying sites to remove: done in 0.000149339 secs using 1805% CPU
Identifying sites to remove: done in 0.000172205 secs using 278.7% CPU
Identifying sites to remove: done in 6.14002e-05 secs using 198.7% CPU
Identifying sites to remove: done in 0.000121087 secs using 265.9% CPU
Identifying sites to remove: done in 0.000144586 secs using 1991% CPU
Identifying sites to remove: done in 0.000136331 secs using 162.1% CPU
Identifying sites to remove: done in 0.000123754 secs using 2512% CPU
Identifying sites to remove: done in 0.00013268 secs using 1422% CPU
Identifying sites to remove: done in 0.000130184 secs using 5068% CPU
Identifying sites to remove: done in 0.000132889 secs using 2635% CPU
Identifying sites to remove: done in 0.000123061 secs using 211.3% CPU
Identifying sites to remove: done in 0.000138231 secs using 2193% CPU
Identifying sites to remove: done in 0.000123687 secs using 558.7% CPU
Identifying sites to remove: done in 0.000151172 secs using 1619% CPU
Identifying sites to remove: done in 0.000155821 secs using 299.7% CPU
Identifying sites to remove: done in 0.000132754 secs using 262.9% CPU
Identifying sites to remove: done in 0.000126965 secs using 119.7% CPU
Identifying sites to remove: done in 0.000134744 secs using 350.3% CPU
Identifying sites to remove: done in 0.000155956 secs using 432.8% CPU
Identifying sites to remove: done in 0.000154182 secs using 455.3% CPU
Identifying sites to remove: done in 0.000135921 secs using 176.6% CPU
Identifying sites to remove: done in 0.000270188 secs using 7597% CPU
Identifying sites to remove: done in 0.000273019 secs using 9692% CPU
Identifying sites to remove: done in 0.00030335 secs using 7921% CPU
Identifying sites to remove: done in 0.000314541 secs using 9569% CPU
Identifying sites to remove: done in 0.000308461 secs using 4914% CPU
Identifying sites to remove: done in 0.000306942 secs using 5781% CPU
Identifying sites to remove: done in 0.000304684 secs using 3913% CPU
Identifying sites to remove: done in 0.000302896 secs using 949.2% CPU
Identifying sites to remove: done in 0.000300035 secs using 1899% CPU
Identifying sites to remove: done in 0.000298448 secs using 2959% CPU
Identifying sites to remove: done in 0.000237063 secs using 99.13% CPU
Identifying sites to remove: done in 0.00019338 secs using 901.9% CPU
Identifying sites to remove: done in 0.000192173 secs using 601% CPU
Identifying sites to remove: done in 0.000230871 secs using 195.8% CPU
Identifying sites to remove: done in 0.000112213 secs using 98.92% CPU
Identifying sites to remove: done in 0.000208013 secs using 199% CPU
Identifying sites to remove: done in 0.000257105 secs using 809% CPU
Identifying sites to remove: done in 0.000107341 secs using 1888% CPU
Identifying sites to remove: done in 0.000223979 secs using 118.8% CPU
Identifying sites to remove: done in 0.000112422 secs using 2196% CPU
Identifying sites to remove: done in 0.000229001 secs using 1255% CPU
Identifying sites to remove: done in 0.000229403 secs using 1093% CPU
Identifying sites to remove: done in 0.000223048 secs using 1409% CPU
Identifying sites to remove: done in 0.000121415 secs using 1751% CPU
Identifying sites to remove: done in 0.000193663 secs using 1296% CPU
Identifying sites to remove: done in 0.000206046 secs using 290.7% CPU
Identifying sites to remove: done in 0.000226654 secs using 99.27% CPU
Identifying sites to remove: done in 0.000234291 secs using 99.45% CPU
Identifying sites to remove: done in 0.000284635 secs using 1.939e+04% CPU
Identifying sites to remove: done in 0.000240885 secs using 334.6% CPU
Identifying sites to remove: done in 0.000232905 secs using 379.1% CPU
Identifying sites to remove: done in 0.000236131 secs using 536.1% CPU
Identifying sites to remove: done in 0.000228703 secs using 586.3% CPU
Identifying sites to remove: done in 0.000226229 secs using 696.2% CPU
Identifying sites to remove: done in 0.00022579 secs using 175.8% CPU
Identifying sites to remove: done in 0.000234269 secs using 1555% CPU
Identifying sites to remove: done in 0.00022804 secs using 756.9% CPU
Identifying sites to remove: done in 0.000238284 secs using 1172% CPU
Identifying sites to remove: done in 0.000228696 secs using 180.2% CPU
Identifying sites to remove: done in 0.000230186 secs using 2608% CPU
Identifying sites to remove: done in 0.000214435 secs using 1557% CPU
Identifying sites to remove: done in 0.000238121 secs using 2758% CPU
Identifying sites to remove: done in 0.000216484 secs using 1639% CPU
Identifying sites to remove: done in 0.000249565 secs using 2631% CPU
Identifying sites to remove: done in 0.000243217 secs using 2749% CPU
Identifying sites to remove: done in 0.000264302 secs using 1778% CPU
Identifying sites to remove: done in 0.000250444 secs using 518.3% CPU
Identifying sites to remove: done in 0.000183105 secs using 231% CPU
Identifying sites to remove: done in 0.000224791 secs using 99.2% CPU
Identifying sites to remove: done in 0.000237927 secs using 502.3% CPU
Identifying sites to remove: done in 0.000196539 secs using 710.3% CPU
Identifying sites to remove: done in 0.000194363 secs using 846.9% CPU
Identifying sites to remove: done in 0.000198737 secs using 493.1% CPU
Identifying sites to remove: done in 0.00024201 secs using 193.8% CPU
Identifying sites to remove: done in 0.000229746 secs using 652% CPU
Identifying sites to remove: done in 0.000227064 secs using 176.2% CPU
Identifying sites to remove: done in 0.000233196 secs using 1287% CPU
Identifying sites to remove: done in 0.000235431 secs using 197.9% CPU
Identifying sites to remove: done in 0.000238702 secs using 99.71% CPU
Identifying sites to remove: done in 0.000249252 secs using 1139% CPU
Identifying sites to remove: done in 0.000274718 secs using 1028% CPU
Identifying sites to remove: done in 0.000271939 secs using 926.7% CPU
Identifying sites to remove: done in 0.000289194 secs using 1674% CPU
Identifying sites to remove: done in 0.000309139 secs using 1687% CPU
Identifying sites to remove: done in 0.00032533 secs using 1326% CPU
Identifying sites to remove: done in 0.000326946 secs using 1434% CPU
Identifying sites to remove: done in 0.000291608 secs using 1884% CPU
Identifying sites to remove: done in 0.000328049 secs using 1252% CPU
Identifying sites to remove: done in 0.000387706 secs using 1006% CPU
Identifying sites to remove: done in 0.000252351 secs using 99.07% CPU
Identifying sites to remove: done in 0.000199392 secs using 685.6% CPU
Identifying sites to remove: done in 0.000201195 secs using 175.5% CPU
Identifying sites to remove: done in 0.000241965 secs using 99.19% CPU
Identifying sites to remove: done in 0.000124544 secs using 99.56% CPU
Identifying sites to remove: done in 0.000204831 secs using 1441% CPU
Identifying sites to remove: done in 0.000118755 secs using 252.6% CPU
Identifying sites to remove: done in 0.000260308 secs using 360% CPU
Identifying sites to remove: done in 0.000119045 secs using 2256% CPU
Identifying sites to remove: done in 0.000249363 secs using 2900% CPU
Identifying sites to remove: done in 0.000232629 secs using 2523% CPU
Identifying sites to remove: done in 0.000238709 secs using 1088% CPU
Identifying sites to remove: done in 0.000119917 secs using 4051% CPU
Identifying sites to remove: done in 0.000200458 secs using 1688% CPU
Identifying sites to remove: done in 0.000187732 secs using 1406% CPU
Identifying sites to remove: done in 0.000241868 secs using 219.5% CPU
Identifying sites to remove: done in 0.000242218 secs using 99.08% CPU
Identifying sites to remove: done in 0.000249147 secs using 99.54% CPU
Identifying sites to remove: done in 0.000234663 secs using 99.29% CPU
Identifying sites to remove: done in 0.000252388 secs using 99.05% CPU
Identifying sites to remove: done in 0.000249006 secs using 377.1% CPU
Identifying sites to remove: done in 0.000259288 secs using 194.4% CPU
Identifying sites to remove: done in 0.000250094 secs using 1078% CPU
Identifying sites to remove: done in 0.000240639 secs using 1212% CPU
Identifying sites to remove: done in 0.000245571 secs using 131.1% CPU
Identifying sites to remove: done in 0.000250258 secs using 2032% CPU
Identifying sites to remove: done in 0.000237696 secs using 792.6% CPU
Identifying sites to remove: done in 0.000266157 secs using 1288% CPU
Identifying sites to remove: done in 0.000238709 secs using 124% CPU
Identifying sites to remove: done in 0.000245951 secs using 2.205e+04% CPU
Identifying sites to remove: done in 0.00021483 secs using 396.1% CPU
Identifying sites to remove: done in 0.000257179 secs using 331.3% CPU
Identifying sites to remove: done in 0.000267744 secs using 150.5% CPU
Identifying sites to remove: done in 0.000253625 secs using 741.6% CPU
Identifying sites to remove: done in 0.000279121 secs using 1342% CPU
Identifying sites to remove: done in 0.000288673 secs using 864.6% CPU
Identifying sites to remove: done in 0.000304744 secs using 1046% CPU
Identifying sites to remove: done in 0.000265516 secs using 262.9% CPU
Identifying sites to remove: done in 0.000248373 secs using 1076% CPU
Identifying sites to remove: done in 0.000203848 secs using 911.5% CPU
Identifying sites to remove: done in 0.000216894 secs using 219.9% CPU
Identifying sites to remove: done in 0.000245333 secs using 512% CPU
Identifying sites to remove: done in 0.00021302 secs using 126.3% CPU
Identifying sites to remove: done in 0.00023514 secs using 99.09% CPU
Identifying sites to remove: done in 0.000249416 secs using 1660% CPU
Identifying sites to remove: done in 0.000249498 secs using 1208% CPU
Identifying sites to remove: done in 0.000248395 secs using 476.7% CPU
Identifying sites to remove: done in 0.000257209 secs using 155.5% CPU
Identifying sites to remove: done in 0.000263736 secs using 99.34% CPU
Identifying sites to remove: done in 0.000174612 secs using 1.183e+04% CPU
Identifying sites to remove: done in 0.000175267 secs using 1.024e+04% CPU
Identifying sites to remove: done in 0.000197165 secs using 1.188e+04% CPU
Identifying sites to remove: done in 0.000219598 secs using 1.2e+04% CPU
Identifying sites to remove: done in 0.000218153 secs using 4590% CPU
Identifying sites to remove: done in 0.000224493 secs using 6952% CPU
Identifying sites to remove: done in 0.000221223 secs using 5791% CPU
Identifying sites to remove: done in 0.000282653 secs using 1690% CPU
Identifying sites to remove: done in 0.000262536 secs using 782.7% CPU
Identifying sites to remove: done in 0.000309385 secs using 2492% CPU
Identifying sites to remove: done in 0.000175074 secs using 99.39% CPU
Identifying sites to remove: done in 0.000123665 secs using 884.6% CPU
Identifying sites to remove: done in 0.00016918 secs using 1102% CPU
Identifying sites to remove: done in 0.000159405 secs using 278.5% CPU
Identifying sites to remove: done in 9.93013e-05 secs using 99.7% CPU
Identifying sites to remove: done in 0.000181869 secs using 373.3% CPU
Identifying sites to remove: done in 0.000162303 secs using 208.3% CPU
Identifying sites to remove: done in 7.39098e-05 secs using 921.4% CPU
Identifying sites to remove: done in 0.000145793 secs using 1129% CPU
Identifying sites to remove: done in 0.000149593 secs using 840.9% CPU
Identifying sites to remove: done in 0.000145569 secs using 373.7% CPU
Identifying sites to remove: done in 0.000112712 secs using 267.9% CPU
Identifying sites to remove: done in 0.000184506 secs using 1224% CPU
Identifying sites to remove: done in 0.000109106 secs using 1449% CPU
Identifying sites to remove: done in 0.000152387 secs using 1183% CPU
Identifying sites to remove: done in 0.000162132 secs using 1037% CPU
Identifying sites to remove: done in 0.000177093 secs using 159.8% CPU
Identifying sites to remove: done in 0.000175856 secs using 98.94% CPU
Identifying sites to remove: done in 0.000138156 secs using 99.16% CPU
Identifying sites to remove: done in 0.00017634 secs using 99.24% CPU
Identifying sites to remove: done in 0.000172652 secs using 371.3% CPU
Identifying sites to remove: done in 0.000168249 secs using 200.3% CPU
Identifying sites to remove: done in 0.000170238 secs using 1352% CPU
Identifying sites to remove: done in 0.000156187 secs using 1937% CPU
Identifying sites to remove: done in 0.000160515 secs using 163.2% CPU
Identifying sites to remove: done in 0.000137009 secs using 832.8% CPU
Identifying sites to remove: done in 0.000170112 secs using 2658% CPU
Identifying sites to remove: done in 0.000184193 secs using 235.6% CPU
Identifying sites to remove: done in 0.000144511 secs using 98.95% CPU
Identifying sites to remove: done in 0.000146829 secs using 5505% CPU
Identifying sites to remove: done in 0.000187926 secs using 1.958e+04% CPU
Identifying sites to remove: done in 0.000231966 secs using 1.762e+04% CPU
Identifying sites to remove: done in 0.000154652 secs using 424.8% CPU
Identifying sites to remove: done in 0.000173487 secs using 498% CPU
Identifying sites to remove: done in 0.000159726 secs using 430.1% CPU
Identifying sites to remove: done in 0.000175901 secs using 452.5% CPU
Identifying sites to remove: done in 0.000169523 secs using 650.1% CPU
Identifying sites to remove: done in 0.000133261 secs using 492.3% CPU
Identifying sites to remove: done in 0.00014893 secs using 178.6% CPU
Identifying sites to remove: done in 0.000143014 secs using 758.7% CPU
Identifying sites to remove: done in 0.000144385 secs using 671.8% CPU
Identifying sites to remove: done in 0.000140913 secs using 137% CPU
Identifying sites to remove: done in 0.000158392 secs using 578.9% CPU
Identifying sites to remove: done in 0.000161901 secs using 1057% CPU
Identifying sites to remove: done in 0.000165261 secs using 640.2% CPU
Identifying sites to remove: done in 0.000176311 secs using 157.7% CPU
Identifying sites to remove: done in 0.000145808 secs using 2062% CPU
Identifying sites to remove: done in 0.000165783 secs using 153.8% CPU
Identifying sites to remove: done in 0.000170901 secs using 2314% CPU
Identifying sites to remove: done in 0.000473462 secs using 3271% CPU
Identifying sites to remove: done in 0.000474133 secs using 2802% CPU
Identifying sites to remove: done in 0.000479423 secs using 4646% CPU
Identifying sites to remove: done in 0.000498973 secs using 4916% CPU
Identifying sites to remove: done in 0.00052128 secs using 3464% CPU
Identifying sites to remove: done in 0.000535823 secs using 2131% CPU
Identifying sites to remove: done in 0.000567339 secs using 3626% CPU
Identifying sites to remove: done in 0.000512101 secs using 1805% CPU
Identifying sites to remove: done in 0.000556648 secs using 892.1% CPU
Identifying sites to remove: done in 0.000649855 secs using 1133% CPU
Identifying sites to remove: done in 0.000530526 secs using 1.03e+04% CPU
Identifying sites to remove: done in 0.000377268 secs using 598% CPU
Identifying sites to remove: done in 0.000451133 secs using 774.5% CPU
Identifying sites to remove: done in 0.000356868 secs using 262.8% CPU
Identifying sites to remove: done in 0.00021857 secs using 1275% CPU
Identifying sites to remove: done in 0.000458539 secs using 137.4% CPU
Identifying sites to remove: done in 0.000430398 secs using 1047% CPU
Identifying sites to remove: done in 0.000208385 secs using 1795% CPU
Identifying sites to remove: done in 0.000367597 secs using 181.2% CPU
Identifying sites to remove: done in 0.00021515 secs using 308.2% CPU
Identifying sites to remove: done in 0.000445649 secs using 1.392e+04% CPU
Identifying sites to remove: done in 0.00045003 secs using 1.299e+04% CPU
Identifying sites to remove: done in 0.000382677 secs using 1.419e+04% CPU
Identifying sites to remove: done in 0.000210904 secs using 362.7% CPU
Identifying sites to remove: done in 0.000348158 secs using 342.9% CPU
Identifying sites to remove: done in 0.000323802 secs using 139% CPU
Identifying sites to remove: done in 0.000456646 secs using 346.7% CPU
Identifying sites to remove: done in 0.000460207 secs using 145.2% CPU
Identifying sites to remove: done in 0.000419989 secs using 99.53% CPU
Identifying sites to remove: done in 0.000461012 secs using 1083% CPU
Identifying sites to remove: done in 0.000481807 secs using 1.483e+04% CPU
Identifying sites to remove: done in 0.00047262 secs using 1.43e+04% CPU
Identifying sites to remove: done in 0.000442505 secs using 275.7% CPU
Identifying sites to remove: done in 0.00046818 secs using 167% CPU
Identifying sites to remove: done in 0.000452951 secs using 99.79% CPU
Identifying sites to remove: done in 0.000482976 secs using 1744% CPU
Identifying sites to remove: done in 0.000373289 secs using 1035% CPU
Identifying sites to remove: done in 0.000477299 secs using 1331% CPU
Identifying sites to remove: done in 0.000443995 secs using 266.9% CPU
Identifying sites to remove: done in 0.00048431 secs using 1.38e+04% CPU
Identifying sites to remove: done in 0.000390261 secs using 1.615e+04% CPU
Identifying sites to remove: done in 0.00040032 secs using 1.381e+04% CPU
Identifying sites to remove: done in 0.000521094 secs using 1.142e+04% CPU
Identifying sites to remove: done in 0.000479929 secs using 337.5% CPU
Identifying sites to remove: done in 0.000477076 secs using 470.2% CPU
Identifying sites to remove: done in 0.000378303 secs using 718.2% CPU
Identifying sites to remove: done in 0.000340238 secs using 561.1% CPU
Identifying sites to remove: done in 0.000377052 secs using 459.9% CPU
Identifying sites to remove: done in 0.000453927 secs using 130% CPU
Identifying sites to remove: done in 0.000363179 secs using 720% CPU
Identifying sites to remove: done in 0.000355206 secs using 172.3% CPU
Identifying sites to remove: done in 0.000459649 secs using 961.8% CPU
Identifying sites to remove: done in 0.000390157 secs using 621% CPU
Identifying sites to remove: done in 0.000369139 secs using 180.1% CPU
Identifying sites to remove: done in 0.000484146 secs using 1.211e+04% CPU
Identifying sites to remove: done in 0.000488289 secs using 1.162e+04% CPU
Identifying sites to remove: done in 0.000458956 secs using 962.2% CPU
Identifying sites to remove: done in 0.000469051 secs using 1.464e+04% CPU
Identifying sites to remove: done in 0.000464454 secs using 99.26% CPU
Identifying sites to remove: done in 0.000204332 secs using 3806% CPU
Identifying sites to remove: done in 0.000254899 secs using 1238% CPU
Identifying sites to remove: done in 0.000270642 secs using 705.7% CPU
Identifying sites to remove: done in 0.00031992 secs using 3077% CPU
Identifying sites to remove: done in 0.000320457 secs using 1879% CPU
Identifying sites to remove: done in 0.000320911 secs using 1495% CPU
Identifying sites to remove: done in 0.000322886 secs using 3465% CPU
Identifying sites to remove: done in 0.000382662 secs using 1944% CPU
Identifying sites to remove: done in 0.000212483 secs using 98.83% CPU
Identifying sites to remove: done in 0.000208713 secs using 99.18% CPU
Identifying sites to remove: done in 0.000133321 secs using 99.01% CPU
Identifying sites to remove: done in 0.000124231 secs using 1822% CPU
Identifying sites to remove: done in 0.000268184 secs using 3034% CPU
Identifying sites to remove: done in 0.000135347 secs using 3.687e+04% CPU
Identifying sites to remove: done in 0.000250004 secs using 2.017e+04% CPU
Identifying sites to remove: done in 0.000294916 secs using 1.843e+04% CPU
Identifying sites to remove: done in 0.000289805 secs using 1.601e+04% CPU
Identifying sites to remove: done in 0.000177354 secs using 195.1% CPU
Identifying sites to remove: done in 0.000238724 secs using 326.7% CPU
Identifying sites to remove: done in 0.000257574 secs using 99% CPU
Identifying sites to remove: done in 0.000264317 secs using 99.12% CPU
Identifying sites to remove: done in 0.000275381 secs using 99.14% CPU
Identifying sites to remove: done in 0.000260361 secs using 939.1% CPU
Identifying sites to remove: done in 0.000262372 secs using 1149% CPU
Identifying sites to remove: done in 0.000279352 secs using 112.8% CPU
Identifying sites to remove: done in 0.000166491 secs using 1375% CPU
Identifying sites to remove: done in 0.000177205 secs using 2110% CPU
Identifying sites to remove: done in 0.000218771 secs using 1055% CPU
Identifying sites to remove: done in 0.000270665 secs using 148.2% CPU
Identifying sites to remove: done in 0.000267245 secs using 2.094e+04% CPU
Identifying sites to remove: done in 0.000285842 secs using 1.825e+04% CPU
Identifying sites to remove: done in 0.000242181 secs using 326.6% CPU
Identifying sites to remove: done in 0.000172414 secs using 222.1% CPU
Identifying sites to remove: done in 0.000288576 secs using 311.2% CPU
Identifying sites to remove: done in 0.00026086 secs using 99.67% CPU
Identifying sites to remove: done in 0.000260457 secs using 99.44% CPU
Identifying sites to remove: done in 0.000240467 secs using 516.9% CPU
Identifying sites to remove: done in 0.000289686 secs using 166.4% CPU
Identifying sites to remove: done in 0.000263341 secs using 892.4% CPU
Identifying sites to remove: done in 0.000268646 secs using 113.2% CPU
Identifying sites to remove: done in 0.000261575 secs using 99.4% CPU
Identifying sites to remove: done in 0.000199787 secs using 1565% CPU
Identifying sites to remove: done in 0.000231579 secs using 1114% CPU
Identifying sites to remove: done in 0.000228837 secs using 714.9% CPU
Identifying sites to remove: done in 0.00028757 secs using 1631% CPU
Identifying sites to remove: done in 0.000293441 secs using 1977% CPU
Identifying sites to remove: done in 0.000292674 secs using 2925% CPU
Identifying sites to remove: done in 0.000289783 secs using 2281% CPU
Identifying sites to remove: done in 0.000291295 secs using 2605% CPU
Identifying sites to remove: done in 0.000195101 secs using 98.92% CPU
Identifying sites to remove: done in 0.000190377 secs using 99.8% CPU
Identifying sites to remove: done in 0.000113808 secs using 99.29% CPU
Identifying sites to remove: done in 0.000109896 secs using 99.18% CPU
Identifying sites to remove: done in 0.00024426 secs using 4068% CPU
Identifying sites to remove: done in 0.000115149 secs using 473.3% CPU
Identifying sites to remove: done in 0.000195257 secs using 543.4% CPU
Identifying sites to remove: done in 0.000254825 secs using 2849% CPU
Identifying sites to remove: done in 0.000244707 secs using 1728% CPU
Identifying sites to remove: done in 0.000160642 secs using 854.7% CPU
Identifying sites to remove: done in 0.000218183 secs using 1774% CPU
Identifying sites to remove: done in 0.000238582 secs using 116.1% CPU
Identifying sites to remove: done in 0.000254899 secs using 1.908e+04% CPU
Identifying sites to remove: done in 0.00024996 secs using 99.62% CPU
Identifying sites to remove: done in 0.000240877 secs using 614.4% CPU
Identifying sites to remove: done in 0.000234723 secs using 157.6% CPU
Identifying sites to remove: done in 0.000250481 secs using 99.41% CPU
Identifying sites to remove: done in 0.000155561 secs using 1248% CPU
Identifying sites to remove: done in 0.000176854 secs using 1315% CPU
Identifying sites to remove: done in 0.000203624 secs using 949.3% CPU
Identifying sites to remove: done in 0.000259958 secs using 1990% CPU
Identifying sites to remove: done in 0.000238076 secs using 1212% CPU
Identifying sites to remove: done in 0.000244476 secs using 339.1% CPU
Identifying sites to remove: done in 0.00021825 secs using 1420% CPU
Identifying sites to remove: done in 0.000156 secs using 2037% CPU
Identifying sites to remove: done in 0.000252739 secs using 303.9% CPU
Identifying sites to remove: done in 0.000253975 secs using 119.7% CPU
Identifying sites to remove: done in 0.000237167 secs using 99.51% CPU
Identifying sites to remove: done in 0.000207521 secs using 441.4% CPU
Identifying sites to remove: done in 0.000259183 secs using 2.054e+04% CPU
Identifying sites to remove: done in 0.000244766 secs using 239% CPU
Identifying sites to remove: done in 0.000243902 secs using 109.1% CPU
Identifying sites to remove: done in 0.0002416 secs using 99.34% CPU
Identifying sites to remove: done in 0.000205643 secs using 2622% CPU
Identifying sites to remove: done in 0.000222228 secs using 843.7% CPU
Identifying sites to remove: done in 0.000229612 secs using 1629% CPU
Identifying sites to remove: done in 0.000257209 secs using 5103% CPU
Identifying sites to remove: done in 0.000257328 secs using 2983% CPU
Identifying sites to remove: done in 0.00027705 secs using 5440% CPU
Identifying sites to remove: done in 0.000258192 secs using 3698% CPU
Identifying sites to remove: done in 0.000260815 secs using 7153% CPU
Identifying sites to remove: done in 0.000308141 secs using 3731% CPU
Identifying sites to remove: done in 0.000309631 secs using 5496% CPU
Identifying sites to remove: done in 0.000224449 secs using 886.6% CPU
Identifying sites to remove: done in 0.000187077 secs using 707.7% CPU
Identifying sites to remove: done in 0.000171982 secs using 256.4% CPU
Identifying sites to remove: done in 0.000207439 secs using 99.31% CPU
Identifying sites to remove: done in 0.000101887 secs using 99.13% CPU
Identifying sites to remove: done in 0.000108913 secs using 4.874e+04% CPU
Identifying sites to remove: done in 0.000182144 secs using 2.709e+04% CPU
Identifying sites to remove: done in 0.00023111 secs using 2.063e+04% CPU
Identifying sites to remove: done in 0.000105321 secs using 168.1% CPU
Identifying sites to remove: done in 0.000204854 secs using 570.2% CPU
Identifying sites to remove: done in 9.62764e-05 secs using 918.2% CPU
Identifying sites to remove: done in 0.000218846 secs using 902.5% CPU
Identifying sites to remove: done in 0.000206955 secs using 724.3% CPU
Identifying sites to remove: done in 0.000167444 secs using 680.8% CPU
Identifying sites to remove: done in 0.000172883 secs using 612% CPU
Identifying sites to remove: done in 0.000204556 secs using 163.8% CPU
Identifying sites to remove: done in 0.000205226 secs using 99.4% CPU
Identifying sites to remove: done in 0.000213183 secs using 99.44% CPU
Identifying sites to remove: done in 0.000202902 secs using 99.06% CPU
Identifying sites to remove: done in 0.000217713 secs using 99.21% CPU
Identifying sites to remove: done in 0.0002134 secs using 370.7% CPU
Identifying sites to remove: done in 0.00021591 secs using 197.3% CPU
Identifying sites to remove: done in 0.000210427 secs using 1496% CPU
Identifying sites to remove: done in 0.000207096 secs using 1740% CPU
Identifying sites to remove: done in 0.000206977 secs using 133.3% CPU
Identifying sites to remove: done in 0.000237867 secs using 2.43e+04% CPU
Identifying sites to remove: done in 0.000195861 secs using 2.75e+04% CPU
Identifying sites to remove: done in 0.000254937 secs using 2.075e+04% CPU
Identifying sites to remove: done in 0.000209674 secs using 311% CPU
Identifying sites to remove: done in 0.000183016 secs using 183.6% CPU
Identifying sites to remove: done in 0.000171088 secs using 500.3% CPU
Identifying sites to remove: done in 0.000205472 secs using 558.7% CPU
Identifying sites to remove: done in 0.000213623 secs using 1318% CPU
Identifying sites to remove: done in 0.00016439 secs using 1431% CPU
Identifying sites to remove: done in 0.000167817 secs using 1542% CPU
Identifying sites to remove: done in 0.00021746 secs using 769.3% CPU
Identifying sites to remove: done in 0.000230968 secs using 706.6% CPU
Identifying sites to remove: done in 0.000210099 secs using 371.3% CPU
Identifying sites to remove: done in 0.000211932 secs using 1350% CPU
Identifying sites to remove: done in 0.000175096 secs using 1190% CPU
Identifying sites to remove: done in 0.000165589 secs using 220.4% CPU
Identifying sites to remove: done in 0.000167429 secs using 466.5% CPU
Identifying sites to remove: done in 0.000212185 secs using 648.5% CPU
Identifying sites to remove: done in 0.000199392 secs using 133.9% CPU
Identifying sites to remove: done in 0.000210658 secs using 655.1% CPU
Identifying sites to remove: done in 0.000212617 secs using 197.5% CPU
Identifying sites to remove: done in 0.000212885 secs using 515.3% CPU
Identifying sites to remove: done in 0.000215478 secs using 171.2% CPU
Identifying sites to remove: done in 0.000216819 secs using 99.62% CPU
Identifying sites to remove: done in 0.000205755 secs using 1916% CPU
Identifying sites to remove: done in 0.0002167 secs using 875.9% CPU
Identifying sites to remove: done in 0.000226185 secs using 1333% CPU
Identifying sites to remove: done in 0.000255711 secs using 3411% CPU
Identifying sites to remove: done in 0.000256889 secs using 4243% CPU
Identifying sites to remove: done in 0.000280328 secs using 2790% CPU
Identifying sites to remove: done in 0.00027667 secs using 3566% CPU
Identifying sites to remove: done in 0.000279576 secs using 2037% CPU
Identifying sites to remove: done in 0.000279807 secs using 4317% CPU
Identifying sites to remove: done in 0.000277415 secs using 2399% CPU
Identifying sites to remove: done in 0.000228606 secs using 512.7% CPU
Identifying sites to remove: done in 0.000193059 secs using 707.6% CPU
Identifying sites to remove: done in 0.000187501 secs using 201.6% CPU
Identifying sites to remove: done in 0.000214167 secs using 99.46% CPU
Identifying sites to remove: done in 0.000104658 secs using 99.37% CPU
Identifying sites to remove: done in 9.60827e-05 secs using 5912% CPU
Identifying sites to remove: done in 0.000177473 secs using 212.4% CPU
Identifying sites to remove: done in 0.000226773 secs using 1797% CPU
Identifying sites to remove: done in 0.000111185 secs using 119.6% CPU
Identifying sites to remove: done in 0.000227109 secs using 2.321e+04% CPU
Identifying sites to remove: done in 0.000122532 secs using 461.9% CPU
Identifying sites to remove: done in 0.00023751 secs using 2.075e+04% CPU
Identifying sites to remove: done in 0.000173122 secs using 359.9% CPU
Identifying sites to remove: done in 0.000223815 secs using 365% CPU
Identifying sites to remove: done in 0.000168912 secs using 329.8% CPU
Identifying sites to remove: done in 0.000222556 secs using 174.8% CPU
Identifying sites to remove: done in 0.000212036 secs using 99.51% CPU
Identifying sites to remove: done in 0.00021857 secs using 99.28% CPU
Identifying sites to remove: done in 0.000211157 secs using 98.98% CPU
Identifying sites to remove: done in 0.000225447 secs using 303.4% CPU
Identifying sites to remove: done in 0.000222646 secs using 1158% CPU
Identifying sites to remove: done in 0.000223495 secs using 198.2% CPU
Identifying sites to remove: done in 0.000214994 secs using 1468% CPU
Identifying sites to remove: done in 0.00021524 secs using 1583% CPU
Identifying sites to remove: done in 0.00021223 secs using 136.2% CPU
Identifying sites to remove: done in 0.000222124 secs using 3189% CPU
Identifying sites to remove: done in 0.000248611 secs using 2.418e+04% CPU
Identifying sites to remove: done in 0.000240602 secs using 2.339e+04% CPU
Identifying sites to remove: done in 0.000211671 secs using 220.6% CPU
Identifying sites to remove: done in 0.000186823 secs using 139.2% CPU
Identifying sites to remove: done in 0.000176728 secs using 99.59% CPU
Identifying sites to remove: done in 0.000219874 secs using 490.7% CPU
Identifying sites to remove: done in 0.000220671 secs using 1295% CPU
Identifying sites to remove: done in 0.000174418 secs using 1391% CPU
Identifying sites to remove: done in 0.000175759 secs using 1473% CPU
Identifying sites to remove: done in 0.000270985 secs using 648% CPU
Identifying sites to remove: done in 0.000244834 secs using 720.9% CPU
Identifying sites to remove: done in 0.000206649 secs using 124.4% CPU
Identifying sites to remove: done in 0.000178523 secs using 1199% CPU
Identifying sites to remove: done in 0.000226654 secs using 1379% CPU
Identifying sites to remove: done in 0.000182524 secs using 265.7% CPU
Identifying sites to remove: done in 0.000174813 secs using 522.8% CPU
Identifying sites to remove: done in 0.000221021 secs using 158.8% CPU
Identifying sites to remove: done in 0.000209652 secs using 99.69% CPU
Identifying sites to remove: done in 0.000234738 secs using 99.69% CPU
Identifying sites to remove: done in 0.000222676 secs using 99.25% CPU
Identifying sites to remove: done in 0.000225067 secs using 667.8% CPU
Identifying sites to remove: done in 0.000221044 secs using 175.1% CPU
Identifying sites to remove: done in 0.000226915 secs using 99.6% CPU
Identifying sites to remove: done in 0.000449494 secs using 1913% CPU
Identifying sites to remove: done in 0.000469469 secs using 1394% CPU
Identifying sites to remove: done in 0.000463873 secs using 936.9% CPU
Identifying sites to remove: done in 0.000550017 secs using 4494% CPU
Identifying sites to remove: done in 0.000553332 secs using 3283% CPU
Identifying sites to remove: done in 0.000569522 secs using 3607% CPU
Identifying sites to remove: done in 0.000594735 secs using 2357% CPU
Identifying sites to remove: done in 0.000595808 secs using 3832% CPU
Identifying sites to remove: done in 0.000597119 secs using 2726% CPU
Identifying sites to remove: done in 0.000596307 secs using 1996% CPU
Identifying sites to remove: done in 0.000542991 secs using 1.022e+04% CPU
Identifying sites to remove: done in 0.000447139 secs using 316.2% CPU
Identifying sites to remove: done in 0.000420883 secs using 180.1% CPU
Identifying sites to remove: done in 0.000515893 secs using 99.63% CPU
Identifying sites to remove: done in 0.000268504 secs using 99.44% CPU
Identifying sites to remove: done in 0.000234492 secs using 1597% CPU
Identifying sites to remove: done in 0.000550769 secs using 904.6% CPU
Identifying sites to remove: done in 0.000453614 secs using 257.3% CPU
Identifying sites to remove: done in 0.000253387 secs using 1659% CPU
Identifying sites to remove: done in 0.000523932 secs using 1.242e+04% CPU
Identifying sites to remove: done in 0.000242576 secs using 830.7% CPU
Identifying sites to remove: done in 0.000413135 secs using 709.2% CPU
Identifying sites to remove: done in 0.00052546 secs using 575.1% CPU
Identifying sites to remove: done in 0.000535913 secs using 662% CPU
Identifying sites to remove: done in 0.000493437 secs using 460.2% CPU
Identifying sites to remove: done in 0.00041014 secs using 181.2% CPU
Identifying sites to remove: done in 0.000540048 secs using 357.7% CPU
Identifying sites to remove: done in 0.000542924 secs using 180.5% CPU
Identifying sites to remove: done in 0.000517979 secs using 1.352e+04% CPU
Identifying sites to remove: done in 0.000545636 secs using 583% CPU
Identifying sites to remove: done in 0.000666656 secs using 430.4% CPU
Identifying sites to remove: done in 0.00072217 secs using 200.1% CPU
Identifying sites to remove: done in 0.000512339 secs using 635.1% CPU
Identifying sites to remove: done in 0.000538051 secs using 194.6% CPU
Identifying sites to remove: done in 0.000528924 secs using 99.64% CPU
Identifying sites to remove: done in 0.000474274 secs using 738.2% CPU
Identifying sites to remove: done in 0.0005536 secs using 633.3% CPU
Identifying sites to remove: done in 0.000509359 secs using 588.2% CPU
Identifying sites to remove: done in 0.000551537 secs using 444.9% CPU
Identifying sites to remove: done in 0.000439472 secs using 1100% CPU
Identifying sites to remove: done in 0.000435412 secs using 1258% CPU
Identifying sites to remove: done in 0.00053335 secs using 1160% CPU
Identifying sites to remove: done in 0.000548892 secs using 690.5% CPU
Identifying sites to remove: done in 0.000536457 secs using 730.2% CPU
Identifying sites to remove: done in 0.000466481 secs using 1127% CPU
Identifying sites to remove: done in 0.000415318 secs using 1037% CPU
Identifying sites to remove: done in 0.000570543 secs using 865.5% CPU
Identifying sites to remove: done in 0.000501044 secs using 1.026e+04% CPU
Identifying sites to remove: done in 0.000546217 secs using 9268% CPU
Identifying sites to remove: done in 0.000431068 secs using 309.5% CPU
Identifying sites to remove: done in 0.000427008 secs using 153.2% CPU
Identifying sites to remove: done in 0.000537433 secs using 706.7% CPU
Identifying sites to remove: done in 0.000432894 secs using 579.1% CPU
Identifying sites to remove: done in 0.000518225 secs using 240.6% CPU
Identifying sites to remove: done in 0.000529885 secs using 603.1% CPU
Identifying sites to remove: done in 0.000531428 secs using 179.9% CPU
Identifying sites to remove: done in 0.000535384 secs using 779.8% CPU
Identifying sites to remove: done in 0.000540204 secs using 179.2% CPU
Identifying sites to remove: done in 0.000546098 secs using 427.4% CPU
Identifying sites to remove: done in 0.000151329 secs using 384.6% CPU
Identifying sites to remove: done in 0.00016138 secs using 3802% CPU
Identifying sites to remove: done in 0.000202164 secs using 1704% CPU
Identifying sites to remove: done in 0.000222951 secs using 4043% CPU
Identifying sites to remove: done in 0.000118539 secs using 2845% CPU
Identifying sites to remove: done in 0.000137739 secs using 182.2% CPU
Identifying sites to remove: done in 0.000127271 secs using 99.79% CPU
Identifying sites to remove: done in 9.46075e-05 secs using 772.7% CPU
Identifying sites to remove: done in 0.00012891 secs using 4.452e+04% CPU
Identifying sites to remove: done in 0.00014513 secs using 98.53% CPU
Identifying sites to remove: done in 0.000172183 secs using 99.31% CPU
Identifying sites to remove: done in 0.00013984 secs using 885.3% CPU
Identifying sites to remove: done in 0.000139013 secs using 197.8% CPU
Identifying sites to remove: done in 0.000138253 secs using 2060% CPU
Identifying sites to remove: done in 0.000134028 secs using 1212% CPU
Identifying sites to remove: done in 0.00015296 secs using 274.6% CPU
Identifying sites to remove: done in 0.000134483 secs using 3067% CPU
Identifying sites to remove: done in 0.000142969 secs using 2718% CPU
Identifying sites to remove: done in 0.000139482 secs using 2088% CPU
Identifying sites to remove: done in 0.000152916 secs using 873.7% CPU
Identifying sites to remove: done in 0.000172228 secs using 182.9% CPU
Identifying sites to remove: done in 0.000127532 secs using 99.58% CPU
Identifying sites to remove: done in 0.000461198 secs using 952.5% CPU
Identifying sites to remove: done in 0.00046695 secs using 1248% CPU
Identifying sites to remove: done in 0.000498652 secs using 1080% CPU
Identifying sites to remove: done in 0.000560209 secs using 1783% CPU
Identifying sites to remove: done in 0.000580214 secs using 1865% CPU
Identifying sites to remove: done in 0.000581004 secs using 1273% CPU
Identifying sites to remove: done in 0.000580885 secs using 1630% CPU
Identifying sites to remove: done in 0.000601776 secs using 1926% CPU
Identifying sites to remove: done in 0.000625715 secs using 1428% CPU
Identifying sites to remove: done in 0.000652589 secs using 1269% CPU
Identifying sites to remove: done in 0.00052388 secs using 99.64% CPU
Identifying sites to remove: done in 0.000440337 secs using 667.9% CPU
Identifying sites to remove: done in 0.000428684 secs using 160.5% CPU
Identifying sites to remove: done in 0.000519127 secs using 99.78% CPU
Identifying sites to remove: done in 0.000262134 secs using 99.57% CPU
Identifying sites to remove: done in 0.000546597 secs using 718.8% CPU
Identifying sites to remove: done in 0.000442445 secs using 394.4% CPU
Identifying sites to remove: done in 0.000278413 secs using 221.3% CPU
Identifying sites to remove: done in 0.000245094 secs using 208.9% CPU
Identifying sites to remove: done in 0.00050842 secs using 213.6% CPU
Identifying sites to remove: done in 0.00040894 secs using 2102% CPU
Identifying sites to remove: done in 0.000247486 secs using 2.253e+04% CPU
Identifying sites to remove: done in 0.00052841 secs using 1.151e+04% CPU
Identifying sites to remove: done in 0.000521354 secs using 1.097e+04% CPU
Identifying sites to remove: done in 0.000531673 secs using 9893% CPU
Identifying sites to remove: done in 0.000410348 secs using 238.6% CPU
Identifying sites to remove: done in 0.000537761 secs using 395.7% CPU
Identifying sites to remove: done in 0.000540137 secs using 167.5% CPU
Identifying sites to remove: done in 0.000504896 secs using 99.23% CPU
Identifying sites to remove: done in 0.000550039 secs using 276% CPU
Identifying sites to remove: done in 0.000548393 secs using 391.5% CPU
Identifying sites to remove: done in 0.000532843 secs using 150.1% CPU
Identifying sites to remove: done in 0.000510462 secs using 571.8% CPU
Identifying sites to remove: done in 0.00055287 secs using 182.1% CPU
Identifying sites to remove: done in 0.000529557 secs using 99.33% CPU
Identifying sites to remove: done in 0.00055778 secs using 491.1% CPU
Identifying sites to remove: done in 0.000549041 secs using 433.3% CPU
Identifying sites to remove: done in 0.000512004 secs using 389.3% CPU
Identifying sites to remove: done in 0.000522509 secs using 297.8% CPU
Identifying sites to remove: done in 0.000423677 secs using 475.8% CPU
Identifying sites to remove: done in 0.000423498 secs using 186.5% CPU
Identifying sites to remove: done in 0.000538424 secs using 1315% CPU
Identifying sites to remove: done in 0.000545539 secs using 1478% CPU
Identifying sites to remove: done in 0.000402756 secs using 1727% CPU
Identifying sites to remove: done in 0.000445239 secs using 969.4% CPU
Identifying sites to remove: done in 0.000574812 secs using 793.3% CPU
Identifying sites to remove: done in 0.000546582 secs using 127.5% CPU
Identifying sites to remove: done in 0.000445977 secs using 1.212e+04% CPU
Identifying sites to remove: done in 0.000513434 secs using 383.7% CPU
Identifying sites to remove: done in 0.000561252 secs using 345.5% CPU
Identifying sites to remove: done in 0.000438176 secs using 237.1% CPU
Identifying sites to remove: done in 0.000415906 secs using 99.78% CPU
Identifying sites to remove: done in 0.000526771 secs using 560% CPU
Identifying sites to remove: done in 0.000510812 secs using 164.2% CPU
Identifying sites to remove: done in 0.000527002 secs using 608.2% CPU
Identifying sites to remove: done in 0.000561543 secs using 1.159e+04% CPU
Identifying sites to remove: done in 0.000533856 secs using 314.3% CPU
Identifying sites to remove: done in 0.000534847 secs using 199.1% CPU
Identifying sites to remove: done in 0.000547275 secs using 1342% CPU
Identifying sites to remove: done in 0.000186272 secs using 2.943e+04% CPU
Identifying sites to remove: done in 0.000215821 secs using 3.022e+04% CPU
Identifying sites to remove: done in 0.000216506 secs using 3.193e+04% CPU
Identifying sites to remove: done in 0.000278726 secs using 2.104e+04% CPU
Identifying sites to remove: done in 0.000274353 secs using 1.909e+04% CPU
Identifying sites to remove: done in 0.000286289 secs using 2.566e+04% CPU
Identifying sites to remove: done in 0.000330947 secs using 2.316e+04% CPU
Identifying sites to remove: done in 0.00034713 secs using 1.783e+04% CPU
Identifying sites to remove: done in 0.000221059 secs using 458.2% CPU
Identifying sites to remove: done in 0.000346176 secs using 752.2% CPU
Identifying sites to remove: done in 0.000230446 secs using 711.2% CPU
Identifying sites to remove: done in 0.00027623 secs using 212.5% CPU
Identifying sites to remove: done in 0.000148639 secs using 277.2% CPU
Identifying sites to remove: done in 0.000214137 secs using 1773% CPU
Identifying sites to remove: done in 0.000254259 secs using 915.2% CPU
Identifying sites to remove: done in 0.000256851 secs using 1092% CPU
Identifying sites to remove: done in 0.00012973 secs using 291.4% CPU
Identifying sites to remove: done in 0.000248201 secs using 483.1% CPU
Identifying sites to remove: done in 0.000139415 secs using 2039% CPU
Identifying sites to remove: done in 0.00014855 secs using 2713% CPU
Identifying sites to remove: done in 0.000158757 secs using 280.9% CPU
Identifying sites to remove: done in 0.000285052 secs using 636% CPU
Identifying sites to remove: done in 0.000115901 secs using 1594% CPU
Identifying sites to remove: done in 0.00025405 secs using 1323% CPU
Identifying sites to remove: done in 0.000187032 secs using 163.6% CPU
Identifying sites to remove: done in 0.00026793 secs using 357.6% CPU
Identifying sites to remove: done in 0.000279009 secs using 2.03e+04% CPU
Identifying sites to remove: done in 0.00026799 secs using 2.057e+04% CPU
Identifying sites to remove: done in 0.000257388 secs using 250.2% CPU
Identifying sites to remove: done in 0.000249162 secs using 114% CPU
Identifying sites to remove: done in 0.00016506 secs using 740.9% CPU
Identifying sites to remove: done in 0.000256054 secs using 128.1% CPU
Identifying sites to remove: done in 0.00020811 secs using 870.2% CPU
Identifying sites to remove: done in 0.00025899 secs using 162.9% CPU
Identifying sites to remove: done in 0.000211157 secs using 1928% CPU
Identifying sites to remove: done in 0.000213213 secs using 2048% CPU
Identifying sites to remove: done in 0.000176601 secs using 3796% CPU
Identifying sites to remove: done in 0.000277214 secs using 3248% CPU
Identifying sites to remove: done in 0.000266068 secs using 1145% CPU
Identifying sites to remove: done in 0.000272073 secs using 1877% CPU
Identifying sites to remove: done in 0.000284247 secs using 409.2% CPU
Identifying sites to remove: done in 0.000197969 secs using 99.51% CPU
Identifying sites to remove: done in 0.000199609 secs using 769% CPU
Identifying sites to remove: done in 0.000198983 secs using 295% CPU
Identifying sites to remove: done in 0.000264347 secs using 472.9% CPU
Identifying sites to remove: done in 0.000258811 secs using 715.6% CPU
Identifying sites to remove: done in 0.000179358 secs using 658.5% CPU
Identifying sites to remove: done in 0.00027176 secs using 211.2% CPU
Identifying sites to remove: done in 0.000261553 secs using 472.9% CPU
Identifying sites to remove: done in 0.000273541 secs using 194.5% CPU
Identifying sites to remove: done in 0.00027895 secs using 99.3% CPU
Identifying sites to remove: done in 0.00016588 secs using 3067% CPU
Identifying sites to remove: done in 0.000164203 secs using 860.5% CPU
Identifying sites to remove: done in 0.000166945 secs using 4173% CPU
Identifying sites to remove: done in 0.000203043 secs using 7118% CPU
Identifying sites to remove: done in 0.000206403 secs using 5278% CPU
Identifying sites to remove: done in 0.000206098 secs using 6159% CPU
Identifying sites to remove: done in 0.000207342 secs using 4388% CPU
Identifying sites to remove: done in 0.000205658 secs using 7939% CPU
Identifying sites to remove: done in 0.000210777 secs using 8703% CPU
Identifying sites to remove: done in 0.000252545 secs using 1452% CPU
Identifying sites to remove: done in 0.000177242 secs using 883% CPU
Identifying sites to remove: done in 0.000130408 secs using 239.3% CPU
Identifying sites to remove: done in 0.000148699 secs using 667.1% CPU
Identifying sites to remove: done in 0.000156879 secs using 99.44% CPU
Identifying sites to remove: done in 8.9556e-05 secs using 98.26% CPU
Identifying sites to remove: done in 0.000127122 secs using 1184% CPU
Identifying sites to remove: done in 0.000168294 secs using 303% CPU
Identifying sites to remove: done in 8.82074e-05 secs using 131.5% CPU
Identifying sites to remove: done in 0.000151478 secs using 5198% CPU
Identifying sites to remove: done in 8.93772e-05 secs using 476.6% CPU
Identifying sites to remove: done in 0.000151843 secs using 3803% CPU
Identifying sites to remove: done in 0.000147305 secs using 1437% CPU
Identifying sites to remove: done in 0.000128061 secs using 1031% CPU
Identifying sites to remove: done in 0.000121228 secs using 245.8% CPU
Identifying sites to remove: done in 8.19415e-05 secs using 4.724e+04% CPU
Identifying sites to remove: done in 0.000154391 secs using 143.8% CPU
Identifying sites to remove: done in 0.000167176 secs using 99.3% CPU
Identifying sites to remove: done in 0.000158258 secs using 99.21% CPU
Identifying sites to remove: done in 0.000154525 secs using 99.01% CPU
Identifying sites to remove: done in 0.00016965 secs using 822.9% CPU
Identifying sites to remove: done in 0.000157937 secs using 364.1% CPU
Identifying sites to remove: done in 0.000159495 secs using 1080% CPU
Identifying sites to remove: done in 0.000157766 secs using 1149% CPU
Identifying sites to remove: done in 0.000157312 secs using 1198% CPU
Identifying sites to remove: done in 0.000153862 secs using 200.8% CPU
Identifying sites to remove: done in 0.000166319 secs using 1429% CPU
Identifying sites to remove: done in 0.000156008 secs using 671.1% CPU
Identifying sites to remove: done in 0.000156693 secs using 1651% CPU
Identifying sites to remove: done in 0.000133365 secs using 1425% CPU
Identifying sites to remove: done in 0.000161774 secs using 153.3% CPU
Identifying sites to remove: done in 0.000131384 secs using 2190% CPU
Identifying sites to remove: done in 0.000157855 secs using 3891% CPU
Identifying sites to remove: done in 0.000115022 secs using 333% CPU
Identifying sites to remove: done in 0.00013303 secs using 537.5% CPU
Identifying sites to remove: done in 0.000182599 secs using 3570% CPU
Identifying sites to remove: done in 0.000157371 secs using 3256% CPU
Identifying sites to remove: done in 0.000160657 secs using 2113% CPU
Identifying sites to remove: done in 0.000155658 secs using 266.6% CPU
Identifying sites to remove: done in 0.000123374 secs using 393.1% CPU
Identifying sites to remove: done in 0.000158727 secs using 550% CPU
Identifying sites to remove: done in 0.000135295 secs using 176.7% CPU
Identifying sites to remove: done in 0.000123583 secs using 502.5% CPU
Identifying sites to remove: done in 0.000158608 secs using 175.3% CPU
Identifying sites to remove: done in 0.000148706 secs using 98.85% CPU
Identifying sites to remove: done in 0.000160784 secs using 253.8% CPU
Identifying sites to remove: done in 0.000167005 secs using 161.1% CPU
Identifying sites to remove: done in 0.000159629 secs using 1051% CPU
Identifying sites to remove: done in 0.000160515 secs using 162.6% CPU
Identifying sites to remove: done in 0.000164039 secs using 99.37% CPU
Identifying sites to remove: done in 0.000484519 secs using 1628% CPU
Identifying sites to remove: done in 0.000502706 secs using 925.4% CPU
Identifying sites to remove: done in 0.000592344 secs using 1252% CPU
Identifying sites to remove: done in 0.000648491 secs using 1098% CPU
Identifying sites to remove: done in 0.000649557 secs using 1608% CPU
Identifying sites to remove: done in 0.0006845 secs using 1277% CPU
Identifying sites to remove: done in 0.000686951 secs using 989.9% CPU
Identifying sites to remove: done in 0.000686921 secs using 1755% CPU
Identifying sites to remove: done in 0.000687554 secs using 1473% CPU
Identifying sites to remove: done in 0.000746891 secs using 1542% CPU
Identifying sites to remove: done in 0.000727065 secs using 420.9% CPU
Identifying sites to remove: done in 0.000588953 secs using 1.135e+04% CPU
Identifying sites to remove: done in 0.000508718 secs using 1.261e+04% CPU
Identifying sites to remove: done in 0.000720084 secs using 323.4% CPU
Identifying sites to remove: done in 0.000334941 secs using 149.9% CPU
Identifying sites to remove: done in 0.000252843 secs using 1248% CPU
Identifying sites to remove: done in 0.000275038 secs using 306.5% CPU
Identifying sites to remove: done in 0.000767797 secs using 664.9% CPU
Identifying sites to remove: done in 0.000564419 secs using 301.7% CPU
Identifying sites to remove: done in 0.000262097 secs using 346.8% CPU
Identifying sites to remove: done in 0.000594407 secs using 1.152e+04% CPU
Identifying sites to remove: done in 0.000456929 secs using 139% CPU
Identifying sites to remove: done in 0.000588842 secs using 895.3% CPU
Identifying sites to remove: done in 0.000588387 secs using 737.9% CPU
Identifying sites to remove: done in 0.000465021 secs using 341.9% CPU
Identifying sites to remove: done in 0.000561282 secs using 554.6% CPU
Identifying sites to remove: done in 0.000637449 secs using 676.9% CPU
Identifying sites to remove: done in 0.000630058 secs using 167.8% CPU
Identifying sites to remove: done in 0.000574224 secs using 99.79% CPU
Identifying sites to remove: done in 0.000751838 secs using 754.6% CPU
Identifying sites to remove: done in 0.000758573 secs using 650.4% CPU
Identifying sites to remove: done in 0.00063964 secs using 1.155e+04% CPU
Identifying sites to remove: done in 0.000582092 secs using 418.7% CPU
Identifying sites to remove: done in 0.000613466 secs using 287.5% CPU
Identifying sites to remove: done in 0.000721909 secs using 99.74% CPU
Identifying sites to remove: done in 0.000564858 secs using 829.4% CPU
Identifying sites to remove: done in 0.000645272 secs using 1770% CPU
Identifying sites to remove: done in 0.000765234 secs using 8578% CPU
Identifying sites to remove: done in 0.000544645 secs using 1.13e+04% CPU
Identifying sites to remove: done in 0.000584178 secs using 9889% CPU
Identifying sites to remove: done in 0.000632912 secs using 8560% CPU
Identifying sites to remove: done in 0.000431754 secs using 476.2% CPU
Identifying sites to remove: done in 0.000582255 secs using 1227% CPU
Identifying sites to remove: done in 0.000636972 secs using 925.2% CPU
Identifying sites to remove: done in 0.000643052 secs using 633.1% CPU
Identifying sites to remove: done in 0.000630267 secs using 239.4% CPU
Identifying sites to remove: done in 0.000506066 secs using 754.1% CPU
Identifying sites to remove: done in 0.000766195 secs using 631.4% CPU
Identifying sites to remove: done in 0.000576444 secs using 412% CPU
Identifying sites to remove: done in 0.000636749 secs using 8930% CPU
Identifying sites to remove: done in 0.000563771 secs using 169% CPU
Identifying sites to remove: done in 0.000571184 secs using 99.79% CPU
Identifying sites to remove: done in 0.000581019 secs using 385.5% CPU
Identifying sites to remove: done in 0.000617489 secs using 171.3% CPU
Identifying sites to remove: done in 0.000619821 secs using 611.3% CPU
Identifying sites to remove: done in 0.000739321 secs using 8611% CPU
Identifying sites to remove: done in 0.000612639 secs using 449.2% CPU
Identifying sites to remove: done in 0.000741825 secs using 138% CPU
Identifying sites to remove: done in 0.00073529 secs using 99.42% CPU
Identifying sites to remove: done in 0.000203595 secs using 4351% CPU
Identifying sites to remove: done in 0.000235744 secs using 2431% CPU
Identifying sites to remove: done in 0.00022836 secs using 911.3% CPU
Identifying sites to remove: done in 0.000265844 secs using 8982% CPU
Identifying sites to remove: done in 0.000267036 secs using 1.031e+04% CPU
Identifying sites to remove: done in 0.00026866 secs using 7583% CPU
Identifying sites to remove: done in 0.000268362 secs using 1.163e+04% CPU
Identifying sites to remove: done in 0.000269189 secs using 6250% CPU
Identifying sites to remove: done in 0.000271834 secs using 1.284e+04% CPU
Identifying sites to remove: done in 0.00035426 secs using 3766% CPU
Identifying sites to remove: done in 0.000171326 secs using 1162% CPU
Identifying sites to remove: done in 0.000171743 secs using 703.4% CPU
Identifying sites to remove: done in 0.000278614 secs using 190.2% CPU
Identifying sites to remove: done in 0.000201635 secs using 99.19% CPU
Identifying sites to remove: done in 0.000170298 secs using 182.6% CPU
Identifying sites to remove: done in 0.000234395 secs using 953.9% CPU
Identifying sites to remove: done in 0.000133961 secs using 3514% CPU
Identifying sites to remove: done in 0.000206582 secs using 1295% CPU
Identifying sites to remove: done in 0.000208065 secs using 882.9% CPU
Identifying sites to remove: done in 0.000163198 secs using 496.9% CPU
Identifying sites to remove: done in 9.57102e-05 secs using 326% CPU
Identifying sites to remove: done in 0.000168122 secs using 2025% CPU
Identifying sites to remove: done in 0.000221096 secs using 373.6% CPU
Identifying sites to remove: done in 0.000100292 secs using 4936% CPU
Identifying sites to remove: done in 0.00020393 secs using 217.7% CPU
Identifying sites to remove: done in 0.000208378 secs using 1115% CPU
Identifying sites to remove: done in 9.29013e-05 secs using 99.03% CPU
Identifying sites to remove: done in 0.000201933 secs using 472.4% CPU
Identifying sites to remove: done in 0.000218943 secs using 190.9% CPU
Identifying sites to remove: done in 0.000220723 secs using 98.77% CPU
Identifying sites to remove: done in 0.000209346 secs using 98.88% CPU
Identifying sites to remove: done in 0.000213489 secs using 1005% CPU
Identifying sites to remove: done in 0.000209428 secs using 680.4% CPU
Identifying sites to remove: done in 0.000221781 secs using 263.3% CPU
Identifying sites to remove: done in 0.000207126 secs using 98.97% CPU
Identifying sites to remove: done in 0.000210643 secs using 1538% CPU
Identifying sites to remove: done in 0.000224389 secs using 1035% CPU
Identifying sites to remove: done in 0.00020311 secs using 161.5% CPU
Identifying sites to remove: done in 0.000170968 secs using 98.85% CPU
Identifying sites to remove: done in 0.000169225 secs using 3041% CPU
Identifying sites to remove: done in 0.000209995 secs using 1413% CPU
Identifying sites to remove: done in 0.00021214 secs using 381.4% CPU
Identifying sites to remove: done in 0.000156447 secs using 7087% CPU
Identifying sites to remove: done in 0.000203066 secs using 5751% CPU
Identifying sites to remove: done in 0.000241481 secs using 3773% CPU
Identifying sites to remove: done in 0.000263847 secs using 2454% CPU
Identifying sites to remove: done in 0.000250749 secs using 1602% CPU
Identifying sites to remove: done in 0.000221334 secs using 310.4% CPU
Identifying sites to remove: done in 0.000166267 secs using 2185% CPU
Identifying sites to remove: done in 0.00017 secs using 195.3% CPU
Identifying sites to remove: done in 0.000216149 secs using 369.7% CPU
Identifying sites to remove: done in 0.000220358 secs using 583.6% CPU
Identifying sites to remove: done in 0.000192508 secs using 1.922e+04% CPU
Identifying sites to remove: done in 0.000218607 secs using 98.81% CPU
Identifying sites to remove: done in 0.000218078 secs using 98.59% CPU
Identifying sites to remove: done in 0.000216037 secs using 98.59% CPU
Identifying sites to remove: done in 0.000218585 secs using 1308% CPU
Identifying sites to remove: done in 0.00022155 secs using 146.7% CPU
Identifying sites to remove: done in 0.000227407 secs using 98.5% CPU
Identifying sites to remove: done in 0.000206374 secs using 1.032e+04% CPU
Identifying sites to remove: done in 0.000206962 secs using 8718% CPU
Identifying sites to remove: done in 0.000221901 secs using 811.2% CPU
Identifying sites to remove: done in 0.000254557 secs using 5941% CPU
Identifying sites to remove: done in 0.000261642 secs using 9563% CPU
Identifying sites to remove: done in 0.000255294 secs using 4653% CPU
Identifying sites to remove: done in 0.000262395 secs using 1.079e+04% CPU
Identifying sites to remove: done in 0.000261299 secs using 1.206e+04% CPU
Identifying sites to remove: done in 0.000330187 secs using 1693% CPU
Identifying sites to remove: done in 0.000333175 secs using 2683% CPU
Identifying sites to remove: done in 0.000226229 secs using 464.6% CPU
Identifying sites to remove: done in 0.000201039 secs using 409.4% CPU
Identifying sites to remove: done in 0.00020469 secs using 182.2% CPU
Identifying sites to remove: done in 0.000215217 secs using 99.43% CPU
Identifying sites to remove: done in 0.000102706 secs using 98.34% CPU
Identifying sites to remove: done in 9.44659e-05 secs using 1789% CPU
Identifying sites to remove: done in 0.000172973 secs using 1135% CPU
Identifying sites to remove: done in 0.000226855 secs using 254.3% CPU
Identifying sites to remove: done in 0.000104368 secs using 205% CPU
Identifying sites to remove: done in 9.9346e-05 secs using 6241% CPU
Identifying sites to remove: done in 0.000218682 secs using 3078% CPU
Identifying sites to remove: done in 0.000183232 secs using 3115% CPU
Identifying sites to remove: done in 0.000210777 secs using 1680% CPU
Identifying sites to remove: done in 0.000161409 secs using 1603% CPU
Identifying sites to remove: done in 0.00023479 secs using 1483% CPU
Identifying sites to remove: done in 0.000215486 secs using 117.9% CPU
Identifying sites to remove: done in 0.000218175 secs using 99.46% CPU
Identifying sites to remove: done in 0.000226073 secs using 99.53% CPU
Identifying sites to remove: done in 0.000224464 secs using 2.488e+04% CPU
Identifying sites to remove: done in 0.000226997 secs using 543.2% CPU
Identifying sites to remove: done in 0.000221223 secs using 451.1% CPU
Identifying sites to remove: done in 0.000237681 secs using 198.6% CPU
Identifying sites to remove: done in 0.000211552 secs using 636.7% CPU
Identifying sites to remove: done in 0.000230677 secs using 190.3% CPU
Identifying sites to remove: done in 0.000213377 secs using 99.35% CPU
Identifying sites to remove: done in 0.00022909 secs using 1939% CPU
Identifying sites to remove: done in 0.000219524 secs using 2185% CPU
Identifying sites to remove: done in 0.000218824 secs using 1284% CPU
Identifying sites to remove: done in 0.000183709 secs using 1439% CPU
Identifying sites to remove: done in 0.000223622 secs using 1265% CPU
Identifying sites to remove: done in 0.000173464 secs using 163.1% CPU
Identifying sites to remove: done in 0.000162058 secs using 2079% CPU
Identifying sites to remove: done in 0.000171021 secs using 2231% CPU
Identifying sites to remove: done in 0.000244126 secs using 2792% CPU
Identifying sites to remove: done in 0.000245161 secs using 210.9% CPU
Identifying sites to remove: done in 0.000233591 secs using 1318% CPU
Identifying sites to remove: done in 0.000236638 secs using 197.3% CPU
Identifying sites to remove: done in 0.000176221 secs using 2243% CPU
Identifying sites to remove: done in 0.00021524 secs using 2309% CPU
Identifying sites to remove: done in 0.000173777 secs using 582.9% CPU
Identifying sites to remove: done in 0.000226386 secs using 524.3% CPU
Identifying sites to remove: done in 0.000180848 secs using 2.137e+04% CPU
Identifying sites to remove: done in 0.000226788 secs using 99.65% CPU
Identifying sites to remove: done in 0.000211559 secs using 99.26% CPU
Identifying sites to remove: done in 0.000403099 secs using 361.9% CPU
Identifying sites to remove: done in 0.000225894 secs using 99.6% CPU
Identifying sites to remove: done in 0.000215366 secs using 1442% CPU
Identifying sites to remove: done in 0.000221632 secs using 172.8% CPU
Identifying sites to remove: done in 0.000219464 secs using 99.79% CPU
Identifying sites to remove: done in 0.000401109 secs using 1223% CPU
Identifying sites to remove: done in 0.000401691 secs using 1151% CPU
Identifying sites to remove: done in 0.000441484 secs using 1422% CPU
Identifying sites to remove: done in 0.00044208 secs using 1359% CPU
Identifying sites to remove: done in 0.000486843 secs using 1425% CPU
Identifying sites to remove: done in 0.000488125 secs using 1076% CPU
Identifying sites to remove: done in 0.000487588 secs using 1253% CPU
Identifying sites to remove: done in 0.000535436 secs using 964.1% CPU
Identifying sites to remove: done in 0.000532977 secs using 718.8% CPU
Identifying sites to remove: done in 0.000587679 secs using 850.5% CPU
Identifying sites to remove: done in 0.000381328 secs using 99.65% CPU
Identifying sites to remove: done in 0.000303708 secs using 1701% CPU
Identifying sites to remove: done in 0.000307299 secs using 1140% CPU
Identifying sites to remove: done in 0.000368491 secs using 185.6% CPU
Identifying sites to remove: done in 0.000179298 secs using 99.28% CPU
Identifying sites to remove: done in 0.000371121 secs using 99.43% CPU
Identifying sites to remove: done in 0.000164174 secs using 202.8% CPU
Identifying sites to remove: done in 0.000311285 secs using 526.8% CPU
Identifying sites to remove: done in 0.000362538 secs using 501.2% CPU
Identifying sites to remove: done in 0.000205964 secs using 722.9% CPU
Identifying sites to remove: done in 0.000377841 secs using 872.1% CPU
Identifying sites to remove: done in 0.000345908 secs using 609.1% CPU
Identifying sites to remove: done in 0.000364743 secs using 781.4% CPU
Identifying sites to remove: done in 0.000168033 secs using 1684% CPU
Identifying sites to remove: done in 0.000247955 secs using 637.2% CPU
Identifying sites to remove: done in 0.000245921 secs using 171.6% CPU
Identifying sites to remove: done in 0.00037618 secs using 370.3% CPU
Identifying sites to remove: done in 0.000382453 secs using 130% CPU
Identifying sites to remove: done in 0.000307381 secs using 99.55% CPU
Identifying sites to remove: done in 0.000392318 secs using 265.9% CPU
Identifying sites to remove: done in 0.000389487 secs using 394.1% CPU
Identifying sites to remove: done in 0.000385627 secs using 163.9% CPU
Identifying sites to remove: done in 0.000363074 secs using 542% CPU
Identifying sites to remove: done in 0.000389591 secs using 178.9% CPU
Identifying sites to remove: done in 0.000381097 secs using 99.71% CPU
Identifying sites to remove: done in 0.000403024 secs using 2530% CPU
Identifying sites to remove: done in 0.000320099 secs using 1309% CPU
Identifying sites to remove: done in 0.0003848 secs using 1923% CPU
Identifying sites to remove: done in 0.000382125 secs using 172.7% CPU
Identifying sites to remove: done in 0.000313312 secs using 347.9% CPU
Identifying sites to remove: done in 0.000312462 secs using 420.2% CPU
Identifying sites to remove: done in 0.000401147 secs using 441% CPU
Identifying sites to remove: done in 0.00039801 secs using 161.6% CPU
Identifying sites to remove: done in 0.000343598 secs using 1121% CPU
Identifying sites to remove: done in 0.000429384 secs using 1159% CPU
Identifying sites to remove: done in 0.000409529 secs using 749.4% CPU
Identifying sites to remove: done in 0.000330783 secs using 697.1% CPU
Identifying sites to remove: done in 0.000316143 secs using 365.7% CPU
Identifying sites to remove: done in 0.000391394 secs using 495.4% CPU
Identifying sites to remove: done in 0.00032036 secs using 857.5% CPU
Identifying sites to remove: done in 0.000299156 secs using 130.7% CPU
Identifying sites to remove: done in 0.000305153 secs using 188.8% CPU
Identifying sites to remove: done in 0.000392206 secs using 539.3% CPU
Identifying sites to remove: done in 0.000313848 secs using 99.41% CPU
Identifying sites to remove: done in 0.000400752 secs using 1.409e+04% CPU
Identifying sites to remove: done in 0.000404745 secs using 1.35e+04% CPU
Identifying sites to remove: done in 0.000393428 secs using 1026% CPU
Identifying sites to remove: done in 0.000388972 secs using 200.5% CPU
Identifying sites to remove: done in 0.000391722 secs using 99.56% CPU
Identifying sites to remove: done in 0.000291869 secs using 1714% CPU
Identifying sites to remove: done in 0.000288494 secs using 893.6% CPU
Identifying sites to remove: done in 0.000365384 secs using 2191% CPU
Identifying sites to remove: done in 0.000382908 secs using 3683% CPU
Identifying sites to remove: done in 0.000405639 secs using 6665% CPU
Identifying sites to remove: done in 0.000405185 secs using 7522% CPU
Identifying sites to remove: done in 0.000433818 secs using 4672% CPU
Identifying sites to remove: done in 0.000435092 secs using 5464% CPU
Identifying sites to remove: done in 0.000449985 secs using 2448% CPU
Identifying sites to remove: done in 0.00048738 secs using 3702% CPU
Identifying sites to remove: done in 0.000434652 secs using 755.3% CPU
Identifying sites to remove: done in 0.000351653 secs using 620.8% CPU
Identifying sites to remove: done in 0.000317611 secs using 229.5% CPU
Identifying sites to remove: done in 0.000372157 secs using 99.15% CPU
Identifying sites to remove: done in 0.000211045 secs using 99.03% CPU
Identifying sites to remove: done in 0.00038939 secs using 1110% CPU
Identifying sites to remove: done in 0.000140183 secs using 302.5% CPU
Identifying sites to remove: done in 0.00031396 secs using 351% CPU
Identifying sites to remove: done in 0.000183798 secs using 190.4% CPU
Identifying sites to remove: done in 0.000305302 secs using 235.8% CPU
Identifying sites to remove: done in 0.000145011 secs using 546.9% CPU
Identifying sites to remove: done in 0.00027024 secs using 477.7% CPU
Identifying sites to remove: done in 0.000315227 secs using 420.6% CPU
Identifying sites to remove: done in 0.000323184 secs using 416.8% CPU
Identifying sites to remove: done in 0.000292808 secs using 382.5% CPU
Identifying sites to remove: done in 0.000303626 secs using 168.6% CPU
Identifying sites to remove: done in 0.000385724 secs using 335% CPU
Identifying sites to remove: done in 0.000401884 secs using 148.1% CPU
Identifying sites to remove: done in 0.00030186 secs using 99.38% CPU
Identifying sites to remove: done in 0.000402339 secs using 274.4% CPU
Identifying sites to remove: done in 0.000397496 secs using 998.5% CPU
Identifying sites to remove: done in 0.000403054 secs using 1.482e+04% CPU
Identifying sites to remove: done in 0.000307024 secs using 258.6% CPU
Identifying sites to remove: done in 0.000404112 secs using 117.3% CPU
Identifying sites to remove: done in 0.000381351 secs using 99.12% CPU
Identifying sites to remove: done in 0.000400506 secs using 1195% CPU
Identifying sites to remove: done in 0.000320517 secs using 1657% CPU
Identifying sites to remove: done in 0.000397354 secs using 836% CPU
Identifying sites to remove: done in 0.000320591 secs using 231.4% CPU
Identifying sites to remove: done in 0.000321954 secs using 1015% CPU
Identifying sites to remove: done in 0.000322096 secs using 162.1% CPU
Identifying sites to remove: done in 0.000385016 secs using 3151% CPU
Identifying sites to remove: done in 0.000395201 secs using 2278% CPU
Identifying sites to remove: done in 0.00024315 secs using 4886% CPU
Identifying sites to remove: done in 0.000430696 secs using 1.237e+04% CPU
Identifying sites to remove: done in 0.000336826 secs using 1.346e+04% CPU
Identifying sites to remove: done in 0.000428922 secs using 9632% CPU
Identifying sites to remove: done in 0.000318192 secs using 895.7% CPU
Identifying sites to remove: done in 0.000313669 secs using 762.3% CPU
Identifying sites to remove: done in 0.000400685 secs using 493.7% CPU
Identifying sites to remove: done in 0.000310861 secs using 191.1% CPU
Identifying sites to remove: done in 0.000314668 secs using 1021% CPU
Identifying sites to remove: done in 0.000390917 secs using 676.1% CPU
Identifying sites to remove: done in 0.000313818 secs using 221.8% CPU
Identifying sites to remove: done in 0.000399627 secs using 581.8% CPU
Identifying sites to remove: done in 0.000395074 secs using 164.5% CPU
Identifying sites to remove: done in 0.000389822 secs using 760.3% CPU
Identifying sites to remove: done in 0.000394225 secs using 171.7% CPU
Identifying sites to remove: done in 0.000415094 secs using 1.714e+04% CPU
Identifying sites to remove: done in 0.000101827 secs using 498.9% CPU
Identifying sites to remove: done in 0.000102706 secs using 2776% CPU
Identifying sites to remove: done in 0.000135615 secs using 9309% CPU
Identifying sites to remove: done in 0.000136241 secs using 7490% CPU
Identifying sites to remove: done in 0.000136852 secs using 3880% CPU
Identifying sites to remove: done in 0.000180297 secs using 5732% CPU
Identifying sites to remove: done in 0.000126749 secs using 4299% CPU
Identifying sites to remove: done in 0.000107132 secs using 2606% CPU
Identifying sites to remove: done in 9.85041e-05 secs using 221.3% CPU
Identifying sites to remove: done in 5.3741e-05 secs using 5151% CPU
Identifying sites to remove: done in 8.54656e-05 secs using 160.3% CPU
Identifying sites to remove: done in 0.000100099 secs using 613.4% CPU
Identifying sites to remove: done in 0.000108652 secs using 948% CPU
Identifying sites to remove: done in 0.00011117 secs using 6365% CPU
Identifying sites to remove: done in 8.19489e-05 secs using 8177% CPU
Identifying sites to remove: done in 0.000109904 secs using 6184% CPU
Identifying sites to remove: done in 0.00014326 secs using 2536% CPU
Identifying sites to remove: done in 0.000138476 secs using 3230% CPU
Identifying sites to remove: done in 9.59635e-05 secs using 1088% CPU
Identifying sites to remove: done in 0.00011757 secs using 265.4% CPU
Identifying sites to remove: done in 9.39146e-05 secs using 1078% CPU
Identifying sites to remove: done in 0.000103995 secs using 374.1% CPU
Identifying sites to remove: done in 9.71183e-05 secs using 5313% CPU
Identifying sites to remove: done in 0.000104025 secs using 6488% CPU
Identifying sites to remove: done in 9.2566e-05 secs using 5959% CPU
Identifying sites to remove: done in 9.4533e-05 secs using 4873% CPU
Identifying sites to remove: done in 0.000102349 secs using 781.6% CPU
Identifying sites to remove: done in 0.000114098 secs using 292.7% CPU
Identifying sites to remove: done in 0.000106059 secs using 443.1% CPU
Identifying sites to remove: done in 0.000101253 secs using 714.1% CPU
Identifying sites to remove: done in 0.000100903 secs using 595.6% CPU
Identifying sites to remove: done in 9.84296e-05 secs using 539.5% CPU
Identifying sites to remove: done in 9.10163e-05 secs using 192.3% CPU
Identifying sites to remove: done in 9.93237e-05 secs using 97.66% CPU
Identifying sites to remove: done in 9.10312e-05 secs using 98.87% CPU
Identifying sites to remove: done in 9.28342e-05 secs using 98.02% CPU
Identifying sites to remove: done in 0.000131585 secs using 1781% CPU
Identifying sites to remove: done in 0.000134654 secs using 4604% CPU
Identifying sites to remove: done in 0.000133269 secs using 3212% CPU
Identifying sites to remove: done in 0.000165552 secs using 7340% CPU
Identifying sites to remove: done in 0.000168726 secs using 9667% CPU
Identifying sites to remove: done in 0.000166543 secs using 8592% CPU
Identifying sites to remove: done in 0.000167154 secs using 5126% CPU
Identifying sites to remove: done in 0.000170499 secs using 1.048e+04% CPU
Identifying sites to remove: done in 0.000213929 secs using 734.8% CPU
Identifying sites to remove: done in 0.000214264 secs using 4880% CPU
Identifying sites to remove: done in 0.000153102 secs using 892.9% CPU
Identifying sites to remove: done in 0.000116289 secs using 757.6% CPU
Identifying sites to remove: done in 0.00013081 secs using 2488% CPU
Identifying sites to remove: done in 0.000126667 secs using 126.3% CPU
Identifying sites to remove: done in 6.75619e-05 secs using 4584% CPU
Identifying sites to remove: done in 0.00010632 secs using 1172% CPU
Identifying sites to remove: done in 0.000135504 secs using 146.9% CPU
Identifying sites to remove: done in 6.25551e-05 secs using 1.364e+04% CPU
Identifying sites to remove: done in 0.000125654 secs using 4146% CPU
Identifying sites to remove: done in 0.000135005 secs using 2972% CPU
Identifying sites to remove: done in 0.000134632 secs using 280% CPU
Identifying sites to remove: done in 6.41569e-05 secs using 2037% CPU
Identifying sites to remove: done in 9.38401e-05 secs using 247.2% CPU
Identifying sites to remove: done in 9.49651e-05 secs using 602.3% CPU
Identifying sites to remove: done in 0.000123605 secs using 2.972e+04% CPU
Identifying sites to remove: done in 0.000100732 secs using 3.634e+04% CPU
Identifying sites to remove: done in 0.000154078 secs using 2.123e+04% CPU
Identifying sites to remove: done in 0.00013119 secs using 99.09% CPU
Identifying sites to remove: done in 0.000124373 secs using 98.9% CPU
Identifying sites to remove: done in 0.000135303 secs using 691.8% CPU
Identifying sites to remove: done in 0.000131696 secs using 366% CPU
Identifying sites to remove: done in 0.000131689 secs using 908.2% CPU
Identifying sites to remove: done in 0.00012216 secs using 165.4% CPU
Identifying sites to remove: done in 0.000124052 secs using 1071% CPU
Identifying sites to remove: done in 0.000130877 secs using 192.5% CPU
Identifying sites to remove: done in 0.000125945 secs using 1336% CPU
Identifying sites to remove: done in 0.000138432 secs using 594.5% CPU
Identifying sites to remove: done in 0.000129156 secs using 162.6% CPU
Identifying sites to remove: done in 0.000126921 secs using 1621% CPU
Identifying sites to remove: done in 0.000104032 secs using 218.2% CPU
Identifying sites to remove: done in 0.000126287 secs using 1740% CPU
Identifying sites to remove: done in 0.000111856 secs using 2061% CPU
Identifying sites to remove: done in 0.000129186 secs using 6559% CPU
Identifying sites to remove: done in 0.000104353 secs using 6163% CPU
Identifying sites to remove: done in 0.000105992 secs using 5887% CPU
Identifying sites to remove: done in 0.000141047 secs using 2950% CPU
Identifying sites to remove: done in 0.000142038 secs using 1983% CPU
Identifying sites to remove: done in 0.000157177 secs using 388.1% CPU
Identifying sites to remove: done in 0.000129044 secs using 2535% CPU
Identifying sites to remove: done in 0.000102513 secs using 704.3% CPU
Identifying sites to remove: done in 0.000104137 secs using 547.4% CPU
Identifying sites to remove: done in 0.000100054 secs using 197.9% CPU
Identifying sites to remove: done in 0.000133082 secs using 551.5% CPU
Identifying sites to remove: done in 0.000125796 secs using 1184% CPU
Identifying sites to remove: done in 0.000134863 secs using 156.5% CPU
Identifying sites to remove: done in 0.000128567 secs using 98.78% CPU
Identifying sites to remove: done in 0.000131138 secs using 358.4% CPU
Identifying sites to remove: done in 0.000129484 secs using 199.3% CPU
Identifying sites to remove: done in 0.000132442 secs using 98.91% CPU
Identifying sites to remove: done in 0.000143707 secs using 5816% CPU
Identifying sites to remove: done in 0.000161745 secs using 2550% CPU
Identifying sites to remove: done in 0.000170425 secs using 854.9% CPU
Identifying sites to remove: done in 0.000176772 secs using 6515% CPU
Identifying sites to remove: done in 0.000176556 secs using 1.124e+04% CPU
Identifying sites to remove: done in 0.00019145 secs using 1.167e+04% CPU
Identifying sites to remove: done in 0.000186801 secs using 3836% CPU
Identifying sites to remove: done in 0.000190318 secs using 1.318e+04% CPU
Identifying sites to remove: done in 0.000226825 secs using 7632% CPU
Identifying sites to remove: done in 0.000225239 secs using 6417% CPU
Identifying sites to remove: done in 0.000149608 secs using 933.8% CPU
Identifying sites to remove: done in 0.000122689 secs using 718.1% CPU
Identifying sites to remove: done in 0.000127792 secs using 201.1% CPU
Identifying sites to remove: done in 0.000136316 secs using 99.03% CPU
Identifying sites to remove: done in 7.83205e-05 secs using 5.645e+04% CPU
Identifying sites to remove: done in 6.35162e-05 secs using 540% CPU
Identifying sites to remove: done in 0.000109792 secs using 428.1% CPU
Identifying sites to remove: done in 0.000153415 secs using 244.4% CPU
Identifying sites to remove: done in 7.42301e-05 secs using 229% CPU
Identifying sites to remove: done in 0.000139318 secs using 1077% CPU
Identifying sites to remove: done in 6.54235e-05 secs using 261.4% CPU
Identifying sites to remove: done in 0.000134006 secs using 1606% CPU
Identifying sites to remove: done in 0.000153936 secs using 1064% CPU
Identifying sites to remove: done in 0.000118405 secs using 290.5% CPU
Identifying sites to remove: done in 0.000120372 secs using 584.9% CPU
Identifying sites to remove: done in 0.00013043 secs using 98.9% CPU
Identifying sites to remove: done in 0.000139475 secs using 98.94% CPU
Identifying sites to remove: done in 0.0001432 secs using 99.16% CPU
Identifying sites to remove: done in 0.000130825 secs using 99.37% CPU
Identifying sites to remove: done in 0.000141583 secs using 98.88% CPU
Identifying sites to remove: done in 0.000144154 secs using 376% CPU
Identifying sites to remove: done in 0.000140548 secs using 200.6% CPU
Identifying sites to remove: done in 0.000143155 secs using 1475% CPU
Identifying sites to remove: done in 0.000138886 secs using 1946% CPU
Identifying sites to remove: done in 0.000135668 secs using 136.4% CPU
Identifying sites to remove: done in 0.000146255 secs using 1864% CPU
Identifying sites to remove: done in 0.000148162 secs using 745.1% CPU
Identifying sites to remove: done in 0.000174753 secs using 2065% CPU
Identifying sites to remove: done in 0.000114307 secs using 1629% CPU
Identifying sites to remove: done in 0.000144675 secs using 177.6% CPU
Identifying sites to remove: done in 0.000112638 secs using 3205% CPU
Identifying sites to remove: done in 0.000152566 secs using 4530% CPU
Identifying sites to remove: done in 0.000109099 secs using 2861% CPU
Identifying sites to remove: done in 0.000145584 secs using 2397% CPU
Identifying sites to remove: done in 0.000113383 secs using 4407% CPU
Identifying sites to remove: done in 0.000136517 secs using 1423% CPU
Identifying sites to remove: done in 0.000138074 secs using 220.2% CPU
Identifying sites to remove: done in 0.000132993 secs using 98.5% CPU
Identifying sites to remove: done in 0.000109278 secs using 323.9% CPU
Identifying sites to remove: done in 0.000120766 secs using 375.1% CPU
Identifying sites to remove: done in 0.000146635 secs using 370.3% CPU
Identifying sites to remove: done in 0.000106178 secs using 97.95% CPU
Identifying sites to remove: done in 0.000141375 secs using 466.8% CPU
Identifying sites to remove: done in 0.000130042 secs using 136.1% CPU
Identifying sites to remove: done in 0.000147648 secs using 642.1% CPU
Identifying sites to remove: done in 0.000148274 secs using 196.9% CPU
Identifying sites to remove: done in 0.00013753 secs using 1718% CPU
Identifying sites to remove: done in 0.000144273 secs using 192.7% CPU
Identifying sites to remove: done in 0.000140518 secs using 98.92% CPU
Identifying sites to remove: done in 0.000463352 secs using 1262% CPU
Identifying sites to remove: done in 0.000462949 secs using 1581% CPU
Identifying sites to remove: done in 0.0004609 secs using 949.4% CPU
Identifying sites to remove: done in 0.000542723 secs using 2535% CPU
Identifying sites to remove: done in 0.000573471 secs using 2677% CPU
Identifying sites to remove: done in 0.00058452 secs using 2135% CPU
Identifying sites to remove: done in 0.000610836 secs using 3016% CPU
Identifying sites to remove: done in 0.000610791 secs using 1589% CPU
Identifying sites to remove: done in 0.000611112 secs using 2781% CPU
Identifying sites to remove: done in 0.000654332 secs using 1726% CPU
Identifying sites to remove: done in 0.000530295 secs using 413.9% CPU
Identifying sites to remove: done in 0.000452012 secs using 1.335e+04% CPU
Identifying sites to remove: done in 0.000451341 secs using 1.298e+04% CPU
Identifying sites to remove: done in 0.000518195 secs using 99.77% CPU
Identifying sites to remove: done in 0.000251807 secs using 99.68% CPU
Identifying sites to remove: done in 0.000234544 secs using 1104% CPU
Identifying sites to remove: done in 0.000545472 secs using 671.5% CPU
Identifying sites to remove: done in 0.000424996 secs using 276.7% CPU
Identifying sites to remove: done in 0.000241145 secs using 1198% CPU
Identifying sites to remove: done in 0.000511557 secs using 200% CPU
Identifying sites to remove: done in 0.000237569 secs using 4209% CPU
Identifying sites to remove: done in 0.000414729 secs using 1468% CPU
Identifying sites to remove: done in 0.000515804 secs using 2442% CPU
Identifying sites to remove: done in 0.000539385 secs using 1779% CPU
Identifying sites to remove: done in 0.000416599 secs using 333.2% CPU
Identifying sites to remove: done in 0.000502586 secs using 523.9% CPU
Identifying sites to remove: done in 0.000552312 secs using 331.5% CPU
Identifying sites to remove: done in 0.000560522 secs using 159% CPU
Identifying sites to remove: done in 0.000509195 secs using 99.77% CPU
Identifying sites to remove: done in 0.000535436 secs using 962.8% CPU
Identifying sites to remove: done in 0.000558287 secs using 1.281e+04% CPU
Identifying sites to remove: done in 0.000581853 secs using 1.218e+04% CPU
Identifying sites to remove: done in 0.000525512 secs using 263.4% CPU
Identifying sites to remove: done in 0.000545226 secs using 324.8% CPU
Identifying sites to remove: done in 0.000529431 secs using 106.9% CPU
Identifying sites to remove: done in 0.000443503 secs using 1460% CPU
Identifying sites to remove: done in 0.000572465 secs using 2114% CPU
Identifying sites to remove: done in 0.00055854 secs using 1873% CPU
Identifying sites to remove: done in 0.000528038 secs using 1431% CPU
Identifying sites to remove: done in 0.000483155 secs using 1561% CPU
Identifying sites to remove: done in 0.000420302 secs using 101.4% CPU
Identifying sites to remove: done in 0.000543028 secs using 1.006e+04% CPU
Identifying sites to remove: done in 0.000411443 secs using 529.4% CPU
Identifying sites to remove: done in 0.000567824 secs using 488% CPU
Identifying sites to remove: done in 0.00045988 secs using 586% CPU
Identifying sites to remove: done in 0.000571385 secs using 420% CPU
Identifying sites to remove: done in 0.000571541 secs using 396.1% CPU
Identifying sites to remove: done in 0.000437781 secs using 871% CPU
Identifying sites to remove: done in 0.000493981 secs using 1091% CPU
Identifying sites to remove: done in 0.000440709 secs using 506% CPU
Identifying sites to remove: done in 0.000534244 secs using 224.1% CPU
Identifying sites to remove: done in 0.000423774 secs using 362.2% CPU
Identifying sites to remove: done in 0.000536725 secs using 560.1% CPU
Identifying sites to remove: done in 0.000440247 secs using 165.6% CPU
Identifying sites to remove: done in 0.000526957 secs using 229.8% CPU
Identifying sites to remove: done in 0.000551097 secs using 179.6% CPU
Identifying sites to remove: done in 0.000539474 secs using 227.4% CPU
Identifying sites to remove: done in 0.000535354 secs using 184% CPU
Identifying sites to remove: done in 0.00054194 secs using 565% CPU
Identifying sites to remove: done in 0.000239022 secs using 3726% CPU
Identifying sites to remove: done in 0.000240475 secs using 909.5% CPU
Identifying sites to remove: done in 0.000261903 secs using 2189% CPU
Identifying sites to remove: done in 0.000309922 secs using 9648% CPU
Identifying sites to remove: done in 0.000309989 secs using 5254% CPU
Identifying sites to remove: done in 0.000308767 secs using 7454% CPU
Identifying sites to remove: done in 0.000311613 secs using 8531% CPU
Identifying sites to remove: done in 0.000313662 secs using 1.067e+04% CPU
Identifying sites to remove: done in 0.000364654 secs using 5452% CPU
Identifying sites to remove: done in 0.000378899 secs using 3472% CPU
Identifying sites to remove: done in 0.000218071 secs using 603.5% CPU
Identifying sites to remove: done in 0.000328571 secs using 639.4% CPU
Identifying sites to remove: done in 0.000224382 secs using 312% CPU
Identifying sites to remove: done in 0.000237018 secs using 99.57% CPU
Identifying sites to remove: done in 0.000142984 secs using 99.31% CPU
Identifying sites to remove: done in 0.000201039 secs using 1134% CPU
Identifying sites to remove: done in 0.000244744 secs using 286% CPU
Identifying sites to remove: done in 0.000125237 secs using 119% CPU
Identifying sites to remove: done in 0.00023412 secs using 2063% CPU
Identifying sites to remove: done in 0.000123136 secs using 1671% CPU
Identifying sites to remove: done in 0.000226527 secs using 2565% CPU
Identifying sites to remove: done in 0.000198096 secs using 1984% CPU
Identifying sites to remove: done in 0.000184648 secs using 243.2% CPU
Identifying sites to remove: done in 0.000232629 secs using 635.3% CPU
Identifying sites to remove: done in 0.000121154 secs using 118% CPU
Identifying sites to remove: done in 0.000243008 secs using 99.17% CPU
Identifying sites to remove: done in 0.000241555 secs using 99.36% CPU
Identifying sites to remove: done in 0.000260815 secs using 2.105e+04% CPU
Identifying sites to remove: done in 0.000230581 secs using 99.75% CPU
Identifying sites to remove: done in 0.000252463 secs using 99.42% CPU
Identifying sites to remove: done in 0.00024429 secs using 579.2% CPU
Identifying sites to remove: done in 0.000246555 secs using 142.4% CPU
Identifying sites to remove: done in 0.000236101 secs using 1526% CPU
Identifying sites to remove: done in 0.000251636 secs using 863.5% CPU
Identifying sites to remove: done in 0.000259489 secs using 129.1% CPU
Identifying sites to remove: done in 0.000247367 secs using 1725% CPU
Identifying sites to remove: done in 0.00026194 secs using 1188% CPU
Identifying sites to remove: done in 0.000242241 secs using 208.1% CPU
Identifying sites to remove: done in 0.000209816 secs using 2975% CPU
Identifying sites to remove: done in 0.000248522 secs using 1455% CPU
Identifying sites to remove: done in 0.000210151 secs using 1740% CPU
Identifying sites to remove: done in 0.000247173 secs using 1547% CPU
Identifying sites to remove: done in 0.000257723 secs using 4317% CPU
Identifying sites to remove: done in 0.000206031 secs using 3664% CPU
Identifying sites to remove: done in 0.000194862 secs using 3651% CPU
Identifying sites to remove: done in 0.000270046 secs using 3127% CPU
Identifying sites to remove: done in 0.000273943 secs using 1744% CPU
Identifying sites to remove: done in 0.000259675 secs using 1.406e+04% CPU
Identifying sites to remove: done in 0.000206135 secs using 581.2% CPU
Identifying sites to remove: done in 0.00020387 secs using 444.9% CPU
Identifying sites to remove: done in 0.000257492 secs using 240% CPU
Identifying sites to remove: done in 0.000198498 secs using 213.6% CPU
Identifying sites to remove: done in 0.000257783 secs using 465.1% CPU
Identifying sites to remove: done in 0.000245854 secs using 99.25% CPU
Identifying sites to remove: done in 0.000248767 secs using 99.69% CPU
Identifying sites to remove: done in 0.000250071 secs using 888.1% CPU
Identifying sites to remove: done in 0.000269882 secs using 2.561e+04% CPU
Identifying sites to remove: done in 0.000273243 secs using 2.388e+04% CPU
Identifying sites to remove: done in 0.000269577 secs using 99.42% CPU
Identifying sites to remove: done in 0.000342481 secs using 1851% CPU
Identifying sites to remove: done in 0.00036601 secs using 935.5% CPU
Identifying sites to remove: done in 0.000384524 secs using 1339% CPU
Identifying sites to remove: done in 0.000394821 secs using 2589% CPU
Identifying sites to remove: done in 0.000395291 secs using 3438% CPU
Identifying sites to remove: done in 0.000441246 secs using 3906% CPU
Identifying sites to remove: done in 0.000458822 secs using 3404% CPU
Identifying sites to remove: done in 0.000461891 secs using 4114% CPU
Identifying sites to remove: done in 0.000457741 secs using 1958% CPU
Identifying sites to remove: done in 0.000501491 secs using 2484% CPU
Identifying sites to remove: done in 0.00040371 secs using 99.82% CPU
Identifying sites to remove: done in 0.000346228 secs using 643.8% CPU
Identifying sites to remove: done in 0.000332966 secs using 203.3% CPU
Identifying sites to remove: done in 0.000398554 secs using 99.61% CPU
Identifying sites to remove: done in 0.000219136 secs using 99.94% CPU
Identifying sites to remove: done in 0.000415392 secs using 720% CPU
Identifying sites to remove: done in 0.000193961 secs using 303.2% CPU
Identifying sites to remove: done in 0.000333786 secs using 393.7% CPU
Identifying sites to remove: done in 0.000187248 secs using 206.1% CPU
Identifying sites to remove: done in 0.000395052 secs using 214.7% CPU
Identifying sites to remove: done in 0.000181243 secs using 397.8% CPU
Identifying sites to remove: done in 0.00030382 secs using 3192% CPU
Identifying sites to remove: done in 0.000394695 secs using 2120% CPU
Identifying sites to remove: done in 0.000406615 secs using 1425% CPU
Identifying sites to remove: done in 0.000334688 secs using 570.7% CPU
Identifying sites to remove: done in 0.000306927 secs using 263.3% CPU
Identifying sites to remove: done in 0.000409916 secs using 204.4% CPU
Identifying sites to remove: done in 0.000418171 secs using 172.2% CPU
Identifying sites to remove: done in 0.000373803 secs using 99.52% CPU
Identifying sites to remove: done in 0.000413433 secs using 308.2% CPU
Identifying sites to remove: done in 0.000419937 secs using 828% CPU
Identifying sites to remove: done in 0.000401974 secs using 152.5% CPU
Identifying sites to remove: done in 0.000395358 secs using 997.1% CPU
Identifying sites to remove: done in 0.000406504 secs using 171.2% CPU
Identifying sites to remove: done in 0.000421837 secs using 1.506e+04% CPU
Identifying sites to remove: done in 0.000423111 secs using 1008% CPU
Identifying sites to remove: done in 0.000320815 secs using 725.3% CPU
Identifying sites to remove: done in 0.000413448 secs using 854.3% CPU
Identifying sites to remove: done in 0.000335068 secs using 322.9% CPU
Identifying sites to remove: done in 0.000331834 secs using 676.2% CPU
Identifying sites to remove: done in 0.000330336 secs using 114.1% CPU
Identifying sites to remove: done in 0.00040894 secs using 1593% CPU
Identifying sites to remove: done in 0.0004154 secs using 1004% CPU
Identifying sites to remove: done in 0.000317268 secs using 2100% CPU
Identifying sites to remove: done in 0.00033161 secs using 1090% CPU
Identifying sites to remove: done in 0.000427544 secs using 969.7% CPU
Identifying sites to remove: done in 0.000426762 secs using 134.5% CPU
Identifying sites to remove: done in 0.000328243 secs using 963.3% CPU
Identifying sites to remove: done in 0.000345081 secs using 1.258e+04% CPU
Identifying sites to remove: done in 0.00043904 secs using 1.03e+04% CPU
Identifying sites to remove: done in 0.000335976 secs using 184.2% CPU
Identifying sites to remove: done in 0.000332169 secs using 427.5% CPU
Identifying sites to remove: done in 0.000417434 secs using 461.9% CPU
Identifying sites to remove: done in 0.000338502 secs using 130.6% CPU
Identifying sites to remove: done in 0.000415884 secs using 614.1% CPU
Identifying sites to remove: done in 0.000409119 secs using 171.8% CPU
Identifying sites to remove: done in 0.00040485 secs using 618.3% CPU
Identifying sites to remove: done in 0.000410512 secs using 164.4% CPU
Identifying sites to remove: done in 0.000432558 secs using 1.572e+04% CPU
Identifying sites to remove: done in 0.000129618 secs using 3795% CPU
Identifying sites to remove: done in 0.000141241 secs using 9224% CPU
Identifying sites to remove: done in 0.000174671 secs using 5248% CPU
Identifying sites to remove: done in 0.000176191 secs using 6365% CPU
Identifying sites to remove: done in 0.000208624 secs using 3465% CPU
Identifying sites to remove: done in 0.000211656 secs using 7245% CPU
Identifying sites to remove: done in 0.000201263 secs using 634% CPU
Identifying sites to remove: done in 0.000204735 secs using 1649% CPU
Identifying sites to remove: done in 0.000199646 secs using 1785% CPU
Identifying sites to remove: done in 0.000132054 secs using 2309% CPU
Identifying sites to remove: done in 0.000185139 secs using 555.8% CPU
Identifying sites to remove: done in 0.000148773 secs using 187.5% CPU
Identifying sites to remove: done in 0.000111297 secs using 98.83% CPU
Identifying sites to remove: done in 0.000146896 secs using 904.7% CPU
Identifying sites to remove: done in 8.52495e-05 secs using 1582% CPU
Identifying sites to remove: done in 0.000194937 secs using 2674% CPU
Identifying sites to remove: done in 0.00018499 secs using 4028% CPU
Identifying sites to remove: done in 0.000178486 secs using 2345% CPU
Identifying sites to remove: done in 7.5534e-05 secs using 697.7% CPU
Identifying sites to remove: done in 0.000188053 secs using 517.9% CPU
Identifying sites to remove: done in 9.8221e-05 secs using 195.5% CPU
Identifying sites to remove: done in 9.40636e-05 secs using 2163% CPU
Identifying sites to remove: done in 9.78932e-05 secs using 240.1% CPU
Identifying sites to remove: done in 0.000178196 secs using 2.41e+04% CPU
Identifying sites to remove: done in 0.000124611 secs using 98.71% CPU
Identifying sites to remove: done in 0.000197306 secs using 779.5% CPU
Identifying sites to remove: done in 0.000199728 secs using 567.3% CPU
Identifying sites to remove: done in 0.000182822 secs using 169.6% CPU
Identifying sites to remove: done in 0.000177398 secs using 740.7% CPU
Identifying sites to remove: done in 0.000179626 secs using 197.6% CPU
Identifying sites to remove: done in 0.000121944 secs using 212.4% CPU
Identifying sites to remove: done in 0.000186749 secs using 932.3% CPU
Identifying sites to remove: done in 0.000153534 secs using 1352% CPU
Identifying sites to remove: done in 0.00015787 secs using 2228% CPU
Identifying sites to remove: done in 0.000125133 secs using 3603% CPU
Identifying sites to remove: done in 0.000242524 secs using 5190% CPU
Identifying sites to remove: done in 0.000180669 secs using 4750% CPU
Identifying sites to remove: done in 0.00016775 secs using 2568% CPU
Identifying sites to remove: done in 0.000190385 secs using 3453% CPU
Identifying sites to remove: done in 0.000193931 secs using 1157% CPU
Identifying sites to remove: done in 0.000212222 secs using 478.7% CPU
Identifying sites to remove: done in 0.000143819 secs using 400.5% CPU
Identifying sites to remove: done in 0.000153437 secs using 165.5% CPU
Identifying sites to remove: done in 0.000142068 secs using 2402% CPU
Identifying sites to remove: done in 0.000159457 secs using 2488% CPU
Identifying sites to remove: done in 0.000165761 secs using 924.8% CPU
Identifying sites to remove: done in 0.000146918 secs using 680.7% CPU
Identifying sites to remove: done in 0.000208862 secs using 237% CPU
Identifying sites to remove: done in 0.000175186 secs using 2.79e+04% CPU
Identifying sites to remove: done in 0.000203013 secs using 2.313e+04% CPU
Identifying sites to remove: done in 0.000192851 secs using 99.04% CPU
Identifying sites to remove: done in 0.000142142 secs using 767.5% CPU
Identifying sites to remove: done in 0.000146978 secs using 2826% CPU
Identifying sites to remove: done in 0.000200793 secs using 9719% CPU
Identifying sites to remove: done in 0.000214554 secs using 3510% CPU
Identifying sites to remove: done in 0.000269152 secs using 9718% CPU
Identifying sites to remove: done in 0.000270039 secs using 5252% CPU
Identifying sites to remove: done in 0.00027179 secs using 8522% CPU
Identifying sites to remove: done in 0.000270262 secs using 6319% CPU
Identifying sites to remove: done in 0.000321977 secs using 3478% CPU
Identifying sites to remove: done in 0.000222534 secs using 99.31% CPU
Identifying sites to remove: done in 0.000198916 secs using 2.43e+04% CPU
Identifying sites to remove: done in 0.000225306 secs using 111.4% CPU
Identifying sites to remove: done in 0.000107549 secs using 98.56% CPU
Identifying sites to remove: done in 0.000175774 secs using 237.8% CPU
Identifying sites to remove: done in 7.23377e-05 secs using 1273% CPU
Identifying sites to remove: done in 0.00014966 secs using 112.9% CPU
Identifying sites to remove: done in 0.000147551 secs using 1801% CPU
Identifying sites to remove: done in 0.000151493 secs using 495.1% CPU
Identifying sites to remove: done in 9.0681e-05 secs using 1933% CPU
Identifying sites to remove: done in 0.000231162 secs using 2027% CPU
Identifying sites to remove: done in 0.000115983 secs using 1367% CPU
Identifying sites to remove: done in 0.000130847 secs using 1526% CPU
Identifying sites to remove: done in 0.000233494 secs using 193.2% CPU
Identifying sites to remove: done in 0.000223316 secs using 98.96% CPU
Identifying sites to remove: done in 0.000146985 secs using 194.6% CPU
Identifying sites to remove: done in 0.000236265 secs using 1080% CPU
Identifying sites to remove: done in 0.000226118 secs using 744.3% CPU
Identifying sites to remove: done in 0.000223048 secs using 340.3% CPU
Identifying sites to remove: done in 0.000224456 secs using 1401% CPU
Identifying sites to remove: done in 0.00022421 secs using 138.7% CPU
Identifying sites to remove: done in 0.000216976 secs using 1012% CPU
Identifying sites to remove: done in 0.000150546 secs using 154.8% CPU
Identifying sites to remove: done in 0.000226215 secs using 1886% CPU
Identifying sites to remove: done in 0.000227332 secs using 539.7% CPU
Identifying sites to remove: done in 0.000225611 secs using 229.6% CPU
Identifying sites to remove: done in 0.000198975 secs using 2.367e+04% CPU
Identifying sites to remove: done in 0.000157215 secs using 199.7% CPU
Identifying sites to remove: done in 0.000185415 secs using 183.9% CPU
Identifying sites to remove: done in 0.000131562 secs using 319.2% CPU
Identifying sites to remove: done in 0.000201121 secs using 788.1% CPU
Identifying sites to remove: done in 0.000253536 secs using 565.2% CPU
Identifying sites to remove: done in 0.000225544 secs using 446.9% CPU
Identifying sites to remove: done in 0.000241794 secs using 743.2% CPU
Identifying sites to remove: done in 0.000176884 secs using 517.3% CPU
Identifying sites to remove: done in 0.000188515 secs using 246.1% CPU
Identifying sites to remove: done in 0.00017567 secs using 99.62% CPU
Identifying sites to remove: done in 0.000232063 secs using 99.54% CPU
Identifying sites to remove: done in 0.000225134 secs using 99.05% CPU
Identifying sites to remove: done in 0.000221469 secs using 99.79% CPU
Identifying sites to remove: done in 0.000225209 secs using 99.46% CPU
Identifying sites to remove: done in 0.00015524 secs using 4471% CPU
Identifying sites to remove: done in 0.000151977 secs using 822.5% CPU
Identifying sites to remove: done in 0.000208184 secs using 8796% CPU
Identifying sites to remove: done in 0.00020954 secs using 7389% CPU
Identifying sites to remove: done in 0.000243127 secs using 8760% CPU
Identifying sites to remove: done in 0.000238881 secs using 1966% CPU
Identifying sites to remove: done in 0.000272781 secs using 8947% CPU
Identifying sites to remove: done in 0.000274442 secs using 9923% CPU
Identifying sites to remove: done in 0.000307873 secs using 4284% CPU
Identifying sites to remove: done in 0.000308715 secs using 3487% CPU
Identifying sites to remove: done in 0.000193462 secs using 454.4% CPU
Identifying sites to remove: done in 0.000243366 secs using 2.086e+04% CPU
Identifying sites to remove: done in 0.000240877 secs using 1.949e+04% CPU
Identifying sites to remove: done in 0.00011269 secs using 99.39% CPU
Identifying sites to remove: done in 7.18608e-05 secs using 851.6% CPU
Identifying sites to remove: done in 0.00018736 secs using 599.4% CPU
Identifying sites to remove: done in 0.000240333 secs using 259.6% CPU
Identifying sites to remove: done in 0.000108697 secs using 1582% CPU
Identifying sites to remove: done in 0.000126362 secs using 2140% CPU
Identifying sites to remove: done in 0.000157207 secs using 1357% CPU
Identifying sites to remove: done in 0.000156231 secs using 967.2% CPU
Identifying sites to remove: done in 0.00014855 secs using 440.9% CPU
Identifying sites to remove: done in 9.26852e-05 secs using 617.1% CPU
Identifying sites to remove: done in 0.000177749 secs using 130.5% CPU
Identifying sites to remove: done in 0.000156015 secs using 199.3% CPU
Identifying sites to remove: done in 0.00023178 secs using 759.8% CPU
Identifying sites to remove: done in 0.000153102 secs using 190.1% CPU
Identifying sites to remove: done in 0.000230499 secs using 1057% CPU
Identifying sites to remove: done in 0.000234067 secs using 732.3% CPU
Identifying sites to remove: done in 0.000233017 secs using 1472% CPU
Identifying sites to remove: done in 0.000225373 secs using 2274% CPU
Identifying sites to remove: done in 0.000226341 secs using 2351% CPU
Identifying sites to remove: done in 0.000153497 secs using 2068% CPU
Identifying sites to remove: done in 0.000219673 secs using 148.4% CPU
Identifying sites to remove: done in 0.000244088 secs using 1177% CPU
Identifying sites to remove: done in 0.000248298 secs using 530.8% CPU
Identifying sites to remove: done in 0.000229016 secs using 1831% CPU
Identifying sites to remove: done in 0.000181511 secs using 1711% CPU
Identifying sites to remove: done in 0.000191599 secs using 2192% CPU
Identifying sites to remove: done in 0.000243597 secs using 1.739e+04% CPU
Identifying sites to remove: done in 0.000173852 secs using 2.342e+04% CPU
Identifying sites to remove: done in 0.000127882 secs using 607.6% CPU
Identifying sites to remove: done in 0.000231713 secs using 524.4% CPU
Identifying sites to remove: done in 0.000254743 secs using 895.8% CPU
Identifying sites to remove: done in 0.000286229 secs using 792.7% CPU
Identifying sites to remove: done in 0.000170723 secs using 907.3% CPU
Identifying sites to remove: done in 0.000202365 secs using 612.3% CPU
Identifying sites to remove: done in 0.000225902 secs using 651.2% CPU
Identifying sites to remove: done in 0.000174649 secs using 369.9% CPU
Identifying sites to remove: done in 0.000227757 secs using 129.5% CPU
Identifying sites to remove: done in 0.000229456 secs using 671.2% CPU
Identifying sites to remove: done in 0.000157677 secs using 652% CPU
Identifying sites to remove: done in 0.000152603 secs using 175% CPU
Identifying sites to remove: done in 0.000242092 secs using 99.55% CPU
Identifying sites to remove: done in 0.000223994 secs using 902.7% CPU
Identifying sites to remove: done in 0.000227004 secs using 152.9% CPU
Identifying sites to remove: done in 0.000252776 secs using 2.517e+04% CPU
Identifying sites to remove: done in 0.000242718 secs using 3375% CPU
Identifying sites to remove: done in 0.000239402 secs using 923.6% CPU
Identifying sites to remove: done in 0.000246316 secs using 2118% CPU
Identifying sites to remove: done in 0.000290737 secs using 7029% CPU
Identifying sites to remove: done in 0.00029584 secs using 8950% CPU
Identifying sites to remove: done in 0.000294663 secs using 5933% CPU
Identifying sites to remove: done in 0.000294492 secs using 7969% CPU
Identifying sites to remove: done in 0.000294045 secs using 1.001e+04% CPU
Identifying sites to remove: done in 0.000354782 secs using 3327% CPU
Identifying sites to remove: done in 0.000358559 secs using 4094% CPU
Identifying sites to remove: done in 0.000272207 secs using 206.5% CPU
Identifying sites to remove: done in 0.000229761 secs using 345.6% CPU
Identifying sites to remove: done in 0.000226475 secs using 200.5% CPU
Identifying sites to remove: done in 0.000253677 secs using 99.34% CPU
Identifying sites to remove: done in 0.000123926 secs using 99.25% CPU
Identifying sites to remove: done in 0.00011719 secs using 1624% CPU
Identifying sites to remove: done in 0.000275023 secs using 932.6% CPU
Identifying sites to remove: done in 0.000213854 secs using 198.3% CPU
Identifying sites to remove: done in 0.000118539 secs using 99.55% CPU
Identifying sites to remove: done in 0.000255875 secs using 1975% CPU
Identifying sites to remove: done in 0.000119172 secs using 1771% CPU
Identifying sites to remove: done in 0.000266023 secs using 2184% CPU
Identifying sites to remove: done in 0.000264205 secs using 1344% CPU
Identifying sites to remove: done in 0.000229463 secs using 1578% CPU
Identifying sites to remove: done in 0.000196695 secs using 1365% CPU
Identifying sites to remove: done in 0.000247262 secs using 219.6% CPU
Identifying sites to remove: done in 0.000257224 secs using 99.52% CPU
Identifying sites to remove: done in 0.000264719 secs using 99.35% CPU
Identifying sites to remove: done in 0.000248946 secs using 99.22% CPU
Identifying sites to remove: done in 0.000270128 secs using 304.7% CPU
Identifying sites to remove: done in 0.000264406 secs using 532.1% CPU
Identifying sites to remove: done in 0.000266857 secs using 178.4% CPU
Identifying sites to remove: done in 0.000257693 secs using 671% CPU
Identifying sites to remove: done in 0.000269704 secs using 194.7% CPU
Identifying sites to remove: done in 0.000258088 secs using 99.19% CPU
Identifying sites to remove: done in 0.000277422 secs using 1993% CPU
Identifying sites to remove: done in 0.000247762 secs using 1257% CPU
Identifying sites to remove: done in 0.000271991 secs using 1245% CPU
Identifying sites to remove: done in 0.000260167 secs using 1245% CPU
Identifying sites to remove: done in 0.000232585 secs using 141.9% CPU
Identifying sites to remove: done in 0.000211395 secs using 1685% CPU
Identifying sites to remove: done in 0.000260562 secs using 1513% CPU
Identifying sites to remove: done in 0.000269592 secs using 1748% CPU
Identifying sites to remove: done in 0.000202119 secs using 3970% CPU
Identifying sites to remove: done in 0.000216253 secs using 3374% CPU
Identifying sites to remove: done in 0.000301614 secs using 1.333e+04% CPU
Identifying sites to remove: done in 0.000276946 secs using 1.338e+04% CPU
Identifying sites to remove: done in 0.000249073 secs using 428.4% CPU
Identifying sites to remove: done in 0.000222132 secs using 518.6% CPU
Identifying sites to remove: done in 0.000310086 secs using 540.2% CPU
Identifying sites to remove: done in 0.000223152 secs using 223.6% CPU
Identifying sites to remove: done in 0.000207901 secs using 432.9% CPU
Identifying sites to remove: done in 0.000260882 secs using 130.3% CPU
Identifying sites to remove: done in 0.000239544 secs using 669.6% CPU
Identifying sites to remove: done in 0.000269197 secs using 573.2% CPU
Identifying sites to remove: done in 0.000278726 secs using 136% CPU
Identifying sites to remove: done in 0.00026352 secs using 288.8% CPU
Identifying sites to remove: done in 0.000275999 secs using 194.6% CPU
Identifying sites to remove: done in 0.000266925 secs using 99.28% CPU
Identifying sites to remove: done in 0.000406303 secs using 1317% CPU
Identifying sites to remove: done in 0.000428729 secs using 1754% CPU
Identifying sites to remove: done in 0.000424467 secs using 917.6% CPU
Identifying sites to remove: done in 0.000513062 secs using 3039% CPU
Identifying sites to remove: done in 0.000517473 secs using 3391% CPU
Identifying sites to remove: done in 0.000516921 secs using 3763% CPU
Identifying sites to remove: done in 0.000515886 secs using 4139% CPU
Identifying sites to remove: done in 0.000571392 secs using 2427% CPU
Identifying sites to remove: done in 0.00057257 secs using 2096% CPU
Identifying sites to remove: done in 0.000605009 secs using 1680% CPU
Identifying sites to remove: done in 0.000484057 secs using 1.209e+04% CPU
Identifying sites to remove: done in 0.000591069 secs using 249.4% CPU
Identifying sites to remove: done in 0.000557259 secs using 176.4% CPU
Identifying sites to remove: done in 0.000604115 secs using 99.65% CPU
Identifying sites to remove: done in 0.000221759 secs using 99.66% CPU
Identifying sites to remove: done in 0.000474326 secs using 262.1% CPU
Identifying sites to remove: done in 0.000212632 secs using 1836% CPU
Identifying sites to remove: done in 0.000377834 secs using 135% CPU
Identifying sites to remove: done in 0.000236489 secs using 2.918e+04% CPU
Identifying sites to remove: done in 0.000473425 secs using 1.379e+04% CPU
Identifying sites to remove: done in 0.000207484 secs using 823.7% CPU
Identifying sites to remove: done in 0.000446334 secs using 843.3% CPU
Identifying sites to remove: done in 0.000440396 secs using 789.3% CPU
Identifying sites to remove: done in 0.000385635 secs using 717% CPU
Identifying sites to remove: done in 0.000443973 secs using 563.8% CPU
Identifying sites to remove: done in 0.000358656 secs using 110.4% CPU
Identifying sites to remove: done in 0.000472784 secs using 371.4% CPU
Identifying sites to remove: done in 0.000479303 secs using 132.7% CPU
Identifying sites to remove: done in 0.000464305 secs using 1.493e+04% CPU
Identifying sites to remove: done in 0.000495784 secs using 299.9% CPU
Identifying sites to remove: done in 0.000484131 secs using 476.1% CPU
Identifying sites to remove: done in 0.000471555 secs using 150.8% CPU
Identifying sites to remove: done in 0.000450604 secs using 677.1% CPU
Identifying sites to remove: done in 0.000476815 secs using 171.3% CPU
Identifying sites to remove: done in 0.000474729 secs using 99.85% CPU
Identifying sites to remove: done in 0.000500597 secs using 523.4% CPU
Identifying sites to remove: done in 0.000486769 secs using 509.9% CPU
Identifying sites to remove: done in 0.000472218 secs using 607.1% CPU
Identifying sites to remove: done in 0.000451013 secs using 447.4% CPU
Identifying sites to remove: done in 0.000399381 secs using 601.2% CPU
Identifying sites to remove: done in 0.000380076 secs using 163.9% CPU
Identifying sites to remove: done in 0.000482328 secs using 668.2% CPU
Identifying sites to remove: done in 0.000496298 secs using 1556% CPU
Identifying sites to remove: done in 0.000365101 secs using 2797% CPU
Identifying sites to remove: done in 0.000384562 secs using 1152% CPU
Identifying sites to remove: done in 0.000505514 secs using 1520% CPU
Identifying sites to remove: done in 0.000511073 secs using 245.6% CPU
Identifying sites to remove: done in 0.00046771 secs using 1.103e+04% CPU
Identifying sites to remove: done in 0.000431977 secs using 387.8% CPU
Identifying sites to remove: done in 0.000521906 secs using 381.1% CPU
Identifying sites to remove: done in 0.000373304 secs using 148.9% CPU
Identifying sites to remove: done in 0.000379972 secs using 476.4% CPU
Identifying sites to remove: done in 0.000481635 secs using 573.7% CPU
Identifying sites to remove: done in 0.000457466 secs using 102.7% CPU
Identifying sites to remove: done in 0.000492215 secs using 99.75% CPU
Identifying sites to remove: done in 0.000479765 secs using 99.84% CPU
Identifying sites to remove: done in 0.000488311 secs using 1.571e+04% CPU
Identifying sites to remove: done in 0.000494637 secs using 1.474e+04% CPU
Identifying sites to remove: done in 0.000485562 secs using 99.68% CPU
Identifying sites to remove: done in 0.000358388 secs using 858.6% CPU
Identifying sites to remove: done in 0.000387326 secs using 1935% CPU
Identifying sites to remove: done in 0.000386707 secs using 1427% CPU
Identifying sites to remove: done in 0.000421859 secs using 3262% CPU
Identifying sites to remove: done in 0.000445448 secs using 4464% CPU
Identifying sites to remove: done in 0.000447579 secs using 4895% CPU
Identifying sites to remove: done in 0.000445999 secs using 2239% CPU
Identifying sites to remove: done in 0.000458129 secs using 3930% CPU
Identifying sites to remove: done in 0.000484683 secs using 2502% CPU
Identifying sites to remove: done in 0.000548497 secs using 2959% CPU
Identifying sites to remove: done in 0.000426881 secs using 1.295e+04% CPU
Identifying sites to remove: done in 0.000343502 secs using 1.564e+04% CPU
Identifying sites to remove: done in 0.000342906 secs using 216.1% CPU
Identifying sites to remove: done in 0.000385866 secs using 99% CPU
Identifying sites to remove: done in 0.000229456 secs using 985.8% CPU
Identifying sites to remove: done in 0.000409827 secs using 699.1% CPU
Identifying sites to remove: done in 0.000330508 secs using 132.8% CPU
Identifying sites to remove: done in 0.000180714 secs using 196.4% CPU
Identifying sites to remove: done in 0.000383139 secs using 303.8% CPU
Identifying sites to remove: done in 0.0001949 secs using 3381% CPU
Identifying sites to remove: done in 0.00038939 secs using 1832% CPU
Identifying sites to remove: done in 0.00031621 secs using 1619% CPU
Identifying sites to remove: done in 0.000379398 secs using 1448% CPU
Identifying sites to remove: done in 0.000322193 secs using 1399% CPU
Identifying sites to remove: done in 0.000416033 secs using 318.5% CPU
Identifying sites to remove: done in 0.000222437 secs using 214.4% CPU
Identifying sites to remove: done in 0.000412539 secs using 99.63% CPU
Identifying sites to remove: done in 0.000415638 secs using 99.85% CPU
Identifying sites to remove: done in 0.000391819 secs using 99.54% CPU
Identifying sites to remove: done in 0.000409514 secs using 277.9% CPU
Identifying sites to remove: done in 0.000408866 secs using 907.9% CPU
Identifying sites to remove: done in 0.000413358 secs using 990.9% CPU
Identifying sites to remove: done in 0.000386216 secs using 1113% CPU
Identifying sites to remove: done in 0.000434212 secs using 1.498e+04% CPU
Identifying sites to remove: done in 0.000404239 secs using 106.4% CPU
Identifying sites to remove: done in 0.000424735 secs using 860.8% CPU
Identifying sites to remove: done in 0.00042361 secs using 578.8% CPU
Identifying sites to remove: done in 0.000406325 secs using 227.2% CPU
Identifying sites to remove: done in 0.000407524 secs using 688.1% CPU
Identifying sites to remove: done in 0.000343233 secs using 160.2% CPU
Identifying sites to remove: done in 0.000335835 secs using 957.9% CPU
Identifying sites to remove: done in 0.000432342 secs using 151.3% CPU
Identifying sites to remove: done in 0.000302002 secs using 3717% CPU
Identifying sites to remove: done in 0.000427239 secs using 2830% CPU
Identifying sites to remove: done in 0.000385292 secs using 2203% CPU
Identifying sites to remove: done in 0.000484318 secs using 2512% CPU
Identifying sites to remove: done in 0.000463702 secs using 1067% CPU
Identifying sites to remove: done in 0.000395373 secs using 99.65% CPU
Identifying sites to remove: done in 0.000335783 secs using 556% CPU
Identifying sites to remove: done in 0.000327095 secs using 244.3% CPU
Identifying sites to remove: done in 0.000423066 secs using 379.1% CPU
Identifying sites to remove: done in 0.000326179 secs using 459.3% CPU
Identifying sites to remove: done in 0.000416003 secs using 582% CPU
Identifying sites to remove: done in 0.000343986 secs using 133.1% CPU
Identifying sites to remove: done in 0.000412218 secs using 99.7% CPU
Identifying sites to remove: done in 0.000414193 secs using 99.71% CPU
Identifying sites to remove: done in 0.000408769 secs using 776.2% CPU
Identifying sites to remove: done in 0.000413373 secs using 184.6% CPU
Identifying sites to remove: done in 0.000413932 secs using 191.1% CPU
Identifying sites to remove: done in 0.000183254 secs using 7237% CPU
Identifying sites to remove: done in 0.000220947 secs using 1881% CPU
Identifying sites to remove: done in 0.000248849 secs using 9348% CPU
Identifying sites to remove: done in 0.00026866 secs using 2687% CPU
Identifying sites to remove: done in 0.000275768 secs using 7278% CPU
Identifying sites to remove: done in 0.000271976 secs using 3899% CPU
Identifying sites to remove: done in 0.000273481 secs using 6332% CPU
Identifying sites to remove: done in 0.000267185 secs using 707% CPU
Identifying sites to remove: done in 0.000186637 secs using 99.66% CPU
Identifying sites to remove: done in 0.000175737 secs using 99.01% CPU
Identifying sites to remove: done in 0.000220492 secs using 2036% CPU
Identifying sites to remove: done in 0.000144914 secs using 1414% CPU
Identifying sites to remove: done in 0.000205107 secs using 2408% CPU
Identifying sites to remove: done in 0.000227161 secs using 1619% CPU
Identifying sites to remove: done in 0.000230201 secs using 230.7% CPU
Identifying sites to remove: done in 0.000107348 secs using 4706% CPU
Identifying sites to remove: done in 0.000146627 secs using 1560% CPU
Identifying sites to remove: done in 0.000181332 secs using 2320% CPU
Identifying sites to remove: done in 0.000214756 secs using 307.3% CPU
Identifying sites to remove: done in 0.000114523 secs using 115.3% CPU
Identifying sites to remove: done in 0.000216722 secs using 1289% CPU
Identifying sites to remove: done in 0.000225283 secs using 107.9% CPU
Identifying sites to remove: done in 0.000212163 secs using 99.45% CPU
Identifying sites to remove: done in 0.000208519 secs using 1840% CPU
Identifying sites to remove: done in 0.000227623 secs using 120.8% CPU
Identifying sites to remove: done in 0.000149325 secs using 3.516e+04% CPU
Identifying sites to remove: done in 0.000186823 secs using 543.8% CPU
Identifying sites to remove: done in 0.000157028 secs using 768% CPU
Identifying sites to remove: done in 0.000229597 secs using 472.6% CPU
Identifying sites to remove: done in 0.000209741 secs using 471.1% CPU
Identifying sites to remove: done in 0.000214718 secs using 301.8% CPU
Identifying sites to remove: done in 0.000196353 secs using 1095% CPU
Identifying sites to remove: done in 0.000161849 secs using 777.9% CPU
Identifying sites to remove: done in 0.000225082 secs using 190.6% CPU
Identifying sites to remove: done in 0.000216588 secs using 296% CPU
Identifying sites to remove: done in 0.000213355 secs using 107.8% CPU
Identifying sites to remove: done in 0.000228092 secs using 968.9% CPU
Identifying sites to remove: done in 0.000177093 secs using 163.8% CPU
Identifying sites to remove: done in 0.000214033 secs using 903.6% CPU
Identifying sites to remove: done in 0.000215821 secs using 122.3% CPU
Identifying sites to remove: done in 0.000210285 secs using 99.39% CPU
Identifying sites to remove: done in 0.00020308 secs using 3815% CPU
Identifying sites to remove: done in 0.00020507 secs using 2295% CPU
Identifying sites to remove: done in 0.000232562 secs using 846.7% CPU
Identifying sites to remove: done in 0.000240244 secs using 7199% CPU
Identifying sites to remove: done in 0.000241175 secs using 5906% CPU
Identifying sites to remove: done in 0.000242986 secs using 1.214e+04% CPU
Identifying sites to remove: done in 0.000240251 secs using 1.1e+04% CPU
Identifying sites to remove: done in 0.000255451 secs using 8024% CPU
Identifying sites to remove: done in 0.000333287 secs using 7109% CPU
Identifying sites to remove: done in 0.000333995 secs using 3458% CPU
Identifying sites to remove: done in 0.000229262 secs using 2.139e+04% CPU
Identifying sites to remove: done in 0.000174694 secs using 266.8% CPU
Identifying sites to remove: done in 0.000169031 secs using 204.1% CPU
Identifying sites to remove: done in 0.000199787 secs using 99.61% CPU
Identifying sites to remove: done in 0.000100039 secs using 98.96% CPU
Identifying sites to remove: done in 9.16943e-05 secs using 2582% CPU
Identifying sites to remove: done in 0.000177994 secs using 197.2% CPU
Identifying sites to remove: done in 0.000213973 secs using 744.5% CPU
Identifying sites to remove: done in 9.40859e-05 secs using 98.85% CPU
Identifying sites to remove: done in 0.000201315 secs using 1962% CPU
Identifying sites to remove: done in 9.54419e-05 secs using 1923% CPU
Identifying sites to remove: done in 0.000202388 secs using 1955% CPU
Identifying sites to remove: done in 0.000200398 secs using 1168% CPU
Identifying sites to remove: done in 0.000167735 secs using 593.2% CPU
Identifying sites to remove: done in 0.000153817 secs using 1352% CPU
Identifying sites to remove: done in 0.000198267 secs using 155.9% CPU
Identifying sites to remove: done in 0.000200048 secs using 99.48% CPU
Identifying sites to remove: done in 0.000204392 secs using 99.32% CPU
Identifying sites to remove: done in 0.000194512 secs using 99.22% CPU
Identifying sites to remove: done in 0.000216387 secs using 99.36% CPU
Identifying sites to remove: done in 0.000211202 secs using 1068% CPU
Identifying sites to remove: done in 0.000219151 secs using 2.624e+04% CPU
Identifying sites to remove: done in 0.000203729 secs using 395.6% CPU
Identifying sites to remove: done in 0.000202514 secs using 348.1% CPU
Identifying sites to remove: done in 0.000200838 secs using 162.8% CPU
Identifying sites to remove: done in 0.000206403 secs using 1220% CPU
Identifying sites to remove: done in 0.000205249 secs using 755.2% CPU
Identifying sites to remove: done in 0.000196189 secs using 278.8% CPU
Identifying sites to remove: done in 0.00020162 secs using 830.3% CPU
Identifying sites to remove: done in 0.000176653 secs using 153.4% CPU
Identifying sites to remove: done in 0.000167444 secs using 2271% CPU
Identifying sites to remove: done in 0.000207834 secs using 1265% CPU
Identifying sites to remove: done in 0.000206575 secs using 1378% CPU
Identifying sites to remove: done in 0.000164315 secs using 4088% CPU
Identifying sites to remove: done in 0.000173822 secs using 2688% CPU
Identifying sites to remove: done in 0.000241429 secs using 2088% CPU
Identifying sites to remove: done in 0.000224091 secs using 1312% CPU
Identifying sites to remove: done in 0.000193298 secs using 400.4% CPU
Identifying sites to remove: done in 0.000205711 secs using 1863% CPU
Identifying sites to remove: done in 0.000160083 secs using 749.6% CPU
Identifying sites to remove: done in 0.00017377 secs using 203.1% CPU
Identifying sites to remove: done in 0.000164084 secs using 502.2% CPU
Identifying sites to remove: done in 0.000206031 secs using 157.3% CPU
Identifying sites to remove: done in 0.000195615 secs using 99.17% CPU
Identifying sites to remove: done in 0.000202805 secs using 660.7% CPU
Identifying sites to remove: done in 0.000204951 secs using 171.3% CPU
Identifying sites to remove: done in 0.000206962 secs using 998.2% CPU
Identifying sites to remove: done in 0.0002065 secs using 171.9% CPU
Identifying sites to remove: done in 0.000214294 secs using 99.4% CPU
Identifying sites to remove: done in 0.000373572 secs using 2525% CPU
Identifying sites to remove: done in 0.000371613 secs using 891.3% CPU
Identifying sites to remove: done in 0.000406981 secs using 1894% CPU
Identifying sites to remove: done in 0.000422746 secs using 3290% CPU
Identifying sites to remove: done in 0.000457741 secs using 3976% CPU
Identifying sites to remove: done in 0.000469141 secs using 2595% CPU
Identifying sites to remove: done in 0.000488691 secs using 1274% CPU
Identifying sites to remove: done in 0.000492744 secs using 4559% CPU
Identifying sites to remove: done in 0.000493675 secs using 4142% CPU
Identifying sites to remove: done in 0.000541799 secs using 3058% CPU
Identifying sites to remove: done in 0.000417046 secs using 99.75% CPU
Identifying sites to remove: done in 0.000359312 secs using 195.9% CPU
Identifying sites to remove: done in 0.000325441 secs using 175.1% CPU
Identifying sites to remove: done in 0.000409544 secs using 99.62% CPU
Identifying sites to remove: done in 0.000229679 secs using 99.7% CPU
Identifying sites to remove: done in 0.000187777 secs using 1444% CPU
Identifying sites to remove: done in 0.000426814 secs using 834.6% CPU
Identifying sites to remove: done in 0.000372507 secs using 187.4% CPU
Identifying sites to remove: done in 0.000195503 secs using 216.9% CPU
Identifying sites to remove: done in 0.000405915 secs using 220.2% CPU
Identifying sites to remove: done in 0.000185907 secs using 413.6% CPU
Identifying sites to remove: done in 0.000404917 secs using 2706% CPU
Identifying sites to remove: done in 0.000410497 secs using 1959% CPU
Identifying sites to remove: done in 0.000334576 secs using 1530% CPU
Identifying sites to remove: done in 0.00041949 secs using 481.8% CPU
Identifying sites to remove: done in 0.000314981 secs using 165.7% CPU
Identifying sites to remove: done in 0.000421152 secs using 309.2% CPU
Identifying sites to remove: done in 0.000444837 secs using 134.9% CPU
Identifying sites to remove: done in 0.000398219 secs using 99.69% CPU
Identifying sites to remove: done in 0.000428192 secs using 281.9% CPU
Identifying sites to remove: done in 0.000423767 secs using 930.7% CPU
Identifying sites to remove: done in 0.000422902 secs using 186.8% CPU
Identifying sites to remove: done in 0.000421651 secs using 1.616e+04% CPU
Identifying sites to remove: done in 0.000436828 secs using 1.474e+04% CPU
Identifying sites to remove: done in 0.000416584 secs using 99.62% CPU
Identifying sites to remove: done in 0.000619903 secs using 1119% CPU
Identifying sites to remove: done in 0.00052654 secs using 1017% CPU
Identifying sites to remove: done in 0.000565156 secs using 671.3% CPU
Identifying sites to remove: done in 0.00041464 secs using 214.6% CPU
Identifying sites to remove: done in 0.000415117 secs using 1571% CPU
Identifying sites to remove: done in 0.000364423 secs using 2756% CPU
Identifying sites to remove: done in 0.000426561 secs using 1800% CPU
Identifying sites to remove: done in 0.000449181 secs using 1012% CPU
Identifying sites to remove: done in 0.00043989 secs using 1944% CPU
Identifying sites to remove: done in 0.000439666 secs using 1.036e+04% CPU
Identifying sites to remove: done in 0.000527479 secs using 9443% CPU
Identifying sites to remove: done in 0.00042709 secs using 1.053e+04% CPU
Identifying sites to remove: done in 0.000382841 secs using 318.9% CPU
Identifying sites to remove: done in 0.000432849 secs using 580.8% CPU
Identifying sites to remove: done in 0.000353232 secs using 479.3% CPU
Identifying sites to remove: done in 0.000341929 secs using 173.4% CPU
Identifying sites to remove: done in 0.000415064 secs using 999.8% CPU
Identifying sites to remove: done in 0.000377215 secs using 731.1% CPU
Identifying sites to remove: done in 0.000368051 secs using 211.7% CPU
Identifying sites to remove: done in 0.000421822 secs using 615.7% CPU
Identifying sites to remove: done in 0.000420943 secs using 187% CPU
Identifying sites to remove: done in 0.000412211 secs using 797.2% CPU
Identifying sites to remove: done in 0.000413798 secs using 151.5% CPU
Identifying sites to remove: done in 0.000418365 secs using 99.67% CPU
Identifying sites to remove: done in 0.000221819 secs using 6799% CPU
Identifying sites to remove: done in 0.000228636 secs using 5322% CPU
Identifying sites to remove: done in 0.000222154 secs using 1.057e+04% CPU
Identifying sites to remove: done in 0.000227764 secs using 9035% CPU
Identifying sites to remove: done in 0.000232488 secs using 1.149e+04% CPU
Identifying sites to remove: done in 0.000289306 secs using 3269% CPU
Identifying sites to remove: done in 0.000289351 secs using 6386% CPU
Identifying sites to remove: done in 0.000332065 secs using 1419% CPU
Identifying sites to remove: done in 0.000353478 secs using 688% CPU
Identifying sites to remove: done in 0.000362925 secs using 2062% CPU
Identifying sites to remove: done in 0.000263102 secs using 1.883e+04% CPU
Identifying sites to remove: done in 0.000201926 secs using 705.7% CPU
Identifying sites to remove: done in 0.000186101 secs using 536.8% CPU
Identifying sites to remove: done in 0.000167206 secs using 294.8% CPU
Identifying sites to remove: done in 0.000169396 secs using 922.7% CPU
Identifying sites to remove: done in 0.000223182 secs using 1285% CPU
Identifying sites to remove: done in 0.000181884 secs using 198.5% CPU
Identifying sites to remove: done in 0.000196129 secs using 1192% CPU
Identifying sites to remove: done in 0.000123426 secs using 1711% CPU
Identifying sites to remove: done in 0.000189289 secs using 1409% CPU
Identifying sites to remove: done in 0.000201985 secs using 214.9% CPU
Identifying sites to remove: done in 0.000126198 secs using 2156% CPU
Identifying sites to remove: done in 0.000187121 secs using 1114% CPU
Identifying sites to remove: done in 0.000242203 secs using 2129% CPU
Identifying sites to remove: done in 0.000160314 secs using 1823% CPU
Identifying sites to remove: done in 0.000198282 secs using 367.7% CPU
Identifying sites to remove: done in 9.58517e-05 secs using 243.1% CPU
Identifying sites to remove: done in 0.00019972 secs using 99.14% CPU
Identifying sites to remove: done in 0.000186242 secs using 99.33% CPU
Identifying sites to remove: done in 0.000209056 secs using 99.02% CPU
Identifying sites to remove: done in 0.000210822 secs using 2.631e+04% CPU
Identifying sites to remove: done in 0.000208564 secs using 2.642e+04% CPU
Identifying sites to remove: done in 0.000194043 secs using 118.5% CPU
Identifying sites to remove: done in 0.000189893 secs using 318.6% CPU
Identifying sites to remove: done in 0.000194035 secs using 145.3% CPU
Identifying sites to remove: done in 0.000210725 secs using 611.2% CPU
Identifying sites to remove: done in 0.000190988 secs using 730.9% CPU
Identifying sites to remove: done in 0.000207007 secs using 166.7% CPU
Identifying sites to remove: done in 0.000196911 secs using 1001% CPU
Identifying sites to remove: done in 0.000197813 secs using 171.4% CPU
Identifying sites to remove: done in 0.000200957 secs using 2178% CPU
Identifying sites to remove: done in 0.000209153 secs using 3389% CPU
Identifying sites to remove: done in 0.000204317 secs using 2453% CPU
Identifying sites to remove: done in 0.000195667 secs using 1423% CPU
Identifying sites to remove: done in 0.000205114 secs using 1397% CPU
Identifying sites to remove: done in 0.000179105 secs using 1853% CPU
Identifying sites to remove: done in 0.0001598 secs using 486.2% CPU
Identifying sites to remove: done in 0.000206627 secs using 368.3% CPU
Identifying sites to remove: done in 0.000154071 secs using 120.1% CPU
Identifying sites to remove: done in 0.000195816 secs using 99.07% CPU
Identifying sites to remove: done in 0.00016126 secs using 824.8% CPU
Identifying sites to remove: done in 0.000205562 secs using 1046% CPU
Identifying sites to remove: done in 0.000165269 secs using 737.6% CPU
Identifying sites to remove: done in 0.00020472 secs using 1351% CPU
Identifying sites to remove: done in 0.000221401 secs using 634.1% CPU
Identifying sites to remove: done in 0.000236943 secs using 1.943e+04% CPU
Identifying sites to remove: done in 0.00020431 secs using 972.1% CPU
Identifying sites to remove: done in 0.000212565 secs using 194.8% CPU
Identifying sites to remove: done in 0.000210352 secs using 99.36% CPU
Identifying sites to remove: done in 0.000161983 secs using 590.2% CPU
Identifying sites to remove: done in 0.000229202 secs using 5289% CPU
Identifying sites to remove: done in 0.000233285 secs using 2162% CPU
Identifying sites to remove: done in 0.000230424 secs using 3726% CPU
Identifying sites to remove: done in 0.000232324 secs using 4466% CPU
Identifying sites to remove: done in 0.000230283 secs using 2953% CPU
Identifying sites to remove: done in 0.00023064 secs using 1407% CPU
Identifying sites to remove: done in 0.000159018 secs using 99.36% CPU
Identifying sites to remove: done in 9.90331e-05 secs using 586.7% CPU
Identifying sites to remove: done in 0.000139453 secs using 221.6% CPU
Identifying sites to remove: done in 0.000176437 secs using 1621% CPU
Identifying sites to remove: done in 0.000145093 secs using 939.4% CPU
Identifying sites to remove: done in 0.000184819 secs using 944.2% CPU
Identifying sites to remove: done in 0.000179447 secs using 282% CPU
Identifying sites to remove: done in 0.000165522 secs using 2649% CPU
Identifying sites to remove: done in 0.000179432 secs using 649.3% CPU
Identifying sites to remove: done in 0.000168353 secs using 2307% CPU
Identifying sites to remove: done in 0.000161313 secs using 2397% CPU
Identifying sites to remove: done in 0.000160813 secs using 1241% CPU
Identifying sites to remove: done in 0.000166126 secs using 152.3% CPU
Identifying sites to remove: done in 0.000145853 secs using 310.6% CPU
Identifying sites to remove: done in 0.000171989 secs using 279.1% CPU
Identifying sites to remove: done in 0.000191472 secs using 289.3% CPU
Identifying sites to remove: done in 0.000146985 secs using 993.3% CPU
Identifying sites to remove: done in 0.00018432 secs using 704.2% CPU
Identifying sites to remove: done in 0.000188373 secs using 531.4% CPU
Identifying sites to remove: done in 0.000173792 secs using 1167% CPU
Identifying sites to remove: done in 0.000141546 secs using 1449% CPU
Identifying sites to remove: done in 0.000149697 secs using 1587% CPU
Identifying sites to remove: done in 0.000167564 secs using 1136% CPU
Identifying sites to remove: done in 0.000147291 secs using 283.8% CPU
Identifying sites to remove: done in 0.000201285 secs using 606.1% CPU
Identifying sites to remove: done in 9.86084e-05 secs using 99.38% CPU
Identifying sites to remove: done in 0.000165477 secs using 98.5% CPU
Identifying sites to remove: done in 0.000165075 secs using 98.74% CPU
Identifying sites to remove: done in 0.000199713 secs using 1192% CPU
Identifying sites to remove: done in 0.000218041 secs using 937.9% CPU
Identifying sites to remove: done in 0.000216343 secs using 786.3% CPU
Identifying sites to remove: done in 0.000221595 secs using 1491% CPU
Identifying sites to remove: done in 0.00024046 secs using 1873% CPU
Identifying sites to remove: done in 0.000256412 secs using 1492% CPU
Identifying sites to remove: done in 0.000257 secs using 1224% CPU
Identifying sites to remove: done in 0.000287354 secs using 1527% CPU
Identifying sites to remove: done in 0.00029029 secs using 1845% CPU
Identifying sites to remove: done in 0.000289544 secs using 1938% CPU
Identifying sites to remove: done in 0.000204712 secs using 859.3% CPU
Identifying sites to remove: done in 0.000167906 secs using 673.6% CPU
Identifying sites to remove: done in 0.000156194 secs using 245.2% CPU
Identifying sites to remove: done in 0.000189357 secs using 98.76% CPU
Identifying sites to remove: done in 9.94131e-05 secs using 98.58% CPU
Identifying sites to remove: done in 0.000155002 secs using 1445% CPU
Identifying sites to remove: done in 8.9854e-05 secs using 281.6% CPU
Identifying sites to remove: done in 0.000194147 secs using 358% CPU
Identifying sites to remove: done in 9.17837e-05 secs using 2192% CPU
Identifying sites to remove: done in 0.00018914 secs using 3001% CPU
Identifying sites to remove: done in 0.000191763 secs using 1278% CPU
Identifying sites to remove: done in 0.000203893 secs using 2531% CPU
Identifying sites to remove: done in 0.000107229 secs using 2304% CPU
Identifying sites to remove: done in 0.000148334 secs using 1414% CPU
Identifying sites to remove: done in 0.000172913 secs using 1655% CPU
Identifying sites to remove: done in 0.000214577 secs using 176.2% CPU
Identifying sites to remove: done in 0.000189744 secs using 98.55% CPU
Identifying sites to remove: done in 0.000194423 secs using 98.75% CPU
Identifying sites to remove: done in 0.000202551 secs using 2.344e+04% CPU
Identifying sites to remove: done in 0.000211462 secs using 99.31% CPU
Identifying sites to remove: done in 0.000199266 secs using 740.7% CPU
Identifying sites to remove: done in 0.000195265 secs using 581.3% CPU
Identifying sites to remove: done in 0.000193141 secs using 623.4% CPU
Identifying sites to remove: done in 0.000192761 secs using 679.1% CPU
Identifying sites to remove: done in 0.000190206 secs using 171.9% CPU
Identifying sites to remove: done in 0.00016012 secs using 789.4% CPU
Identifying sites to remove: done in 0.000196479 secs using 1513% CPU
Identifying sites to remove: done in 0.00019557 secs using 159.5% CPU
Identifying sites to remove: done in 0.000199966 secs using 1185% CPU
Identifying sites to remove: done in 0.000165813 secs using 185.1% CPU
Identifying sites to remove: done in 0.000193991 secs using 2602% CPU
Identifying sites to remove: done in 0.000175111 secs using 1601% CPU
Identifying sites to remove: done in 0.000208452 secs using 1431% CPU
Identifying sites to remove: done in 0.000170454 secs using 3252% CPU
Identifying sites to remove: done in 0.00016889 secs using 4719% CPU
Identifying sites to remove: done in 0.000216849 secs using 2534% CPU
Identifying sites to remove: done in 0.000218518 secs using 1606% CPU
Identifying sites to remove: done in 0.000218391 secs using 277.5% CPU
Identifying sites to remove: done in 0.000196822 secs using 1748% CPU
Identifying sites to remove: done in 0.000165425 secs using 655.9% CPU
Identifying sites to remove: done in 0.000169314 secs using 124% CPU
Identifying sites to remove: done in 0.000153325 secs using 188.5% CPU
Identifying sites to remove: done in 0.000199072 secs using 574.2% CPU
Identifying sites to remove: done in 0.000161484 secs using 99.08% CPU
Identifying sites to remove: done in 0.000196315 secs using 222.6% CPU
Identifying sites to remove: done in 0.000194289 secs using 145.1% CPU
Identifying sites to remove: done in 0.000199661 secs using 1047% CPU
Identifying sites to remove: done in 0.000199378 secs using 197.1% CPU
Identifying sites to remove: done in 0.000214703 secs using 99.21% CPU
Identifying sites to remove: done in 0.000257328 secs using 1983% CPU
Identifying sites to remove: done in 0.000284411 secs using 1391% CPU
Identifying sites to remove: done in 0.00028041 secs using 903.3% CPU
Identifying sites to remove: done in 0.000317156 secs using 3604% CPU
Identifying sites to remove: done in 0.000317656 secs using 3151% CPU
Identifying sites to remove: done in 0.000319332 secs using 4033% CPU
Identifying sites to remove: done in 0.000358492 secs using 4046% CPU
Identifying sites to remove: done in 0.000373863 secs using 1971% CPU
Identifying sites to remove: done in 0.000377707 secs using 4234% CPU
Identifying sites to remove: done in 0.000377357 secs using 2355% CPU
Identifying sites to remove: done in 0.000287808 secs using 99.37% CPU
Identifying sites to remove: done in 0.000246711 secs using 651% CPU
Identifying sites to remove: done in 0.000249527 secs using 198% CPU
Identifying sites to remove: done in 0.000281185 secs using 99.58% CPU
Identifying sites to remove: done in 0.000184074 secs using 99.42% CPU
Identifying sites to remove: done in 0.000133418 secs using 530.7% CPU
Identifying sites to remove: done in 0.000296317 secs using 422.5% CPU
Identifying sites to remove: done in 0.000250556 secs using 215.1% CPU
Identifying sites to remove: done in 0.000132941 secs using 703.3% CPU
Identifying sites to remove: done in 0.000275791 secs using 129.8% CPU
Identifying sites to remove: done in 0.000129394 secs using 2215% CPU
Identifying sites to remove: done in 0.000225291 secs using 982.3% CPU
Identifying sites to remove: done in 0.000279129 secs using 1694% CPU
Identifying sites to remove: done in 0.000292972 secs using 1525% CPU
Identifying sites to remove: done in 0.000274159 secs using 600.4% CPU
Identifying sites to remove: done in 0.000220262 secs using 163.9% CPU
Identifying sites to remove: done in 0.00029102 secs using 382.8% CPU
Identifying sites to remove: done in 0.000297584 secs using 162.6% CPU
Identifying sites to remove: done in 0.000263862 secs using 99.29% CPU
Identifying sites to remove: done in 0.000298068 secs using 302.6% CPU
Identifying sites to remove: done in 0.000308067 secs using 2.101e+04% CPU
Identifying sites to remove: done in 0.000301316 secs using 2.067e+04% CPU
Identifying sites to remove: done in 0.00027658 secs using 294.3% CPU
Identifying sites to remove: done in 0.000297628 secs using 148.8% CPU
Identifying sites to remove: done in 0.000283338 secs using 99.53% CPU
Identifying sites to remove: done in 0.000304073 secs using 1884% CPU
Identifying sites to remove: done in 0.000262797 secs using 984.8% CPU
Identifying sites to remove: done in 0.00029543 secs using 1468% CPU
Identifying sites to remove: done in 0.000292636 secs using 204.7% CPU
Identifying sites to remove: done in 0.000237361 secs using 99.43% CPU
Identifying sites to remove: done in 0.000233002 secs using 1217% CPU
Identifying sites to remove: done in 0.00029023 secs using 1110% CPU
Identifying sites to remove: done in 0.000298336 secs using 361.3% CPU
Identifying sites to remove: done in 0.000218742 secs using 2992% CPU
Identifying sites to remove: done in 0.000240825 secs using 1616% CPU
Identifying sites to remove: done in 0.000308529 secs using 2289% CPU
Identifying sites to remove: done in 0.000309937 secs using 214.9% CPU
Identifying sites to remove: done in 0.000267401 secs using 834% CPU
Identifying sites to remove: done in 0.000250287 secs using 1834% CPU
Identifying sites to remove: done in 0.000296846 secs using 1934% CPU
Identifying sites to remove: done in 0.000248671 secs using 1.535e+04% CPU
Identifying sites to remove: done in 0.000237167 secs using 387.1% CPU
Identifying sites to remove: done in 0.00029698 secs using 420.2% CPU
Identifying sites to remove: done in 0.00027708 secs using 123.4% CPU
Identifying sites to remove: done in 0.000302434 secs using 567.4% CPU
Identifying sites to remove: done in 0.000301749 secs using 141.5% CPU
Identifying sites to remove: done in 0.000293262 secs using 200.8% CPU
Identifying sites to remove: done in 0.000301279 secs using 196.5% CPU
Identifying sites to remove: done in 0.000292964 secs using 99.67% CPU
Identifying sites to remove: done in 0.000219688 secs using 2469% CPU
Identifying sites to remove: done in 0.000218682 secs using 854.2% CPU
Identifying sites to remove: done in 0.000250623 secs using 1580% CPU
Identifying sites to remove: done in 0.000258528 secs using 8053% CPU
Identifying sites to remove: done in 0.000283562 secs using 4253% CPU
Identifying sites to remove: done in 0.000286214 secs using 3472% CPU
Identifying sites to remove: done in 0.000290059 secs using 6509% CPU
Identifying sites to remove: done in 0.000287987 secs using 2731% CPU
Identifying sites to remove: done in 0.000285506 secs using 5015% CPU
Identifying sites to remove: done in 0.00028798 secs using 5771% CPU
Identifying sites to remove: done in 0.00022871 secs using 98.81% CPU
Identifying sites to remove: done in 0.000204258 secs using 670.7% CPU
Identifying sites to remove: done in 0.000211969 secs using 193.9% CPU
Identifying sites to remove: done in 0.000235356 secs using 2.198e+04% CPU
Identifying sites to remove: done in 0.000150904 secs using 99.4% CPU
Identifying sites to remove: done in 0.000101894 secs using 357.2% CPU
Identifying sites to remove: done in 0.000236854 secs using 633.3% CPU
Identifying sites to remove: done in 0.000210337 secs using 401.3% CPU
Identifying sites to remove: done in 0.000106938 secs using 1103% CPU
Identifying sites to remove: done in 0.000218771 secs using 706.7% CPU
Identifying sites to remove: done in 0.000102364 secs using 417.1% CPU
Identifying sites to remove: done in 0.0002141 secs using 1664% CPU
Identifying sites to remove: done in 0.00022199 secs using 1704% CPU
Identifying sites to remove: done in 0.000185616 secs using 1628% CPU
Identifying sites to remove: done in 0.000167191 secs using 197.4% CPU
Identifying sites to remove: done in 0.000220589 secs using 509.5% CPU
Identifying sites to remove: done in 0.000222437 secs using 98.9% CPU
Identifying sites to remove: done in 0.000228867 secs using 99.62% CPU
Identifying sites to remove: done in 0.000213131 secs using 99.47% CPU
Identifying sites to remove: done in 0.000239462 secs using 290.2% CPU
Identifying sites to remove: done in 0.000232287 secs using 1106% CPU
Identifying sites to remove: done in 0.000229582 secs using 176.4% CPU
Identifying sites to remove: done in 0.000224516 secs using 236.1% CPU
Identifying sites to remove: done in 0.000234924 secs using 194.1% CPU
Identifying sites to remove: done in 0.000224777 secs using 99.21% CPU
Identifying sites to remove: done in 0.00023666 secs using 1179% CPU
Identifying sites to remove: done in 0.000241436 secs using 756.3% CPU
Identifying sites to remove: done in 0.000218406 secs using 291.2% CPU
Identifying sites to remove: done in 0.000221573 secs using 99.29% CPU
Identifying sites to remove: done in 0.000186048 secs using 98.9% CPU
Identifying sites to remove: done in 0.000186674 secs using 1185% CPU
Identifying sites to remove: done in 0.000239819 secs using 1058% CPU
Identifying sites to remove: done in 0.000243366 secs using 2305% CPU
Identifying sites to remove: done in 0.000172742 secs using 4475% CPU
Identifying sites to remove: done in 0.000182785 secs using 1660% CPU
Identifying sites to remove: done in 0.000254154 secs using 2207% CPU
Identifying sites to remove: done in 0.00025592 secs using 265.3% CPU
Identifying sites to remove: done in 0.000216566 secs using 353.2% CPU
Identifying sites to remove: done in 0.000235289 secs using 1926% CPU
Identifying sites to remove: done in 0.000193022 secs using 1862% CPU
Identifying sites to remove: done in 0.00019107 secs using 145% CPU
Identifying sites to remove: done in 0.000184357 secs using 512% CPU
Identifying sites to remove: done in 0.000234671 secs using 176.4% CPU
Identifying sites to remove: done in 0.000236735 secs using 1.897e+04% CPU
Identifying sites to remove: done in 0.000254236 secs using 120.4% CPU
Identifying sites to remove: done in 0.000233382 secs using 99.41% CPU
Identifying sites to remove: done in 0.000227235 secs using 1325% CPU
Identifying sites to remove: done in 0.000241913 secs using 192.2% CPU
Identifying sites to remove: done in 0.000249185 secs using 2.785e+04% CPU
Identifying sites to remove: done in 0.00020723 secs using 3032% CPU
Identifying sites to remove: done in 0.000228032 secs using 4388% CPU
Identifying sites to remove: done in 0.000224285 secs using 853.4% CPU
Identifying sites to remove: done in 0.000254139 secs using 6731% CPU
Identifying sites to remove: done in 0.000254251 secs using 1.08e+04% CPU
Identifying sites to remove: done in 0.000256404 secs using 5351% CPU
Identifying sites to remove: done in 0.000255853 secs using 9407% CPU
Identifying sites to remove: done in 0.000259303 secs using 1.199e+04% CPU
Identifying sites to remove: done in 0.000307046 secs using 6772% CPU
Identifying sites to remove: done in 0.00032109 secs using 1132% CPU
Identifying sites to remove: done in 0.000223018 secs using 99.54% CPU
Identifying sites to remove: done in 0.000189088 secs using 509.3% CPU
Identifying sites to remove: done in 0.000183515 secs using 202.2% CPU
Identifying sites to remove: done in 0.000214897 secs using 99.12% CPU
Identifying sites to remove: done in 0.000124857 secs using 99.31% CPU
Identifying sites to remove: done in 0.000183791 secs using 209.5% CPU
Identifying sites to remove: done in 0.000229873 secs using 951.8% CPU
Identifying sites to remove: done in 9.86159e-05 secs using 99.38% CPU
Identifying sites to remove: done in 0.000217706 secs using 2372% CPU
Identifying sites to remove: done in 0.000117153 secs using 5575% CPU
Identifying sites to remove: done in 0.000229426 secs using 2852% CPU
Identifying sites to remove: done in 0.000222839 secs using 1903% CPU
Identifying sites to remove: done in 0.000192292 secs using 1644% CPU
Identifying sites to remove: done in 0.000177443 secs using 412.5% CPU
Identifying sites to remove: done in 0.000103191 secs using 413.8% CPU
Identifying sites to remove: done in 0.000250317 secs using 642.4% CPU
Identifying sites to remove: done in 0.000217393 secs using 99.36% CPU
Identifying sites to remove: done in 0.000220664 secs using 99.7% CPU
Identifying sites to remove: done in 0.000217155 secs using 2.479e+04% CPU
Identifying sites to remove: done in 0.000224307 secs using 312.1% CPU
Identifying sites to remove: done in 0.000223279 secs using 477.4% CPU
Identifying sites to remove: done in 0.000225313 secs using 174.9% CPU
Identifying sites to remove: done in 0.000221029 secs using 615.8% CPU
Identifying sites to remove: done in 0.000219032 secs using 733.7% CPU
Identifying sites to remove: done in 0.000218615 secs using 109.8% CPU
Identifying sites to remove: done in 0.000229195 secs using 1939% CPU
Identifying sites to remove: done in 0.000220858 secs using 1141% CPU
Identifying sites to remove: done in 0.000209391 secs using 287% CPU
Identifying sites to remove: done in 0.000218719 secs using 1206% CPU
Identifying sites to remove: done in 0.000187896 secs using 142.6% CPU
Identifying sites to remove: done in 0.000181727 secs using 1612% CPU
Identifying sites to remove: done in 0.000219449 secs using 1450% CPU
Identifying sites to remove: done in 0.000239849 secs using 1640% CPU
Identifying sites to remove: done in 0.000169389 secs using 3854% CPU
Identifying sites to remove: done in 0.000196785 secs using 3150% CPU
Identifying sites to remove: done in 0.000251509 secs using 1283% CPU
Identifying sites to remove: done in 0.000247017 secs using 1612% CPU
Identifying sites to remove: done in 0.000216916 secs using 377.6% CPU
Identifying sites to remove: done in 0.00022357 secs using 2298% CPU
Identifying sites to remove: done in 0.000185899 secs using 2242% CPU
Identifying sites to remove: done in 0.000175215 secs using 204.3% CPU
Identifying sites to remove: done in 0.000181951 secs using 292.9% CPU
Identifying sites to remove: done in 0.000226066 secs using 179.2% CPU
Identifying sites to remove: done in 0.000209562 secs using 99.25% CPU
Identifying sites to remove: done in 0.000230655 secs using 513.8% CPU
Identifying sites to remove: done in 0.000228956 secs using 135.8% CPU
Identifying sites to remove: done in 0.000223957 secs using 1302% CPU
Identifying sites to remove: done in 0.000234313 secs using 194.6% CPU
Identifying sites to remove: done in 0.000234284 secs using 99.45% CPU
Identifying sites to remove: done in 0.000246488 secs using 1.78e+04% CPU
Identifying sites to remove: done in 0.000253849 secs using 2.041e+04% CPU
Identifying sites to remove: done in 0.000283659 secs using 1.69e+04% CPU
Identifying sites to remove: done in 0.000296183 secs using 2.674e+04% CPU
Identifying sites to remove: done in 0.000293814 secs using 2.024e+04% CPU
Identifying sites to remove: done in 0.000292748 secs using 2.298e+04% CPU
Identifying sites to remove: done in 0.000294164 secs using 2.556e+04% CPU
Identifying sites to remove: done in 0.000353292 secs using 1.799e+04% CPU
Identifying sites to remove: done in 0.000353195 secs using 1.592e+04% CPU
Identifying sites to remove: done in 0.000357062 secs using 2.006e+04% CPU
Identifying sites to remove: done in 0.000239685 secs using 99.71% CPU
Identifying sites to remove: done in 0.000191644 secs using 191.5% CPU
Identifying sites to remove: done in 0.000209615 secs using 628.8% CPU
Identifying sites to remove: done in 0.000234008 secs using 99.57% CPU
Identifying sites to remove: done in 0.000137895 secs using 99.35% CPU
Identifying sites to remove: done in 0.000210807 secs using 404.2% CPU
Identifying sites to remove: done in 0.000245087 secs using 1293% CPU
Identifying sites to remove: done in 0.000118785 secs using 263.5% CPU
Identifying sites to remove: done in 0.000115685 secs using 2654% CPU
Identifying sites to remove: done in 0.000234298 secs using 2700% CPU
Identifying sites to remove: done in 0.000221208 secs using 3163% CPU
Identifying sites to remove: done in 0.000236422 secs using 1775% CPU
Identifying sites to remove: done in 0.000208147 secs using 1671% CPU
Identifying sites to remove: done in 0.000118665 secs using 890.7% CPU
Identifying sites to remove: done in 0.000179447 secs using 285.9% CPU
Identifying sites to remove: done in 0.00024651 secs using 656.8% CPU
Identifying sites to remove: done in 0.000235282 secs using 341.3% CPU
Identifying sites to remove: done in 0.000255331 secs using 2.001e+04% CPU
Identifying sites to remove: done in 0.000228792 secs using 99.65% CPU
Identifying sites to remove: done in 0.000250511 secs using 99.4% CPU
Identifying sites to remove: done in 0.000244118 secs using 358.4% CPU
Identifying sites to remove: done in 0.000242539 secs using 199.1% CPU
Identifying sites to remove: done in 0.000244685 secs using 1549% CPU
Identifying sites to remove: done in 0.000232324 secs using 967.2% CPU
Identifying sites to remove: done in 0.000250846 secs using 139.1% CPU
Identifying sites to remove: done in 0.000243686 secs using 2861% CPU
Identifying sites to remove: done in 0.000259623 secs using 2282% CPU
Identifying sites to remove: done in 0.000236735 secs using 1445% CPU
Identifying sites to remove: done in 0.000249527 secs using 169.1% CPU
Identifying sites to remove: done in 0.000205308 secs using 99.36% CPU
Identifying sites to remove: done in 0.000201829 secs using 3545% CPU
Identifying sites to remove: done in 0.000243001 secs using 1640% CPU
Identifying sites to remove: done in 0.000249669 secs using 4371% CPU
Identifying sites to remove: done in 0.000201158 secs using 5366% CPU
Identifying sites to remove: done in 0.000227742 secs using 3150% CPU
Identifying sites to remove: done in 0.000279844 secs using 1676% CPU
Identifying sites to remove: done in 0.000278242 secs using 1.156e+04% CPU
Identifying sites to remove: done in 0.000228509 secs using 98.9% CPU
Identifying sites to remove: done in 0.000249594 secs using 518% CPU
Identifying sites to remove: done in 0.000205569 secs using 491.8% CPU
Identifying sites to remove: done in 0.000205822 secs using 180.3% CPU
Identifying sites to remove: done in 0.000194669 secs using 197.3% CPU
Identifying sites to remove: done in 0.000245787 secs using 524% CPU
Identifying sites to remove: done in 0.000230782 secs using 98.79% CPU
Identifying sites to remove: done in 0.000242561 secs using 567.3% CPU
Identifying sites to remove: done in 0.000254758 secs using 117.8% CPU
Identifying sites to remove: done in 0.000244796 secs using 1697% CPU
Identifying sites to remove: done in 0.0002563 secs using 193.1% CPU
Identifying sites to remove: done in 0.000254974 secs using 99.62% CPU
Identifying sites to remove: done in 0.000333428 secs using 1536% CPU
Identifying sites to remove: done in 0.000402682 secs using 2149% CPU
Identifying sites to remove: done in 0.000403449 secs using 2404% CPU
Identifying sites to remove: done in 0.000446886 secs using 2698% CPU
Identifying sites to remove: done in 0.000447974 secs using 2921% CPU
Identifying sites to remove: done in 0.000450768 secs using 2466% CPU
Identifying sites to remove: done in 0.000446558 secs using 1569% CPU
Identifying sites to remove: done in 0.00047829 secs using 1736% CPU
Identifying sites to remove: done in 0.000404559 secs using 971.4% CPU
Identifying sites to remove: done in 0.000545159 secs using 972.2% CPU
Identifying sites to remove: done in 0.000386938 secs using 99.76% CPU
Identifying sites to remove: done in 0.000378206 secs using 1193% CPU
Identifying sites to remove: done in 0.000318967 secs using 815.1% CPU
Identifying sites to remove: done in 0.000315659 secs using 277.5% CPU
Identifying sites to remove: done in 0.000232257 secs using 99.89% CPU
Identifying sites to remove: done in 0.0003886 secs using 328.4% CPU
Identifying sites to remove: done in 0.000332743 secs using 333.3% CPU
Identifying sites to remove: done in 0.000181437 secs using 750.7% CPU
Identifying sites to remove: done in 0.000369154 secs using 972.2% CPU
Identifying sites to remove: done in 0.000199743 secs using 338.4% CPU
Identifying sites to remove: done in 0.000374965 secs using 701.4% CPU
Identifying sites to remove: done in 0.000362061 secs using 353.3% CPU
Identifying sites to remove: done in 0.000298947 secs using 590.1% CPU
Identifying sites to remove: done in 0.000196092 secs using 1375% CPU
Identifying sites to remove: done in 0.000314876 secs using 1038% CPU
Identifying sites to remove: done in 0.000256106 secs using 174.1% CPU
Identifying sites to remove: done in 0.000378512 secs using 308.8% CPU
Identifying sites to remove: done in 0.000393547 secs using 129.8% CPU
Identifying sites to remove: done in 0.00032597 secs using 1.797e+04% CPU
Identifying sites to remove: done in 0.000389889 secs using 285.5% CPU
Identifying sites to remove: done in 0.000389352 secs using 466.7% CPU
Identifying sites to remove: done in 0.000385538 secs using 173% CPU
Identifying sites to remove: done in 0.000380225 secs using 589.1% CPU
Identifying sites to remove: done in 0.00036671 secs using 711.5% CPU
Identifying sites to remove: done in 0.000385515 secs using 127.9% CPU
Identifying sites to remove: done in 0.000299565 secs using 1412% CPU
Identifying sites to remove: done in 0.000392102 secs using 2764% CPU
Identifying sites to remove: done in 0.000411257 secs using 1890% CPU
Identifying sites to remove: done in 0.000313297 secs using 194.1% CPU
Identifying sites to remove: done in 0.000393108 secs using 515.6% CPU
Identifying sites to remove: done in 0.000379167 secs using 415.4% CPU
Identifying sites to remove: done in 0.000358649 secs using 1070% CPU
Identifying sites to remove: done in 0.000360206 secs using 1183% CPU
Identifying sites to remove: done in 0.000420921 secs using 1189% CPU
Identifying sites to remove: done in 0.000434205 secs using 965.4% CPU
Identifying sites to remove: done in 0.000342675 secs using 753.5% CPU
Identifying sites to remove: done in 0.000330515 secs using 485.9% CPU
Identifying sites to remove: done in 0.000391871 secs using 783.9% CPU
Identifying sites to remove: done in 0.000297651 secs using 165.3% CPU
Identifying sites to remove: done in 0.000310212 secs using 705.3% CPU
Identifying sites to remove: done in 0.000403762 secs using 1224% CPU
Identifying sites to remove: done in 0.00031849 secs using 684.2% CPU
Identifying sites to remove: done in 0.000311173 secs using 694.8% CPU
Identifying sites to remove: done in 0.000347413 secs using 129.5% CPU
Identifying sites to remove: done in 0.000401229 secs using 1.348e+04% CPU
Identifying sites to remove: done in 0.000403017 secs using 1.3e+04% CPU
Identifying sites to remove: done in 0.000388063 secs using 956.3% CPU
Identifying sites to remove: done in 0.000389449 secs using 131.7% CPU
Identifying sites to remove: done in 0.000406235 secs using 99.7% CPU
Identifying sites to remove: done in 0.000154331 secs using 898.7% CPU
Identifying sites to remove: done in 0.000185058 secs using 7210% CPU
Identifying sites to remove: done in 0.000204675 secs using 3016% CPU
Identifying sites to remove: done in 0.000235014 secs using 4782% CPU
Identifying sites to remove: done in 0.000234917 secs using 6979% CPU
Identifying sites to remove: done in 0.000233419 secs using 8122% CPU
Identifying sites to remove: done in 0.000276454 secs using 7884% CPU
Identifying sites to remove: done in 0.000229135 secs using 3692% CPU
Identifying sites to remove: done in 0.000241213 secs using 1742% CPU
Identifying sites to remove: done in 0.000324711 secs using 7552% CPU
Identifying sites to remove: done in 0.000191227 secs using 518.8% CPU
Identifying sites to remove: done in 0.000153951 secs using 702.8% CPU
Identifying sites to remove: done in 0.000180393 secs using 2260% CPU
Identifying sites to remove: done in 0.000178762 secs using 172.9% CPU
Identifying sites to remove: done in 0.000128485 secs using 99.62% CPU
Identifying sites to remove: done in 0.000174344 secs using 198.5% CPU
Identifying sites to remove: done in 0.000201717 secs using 397.6% CPU
Identifying sites to remove: done in 7.11754e-05 secs using 98.35% CPU
Identifying sites to remove: done in 0.00014852 secs using 1295% CPU
Identifying sites to remove: done in 0.000140317 secs using 1005% CPU
Identifying sites to remove: done in 9.197e-05 secs using 257.7% CPU
Identifying sites to remove: done in 0.000157528 secs using 352.3% CPU
Identifying sites to remove: done in 0.000144981 secs using 1297% CPU
Identifying sites to remove: done in 0.000166483 secs using 1084% CPU
Identifying sites to remove: done in 8.93846e-05 secs using 283% CPU
Identifying sites to remove: done in 0.000192173 secs using 374.1% CPU
Identifying sites to remove: done in 0.000173025 secs using 98.83% CPU
Identifying sites to remove: done in 0.000182264 secs using 99.31% CPU
Identifying sites to remove: done in 0.000173703 secs using 99.02% CPU
Identifying sites to remove: done in 0.000189371 secs using 99.28% CPU
Identifying sites to remove: done in 0.000177331 secs using 373.3% CPU
Identifying sites to remove: done in 0.000177927 secs using 197.8% CPU
Identifying sites to remove: done in 0.000176333 secs using 1443% CPU
Identifying sites to remove: done in 0.000148267 secs using 2237% CPU
Identifying sites to remove: done in 0.000183366 secs using 151.6% CPU
Identifying sites to remove: done in 0.000180803 secs using 2666% CPU
Identifying sites to remove: done in 0.000176594 secs using 714.6% CPU
Identifying sites to remove: done in 0.000190586 secs using 171.1% CPU
Identifying sites to remove: done in 0.000181355 secs using 98.7% CPU
Identifying sites to remove: done in 0.000182092 secs using 594.2% CPU
Identifying sites to remove: done in 0.000157975 secs using 800.1% CPU
Identifying sites to remove: done in 0.000183254 secs using 1163% CPU
Identifying sites to remove: done in 0.000177093 secs using 927.8% CPU
Identifying sites to remove: done in 0.000216961 secs using 1265% CPU
Identifying sites to remove: done in 0.000208817 secs using 1039% CPU
Identifying sites to remove: done in 0.000180788 secs using 966.3% CPU
Identifying sites to remove: done in 0.000180781 secs using 512.8% CPU
Identifying sites to remove: done in 0.000125267 secs using 227.5% CPU
Identifying sites to remove: done in 0.000182621 secs using 99.11% CPU
Identifying sites to remove: done in 0.000144571 secs using 98.91% CPU
Identifying sites to remove: done in 0.000152387 secs using 190.3% CPU
Identifying sites to remove: done in 0.000181444 secs using 625% CPU
Identifying sites to remove: done in 0.00014466 secs using 752.8% CPU
Identifying sites to remove: done in 0.000155449 secs using 137.7% CPU
Identifying sites to remove: done in 0.000182666 secs using 602.7% CPU
Identifying sites to remove: done in 0.000179954 secs using 121.1% CPU
Identifying sites to remove: done in 0.000181772 secs using 1930% CPU
Identifying sites to remove: done in 0.000184752 secs using 196.5% CPU
Identifying sites to remove: done in 0.0002001 secs using 98.95% CPU
Identifying sites to remove: done in 0.000226356 secs using 3637% CPU
Identifying sites to remove: done in 0.000240594 secs using 895.3% CPU
Identifying sites to remove: done in 0.000248387 secs using 2138% CPU
Identifying sites to remove: done in 0.000254191 secs using 1.031e+04% CPU
Identifying sites to remove: done in 0.000253059 secs using 7890% CPU
Identifying sites to remove: done in 0.000293367 secs using 4770% CPU
Identifying sites to remove: done in 0.00029517 secs using 7914% CPU
Identifying sites to remove: done in 0.000292368 secs using 5821% CPU
Identifying sites to remove: done in 0.000274643 secs using 4239% CPU
Identifying sites to remove: done in 0.000278413 secs using 1.054e+04% CPU
Identifying sites to remove: done in 0.000256985 secs using 189.5% CPU
Identifying sites to remove: done in 0.000220716 secs using 335.7% CPU
Identifying sites to remove: done in 0.00020092 secs using 208% CPU
Identifying sites to remove: done in 0.000235304 secs using 99.45% CPU
Identifying sites to remove: done in 0.000149183 secs using 99.21% CPU
Identifying sites to remove: done in 0.000204094 secs using 1009% CPU
Identifying sites to remove: done in 0.000250399 secs using 350.2% CPU
Identifying sites to remove: done in 0.000116847 secs using 295.3% CPU
Identifying sites to remove: done in 0.000119872 secs using 3324% CPU
Identifying sites to remove: done in 0.000236921 secs using 1835% CPU
Identifying sites to remove: done in 0.000233427 secs using 1159% CPU
Identifying sites to remove: done in 0.000237405 secs using 1937% CPU
Identifying sites to remove: done in 0.000195555 secs using 1657% CPU
Identifying sites to remove: done in 0.000117823 secs using 1965% CPU
Identifying sites to remove: done in 0.000187956 secs using 1465% CPU
Identifying sites to remove: done in 0.000242971 secs using 263.8% CPU
Identifying sites to remove: done in 0.000235572 secs using 99.76% CPU
Identifying sites to remove: done in 0.000244409 secs using 99.42% CPU
Identifying sites to remove: done in 0.000227392 secs using 98.95% CPU
Identifying sites to remove: done in 0.000258036 secs using 2.219e+04% CPU
Identifying sites to remove: done in 0.000246584 secs using 214.5% CPU
Identifying sites to remove: done in 0.000256501 secs using 195.3% CPU
Identifying sites to remove: done in 0.000246055 secs using 595.4% CPU
Identifying sites to remove: done in 0.000235423 secs using 465.1% CPU
Identifying sites to remove: done in 0.000246599 secs using 130.6% CPU
Identifying sites to remove: done in 0.000228308 secs using 1291% CPU
Identifying sites to remove: done in 0.000239097 secs using 724.4% CPU
Identifying sites to remove: done in 0.000250995 secs using 267.3% CPU
Identifying sites to remove: done in 0.000245176 secs using 884.7% CPU
Identifying sites to remove: done in 0.000216424 secs using 164% CPU
Identifying sites to remove: done in 0.000242598 secs using 1977% CPU
Identifying sites to remove: done in 0.000223137 secs using 1226% CPU
Identifying sites to remove: done in 0.000263274 secs using 1274% CPU
Identifying sites to remove: done in 0.000206843 secs using 2913% CPU
Identifying sites to remove: done in 0.000201449 secs using 2782% CPU
Identifying sites to remove: done in 0.000267871 secs using 2252% CPU
Identifying sites to remove: done in 0.000271283 secs using 1324% CPU
Identifying sites to remove: done in 0.000226893 secs using 190% CPU
Identifying sites to remove: done in 0.00019405 secs using 677.1% CPU
Identifying sites to remove: done in 0.000249028 secs using 1788% CPU
Identifying sites to remove: done in 0.000215396 secs using 193.1% CPU
Identifying sites to remove: done in 0.000189587 secs using 475.2% CPU
Identifying sites to remove: done in 0.000241347 secs using 176.9% CPU
Identifying sites to remove: done in 0.000209615 secs using 2.19e+04% CPU
Identifying sites to remove: done in 0.000237636 secs using 287.4% CPU
Identifying sites to remove: done in 0.000247426 secs using 152.8% CPU
Identifying sites to remove: done in 0.000241354 secs using 1085% CPU
Identifying sites to remove: done in 0.000242747 secs using 197.7% CPU
Identifying sites to remove: done in 0.000242509 secs using 99.38% CPU
Identifying sites to remove: done in 0.000181235 secs using 5964% CPU
Identifying sites to remove: done in 0.000227459 secs using 1.055e+04% CPU
Identifying sites to remove: done in 0.000217579 secs using 2187% CPU
Identifying sites to remove: done in 0.000245541 secs using 5902% CPU
Identifying sites to remove: done in 0.000245012 secs using 3320% CPU
Identifying sites to remove: done in 0.000247397 secs using 8465% CPU
Identifying sites to remove: done in 0.000239521 secs using 724.4% CPU
Identifying sites to remove: done in 0.000309885 secs using 5773% CPU
Identifying sites to remove: done in 0.000197627 secs using 2.589e+04% CPU
Identifying sites to remove: done in 0.000184633 secs using 99.66% CPU
Identifying sites to remove: done in 0.000133835 secs using 99.38% CPU
Identifying sites to remove: done in 0.000218764 secs using 1679% CPU
Identifying sites to remove: done in 0.000108846 secs using 419.9% CPU
Identifying sites to remove: done in 0.000213794 secs using 1414% CPU
Identifying sites to remove: done in 0.00021752 secs using 951.6% CPU
Identifying sites to remove: done in 0.000233822 secs using 433.2% CPU
Identifying sites to remove: done in 0.000116654 secs using 178.3% CPU
Identifying sites to remove: done in 0.000169769 secs using 1746% CPU
Identifying sites to remove: done in 0.00017824 secs using 229.5% CPU
Identifying sites to remove: done in 0.000216201 secs using 675.3% CPU
Identifying sites to remove: done in 0.000217289 secs using 1070% CPU
Identifying sites to remove: done in 0.000222534 secs using 109.2% CPU
Identifying sites to remove: done in 0.000211492 secs using 854.9% CPU
Identifying sites to remove: done in 0.000207543 secs using 151.8% CPU
Identifying sites to remove: done in 0.00021822 secs using 99.44% CPU
Identifying sites to remove: done in 0.000138655 secs using 98.81% CPU
Identifying sites to remove: done in 0.000152208 secs using 3641% CPU
Identifying sites to remove: done in 0.000194453 secs using 3681% CPU
Identifying sites to remove: done in 0.000212811 secs using 3869% CPU
Identifying sites to remove: done in 0.000243917 secs using 1.97e+04% CPU
Identifying sites to remove: done in 0.000251368 secs using 1.749e+04% CPU
Identifying sites to remove: done in 0.000185281 secs using 454.4% CPU
Identifying sites to remove: done in 0.000161447 secs using 439.8% CPU
Identifying sites to remove: done in 0.000218488 secs using 212.4% CPU
Identifying sites to remove: done in 0.000209235 secs using 98.93% CPU
Identifying sites to remove: done in 0.000204429 secs using 99.3% CPU
Identifying sites to remove: done in 0.000216074 secs using 677.5% CPU
Identifying sites to remove: done in 0.00017757 secs using 499% CPU
Identifying sites to remove: done in 0.000222959 secs using 140.4% CPU
Identifying sites to remove: done in 0.000205562 secs using 99.24% CPU
Identifying sites to remove: done in 0.000204824 secs using 99.6% CPU
Identifying sites to remove: done in 6.75619e-05 secs using 1.037e+04% CPU
Identifying sites to remove: done in 7.01398e-05 secs using 6774% CPU
Identifying sites to remove: done in 0.000109293 secs using 4495% CPU
Identifying sites to remove: done in 0.000126004 secs using 2152% CPU
Identifying sites to remove: done in 7.38949e-05 secs using 3489% CPU
Identifying sites to remove: done in 5.94258e-05 secs using 156.5% CPU
Identifying sites to remove: done in 2.49371e-05 secs using 312.8% CPU
Identifying sites to remove: done in 6.89253e-05 secs using 6456% CPU
Identifying sites to remove: done in 7.65249e-05 secs using 2560% CPU
Identifying sites to remove: done in 5.90459e-05 secs using 489.5% CPU
Identifying sites to remove: done in 5.42849e-05 secs using 199% CPU
Identifying sites to remove: done in 7.00504e-05 secs using 97.07% CPU
Identifying sites to remove: done in 5.60954e-05 secs using 5298% CPU
Identifying sites to remove: done in 6.62953e-05 secs using 1151% CPU
Identifying sites to remove: done in 6.03721e-05 secs using 233.6% CPU
Identifying sites to remove: done in 8.38116e-05 secs using 849.5% CPU
Identifying sites to remove: done in 6.45146e-05 secs using 717.7% CPU
Identifying sites to remove: done in 6.46114e-05 secs using 383.8% CPU
Identifying sites to remove: done in 6.50585e-05 secs using 444.2% CPU
Identifying sites to remove: done in 5.85765e-05 secs using 179.3% CPU
Identifying sites to remove: done in 4.6961e-05 secs using 97.95% CPU
Identifying sites to remove: done in 4.20585e-05 secs using 97.48% CPU
Identifying sites to remove: done in 0.000135027 secs using 2808% CPU
Identifying sites to remove: done in 0.000156455 secs using 698.6% CPU
Identifying sites to remove: done in 0.000171334 secs using 2974% CPU
Identifying sites to remove: done in 0.000210539 secs using 1823% CPU
Identifying sites to remove: done in 0.000228912 secs using 2186% CPU
Identifying sites to remove: done in 0.000261009 secs using 1025% CPU
Identifying sites to remove: done in 0.000262566 secs using 1236% CPU
Identifying sites to remove: done in 0.000261806 secs using 1414% CPU
Identifying sites to remove: done in 0.000279106 secs using 821.2% CPU
Identifying sites to remove: done in 0.000203073 secs using 98.98% CPU
Identifying sites to remove: done in 0.000171483 secs using 908.5% CPU
Identifying sites to remove: done in 0.000216335 secs using 157.6% CPU
Identifying sites to remove: done in 0.000132374 secs using 99.72% CPU
Identifying sites to remove: done in 6.27786e-05 secs using 138.6% CPU
Identifying sites to remove: done in 0.000188015 secs using 1298% CPU
Identifying sites to remove: done in 0.000131823 secs using 106.2% CPU
Identifying sites to remove: done in 0.000131756 secs using 2117% CPU
Identifying sites to remove: done in 7.63834e-05 secs using 387.5% CPU
Identifying sites to remove: done in 0.000152431 secs using 478.2% CPU
Identifying sites to remove: done in 0.000208117 secs using 3153% CPU
Identifying sites to remove: done in 0.000111848 secs using 2120% CPU
Identifying sites to remove: done in 0.000116102 secs using 203.3% CPU
Identifying sites to remove: done in 0.000227645 secs using 637% CPU
Identifying sites to remove: done in 0.000196651 secs using 99.16% CPU
Identifying sites to remove: done in 0.000205353 secs using 1346% CPU
Identifying sites to remove: done in 0.000143059 secs using 943% CPU
Identifying sites to remove: done in 0.000203073 secs using 739.1% CPU
Identifying sites to remove: done in 0.000198744 secs using 174.6% CPU
Identifying sites to remove: done in 0.000204027 secs using 1953% CPU
Identifying sites to remove: done in 0.000214912 secs using 1980% CPU
Identifying sites to remove: done in 0.000207789 secs using 2.05e+04% CPU
Identifying sites to remove: done in 0.000151806 secs using 2.695e+04% CPU
Identifying sites to remove: done in 0.000202768 secs using 478.9% CPU
Identifying sites to remove: done in 0.000209406 secs using 407.3% CPU
Identifying sites to remove: done in 0.000203878 secs using 169.2% CPU
Identifying sites to remove: done in 0.000169612 secs using 548.9% CPU
Identifying sites to remove: done in 0.000148356 secs using 138.2% CPU
Identifying sites to remove: done in 0.000181891 secs using 1605% CPU
Identifying sites to remove: done in 0.000227116 secs using 2281% CPU
Identifying sites to remove: done in 0.000122301 secs using 2294% CPU
Identifying sites to remove: done in 0.000181824 secs using 1784% CPU
Identifying sites to remove: done in 0.000212587 secs using 923.4% CPU
Identifying sites to remove: done in 0.000220664 secs using 243.4% CPU
Identifying sites to remove: done in 0.000161864 secs using 98.85% CPU
Identifying sites to remove: done in 0.000164576 secs using 1484% CPU
Identifying sites to remove: done in 0.000160612 secs using 1310% CPU
Identifying sites to remove: done in 0.000217065 secs using 199% CPU
Identifying sites to remove: done in 0.000205539 secs using 99.25% CPU
Identifying sites to remove: done in 0.000197865 secs using 99.56% CPU
Identifying sites to remove: done in 0.000203714 secs using 99.65% CPU
Identifying sites to remove: done in 0.000127278 secs using 5996% CPU
Identifying sites to remove: done in 0.000125103 secs using 330.9% CPU
Identifying sites to remove: done in 0.000165835 secs using 3128% CPU
Identifying sites to remove: done in 0.000166439 secs using 1869% CPU
Identifying sites to remove: done in 0.000106327 secs using 2853% CPU
Identifying sites to remove: done in 9.94205e-05 secs using 204.2% CPU
Identifying sites to remove: done in 7.34553e-05 secs using 98.02% CPU
Identifying sites to remove: done in 9.82583e-05 secs using 98.72% CPU
Identifying sites to remove: done in 8.62181e-05 secs using 99.75% CPU
Identifying sites to remove: done in 0.000117473 secs using 898.1% CPU
Identifying sites to remove: done in 0.000117242 secs using 197.9% CPU
Identifying sites to remove: done in 0.000114173 secs using 98.97% CPU
Identifying sites to remove: done in 0.00011415 secs using 454.7% CPU
Identifying sites to remove: done in 0.000128359 secs using 187% CPU
Identifying sites to remove: done in 0.000116535 secs using 643.6% CPU
Identifying sites to remove: done in 0.000116982 secs using 197.5% CPU
Identifying sites to remove: done in 0.000119239 secs using 727.9% CPU
Identifying sites to remove: done in 0.000120848 secs using 957.4% CPU
Identifying sites to remove: done in 0.000116058 secs using 1368% CPU
Identifying sites to remove: done in 0.000119448 secs using 504.8% CPU
Identifying sites to remove: done in 0.000163116 secs using 214% CPU
Identifying sites to remove: done in 0.00011126 secs using 98.87% CPU
Identifying sites to remove: done in 0.000199102 secs using 874.4% CPU
Identifying sites to remove: done in 0.00022082 secs using 1989% CPU
Identifying sites to remove: done in 0.000249781 secs using 8070% CPU
Identifying sites to remove: done in 0.000255898 secs using 4638% CPU
Identifying sites to remove: done in 0.000255324 secs using 5672% CPU
Identifying sites to remove: done in 0.00024876 secs using 3316% CPU
Identifying sites to remove: done in 0.000294581 secs using 6054% CPU
Identifying sites to remove: done in 0.000293396 secs using 8163% CPU
Identifying sites to remove: done in 0.000327647 secs using 8104% CPU
Identifying sites to remove: done in 0.000257947 secs using 1.112e+04% CPU
Identifying sites to remove: done in 0.000227652 secs using 99.27% CPU
Identifying sites to remove: done in 0.000189997 secs using 531.1% CPU
Identifying sites to remove: done in 0.000173859 secs using 673% CPU
Identifying sites to remove: done in 0.000219651 secs using 120.6% CPU
Identifying sites to remove: done in 0.000134565 secs using 99.58% CPU
Identifying sites to remove: done in 8.63597e-05 secs using 350.9% CPU
Identifying sites to remove: done in 0.000210352 secs using 390.3% CPU
Identifying sites to remove: done in 0.000246786 secs using 994.8% CPU
Identifying sites to remove: done in 0.000108205 secs using 1907% CPU
Identifying sites to remove: done in 0.000187039 secs using 2379% CPU
Identifying sites to remove: done in 0.00018435 secs using 2264% CPU
Identifying sites to remove: done in 0.000183359 secs using 1169% CPU
Identifying sites to remove: done in 0.000114344 secs using 2926% CPU
Identifying sites to remove: done in 0.000182763 secs using 1465% CPU
Identifying sites to remove: done in 0.000146024 secs using 258.2% CPU
Identifying sites to remove: done in 0.000196561 secs using 531.1% CPU
Identifying sites to remove: done in 0.000219353 secs using 99.38% CPU
Identifying sites to remove: done in 0.00022386 secs using 99.62% CPU
Identifying sites to remove: done in 0.000210755 secs using 99.64% CPU
Identifying sites to remove: done in 0.000247113 secs using 2.226e+04% CPU
Identifying sites to remove: done in 0.000241354 secs using 225.8% CPU
Identifying sites to remove: done in 0.000241794 secs using 322.2% CPU
Identifying sites to remove: done in 0.000224888 secs using 606.5% CPU
Identifying sites to remove: done in 0.000191577 secs using 501.1% CPU
Identifying sites to remove: done in 0.000232384 secs using 171.7% CPU
Identifying sites to remove: done in 0.000227086 secs using 1184% CPU
Identifying sites to remove: done in 0.000187859 secs using 744.2% CPU
Identifying sites to remove: done in 0.000236161 secs using 863.8% CPU
Identifying sites to remove: done in 0.000198551 secs using 142.5% CPU
Identifying sites to remove: done in 0.000186339 secs using 2189% CPU
Identifying sites to remove: done in 0.00018765 secs using 2359% CPU
Identifying sites to remove: done in 0.000222623 secs using 1162% CPU
Identifying sites to remove: done in 0.00023099 secs using 1194% CPU
Identifying sites to remove: done in 0.000217967 secs using 2719% CPU
Identifying sites to remove: done in 0.000248335 secs using 3323% CPU
Identifying sites to remove: done in 0.000195108 secs using 1648% CPU
Identifying sites to remove: done in 0.000253759 secs using 1488% CPU
Identifying sites to remove: done in 0.000210539 secs using 323.9% CPU
Identifying sites to remove: done in 0.000222959 secs using 1790% CPU
Identifying sites to remove: done in 0.000184752 secs using 649.5% CPU
Identifying sites to remove: done in 0.000210322 secs using 192.6% CPU
Identifying sites to remove: done in 0.000225857 secs using 493.7% CPU
Identifying sites to remove: done in 0.000181884 secs using 163.8% CPU
Identifying sites to remove: done in 0.000184849 secs using 99% CPU
Identifying sites to remove: done in 0.000236414 secs using 1.962e+04% CPU
Identifying sites to remove: done in 0.000233799 secs using 1.942e+04% CPU
Identifying sites to remove: done in 0.000228584 secs using 908.6% CPU
Identifying sites to remove: done in 0.000226945 secs using 174.9% CPU
Identifying sites to remove: done in 0.000231661 secs using 99.71% CPU
Identifying sites to remove: done in 0.000162587 secs using 3364% CPU
Identifying sites to remove: done in 0.000166714 secs using 878.7% CPU
Identifying sites to remove: done in 0.000187822 secs using 1874% CPU
Identifying sites to remove: done in 0.000201195 secs using 4787% CPU
Identifying sites to remove: done in 0.000203088 secs using 5779% CPU
Identifying sites to remove: done in 0.000205837 secs using 3799% CPU
Identifying sites to remove: done in 0.000202902 secs using 7732% CPU
Identifying sites to remove: done in 0.000200257 secs using 6794% CPU
Identifying sites to remove: done in 0.000208318 secs using 8583% CPU
Identifying sites to remove: done in 0.000205547 secs using 9621% CPU
Identifying sites to remove: done in 0.000155933 secs using 98.76% CPU
Identifying sites to remove: done in 0.000119321 secs using 765.2% CPU
Identifying sites to remove: done in 0.000129193 secs using 2511% CPU
Identifying sites to remove: done in 0.000152431 secs using 127.9% CPU
Identifying sites to remove: done in 9.59411e-05 secs using 99.02% CPU
Identifying sites to remove: done in 0.000135317 secs using 1227% CPU
Identifying sites to remove: done in 0.000159122 secs using 355.1% CPU
Identifying sites to remove: done in 6.98119e-05 secs using 130.4% CPU
Identifying sites to remove: done in 0.000153117 secs using 3.001e+04% CPU
Identifying sites to remove: done in 0.000100166 secs using 3.794e+04% CPU
Identifying sites to remove: done in 0.000158466 secs using 2.661e+04% CPU
Identifying sites to remove: done in 0.00016991 secs using 2.25e+04% CPU
Identifying sites to remove: done in 0.000115655 secs using 672.7% CPU
Identifying sites to remove: done in 0.000119828 secs using 467.3% CPU
Identifying sites to remove: done in 0.000154935 secs using 507.3% CPU
Identifying sites to remove: done in 7.76574e-05 secs using 274.3% CPU
Identifying sites to remove: done in 0.000152566 secs using 98.97% CPU
Identifying sites to remove: done in 0.000156023 secs using 98.7% CPU
Identifying sites to remove: done in 0.000148267 secs using 99.15% CPU
Identifying sites to remove: done in 0.000166021 secs using 99.38% CPU
Identifying sites to remove: done in 0.000155441 secs using 354.5% CPU
Identifying sites to remove: done in 0.000152454 secs using 1358% CPU
Identifying sites to remove: done in 0.000154145 secs using 1393% CPU
Identifying sites to remove: done in 0.000146255 secs using 1527% CPU
Identifying sites to remove: done in 0.000151269 secs using 195% CPU
Identifying sites to remove: done in 0.000163361 secs using 1668% CPU
Identifying sites to remove: done in 0.000144713 secs using 755.3% CPU
Identifying sites to remove: done in 0.000153467 secs using 1323% CPU
Identifying sites to remove: done in 0.000151373 secs using 166.5% CPU
Identifying sites to remove: done in 0.000124581 secs using 99.53% CPU
Identifying sites to remove: done in 0.000154167 secs using 4144% CPU
Identifying sites to remove: done in 0.000142485 secs using 2491% CPU
Identifying sites to remove: done in 0.000168547 secs using 441.4% CPU
Identifying sites to remove: done in 0.000123411 secs using 6864% CPU
Identifying sites to remove: done in 0.000143118 secs using 6316% CPU
Identifying sites to remove: done in 0.000179879 secs using 4113% CPU
Identifying sites to remove: done in 0.000182219 secs using 2245% CPU
Identifying sites to remove: done in 0.00015121 secs using 214.3% CPU
Identifying sites to remove: done in 0.000152096 secs using 97.96% CPU
Identifying sites to remove: done in 0.000121169 secs using 671% CPU
Identifying sites to remove: done in 0.000137769 secs using 2.096e+04% CPU
Identifying sites to remove: done in 0.000159778 secs using 233.4% CPU
Identifying sites to remove: done in 0.000130825 secs using 182.7% CPU
Identifying sites to remove: done in 0.000147142 secs using 98.54% CPU
Identifying sites to remove: done in 0.000154421 secs using 582.8% CPU
Identifying sites to remove: done in 0.000158742 secs using 194.7% CPU
Identifying sites to remove: done in 0.00015153 secs using 1464% CPU
Identifying sites to remove: done in 0.000152953 secs using 168.7% CPU
Identifying sites to remove: done in 0.000154637 secs using 98.94% CPU
Identifying sites to remove: done in 0.000132203 secs using 2750% CPU
Identifying sites to remove: done in 0.000130519 secs using 501.8% CPU
Identifying sites to remove: done in 0.000163794 secs using 4993% CPU
Identifying sites to remove: done in 0.00016468 secs using 4094% CPU
Identifying sites to remove: done in 0.000166051 secs using 3189% CPU
Identifying sites to remove: done in 0.000193223 secs using 1226% CPU
Identifying sites to remove: done in 0.000115789 secs using 98.45% CPU
Identifying sites to remove: done in 6.50808e-05 secs using 98.34% CPU
Identifying sites to remove: done in 0.000130035 secs using 1998% CPU
Identifying sites to remove: done in 7.76798e-05 secs using 249.7% CPU
Identifying sites to remove: done in 0.000146918 secs using 324.7% CPU
Identifying sites to remove: done in 0.000136703 secs using 4553% CPU
Identifying sites to remove: done in 0.000118285 secs using 2582% CPU
Identifying sites to remove: done in 0.000129551 secs using 3010% CPU
Identifying sites to remove: done in 7.40215e-05 secs using 475.5% CPU
Identifying sites to remove: done in 0.000151291 secs using 481.2% CPU
Identifying sites to remove: done in 0.000128731 secs using 2391% CPU
Identifying sites to remove: done in 0.000135534 secs using 157.9% CPU
Identifying sites to remove: done in 0.000127412 secs using 2661% CPU
Identifying sites to remove: done in 0.000129573 secs using 4008% CPU
Identifying sites to remove: done in 0.000129864 secs using 5416% CPU
Identifying sites to remove: done in 0.000130743 secs using 2830% CPU
Identifying sites to remove: done in 0.00013604 secs using 1375% CPU
Identifying sites to remove: done in 0.000116654 secs using 114.9% CPU
Identifying sites to remove: done in 0.000128783 secs using 3229% CPU
Identifying sites to remove: done in 0.000138022 secs using 419.5% CPU
Identifying sites to remove: done in 0.000131533 secs using 379.4% CPU
Identifying sites to remove: done in 0.000101998 secs using 1437% CPU
Identifying sites to remove: done in 0.000164665 secs using 1.968e+04% CPU
Identifying sites to remove: done in 0.000106707 secs using 99.34% CPU
Identifying sites to remove: done in 0.000133492 secs using 940.1% CPU
Identifying sites to remove: done in 0.000135943 secs using 639.2% CPU
Identifying sites to remove: done in 0.000151187 secs using 223.6% CPU
Identifying sites to remove: done in 0.000164688 secs using 4274% CPU
Identifying sites to remove: done in 0.00018128 secs using 639.3% CPU
Identifying sites to remove: done in 0.000183024 secs using 2235% CPU
Identifying sites to remove: done in 0.000230268 secs using 7100% CPU
Identifying sites to remove: done in 0.000231065 secs using 5994% CPU
Identifying sites to remove: done in 0.000235289 secs using 9419% CPU
Identifying sites to remove: done in 0.000232518 secs using 4627% CPU
Identifying sites to remove: done in 0.000233643 secs using 8418% CPU
Identifying sites to remove: done in 0.000155352 secs using 99.13% CPU
Identifying sites to remove: done in 0.000154063 secs using 98.66% CPU
Identifying sites to remove: done in 8.99136e-05 secs using 98.98% CPU
Identifying sites to remove: done in 8.79616e-05 secs using 977.7% CPU
Identifying sites to remove: done in 0.000192367 secs using 1497% CPU
Identifying sites to remove: done in 0.000164285 secs using 466.9% CPU
Identifying sites to remove: done in 0.000211872 secs using 809% CPU
Identifying sites to remove: done in 0.000218011 secs using 1179% CPU
Identifying sites to remove: done in 0.000125155 secs using 1183% CPU
Identifying sites to remove: done in 0.000149742 secs using 794.7% CPU
Identifying sites to remove: done in 0.000174433 secs using 899.5% CPU
Identifying sites to remove: done in 0.000186011 secs using 136.6% CPU
Identifying sites to remove: done in 0.00019256 secs using 98.67% CPU
Identifying sites to remove: done in 0.000203475 secs using 99.27% CPU
Identifying sites to remove: done in 0.000185288 secs using 899.1% CPU
Identifying sites to remove: done in 0.000181817 secs using 143% CPU
Identifying sites to remove: done in 0.00020279 secs using 99.12% CPU
Identifying sites to remove: done in 0.000125557 secs using 97.96% CPU
Identifying sites to remove: done in 0.00012809 secs using 2761% CPU
Identifying sites to remove: done in 0.00016062 secs using 3928% CPU
Identifying sites to remove: done in 0.000187047 secs using 2752% CPU
Identifying sites to remove: done in 0.000187762 secs using 2071% CPU
Identifying sites to remove: done in 0.000187732 secs using 211.5% CPU
Identifying sites to remove: done in 0.000166968 secs using 4069% CPU
Identifying sites to remove: done in 0.000129364 secs using 2428% CPU
Identifying sites to remove: done in 0.000201583 secs using 195.5% CPU
Identifying sites to remove: done in 0.000204079 secs using 2.012e+04% CPU
Identifying sites to remove: done in 0.000191636 secs using 99.15% CPU
Identifying sites to remove: done in 0.000179417 secs using 475.4% CPU
Identifying sites to remove: done in 0.000213519 secs using 429% CPU
Identifying sites to remove: done in 0.000189558 secs using 126.6% CPU
Identifying sites to remove: done in 0.000191636 secs using 99.15% CPU
Identifying sites to remove: done in 0.000187017 secs using 98.92% CPU
Identifying sites to remove: done in 0.000260644 secs using 1280% CPU
Identifying sites to remove: done in 0.000261053 secs using 889.9% CPU
Identifying sites to remove: done in 0.000280835 secs using 1655% CPU
Identifying sites to remove: done in 0.000317052 secs using 1842% CPU
Identifying sites to remove: done in 0.000318281 secs using 2843% CPU
Identifying sites to remove: done in 0.00031817 secs using 3185% CPU
Identifying sites to remove: done in 0.000357039 secs using 3207% CPU
Identifying sites to remove: done in 0.000373162 secs using 1946% CPU
Identifying sites to remove: done in 0.000375293 secs using 3354% CPU
Identifying sites to remove: done in 0.000374854 secs using 2245% CPU
Identifying sites to remove: done in 0.000281967 secs using 510.7% CPU
Identifying sites to remove: done in 0.000296809 secs using 600% CPU
Identifying sites to remove: done in 0.000254385 secs using 198.5% CPU
Identifying sites to remove: done in 0.000273697 secs using 99.38% CPU
Identifying sites to remove: done in 0.000136517 secs using 99.62% CPU
Identifying sites to remove: done in 0.000134528 secs using 4.413e+04% CPU
Identifying sites to remove: done in 0.000242725 secs using 220.8% CPU
Identifying sites to remove: done in 0.000293627 secs using 303.8% CPU
Identifying sites to remove: done in 0.000134543 secs using 136.8% CPU
Identifying sites to remove: done in 0.000273325 secs using 1185% CPU
Identifying sites to remove: done in 0.000136003 secs using 2110% CPU
Identifying sites to remove: done in 0.000233091 secs using 1372% CPU
Identifying sites to remove: done in 0.000272416 secs using 1316% CPU
Identifying sites to remove: done in 0.000278786 secs using 1000% CPU
Identifying sites to remove: done in 0.000223845 secs using 794.3% CPU
Identifying sites to remove: done in 0.000282362 secs using 199.7% CPU
Identifying sites to remove: done in 0.000277855 secs using 375% CPU
Identifying sites to remove: done in 0.00028494 secs using 116.2% CPU
Identifying sites to remove: done in 0.000259854 secs using 99.67% CPU
Identifying sites to remove: done in 0.000294171 secs using 301.5% CPU
Identifying sites to remove: done in 0.000287205 secs using 1103% CPU
Identifying sites to remove: done in 0.000309654 secs using 2.057e+04% CPU
Identifying sites to remove: done in 0.0002698 secs using 321% CPU
Identifying sites to remove: done in 0.000295766 secs using 190.4% CPU
Identifying sites to remove: done in 0.000280485 secs using 99.47% CPU
Identifying sites to remove: done in 0.000295624 secs using 1309% CPU
Identifying sites to remove: done in 0.00029204 secs using 1491% CPU
Identifying sites to remove: done in 0.000288263 secs using 925.9% CPU
Identifying sites to remove: done in 0.00027363 secs using 164.1% CPU
Identifying sites to remove: done in 0.000229597 secs using 1125% CPU
Identifying sites to remove: done in 0.000224374 secs using 127% CPU
Identifying sites to remove: done in 0.000286624 secs using 1329% CPU
Identifying sites to remove: done in 0.000288725 secs using 1480% CPU
Identifying sites to remove: done in 0.000228062 secs using 1602% CPU
Identifying sites to remove: done in 0.000228681 secs using 1633% CPU
Identifying sites to remove: done in 0.000288129 secs using 1333% CPU
Identifying sites to remove: done in 0.00028652 secs using 179.7% CPU
Identifying sites to remove: done in 0.000267744 secs using 2372% CPU
Identifying sites to remove: done in 0.000230379 secs using 2252% CPU
Identifying sites to remove: done in 0.000318684 secs using 1.453e+04% CPU
Identifying sites to remove: done in 0.000240043 secs using 1.755e+04% CPU
Identifying sites to remove: done in 0.000220396 secs using 99.82% CPU
Identifying sites to remove: done in 0.00028789 secs using 99.34% CPU
Identifying sites to remove: done in 0.000269353 secs using 99.5% CPU
Identifying sites to remove: done in 0.000292182 secs using 99.6% CPU
Identifying sites to remove: done in 0.000331022 secs using 99.39% CPU
Identifying sites to remove: done in 0.000287749 secs using 329.1% CPU
Identifying sites to remove: done in 0.000285275 secs using 200.2% CPU
Identifying sites to remove: done in 0.000286847 secs using 99.7% CPU
Identifying sites to remove: done in 0.000253506 secs using 1197% CPU
Identifying sites to remove: done in 0.000270911 secs using 478.8% CPU
Identifying sites to remove: done in 0.000299595 secs using 1669% CPU
Identifying sites to remove: done in 0.000299484 secs using 3461% CPU
Identifying sites to remove: done in 0.000326514 secs using 2364% CPU
Identifying sites to remove: done in 0.000289075 secs using 1265% CPU
Identifying sites to remove: done in 0.0002864 secs using 345% CPU
Identifying sites to remove: done in 0.000153683 secs using 4498% CPU
Identifying sites to remove: done in 0.000248849 secs using 3952% CPU
Identifying sites to remove: done in 0.000235252 secs using 5122% CPU
Identifying sites to remove: done in 0.000324667 secs using 1.408e+04% CPU
Identifying sites to remove: done in 0.00029701 secs using 1.284e+04% CPU
Identifying sites to remove: done in 0.000322565 secs using 1.303e+04% CPU
Identifying sites to remove: done in 0.000219129 secs using 1.718e+04% CPU
Identifying sites to remove: done in 0.000304356 secs using 135.4% CPU
Identifying sites to remove: done in 0.000128448 secs using 99.65% CPU
Identifying sites to remove: done in 0.000282772 secs using 830% CPU
Identifying sites to remove: done in 0.000297025 secs using 898.9% CPU
Identifying sites to remove: done in 0.000304893 secs using 555.6% CPU
Identifying sites to remove: done in 0.00030674 secs using 229.2% CPU
Identifying sites to remove: done in 0.000279143 secs using 701.8% CPU
Identifying sites to remove: done in 0.000299297 secs using 620.1% CPU
Identifying sites to remove: done in 0.000305511 secs using 1485% CPU
Identifying sites to remove: done in 0.000247017 secs using 1111% CPU
Identifying sites to remove: done in 0.000315994 secs using 1538% CPU
Identifying sites to remove: done in 0.000256248 secs using 2507% CPU
Identifying sites to remove: done in 0.00024996 secs using 1731% CPU
Identifying sites to remove: done in 0.000320047 secs using 2135% CPU
Identifying sites to remove: done in 0.000259742 secs using 758.1% CPU
Identifying sites to remove: done in 0.000301376 secs using 1116% CPU
Identifying sites to remove: done in 0.000310175 secs using 1299% CPU
Identifying sites to remove: done in 0.000259049 secs using 1541% CPU
Identifying sites to remove: done in 0.000323273 secs using 379.2% CPU
Identifying sites to remove: done in 0.00024128 secs using 179% CPU
Identifying sites to remove: done in 0.000278242 secs using 99.19% CPU
Identifying sites to remove: done in 0.000286385 secs using 99.52% CPU
Identifying sites to remove: done in 0.000134587 secs using 7077% CPU
Identifying sites to remove: done in 0.000130527 secs using 796% CPU
Identifying sites to remove: done in 0.000168875 secs using 2044% CPU
Identifying sites to remove: done in 0.000176035 secs using 1436% CPU
Identifying sites to remove: done in 0.000173271 secs using 3239% CPU
Identifying sites to remove: done in 0.000176623 secs using 3806% CPU
Identifying sites to remove: done in 0.00017751 secs using 6172% CPU
Identifying sites to remove: done in 0.000175312 secs using 4418% CPU
Identifying sites to remove: done in 0.000210591 secs using 2239% CPU
Identifying sites to remove: done in 0.000212811 secs using 4230% CPU
Identifying sites to remove: done in 0.000112854 secs using 2192% CPU
Identifying sites to remove: done in 0.00015562 secs using 1880% CPU
Identifying sites to remove: done in 0.000124358 secs using 1662% CPU
Identifying sites to remove: done in 0.000141345 secs using 226.4% CPU
Identifying sites to remove: done in 7.14883e-05 secs using 3061% CPU
Identifying sites to remove: done in 0.000114709 secs using 1033% CPU
Identifying sites to remove: done in 0.000140004 secs using 120% CPU
Identifying sites to remove: done in 5.80624e-05 secs using 4173% CPU
Identifying sites to remove: done in 0.000117913 secs using 3208% CPU
Identifying sites to remove: done in 0.000114202 secs using 496.5% CPU
Identifying sites to remove: done in 0.000114746 secs using 2578% CPU
Identifying sites to remove: done in 6.73309e-05 secs using 1340% CPU
Identifying sites to remove: done in 0.000116721 secs using 969.8% CPU
Identifying sites to remove: done in 0.000121243 secs using 892.4% CPU
Identifying sites to remove: done in 0.000116751 secs using 2657% CPU
Identifying sites to remove: done in 6.57588e-05 secs using 302.6% CPU
Identifying sites to remove: done in 0.00014174 secs using 311.8% CPU
Identifying sites to remove: done in 0.000145361 secs using 99.06% CPU
Identifying sites to remove: done in 0.000141658 secs using 855.6% CPU
Identifying sites to remove: done in 0.000144072 secs using 2665% CPU
Identifying sites to remove: done in 0.000137679 secs using 1362% CPU
Identifying sites to remove: done in 0.000119582 secs using 3337% CPU
Identifying sites to remove: done in 0.000143073 secs using 3802% CPU
Identifying sites to remove: done in 0.000144474 secs using 213.9% CPU
Identifying sites to remove: done in 0.000155434 secs using 2.326e+04% CPU
Identifying sites to remove: done in 0.000116244 secs using 177.2% CPU
Identifying sites to remove: done in 0.000123337 secs using 414.3% CPU
Identifying sites to remove: done in 0.000145249 secs using 747.7% CPU
Identifying sites to remove: done in 0.000143267 secs using 507.4% CPU
Identifying sites to remove: done in 0.000143819 secs using 223.2% CPU
Identifying sites to remove: done in 0.000104204 secs using 2749% CPU
Identifying sites to remove: done in 0.000125878 secs using 2048% CPU
Identifying sites to remove: done in 0.000157379 secs using 2115% CPU
Identifying sites to remove: done in 0.000118196 secs using 1699% CPU
Identifying sites to remove: done in 0.000151016 secs using 1853% CPU
Identifying sites to remove: done in 0.000169516 secs using 865.4% CPU
Identifying sites to remove: done in 0.000148721 secs using 233.3% CPU
Identifying sites to remove: done in 0.000111163 secs using 720.6% CPU
Identifying sites to remove: done in 0.000119038 secs using 854.3% CPU
Identifying sites to remove: done in 0.000158846 secs using 787.6% CPU
Identifying sites to remove: done in 0.000167131 secs using 511% CPU
Identifying sites to remove: done in 0.0001266 secs using 221.2% CPU
Identifying sites to remove: done in 0.000140704 secs using 98.79% CPU
Identifying sites to remove: done in 0.000136651 secs using 99.52% CPU
Identifying sites to remove: done in 0.000137798 secs using 99.42% CPU
Identifying sites to remove: done in 0.000141472 secs using 98.96% CPU
Identifying sites to remove: done in 0.000143006 secs using 99.3% CPU
Identifying sites to remove: done in 0.000151232 secs using 1261% CPU
Identifying sites to remove: done in 0.000152878 secs using 1718% CPU
Identifying sites to remove: done in 0.000184007 secs using 775.5% CPU
Identifying sites to remove: done in 0.000204332 secs using 3455% CPU
Identifying sites to remove: done in 0.000205375 secs using 2824% CPU
Identifying sites to remove: done in 0.000223503 secs using 2931% CPU
Identifying sites to remove: done in 0.000204384 secs using 2469% CPU
Identifying sites to remove: done in 0.000225842 secs using 2035% CPU
Identifying sites to remove: done in 0.000223123 secs using 1722% CPU
Identifying sites to remove: done in 0.000228532 secs using 3545% CPU
Identifying sites to remove: done in 0.000154898 secs using 874.1% CPU
Identifying sites to remove: done in 0.000126995 secs using 644.9% CPU
Identifying sites to remove: done in 0.000121184 secs using 227.8% CPU
Identifying sites to remove: done in 0.000142448 secs using 98.98% CPU
Identifying sites to remove: done in 7.65696e-05 secs using 99.26% CPU
Identifying sites to remove: done in 0.000115231 secs using 1206% CPU
Identifying sites to remove: done in 0.000149384 secs using 309.9% CPU
Identifying sites to remove: done in 6.98939e-05 secs using 183.1% CPU
Identifying sites to remove: done in 7.02888e-05 secs using 7160% CPU
Identifying sites to remove: done in 0.000136919 secs using 3885% CPU
Identifying sites to remove: done in 0.000127122 secs using 1370% CPU
Identifying sites to remove: done in 0.00014323 secs using 2925% CPU
Identifying sites to remove: done in 0.000112295 secs using 358.9% CPU
Identifying sites to remove: done in 0.000115603 secs using 706.7% CPU
Identifying sites to remove: done in 7.07209e-05 secs using 1893% CPU
Identifying sites to remove: done in 0.000132561 secs using 150.9% CPU
Identifying sites to remove: done in 0.000145584 secs using 98.91% CPU
Identifying sites to remove: done in 0.000149474 secs using 99.01% CPU
Identifying sites to remove: done in 0.000134498 secs using 98.89% CPU
Identifying sites to remove: done in 0.000147365 secs using 99.07% CPU
Identifying sites to remove: done in 0.000145867 secs using 297.5% CPU
Identifying sites to remove: done in 0.000166647 secs using 2.798e+04% CPU
Identifying sites to remove: done in 0.000156976 secs using 242.7% CPU
Identifying sites to remove: done in 0.000137001 secs using 351.1% CPU
Identifying sites to remove: done in 0.000143483 secs using 165.2% CPU
Identifying sites to remove: done in 0.000157803 secs using 1033% CPU
Identifying sites to remove: done in 0.000156641 secs using 659.5% CPU
Identifying sites to remove: done in 0.000155263 secs using 178.4% CPU
Identifying sites to remove: done in 0.00014849 secs using 793.3% CPU
Identifying sites to remove: done in 0.000135869 secs using 207.6% CPU
Identifying sites to remove: done in 0.000116684 secs using 1137% CPU
Identifying sites to remove: done in 0.000150137 secs using 1023% CPU
Identifying sites to remove: done in 0.000149004 secs using 3273% CPU
Identifying sites to remove: done in 0.000126548 secs using 2759% CPU
Identifying sites to remove: done in 0.000125475 secs using 2637% CPU
Identifying sites to remove: done in 0.000144035 secs using 2417% CPU
Identifying sites to remove: done in 0.000149943 secs using 1361% CPU
Identifying sites to remove: done in 0.000145204 secs using 148.1% CPU
Identifying sites to remove: done in 0.000115372 secs using 1028% CPU
Identifying sites to remove: done in 0.000125021 secs using 532.7% CPU
Identifying sites to remove: done in 0.000150122 secs using 256.5% CPU
Identifying sites to remove: done in 0.000114702 secs using 454.2% CPU
Identifying sites to remove: done in 0.00014554 secs using 154.6% CPU
Identifying sites to remove: done in 0.000129417 secs using 98.13% CPU
Identifying sites to remove: done in 0.000143819 secs using 590.3% CPU
Identifying sites to remove: done in 0.0001425 secs using 138.2% CPU
Identifying sites to remove: done in 0.000142545 secs using 1853% CPU
Identifying sites to remove: done in 0.000142939 secs using 169.3% CPU
Identifying sites to remove: done in 0.000147961 secs using 99.35% CPU
Identifying sites to remove: done in 6.51628e-05 secs using 8520% CPU
Identifying sites to remove: done in 8.45194e-05 secs using 1.022e+04% CPU
Identifying sites to remove: done in 8.22246e-05 secs using 452.4% CPU
Identifying sites to remove: done in 8.83937e-05 secs using 1.652e+04% CPU
Identifying sites to remove: done in 0.000142582 secs using 1.043e+04% CPU
Identifying sites to remove: done in 6.81803e-05 secs using 264% CPU
Identifying sites to remove: done in 0.000182196 secs using 3674% CPU
Identifying sites to remove: done in 6.8441e-05 secs using 569.8% CPU
Identifying sites to remove: done in 0.000111833 secs using 3219% CPU
Identifying sites to remove: done in 0.000291489 secs using 5543% CPU
Identifying sites to remove: done in 0.000277355 secs using 4627% CPU
Identifying sites to remove: done in 9.85861e-05 secs using 4624% CPU
Identifying sites to remove: done in 0.000115298 secs using 8469% CPU
Identifying sites to remove: done in 0.0001164 secs using 5418% CPU
Identifying sites to remove: done in 0.000156492 secs using 650.5% CPU
Identifying sites to remove: done in 0.000172473 secs using 312.5% CPU
Identifying sites to remove: done in 4.91738e-05 secs using 1464% CPU
Identifying sites to remove: done in 8.08015e-05 secs using 4867% CPU
Identifying sites to remove: done in 8.39159e-05 secs using 245.5% CPU
Identifying sites to remove: done in 6.93053e-05 secs using 692.6% CPU
Identifying sites to remove: done in 5.10961e-05 secs using 229% CPU
Identifying sites to remove: done in 0.000139557 secs using 2.217e+04% CPU
Identifying sites to remove: done in 8.83564e-05 secs using 647.4% CPU
Identifying sites to remove: done in 0.000175215 secs using 1.768e+04% CPU
Identifying sites to remove: done in 9.0085e-05 secs using 442.9% CPU
Identifying sites to remove: done in 9.80198e-05 secs using 282.6% CPU
Identifying sites to remove: done in 6.6191e-05 secs using 96.69% CPU
Identifying sites to remove: done in 0.000122488 secs using 600.9% CPU
Identifying sites to remove: done in 0.000121437 secs using 193.5% CPU
Identifying sites to remove: done in 5.9776e-05 secs using 179% CPU
Identifying sites to remove: done in 0.00011725 secs using 1327% CPU
Identifying sites to remove: done in 5.22286e-05 secs using 1769% CPU
Identifying sites to remove: done in 5.9396e-05 secs using 148.2% CPU
Identifying sites to remove: done in 5.05745e-05 secs using 5301% CPU
Identifying sites to remove: done in 5.41285e-05 secs using 1210% CPU
Identifying sites to remove: done in 5.24074e-05 secs using 410.2% CPU
Identifying sites to remove: done in 0.000142053 secs using 1873% CPU
Identifying sites to remove: done in 0.000139192 secs using 1372% CPU
Identifying sites to remove: done in 0.000121921 secs using 447% CPU
Identifying sites to remove: done in 6.24284e-05 secs using 1475% CPU
Identifying sites to remove: done in 6.91265e-05 secs using 149% CPU
Identifying sites to remove: done in 0.000110544 secs using 959.8% CPU
Identifying sites to remove: done in 6.59674e-05 secs using 195.6% CPU
Identifying sites to remove: done in 0.000157759 secs using 5197% CPU
Identifying sites to remove: done in 0.000174791 secs using 1990% CPU
Identifying sites to remove: done in 0.000189759 secs using 8844% CPU
Identifying sites to remove: done in 0.000191167 secs using 6527% CPU
Identifying sites to remove: done in 0.000191972 secs using 3585% CPU
Identifying sites to remove: done in 0.000233665 secs using 2534% CPU
Identifying sites to remove: done in 0.000240088 secs using 8439% CPU
Identifying sites to remove: done in 0.000238225 secs using 6588% CPU
Identifying sites to remove: done in 0.000236005 secs using 790.2% CPU
Identifying sites to remove: done in 0.000277698 secs using 3975% CPU
Identifying sites to remove: done in 0.000180289 secs using 99.28% CPU
Identifying sites to remove: done in 0.000166833 secs using 2.766e+04% CPU
Identifying sites to remove: done in 0.000147186 secs using 252.7% CPU
Identifying sites to remove: done in 0.000179783 secs using 131.8% CPU
Identifying sites to remove: done in 0.000182383 secs using 1183% CPU
Identifying sites to remove: done in 0.000154644 secs using 836.8% CPU
Identifying sites to remove: done in 0.000126302 secs using 1100% CPU
Identifying sites to remove: done in 0.000151932 secs using 905% CPU
Identifying sites to remove: done in 0.000138208 secs using 128.8% CPU
Identifying sites to remove: done in 7.24941e-05 secs using 296.6% CPU
Identifying sites to remove: done in 0.000146694 secs using 1305% CPU
Identifying sites to remove: done in 0.000126906 secs using 1704% CPU
Identifying sites to remove: done in 0.000115097 secs using 327.6% CPU
Identifying sites to remove: done in 0.000163168 secs using 587.7% CPU
Identifying sites to remove: done in 0.000103347 secs using 159.7% CPU
Identifying sites to remove: done in 7.23377e-05 secs using 246.1% CPU
Identifying sites to remove: done in 0.000177778 secs using 261% CPU
Identifying sites to remove: done in 0.000178784 secs using 99.56% CPU
Identifying sites to remove: done in 0.000149801 secs using 1027% CPU
Identifying sites to remove: done in 0.000184983 secs using 123.8% CPU
Identifying sites to remove: done in 0.000181407 secs using 2199% CPU
Identifying sites to remove: done in 0.000180364 secs using 2016% CPU
Identifying sites to remove: done in 0.000193715 secs using 1444% CPU
Identifying sites to remove: done in 0.000149734 secs using 2508% CPU
Identifying sites to remove: done in 0.000177421 secs using 122.9% CPU
Identifying sites to remove: done in 0.00014776 secs using 398.6% CPU
Identifying sites to remove: done in 0.000184439 secs using 342.1% CPU
Identifying sites to remove: done in 0.000184067 secs using 403.7% CPU
Identifying sites to remove: done in 0.000161506 secs using 143.6% CPU
Identifying sites to remove: done in 0.000150129 secs using 1079% CPU
Identifying sites to remove: done in 0.000148736 secs using 767.1% CPU
Identifying sites to remove: done in 0.000181004 secs using 1080% CPU
Identifying sites to remove: done in 0.00018958 secs using 1205% CPU
Identifying sites to remove: done in 0.000196651 secs using 1248% CPU
Identifying sites to remove: done in 0.000188708 secs using 1585% CPU
Identifying sites to remove: done in 0.000166558 secs using 1232% CPU
Identifying sites to remove: done in 0.00013563 secs using 1169% CPU
Identifying sites to remove: done in 0.000151768 secs using 345.3% CPU
Identifying sites to remove: done in 0.000181042 secs using 1358% CPU
Identifying sites to remove: done in 0.000147782 secs using 736.2% CPU
Identifying sites to remove: done in 0.000155486 secs using 239.9% CPU
Identifying sites to remove: done in 0.000177413 secs using 99.2% CPU
Identifying sites to remove: done in 0.000143118 secs using 765.8% CPU
Identifying sites to remove: done in 0.000144303 secs using 167.7% CPU
Identifying sites to remove: done in 0.000181623 secs using 654.1% CPU
Identifying sites to remove: done in 0.000178881 secs using 199.6% CPU
Identifying sites to remove: done in 0.000197574 secs using 3.192e+04% CPU
Identifying sites to remove: done in 0.000183202 secs using 164.8% CPU
Identifying sites to remove: done in 0.00019259 secs using 99.17% CPU
Identifying sites to remove: done in 0.00016588 secs using 6647% CPU
Identifying sites to remove: done in 0.000181146 secs using 863.4% CPU
Identifying sites to remove: done in 0.000197366 secs using 3877% CPU
Identifying sites to remove: done in 0.000201359 secs using 1.089e+04% CPU
Identifying sites to remove: done in 0.000201643 secs using 9132% CPU
Identifying sites to remove: done in 0.000228882 secs using 1.263e+04% CPU
Identifying sites to remove: done in 0.000252344 secs using 1.017e+04% CPU
Identifying sites to remove: done in 0.000253856 secs using 2229% CPU
Identifying sites to remove: done in 0.000254914 secs using 1.28e+04% CPU
Identifying sites to remove: done in 0.000254169 secs using 5968% CPU
Identifying sites to remove: done in 0.000222631 secs using 614% CPU
Identifying sites to remove: done in 0.00018578 secs using 540.4% CPU
Identifying sites to remove: done in 0.000182882 secs using 260.8% CPU
Identifying sites to remove: done in 0.000192344 secs using 99.3% CPU
Identifying sites to remove: done in 9.41157e-05 secs using 98.81% CPU
Identifying sites to remove: done in 0.000157274 secs using 1107% CPU
Identifying sites to remove: done in 0.000202045 secs using 176.7% CPU
Identifying sites to remove: done in 7.45505e-05 secs using 99.26% CPU
Identifying sites to remove: done in 0.000164077 secs using 203.6% CPU
Identifying sites to remove: done in 9.48086e-05 secs using 5730% CPU
Identifying sites to remove: done in 0.000163548 secs using 2559% CPU
Identifying sites to remove: done in 0.00017105 secs using 1358% CPU
Identifying sites to remove: done in 0.000139721 secs using 643.4% CPU
Identifying sites to remove: done in 0.000133075 secs using 249.5% CPU
Identifying sites to remove: done in 7.48187e-05 secs using 152.4% CPU
Identifying sites to remove: done in 0.000160873 secs using 275.4% CPU
Identifying sites to remove: done in 0.000193641 secs using 99.15% CPU
Identifying sites to remove: done in 0.000199035 secs using 98.98% CPU
Identifying sites to remove: done in 0.000159711 secs using 98.93% CPU
Identifying sites to remove: done in 0.000203945 secs using 1135% CPU
Identifying sites to remove: done in 0.000211239 secs using 2.675e+04% CPU
Identifying sites to remove: done in 0.000214048 secs using 2.561e+04% CPU
Identifying sites to remove: done in 0.000165276 secs using 183.3% CPU
Identifying sites to remove: done in 0.000199512 secs using 272.7% CPU
Identifying sites to remove: done in 0.000191078 secs using 99.44% CPU
Identifying sites to remove: done in 0.000207633 secs using 1189% CPU
Identifying sites to remove: done in 0.000161216 secs using 912.4% CPU
Identifying sites to remove: done in 0.000203989 secs using 251% CPU
Identifying sites to remove: done in 0.000166848 secs using 182.8% CPU
Identifying sites to remove: done in 0.000207402 secs using 1537% CPU
Identifying sites to remove: done in 0.000158824 secs using 1181% CPU
Identifying sites to remove: done in 0.000197478 secs using 1979% CPU
Identifying sites to remove: done in 0.000200838 secs using 2332% CPU
Identifying sites to remove: done in 0.000136122 secs using 1732% CPU
Identifying sites to remove: done in 0.000161476 secs using 2987% CPU
Identifying sites to remove: done in 0.000208333 secs using 1248% CPU
Identifying sites to remove: done in 0.000194848 secs using 207.9% CPU
Identifying sites to remove: done in 0.000160582 secs using 99.01% CPU
Identifying sites to remove: done in 0.000160292 secs using 2014% CPU
Identifying sites to remove: done in 0.00015194 secs using 568.6% CPU
Identifying sites to remove: done in 0.000219181 secs using 240% CPU
Identifying sites to remove: done in 0.000152729 secs using 98.87% CPU
Identifying sites to remove: done in 0.000195041 secs using 99.47% CPU
Identifying sites to remove: done in 0.000155777 secs using 98.86% CPU
Identifying sites to remove: done in 0.000207946 secs using 99.06% CPU
Identifying sites to remove: done in 0.000199355 secs using 99.32% CPU
Identifying sites to remove: done in 0.000200965 secs using 799.6% CPU
Identifying sites to remove: done in 0.000198796 secs using 199.2% CPU
Identifying sites to remove: done in 0.000200175 secs using 99.41% CPU
Identifying sites to remove: done in 0.000155069 secs using 1737% CPU
Identifying sites to remove: done in 0.000152737 secs using 798.8% CPU
Identifying sites to remove: done in 0.000157043 secs using 2663% CPU
Identifying sites to remove: done in 0.000196703 secs using 7471% CPU
Identifying sites to remove: done in 0.000198878 secs using 3026% CPU
Identifying sites to remove: done in 0.000199839 secs using 3762% CPU
Identifying sites to remove: done in 0.000202827 secs using 5177% CPU
Identifying sites to remove: done in 0.000198841 secs using 4488% CPU
Identifying sites to remove: done in 0.000197746 secs using 6709% CPU
Identifying sites to remove: done in 0.000202 secs using 5905% CPU
Identifying sites to remove: done in 0.000144146 secs using 99.2% CPU
Identifying sites to remove: done in 0.000130206 secs using 666.6% CPU
Identifying sites to remove: done in 0.000130922 secs using 197.8% CPU
Identifying sites to remove: done in 0.000143036 secs using 99.28% CPU
Identifying sites to remove: done in 9.33111e-05 secs using 99.67% CPU
Identifying sites to remove: done in 0.000116453 secs using 1259% CPU
Identifying sites to remove: done in 0.00014665 secs using 334.8% CPU
Identifying sites to remove: done in 6.82473e-05 secs using 156.8% CPU
Identifying sites to remove: done in 7.15777e-05 secs using 410.7% CPU
Identifying sites to remove: done in 0.000136182 secs using 5165% CPU
Identifying sites to remove: done in 0.000137858 secs using 2798% CPU
Identifying sites to remove: done in 0.000147298 secs using 1371% CPU
Identifying sites to remove: done in 0.000105754 secs using 1447% CPU
Identifying sites to remove: done in 0.000108525 secs using 2381% CPU
Identifying sites to remove: done in 6.65337e-05 secs using 195.4% CPU
Identifying sites to remove: done in 0.000153385 secs using 339.7% CPU
Identifying sites to remove: done in 0.000146925 secs using 98.69% CPU
Identifying sites to remove: done in 0.000144251 secs using 99.13% CPU
Identifying sites to remove: done in 0.000139177 secs using 98.44% CPU
Identifying sites to remove: done in 0.000151545 secs using 98.98% CPU
Identifying sites to remove: done in 0.000144251 secs using 353.6% CPU
Identifying sites to remove: done in 0.000146896 secs using 848.2% CPU
Identifying sites to remove: done in 0.000139311 secs using 164.4% CPU
Identifying sites to remove: done in 0.000143029 secs using 978.1% CPU
Identifying sites to remove: done in 0.000150509 secs using 193.3% CPU
Identifying sites to remove: done in 0.000156179 secs using 1176% CPU
Identifying sites to remove: done in 0.000152707 secs using 657.5% CPU
Identifying sites to remove: done in 0.000152878 secs using 1268% CPU
Identifying sites to remove: done in 0.000150882 secs using 1451% CPU
Identifying sites to remove: done in 0.000120863 secs using 192.8% CPU
Identifying sites to remove: done in 0.000119306 secs using 3931% CPU
Identifying sites to remove: done in 0.000151627 secs using 3489% CPU
Identifying sites to remove: done in 0.00014811 secs using 2061% CPU
Identifying sites to remove: done in 0.00012181 secs using 5671% CPU
Identifying sites to remove: done in 0.000138946 secs using 3350% CPU
Identifying sites to remove: done in 0.000160381 secs using 3451% CPU
Identifying sites to remove: done in 0.00016059 secs using 1859% CPU
Identifying sites to remove: done in 0.000141092 secs using 258.7% CPU
Identifying sites to remove: done in 0.000144333 secs using 2537% CPU
Identifying sites to remove: done in 0.000116035 secs using 738.6% CPU
Identifying sites to remove: done in 0.000116117 secs using 197.2% CPU
Identifying sites to remove: done in 0.000116646 secs using 186.9% CPU
Identifying sites to remove: done in 0.000148147 secs using 582.5% CPU
Identifying sites to remove: done in 0.000135943 secs using 98.57% CPU
Identifying sites to remove: done in 0.00014589 secs using 635.4% CPU
Identifying sites to remove: done in 0.000146337 secs using 164.7% CPU
Identifying sites to remove: done in 0.000146486 secs using 778.2% CPU
Identifying sites to remove: done in 0.00015644 secs using 161.1% CPU
Identifying sites to remove: done in 0.0001477 secs using 99.53% CPU

Analysis results written to: 
  IQ-TREE report:                Ascomycota5_Q_search.iqtree
  Maximum-likelihood tree:       Ascomycota5_Q_search.treefile
  Partition trees:               Ascomycota5_Q_search.parttrees

Ultrafast bootstrap approximation results written to:
  Split support values:          Ascomycota5_Q_search.splits.nex
  Consensus tree:                Ascomycota5_Q_search.contree
  UFBoot trees:                  Ascomycota5_Q_search.ufboot
  Screen log file:               Ascomycota5_Q_search.log

Date and Time: Fri May  9 16:39:59 2025
