IQ-TREE multicore version 2.4.0 for Linux x86 64-bit built Mar 19 2025
Developed by Bui Quang Minh, Nguyen Lam Tung, Olga Chernomor, Heiko Schmidt,
Dominik Schrempf, Michael Woodhams, Ly Trong Nhan, Thomas Wong

Host:    fisher.uds.anu.edu.au (AVX2, FMA3, 1007 GB RAM)
Command: ../../../iqtree2 -s 5_concated.nex -q 5_concated.nex -m MF+MERGE -mrate E,I,G,I+G -merit AIC -T 7 -pre archaea5_q_mf
Seed:    784286 (Using SPRNG - Scalable Parallel Random Number Generator)
Time:    Thu Jun 12 21:56:39 2025
Kernel:  AVX+FMA - 7 threads (31 CPU cores detected)

Reading partition model file 5_concated.nex ...
Skipping unknown block (data)...
Reading alignment file 5_concated.nex ... Nexus format detected
Skipping unknown block (sets)...
WARNING: 198 sites contain only gaps or ambiguous characters.
Alignment has 5 sequences with 17191 columns, 12116 distinct patterns
1681 parsimony-informative, 11942 singleton sites, 3568 constant sites
               Gap/Ambiguity  Composition  p-value
Analyzing sequences: done in 0.00389513 secs using 357.1% CPU
   1  GCA_000806055   26.48%    failed      0.00%
   2  GCA_001629205   17.96%    failed      0.00%
   3  GCA_002779075   15.51%    failed      0.00%
   4  GCA_002790315   22.36%    failed      0.00%
   5  GCA_002412085   22.88%    failed      0.00%
****  TOTAL           21.04%  5 sequences failed composition chi2 test (p-value<5%; df=19)
NOTE: No CharPartition defined, use all CharSets

Loading 84 partitions...
Identifying sites to remove: done in 0.000357728 secs using 98.96% CPU
Identifying sites to remove: done in 0.000137165 secs using 99.15% CPU
Identifying sites to remove: done in 6.57849e-05 secs using 97.29% CPU
Identifying sites to remove: done in 5.7593e-05 secs using 97.23% CPU
Identifying sites to remove: done in 0.000104137 secs using 2.314e+04% CPU
Identifying sites to remove: done in 5.08465e-05 secs using 96.37% CPU
Identifying sites to remove: done in 0.000100125 secs using 97.88% CPU
Identifying sites to remove: done in 3.45372e-05 secs using 95.55% CPU
Identifying sites to remove: done in 4.80749e-05 secs using 95.68% CPU
Identifying sites to remove: done in 7.01994e-05 secs using 98.29% CPU
Identifying sites to remove: done in 3.35425e-05 secs using 95.4% CPU
Identifying sites to remove: done in 7.19801e-05 secs using 98.64% CPU
Identifying sites to remove: done in 8.67695e-05 secs using 99.11% CPU
Identifying sites to remove: done in 6.54459e-05 secs using 97.79% CPU
Identifying sites to remove: done in 0.000128273 secs using 99.01% CPU
Identifying sites to remove: done in 0.000162557 secs using 99.04% CPU
Identifying sites to remove: done in 0.000220761 secs using 95.13% CPU
Identifying sites to remove: done in 5.16735e-05 secs using 92.89% CPU
Identifying sites to remove: done in 0.000117611 secs using 94.38% CPU
Identifying sites to remove: done in 9.81726e-05 secs using 94.73% CPU
Identifying sites to remove: done in 9.38326e-05 secs using 94.85% CPU
Identifying sites to remove: done in 6.50063e-05 secs using 93.84% CPU
Identifying sites to remove: done in 0.00011196 secs using 92.89% CPU
Identifying sites to remove: done in 8.80547e-05 secs using 93.12% CPU
Identifying sites to remove: done in 0.000180852 secs using 93.45% CPU
Identifying sites to remove: done in 0.000104047 secs using 94.19% CPU
Identifying sites to remove: done in 0.000135634 secs using 93.63% CPU
Identifying sites to remove: done in 6.90743e-05 secs using 92.65% CPU
Identifying sites to remove: done in 0.000100326 secs using 93.69% CPU
Identifying sites to remove: done in 0.000186831 secs using 98.48% CPU
Identifying sites to remove: done in 6.96629e-05 secs using 97.61% CPU
Identifying sites to remove: done in 5.96344e-05 secs using 97.26% CPU
Identifying sites to remove: done in 5.94668e-05 secs using 97.53% CPU
Identifying sites to remove: done in 0.000129618 secs using 98.75% CPU
Identifying sites to remove: done in 0.000350494 secs using 95.01% CPU
Identifying sites to remove: done in 0.000117745 secs using 97.67% CPU
Identifying sites to remove: done in 6.71744e-05 secs using 96.76% CPU
Identifying sites to remove: done in 0.000145514 secs using 98.96% CPU
Identifying sites to remove: done in 0.000130739 secs using 94.85% CPU
Identifying sites to remove: done in 0.000146709 secs using 94.75% CPU
Identifying sites to remove: done in 0.000138246 secs using 94.76% CPU
Subset	Type	Seqs	Sites	Infor	Invar	Model	Name
1		4	395	18	80	MF+MERGE	GENE_arCOG01228.nex
2		4	236	14	45	MF+MERGE	GENE_arCOG01574.nex
3		5	129	18	17	MF+MERGE	GENE_gtdb_PF00410.14.nex
4		5	252	40	15	MF+MERGE	GENE_gtdb_PF00466.15.nex
5		5	184	35	17	MF+MERGE	GENE_gtdb_PF00687.16.nex
6		5	156	27	28	MF+MERGE	GENE_gtdb_PF00827.12.nex
7		5	200	39	9	MF+MERGE	GENE_gtdb_PF00900.15.nex
8		5	157	30	16	MF+MERGE	GENE_gtdb_PF01000.21.nex
9		5	150	24	6	MF+MERGE	GENE_gtdb_PF01015.13.nex
10		3	128	0	52	MF+MERGE	GENE_gtdb_PF01090.14.nex
WARNING: No parsimony-informative sites in partition GENE_gtdb_PF01090.14.nex
11		4	98	6	16	MF+MERGE	GENE_gtdb_PF01092.14.nex
12		5	84	15	11	MF+MERGE	GENE_gtdb_PF01157.13.nex
13		5	62	10	12	MF+MERGE	GENE_gtdb_PF01200.13.nex
14		3	177	0	38	MF+MERGE	GENE_gtdb_PF01269.12.nex
WARNING: No parsimony-informative sites in partition GENE_gtdb_PF01269.12.nex
15		5	126	28	11	MF+MERGE	GENE_gtdb_PF01280.15.nex
16		4	98	7	11	MF+MERGE	GENE_gtdb_PF01655.13.nex
17		4	199	15	16	MF+MERGE	GENE_gtdb_PF01798.13.nex
18		5	181	27	17	MF+MERGE	GENE_gtdb_PF01866.12.nex
19		3	85	0	43	MF+MERGE	GENE_gtdb_PF01984.15.nex
WARNING: No parsimony-informative sites in partition GENE_gtdb_PF01984.15.nex
20		3	232	0	232	MF+MERGE	GENE_gtdb_PF02006.11.nex
WARNING: No variant sites in partition GENE_gtdb_PF02006.11.nex
21		5	76	16	3	MF+MERGE	GENE_gtdb_PF03874.11.nex
22		4	129	9	7	MF+MERGE	GENE_gtdb_PF04104.9.nex
23		5	150	26	6	MF+MERGE	GENE_gtdb_PF04919.7.nex
24		5	207	32	11	MF+MERGE	GENE_gtdb_PF07541.7.nex
25		4	63	5	3	MF+MERGE	GENE_gtdb_PF13656.1.nex
26		3	183	0	64	MF+MERGE	GENE_OG5172.nex
WARNING: No parsimony-informative sites in partition GENE_OG5172.nex
27		4	144	8	18	MF+MERGE	GENE_OG7638.nex
28		5	145	27	21	MF+MERGE	GENE_OG8696.nex
29		4	131	6	21	MF+MERGE	GENE_OG9906.nex
30		5	112	24	14	MF+MERGE	GENE_TIGR00037.nex
31		4	275	18	55	MF+MERGE	GENE_TIGR00064.nex
32		4	281	12	18	MF+MERGE	GENE_TIGR00111.nex
33		4	519	9	193	MF+MERGE	GENE_TIGR00134.nex
34		5	136	25	22	MF+MERGE	GENE_TIGR00279.nex
35		5	220	43	11	MF+MERGE	GENE_TIGR00291.nex
36		4	99	5	5	MF+MERGE	GENE_TIGR00293.nex
37		5	101	16	10	MF+MERGE	GENE_TIGR00307.nex
38		3	269	0	54	MF+MERGE	GENE_TIGR00308.nex
WARNING: No parsimony-informative sites in partition GENE_TIGR00308.nex
39		3	187	0	30	MF+MERGE	GENE_TIGR00323.nex
WARNING: No parsimony-informative sites in partition GENE_TIGR00323.nex
40		3	179	0	31	MF+MERGE	GENE_TIGR00335.nex
WARNING: No parsimony-informative sites in partition GENE_TIGR00335.nex
41		3	128	0	12	MF+MERGE	GENE_TIGR00373.nex
WARNING: No parsimony-informative sites in partition GENE_TIGR00373.nex
42		5	121	29	4	MF+MERGE	GENE_TIGR00405.nex
43		3	247	0	65	MF+MERGE	GENE_TIGR00425.nex
WARNING: No parsimony-informative sites in partition GENE_TIGR00425.nex
44		4	150	11	21	MF+MERGE	GENE_TIGR00448.nex
45		4	382	21	121	MF+MERGE	GENE_TIGR00483.nex
46		5	529	78	80	MF+MERGE	GENE_TIGR00491.nex
47		3	220	0	49	MF+MERGE	GENE_TIGR00522.nex
WARNING: No parsimony-informative sites in partition GENE_TIGR00522.nex
48		3	361	0	75	MF+MERGE	GENE_TIGR00967.nex
WARNING: No parsimony-informative sites in partition GENE_TIGR00967.nex
49		5	139	29	23	MF+MERGE	GENE_TIGR00982.nex
50		5	173	34	10	MF+MERGE	GENE_TIGR01008.nex
51		5	178	38	7	MF+MERGE	GENE_TIGR01012.nex
52		4	133	9	28	MF+MERGE	GENE_TIGR01018.nex
53		4	179	10	40	MF+MERGE	GENE_TIGR01020.nex
54		5	106	25	19	MF+MERGE	GENE_TIGR01025.nex
55		5	181	39	22	MF+MERGE	GENE_TIGR01028.nex
56		5	111	21	11	MF+MERGE	GENE_TIGR01038.nex
57		5	95	23	18	MF+MERGE	GENE_TIGR01046.nex
58		3	396	0	97	MF+MERGE	GENE_TIGR01052.nex
WARNING: No parsimony-informative sites in partition GENE_TIGR01052.nex
59		5	86	11	20	MF+MERGE	GENE_TIGR01158.nex
60		5	209	37	29	MF+MERGE	GENE_TIGR01171.nex
61		3	322	0	322	MF+MERGE	GENE_TIGR01213.nex
WARNING: No variant sites in partition GENE_TIGR01213.nex
62		3	123	0	36	MF+MERGE	GENE_TIGR01952.nex
WARNING: No parsimony-informative sites in partition GENE_TIGR01952.nex
63		5	211	30	51	MF+MERGE	GENE_TIGR02065.nex
64		5	289	49	76	MF+MERGE	GENE_TIGR02236.nex
65		4	102	9	4	MF+MERGE	GENE_TIGR02338.nex
66		3	317	0	73	MF+MERGE	GENE_TIGR02389.nex
WARNING: No parsimony-informative sites in partition GENE_TIGR02389.nex
67		4	752	48	179	MF+MERGE	GENE_TIGR02390.nex
68		5	265	51	61	MF+MERGE	GENE_TIGR02397.nex
69		5	320	55	49	MF+MERGE	GENE_TIGR02928.nex
70		4	255	11	45	MF+MERGE	GENE_TIGR03626.nex
71		5	111	16	21	MF+MERGE	GENE_TIGR03627.nex
72		4	126	15	18	MF+MERGE	GENE_TIGR03628.nex
73		5	135	25	12	MF+MERGE	GENE_TIGR03629.nex
74		5	80	8	11	MF+MERGE	GENE_TIGR03636.nex
75		5	141	28	19	MF+MERGE	GENE_TIGR03653.nex
76		5	149	20	13	MF+MERGE	GENE_TIGR03665.nex
77		5	570	94	99	MF+MERGE	GENE_TIGR03670.nex
78		4	251	14	39	MF+MERGE	GENE_TIGR03671.nex
79		4	219	11	30	MF+MERGE	GENE_TIGR03672.nex
80		5	123	31	18	MF+MERGE	GENE_TIGR03673.nex
81		3	302	0	87	MF+MERGE	GENE_TIGR03674.nex
WARNING: No parsimony-informative sites in partition GENE_TIGR03674.nex
82		5	338	52	44	MF+MERGE	GENE_TIGR03676.nex
83		5	354	59	79	MF+MERGE	GENE_TIGR03680.nex
84		4	277	6	142	MF+MERGE	GENE_TIGR03722.nex
Degree of missing data: 0.154
Info: multi-threading strategy over partitions


Create initial parsimony tree by phylogenetic likelihood library (PLL)... 0.024 seconds
Perform fast likelihood tree search using LG+I+G model...
Estimate model parameters (epsilon = 5.000)
Initial log-likelihood: -159937.064
Current log-likelihood at step 1: -157504.303
Current log-likelihood at step 2: -157345.493
Current log-likelihood at step 3: -157317.156
Current log-likelihood at step 4: -157308.325
Current log-likelihood at step 5: -157304.981
Parameters optimization took 4 rounds (2.054 sec)

Perform nearest neighbor interchange...
Optimizing NNI: done in 0.2073 secs using 694.4% CPU
Estimate model parameters (epsilon = 1.000)
Initial log-likelihood: -157267.852
Current log-likelihood at step 1: -157265.960
Current log-likelihood at step 2: -157265.263
Parameters optimization took 1 rounds (0.334 sec)

Time for fast ML tree search: 2.633 seconds

NOTE: ModelFinder requires 8 MB RAM!

PartitionFinder's parameters:
Fast Relaxed Algorithm
Percentage: 10.000
Maximum pairs: 840

Selecting individual models for 84 charsets using AIC...
 No. Model        Score       TreeLen     Charset
In ModelFinder: parallelization over partitions
   1 LG+F+I+G4    6887.558    3.911       GENE_TIGR00134.nex
   2 LG+F+I+G4    6970.227    4.786       GENE_TIGR02928.nex
   3 LG+F+I+G4    7094.359    4.786       GENE_TIGR03680.nex
   4 LG+F+I+G4    11677.624   4.786       GENE_TIGR03670.nex
   5 LG+F+I+G4    10737.035   4.786       GENE_TIGR00491.nex
   6 LG+F+I+G4    6544.265    3.870       GENE_arCOG01228.nex
   7 LG+F+I+G4    7476.945    4.786       GENE_TIGR03676.nex
   8 LG+F+I+G4    12943.449   3.696       GENE_TIGR02390.nex
   9 LG+F+I+G4    6146.586    4.786       GENE_gtdb_PF00466.15.nex
  10 LG+F+I+G4    5261.686    4.786       GENE_TIGR02397.nex	0h:0m:0s (0h:0m:7s left)
  11 LG+F+I+G4    5683.507    4.026       GENE_TIGR00111.nex	0h:0m:0s (0h:0m:6s left)
  12 LG+I+G4      5453.630    4.786       GENE_TIGR02236.nex	0h:0m:0s (0h:0m:6s left)
  13 LG+F+I+G4    5789.123    4.026       GENE_TIGR00483.nex	0h:0m:0s (0h:0m:6s left)
  14 LG+F+I+G4    4729.410    3.870       GENE_TIGR00064.nex	0h:0m:0s (0h:0m:6s left)
  15 LG+F+I+G4    5129.330    4.786       GENE_TIGR00291.nex	0h:0m:0s (0h:0m:6s left)
  16 LG+F+I+G4    4609.241    4.786       GENE_TIGR01171.nex	0h:0m:0s (0h:0m:6s left)
  17 LG+F+I+G4    5045.631    4.786       GENE_gtdb_PF07541.7.nex	0h:0m:0s (0h:0m:5s left)
  18 LG+I+G4      4109.323    4.786       GENE_TIGR02065.nex	0h:0m:0s (0h:0m:5s left)
  19 LG+F+I+G4    4719.507    4.786       GENE_gtdb_PF00900.15.nex	0h:0m:0s (0h:0m:5s left)
  20 LG+F+I+G4    4765.918    3.862       GENE_TIGR03671.nex	0h:0m:0s (0h:0m:5s left)
  21 LG+F+I+G4    4758.148    3.870       GENE_TIGR03626.nex	0h:0m:0s (0h:0m:5s left)
  22 LG+F+I+G4    5486.639    2.936       GENE_TIGR01052.nex	0h:0m:0s (0h:0m:5s left)
  23 LG+F+I+G4    4181.993    4.786       GENE_TIGR01012.nex	0h:0m:0s (0h:0m:4s left)
  24 LG+F+I+G4    4297.886    3.870       GENE_arCOG01574.nex	0h:0m:0s (0h:0m:5s left)
  25 LG+F+I+G4    4292.946    4.786       GENE_gtdb_PF00687.16.nex	0h:0m:0s (0h:0m:5s left)
  26 LG+I+G4      4049.516    4.786       GENE_TIGR01028.nex	0h:0m:0s (0h:0m:5s left)
  27 LG+F+I+G4    4216.913    4.786       GENE_gtdb_PF01866.12.nex	0h:0m:0s (0h:0m:4s left)
  28 LG+I+G4      4147.316    3.870       GENE_TIGR03672.nex	0h:0m:0s (0h:0m:4s left)
  29 LG+F+I+G4    3423.183    4.786       GENE_gtdb_PF01000.21.nex	0h:0m:0s (0h:0m:4s left)
  30 LG+F+I+G4    4175.958    4.786       GENE_TIGR01008.nex	0h:0m:0s (0h:0m:4s left)
  31 LG+F+I+G4    3937.332    4.026       GENE_gtdb_PF01798.13.nex	0h:0m:0s (0h:0m:4s left)
  32 LG+F+I+G4    5019.558    3.103       GENE_TIGR00967.nex	0h:0m:0s (0h:0m:4s left)
  33 LG+F+I+G4    4519.034    2.936       GENE_TIGR02389.nex	0h:0m:0s (0h:0m:4s left)
  34 LG+F+I+G4    3631.196    4.786       GENE_gtdb_PF04919.7.nex	0h:0m:0s (0h:0m:4s left)
  35 LG+I+G4      3363.270    3.911       GENE_TIGR03722.nex	0h:0m:0s (0h:0m:4s left)
  36 LG+F+I+G4    3462.488    4.786       GENE_gtdb_PF01015.13.nex	0h:0m:0s (0h:0m:4s left)
  37 LG+F+I+G4    3227.780    4.786       GENE_gtdb_PF00827.12.nex	0h:0m:0s (0h:0m:4s left)
  38 LG+F+I+G4    3454.584    4.786       GENE_TIGR03665.nex	0h:0m:0s (0h:0m:4s left)
  39 LG+F+I+G4    2905.161    4.786       GENE_OG8696.nex	0h:0m:0s (0h:0m:4s left)
  40 LG+F+I+G4    3930.733    3.151       GENE_TIGR00308.nex	0h:0m:0s (0h:0m:4s left)
  41 LG+F+I+G4    4091.142    2.883       GENE_TIGR03674.nex	0h:0m:0s (0h:0m:4s left)
  42 LG+I+G4      3051.057    4.786       GENE_TIGR00279.nex	0h:0m:0s (0h:0m:4s left)
  43 LG+F+I+G4    3047.846    4.786       GENE_TIGR03653.nex	0h:0m:0s (0h:0m:4s left)
  44 LG+F+I+G4    2852.005    4.786       GENE_TIGR00982.nex	0h:0m:0s (0h:0m:4s left)
  45 LG+F+I+G4    2690.511    4.786       GENE_gtdb_PF00410.14.nex	0h:0m:0s (0h:0m:4s left)
  46 LG+I+G4      3221.464    4.786       GENE_TIGR03629.nex	0h:0m:0s (0h:0m:4s left)
  47 LG+F+I+G4    3005.371    3.862       GENE_TIGR01020.nex	0h:0m:0s (0h:0m:4s left)
  48 LG+F+I+G4    2698.095    4.786       GENE_gtdb_PF01280.15.nex	0h:0m:0s (0h:0m:4s left)
  49 LG+F+I+G4    3252.062    2.883       GENE_TIGR00425.nex	0h:0m:0s (0h:0m:4s left)
  50 LG+F+I+G4    3088.231    2.773       GENE_TIGR00522.nex	0h:0m:0s (0h:0m:4s left)
  51 LG+I+G4      2842.091    3.911       GENE_TIGR00448.nex	0h:0m:0s (0h:0m:3s left)
  52 LG+F+I+G4    2646.929    4.786       GENE_TIGR01038.nex	0h:0m:0s (0h:0m:3s left)
  53 LG+F+I+G4    2599.250    3.862       GENE_OG7638.nex	0h:0m:0s (0h:0m:3s left)
  54 LG+F+I+G4    2679.272    4.786       GENE_TIGR03673.nex	0h:0m:0s (0h:0m:3s left)
  55 LG+I+G4      2820.362    4.786       GENE_TIGR00405.nex	0h:0m:0s (0h:0m:3s left)
  56 LG+I+G4      2761.445    3.696       GENE_gtdb_PF04104.9.nex	0h:0m:0s (0h:0m:3s left)
  57 LG+I+G4      2737.556    2.992       GENE_TIGR00323.nex	0h:0m:0s (0h:0m:3s left)
  58 LG+I+G4      2404.256    4.786       GENE_TIGR03627.nex	0h:0m:0s (0h:0m:3s left)
  59 LG+I+G4      2619.020    4.786       GENE_TIGR00037.nex	0h:0m:0s (0h:0m:3s left)
  60 LG+I+G4      2327.834    4.786       GENE_TIGR01025.nex	0h:0m:0s (0h:0m:3s left)
  61 LG+F+I+G4    2729.407    2.992       GENE_TIGR00335.nex	0h:0m:0s (0h:0m:3s left)
  62 LG+F+I+G4    2347.397    4.026       GENE_OG9906.nex	0h:0m:0s (0h:0m:3s left)
  63 LG+F+I+G4    2322.763    3.911       GENE_TIGR01018.nex	0h:0m:0s (0h:0m:3s left)
  64 LG+F+I+G4    2255.642    4.786       GENE_TIGR00307.nex	0h:0m:0s (0h:0m:3s left)
  65 LG+F+I+G4    2638.578    2.992       GENE_gtdb_PF01269.12.nex	0h:0m:0s (0h:0m:3s left)
  66 LG+I+G4      2305.764    3.862       GENE_TIGR03628.nex	0h:0m:0s (0h:0m:3s left)
  67 LG+F+I+G4    1976.205    3.696       GENE_TIGR02338.nex	0h:0m:0s (0h:0m:3s left)
  68 LG+F+I+G4    1865.706    4.786       GENE_gtdb_PF01157.13.nex	0h:0m:0s (0h:0m:3s left)
  69 LG+F+I+G4    1940.886    3.696       GENE_TIGR00293.nex	0h:0m:0s (0h:0m:3s left)
  70 LG+F+I+G4    1939.562    4.786       GENE_gtdb_PF03874.11.nex	0h:0m:0s (0h:0m:3s left)
  71 LG+F+I+G4    1848.338    4.786       GENE_TIGR03636.nex	0h:0m:0s (0h:0m:3s left)
  72 LG+F+I+G4    2023.948    2.773       GENE_TIGR00373.nex	0h:0m:0s (0h:0m:3s left)
  73 LG+F+I+G4    1948.868    2.781       GENE_OG5172.nex	0h:0m:0s (0h:0m:3s left)
  74 LG+I+G4      1975.131    4.786       GENE_TIGR01046.nex	0h:0m:0s (0h:0m:3s left)
  75 LG+F+I+G4    1849.386    3.696       GENE_gtdb_PF01655.13.nex	0h:0m:0s (0h:0m:3s left)
  76 LG+I+G4      1779.604    4.786       GENE_TIGR01158.nex	0h:0m:0s (0h:0m:3s left)
  77 LG+F         1334.102    2.781       GENE_TIGR01213.nex	0h:0m:0s (0h:0m:3s left)
  78 LG           764.994     2.781       GENE_gtdb_PF02006.11.nex	0h:0m:0s (0h:0m:2s left)
  79 LG+F+I+G4    1234.829    4.786       GENE_gtdb_PF01200.13.nex	0h:0m:0s (0h:0m:2s left)
  80 LG+I+G4      751.334     2.773       GENE_gtdb_PF01984.15.nex	0h:0m:0s (0h:0m:2s left)
  81 LG+F+I+G4    1779.373    3.862       GENE_gtdb_PF01092.14.nex	0h:0m:0s (0h:0m:2s left)
  82 LG+F+I+G4    1275.354    2.822       GENE_TIGR01952.nex	0h:0m:0s (0h:0m:2s left)
  83 LG+I+G4      1273.098    2.781       GENE_gtdb_PF01090.14.nex	0h:0m:0s (0h:0m:2s left)
  84 LG+I+G4      1268.312    3.696       GENE_gtdb_PF13656.1.nex	0h:0m:0s (0h:0m:2s left)
Full partition model AIC score: 313134.363 (LnL: -155199.182  df:1368)
Merging models to increase model fit (about 781 total partition schemes)...
  85 LG+F+I+G4    313114.813  4.786       GENE_TIGR00491.nex+GENE_TIGR02397.nex	0h:0m:0s (0h:0m:3s left)
  86 LG+F+I+G4    313106.279  4.786       GENE_TIGR00491.nex+GENE_TIGR02928.nex	0h:0m:0s (0h:0m:3s left)
  87 LG+F+I+G4    313137.372  4.786       GENE_TIGR00491.nex+GENE_TIGR03670.nex	0h:0m:0s (0h:0m:3s left)
  88 LG+F+I+G4    313112.378  4.786       GENE_TIGR00491.nex+GENE_TIGR03676.nex	0h:0m:0s (0h:0m:3s left)
  89 LG+F+I+G4    313155.342  4.786       GENE_TIGR00291.nex+GENE_TIGR03670.nex	0h:0m:0s (0h:0m:3s left)
  90 LG+F+I+G4    313111.901  4.786       GENE_TIGR00491.nex+GENE_TIGR03680.nex	0h:0m:0s (0h:0m:3s left)
  91 LG+F+I+G4    313155.203  4.786       GENE_TIGR00491.nex+GENE_TIGR01171.nex	0h:0m:0s (0h:0m:3s left)
  92 LG+F+I+G4    313149.220  4.786       GENE_TIGR00491.nex+GENE_TIGR02065.nex	0h:0m:0s (0h:0m:4s left)
  93 LG+F+I+G4    313175.105  4.786       GENE_TIGR00491.nex+GENE_TIGR02236.nex	0h:0m:0s (0h:0m:4s left)
  94 LG+F+I+G4    313154.124  4.786       GENE_gtdb_PF00900.15.nex+GENE_TIGR03670.nex	0h:0m:0s (0h:0m:4s left)
  95 LG+F+I+G4    313134.088  4.786       GENE_OG8696.nex+GENE_TIGR03670.nex	0h:0m:0s (0h:0m:4s left)
  96 LG+F+I+G4    313125.981  4.786       GENE_TIGR00491.nex+GENE_TIGR01012.nex	0h:0m:0s (0h:0m:4s left)
  97 LG+F+I+G4    313134.455  4.786       GENE_gtdb_PF01000.21.nex+GENE_TIGR03670.nex	0h:0m:0s (0h:0m:4s left)
  98 LG+F+I+G4    313147.488  4.786       GENE_gtdb_PF01015.13.nex+GENE_TIGR03670.nex	0h:0m:0s (0h:0m:4s left)
  99 LG+F+I+G4    313132.818  4.786       GENE_TIGR00491.nex+GENE_TIGR01008.nex	0h:0m:0s (0h:0m:4s left)
 100 LG+F+I+G4    313117.546  4.786       GENE_gtdb_PF01000.21.nex+GENE_TIGR00491.nex	0h:0m:0s (0h:0m:4s left)
 101 LG+F+I+G4    313137.152  4.786       GENE_TIGR00491.nex+GENE_TIGR01028.nex	0h:0m:0s (0h:0m:4s left)
 102 LG+F+I+G4    313113.030  4.786       GENE_gtdb_PF01015.13.nex+GENE_TIGR00491.nex	0h:0m:0s (0h:0m:4s left)
 103 LG+F+I+G4    313124.646  4.786       GENE_TIGR00405.nex+GENE_TIGR03670.nex	0h:0m:0s (0h:0m:4s left)
 104 LG+F+I+G4    313111.398  4.786       GENE_OG8696.nex+GENE_TIGR00491.nex	0h:0m:0s (0h:0m:4s left)
 105 LG+F+I+G4    313109.737  4.786       GENE_TIGR00491.nex+GENE_TIGR03665.nex	0h:0m:0s (0h:0m:4s left)
 106 LG+F+I+G4    313122.432  4.786       GENE_TIGR00491.nex+GENE_TIGR03629.nex	0h:0m:0s (0h:0m:4s left)
 107 LG+F+I+G4    313161.011  4.786       GENE_TIGR00982.nex+GENE_TIGR03670.nex	0h:0m:0s (0h:0m:5s left)
 108 LG+F+I+G4    313114.292  4.786       GENE_TIGR00491.nex+GENE_TIGR03653.nex	0h:0m:0s (0h:0m:5s left)
 109 LG+F+I+G4    313151.077  4.786       GENE_TIGR00491.nex+GENE_TIGR03673.nex	0h:0m:0s (0h:0m:5s left)
 110 LG+F+I+G4    313125.921  4.786       GENE_gtdb_PF01157.13.nex+GENE_TIGR03670.nex	0h:0m:0s (0h:0m:5s left)
 111 LG+F+I+G4    313114.055  4.786       GENE_TIGR00405.nex+GENE_TIGR00491.nex	0h:0m:0s (0h:0m:5s left)
 112 LG+F+I+G4    313118.900  4.786       GENE_TIGR00037.nex+GENE_TIGR00491.nex	0h:0m:0s (0h:0m:5s left)
 113 LG+F+I+G4    313135.222  4.786       GENE_TIGR00491.nex+GENE_TIGR03627.nex	0h:0m:0s (0h:0m:5s left)
 114 LG+F+I+G4    313138.880  4.786       GENE_TIGR00491.nex+GENE_TIGR01038.nex	0h:0m:0s (0h:0m:5s left)
 115 LG+F+I+G4    313145.516  4.786       GENE_TIGR00307.nex+GENE_TIGR03670.nex	0h:0m:0s (0h:0m:5s left)
 116 LG+F+I+G4    313158.314  4.786       GENE_TIGR00491.nex+GENE_TIGR00982.nex	0h:0m:0s (0h:0m:5s left)
 117 LG+F+I+G4    313127.766  4.786       GENE_TIGR00491.nex+GENE_TIGR01025.nex	0h:0m:0s (0h:0m:5s left)
 118 LG+F+I+G4    313129.991  4.786       GENE_gtdb_PF01200.13.nex+GENE_TIGR03670.nex	0h:0m:0s (0h:0m:5s left)
 119 LG+F+I+G4    313106.245  4.786       GENE_TIGR00491.nex+GENE_TIGR03636.nex	0h:0m:0s (0h:0m:5s left)
 120 LG+F+I+G4    313114.276  4.786       GENE_TIGR00491.nex+GENE_TIGR01046.nex	0h:0m:0s (0h:0m:5s left)
 121 LG+F+I+G4    313122.985  4.786       GENE_gtdb_PF01157.13.nex+GENE_TIGR00491.nex	0h:0m:1s (0h:0m:5s left)
 122 LG+F+I+G4    313121.745  4.786       GENE_TIGR00307.nex+GENE_TIGR00491.nex	0h:0m:1s (0h:0m:5s left)
 123 LG+F+I+G4    313102.745  4.786       GENE_TIGR00491.nex+GENE_TIGR01158.nex	0h:0m:1s (0h:0m:5s left)
 124 LG+F+I+G4    313152.083  4.786       GENE_gtdb_PF03874.11.nex+GENE_TIGR03670.nex	0h:0m:1s (0h:0m:5s left)
 125 LG+F+I+G4    313135.761  4.786       GENE_gtdb_PF01200.13.nex+GENE_TIGR00491.nex	0h:0m:1s (0h:0m:5s left)
 126 LG+F+I+G4    313123.959  4.786       GENE_gtdb_PF03874.11.nex+GENE_TIGR00491.nex	0h:0m:1s (0h:0m:5s left)
 127 LG+F+I+G4    313155.133  3.696       GENE_TIGR00293.nex+GENE_TIGR02390.nex	0h:0m:1s (0h:0m:5s left)
 128 LG+F+I+G4    313117.047  4.786       GENE_TIGR00291.nex+GENE_TIGR02928.nex	0h:0m:1s (0h:0m:5s left)
 129 LG+F+I+G4    313127.118  4.786       GENE_gtdb_PF00900.15.nex+GENE_TIGR03680.nex	0h:0m:1s (0h:0m:5s left)
 130 LG+F+I+G4    313142.797  3.696       GENE_gtdb_PF13656.1.nex+GENE_TIGR02390.nex	0h:0m:1s (0h:0m:5s left)
 131 LG+F+I+G4    313122.382  4.786       GENE_TIGR00291.nex+GENE_TIGR03676.nex	0h:0m:1s (0h:0m:5s left)
 132 LG+F+I+G4    313134.977  4.786       GENE_TIGR00291.nex+GENE_TIGR03680.nex	0h:0m:1s (0h:0m:5s left)
 133 LG+F+I+G4    313145.375  4.786       GENE_gtdb_PF00900.15.nex+GENE_TIGR03676.nex	0h:0m:1s (0h:0m:5s left)
 134 LG+F+I+G4    313125.445  4.786       GENE_gtdb_PF01000.21.nex+GENE_TIGR03676.nex	0h:0m:1s (0h:0m:5s left)
 135 LG+F+I+G4    313120.546  4.786       GENE_gtdb_PF01015.13.nex+GENE_TIGR03676.nex	0h:0m:1s (0h:0m:5s left)
 136 LG+F+I+G4    313119.899  4.786       GENE_gtdb_PF01000.21.nex+GENE_TIGR03680.nex	0h:0m:1s (0h:0m:6s left)
 137 LG+F+I+G4    313141.162  4.786       GENE_TIGR01008.nex+GENE_TIGR02928.nex	0h:0m:1s (0h:0m:6s left)
 138 LG+F+I+G4    313131.575  4.786       GENE_gtdb_PF01015.13.nex+GENE_TIGR03680.nex	0h:0m:1s (0h:0m:6s left)
 139 LG+F+I+G4    313115.355  4.786       GENE_OG8696.nex+GENE_TIGR03676.nex	0h:0m:1s (0h:0m:6s left)
 140 LG+F+I+G4    313200.055  4.786       GENE_TIGR00291.nex+GENE_TIGR02236.nex	0h:0m:1s (0h:0m:6s left)
 141 LG+F+I+G4    313137.917  4.786       GENE_TIGR00291.nex+GENE_TIGR02397.nex	0h:0m:1s (0h:0m:6s left)
 142 LG+F+I+G4    313131.557  4.786       GENE_gtdb_PF01000.21.nex+GENE_TIGR02928.nex	0h:0m:1s (0h:0m:6s left)
 143 LG+F+I+G4    313108.891  4.786       GENE_OG8696.nex+GENE_TIGR03680.nex	0h:0m:1s (0h:0m:6s left)
 144 LG+F+I+G4    313136.002  4.786       GENE_OG8696.nex+GENE_TIGR02928.nex	0h:0m:1s (0h:0m:6s left)
 145 LG+F+I+G4    313142.152  4.786       GENE_TIGR00982.nex+GENE_TIGR03676.nex	0h:0m:1s (0h:0m:6s left)
 146 LG+F+I+G4    313117.224  4.786       GENE_gtdb_PF01015.13.nex+GENE_TIGR02928.nex	0h:0m:1s (0h:0m:6s left)
 147 LG+F+I+G4    313125.165  4.786       GENE_gtdb_PF04919.7.nex+GENE_TIGR02928.nex	0h:0m:1s (0h:0m:6s left)
 148 LG+F+I+G4    313117.918  4.786       GENE_TIGR00405.nex+GENE_TIGR03676.nex	0h:0m:1s (0h:0m:6s left)
 149 LG+F+I+G4    313120.275  4.786       GENE_TIGR00307.nex+GENE_TIGR03676.nex	0h:0m:1s (0h:0m:6s left)
 150 LG+F+I+G4    313123.547  4.786       GENE_TIGR00405.nex+GENE_TIGR03680.nex	0h:0m:1s (0h:0m:6s left)
 151 LG+F+I+G4    313112.281  4.786       GENE_TIGR00405.nex+GENE_TIGR02928.nex	0h:0m:1s (0h:0m:6s left)
 152 LG+F+I+G4    313137.473  4.786       GENE_TIGR00982.nex+GENE_TIGR03680.nex	0h:0m:1s (0h:0m:6s left)
 153 LG+F+I+G4    313114.602  4.786       GENE_TIGR00307.nex+GENE_TIGR03680.nex	0h:0m:1s (0h:0m:6s left)
 154 LG+F+I+G4    313166.159  4.786       GENE_TIGR00291.nex+GENE_TIGR02065.nex	0h:0m:1s (0h:0m:6s left)
 155 LG+F+I+G4    313166.985  4.786       GENE_TIGR00982.nex+GENE_TIGR02928.nex	0h:0m:1s (0h:0m:6s left)
 156 LG+F+I+G4    313167.678  4.786       GENE_TIGR00291.nex+GENE_TIGR01171.nex	0h:0m:1s (0h:0m:6s left)
 157 LG+F+I+G4    313117.290  4.786       GENE_gtdb_PF01157.13.nex+GENE_TIGR03676.nex	0h:0m:1s (0h:0m:6s left)
 158 LG+F+I+G4    313184.159  4.786       GENE_TIGR01008.nex+GENE_TIGR02236.nex	0h:0m:1s (0h:0m:6s left)
 159 LG+F+I+G4    313160.633  4.786       GENE_TIGR01008.nex+GENE_TIGR02397.nex	0h:0m:1s (0h:0m:6s left)
 160 LG+F+I+G4    313112.175  4.786       GENE_TIGR00291.nex+GENE_TIGR01012.nex	0h:0m:1s (0h:0m:6s left)
 161 LG+F+I+G4    313126.844  4.786       GENE_TIGR00307.nex+GENE_TIGR02928.nex	0h:0m:1s (0h:0m:6s left)
 162 LG+F+I+G4    313131.968  4.786       GENE_gtdb_PF03874.11.nex+GENE_TIGR03676.nex	0h:0m:1s (0h:0m:6s left)
 163 LG+F+I+G4    313115.978  4.786       GENE_gtdb_PF01157.13.nex+GENE_TIGR03680.nex	0h:0m:1s (0h:0m:6s left)
 164 LG+F+I+G4    313146.655  4.786       GENE_TIGR00291.nex+GENE_TIGR01028.nex	0h:0m:1s (0h:0m:6s left)
 165 LG+F+I+G4    313137.688  4.786       GENE_gtdb_PF01000.21.nex+GENE_TIGR02397.nex	0h:0m:1s (0h:0m:6s left)
 166 LG+F+I+G4    313137.758  4.786       GENE_gtdb_PF01015.13.nex+GENE_TIGR02397.nex	0h:0m:1s (0h:0m:6s left)
 167 LG+I+G4      313173.320  4.786       GENE_gtdb_PF01000.21.nex+GENE_TIGR02236.nex	0h:0m:1s (0h:0m:6s left)
 168 LG+I+G4      313183.740  4.786       GENE_gtdb_PF01015.13.nex+GENE_TIGR02236.nex	0h:0m:1s (0h:0m:6s left)
 169 LG+F+I+G4    313135.909  4.786       GENE_gtdb_PF04919.7.nex+GENE_TIGR02397.nex	0h:0m:1s (0h:0m:6s left)
 170 LG+F+I+G4    313124.978  4.786       GENE_gtdb_PF01200.13.nex+GENE_TIGR03676.nex	0h:0m:1s (0h:0m:6s left)
 171 LG+F+I+G4    313145.335  4.786       GENE_gtdb_PF03874.11.nex+GENE_TIGR03680.nex	0h:0m:1s (0h:0m:6s left)
 172 LG+F+I+G4    313134.581  4.786       GENE_OG8696.nex+GENE_TIGR02397.nex	0h:0m:1s (0h:0m:6s left)
 173 LG+F+I+G4    313125.638  4.786       GENE_gtdb_PF01157.13.nex+GENE_TIGR02928.nex	0h:0m:1s (0h:0m:6s left)
 174 LG+F+I+G4    313112.533  4.786       GENE_gtdb_PF01000.21.nex+GENE_TIGR00291.nex	0h:0m:1s (0h:0m:6s left)
 175 LG+F+I+G4    313103.115  4.786       GENE_gtdb_PF01015.13.nex+GENE_TIGR00291.nex	0h:0m:1s (0h:0m:6s left)
 176 LG+F+I+G4    313128.339  4.786       GENE_gtdb_PF01200.13.nex+GENE_TIGR03680.nex	0h:0m:1s (0h:0m:6s left)
 177 LG+F+I+G4    313164.154  4.786       GENE_OG8696.nex+GENE_TIGR02236.nex	0h:0m:1s (0h:0m:6s left)
 178 LG+F+I+G4    313129.294  4.786       GENE_gtdb_PF03874.11.nex+GENE_TIGR02928.nex	0h:0m:1s (0h:0m:6s left)
 179 LG+F+I+G4    313109.982  4.786       GENE_TIGR00291.nex+GENE_TIGR03665.nex	0h:0m:1s (0h:0m:6s left)
 180 LG+F+I+G4    313103.993  4.786       GENE_gtdb_PF01000.21.nex+GENE_gtdb_PF07541.7.nex	0h:0m:1s (0h:0m:6s left)
 181 LG+F+I+G4    313133.005  4.786       GENE_TIGR01008.nex+GENE_TIGR01171.nex	0h:0m:2s (0h:0m:6s left)
 182 LG+F+I+G4    313165.346  4.786       GENE_TIGR00982.nex+GENE_TIGR02236.nex	0h:0m:2s (0h:0m:6s left)
 183 LG+F+I+G4    313114.037  4.786       GENE_OG8696.nex+GENE_TIGR00291.nex	0h:0m:2s (0h:0m:6s left)
 184 LG+F+I+G4    313106.719  4.786       GENE_gtdb_PF01015.13.nex+GENE_gtdb_PF07541.7.nex	0h:0m:2s (0h:0m:6s left)
 185 LG+F+I+G4    313163.578  4.786       GENE_TIGR00982.nex+GENE_TIGR02397.nex	0h:0m:2s (0h:0m:6s left)
 186 LG+I+G4      313166.584  4.786       GENE_TIGR01008.nex+GENE_TIGR02065.nex	0h:0m:2s (0h:0m:6s left)
 187 LG+F+I+G4    313119.131  4.786       GENE_TIGR00291.nex+GENE_TIGR03653.nex	0h:0m:2s (0h:0m:6s left)
 188 LG+F+I+G4    313139.576  4.786       GENE_gtdb_PF01000.21.nex+GENE_TIGR01171.nex	0h:0m:2s (0h:0m:6s left)
 189 LG+F+I+G4    313140.414  4.786       GENE_gtdb_PF01200.13.nex+GENE_TIGR02928.nex	0h:0m:2s (0h:0m:6s left)
 190 LG+F+I+G4    313135.259  4.786       GENE_TIGR00405.nex+GENE_TIGR02397.nex	0h:0m:2s (0h:0m:6s left)
 191 LG+I+G4      313166.960  4.786       GENE_TIGR00405.nex+GENE_TIGR02236.nex	0h:0m:2s (0h:0m:6s left)
 192 LG+F+I+G4    313109.523  4.786       GENE_TIGR01008.nex+GENE_TIGR01012.nex	0h:0m:2s (0h:0m:6s left)
 193 LG+F+I+G4    313123.607  4.786       GENE_TIGR00291.nex+GENE_TIGR03629.nex	0h:0m:2s (0h:0m:6s left)
 194 LG+F+I+G4    313146.687  4.786       GENE_gtdb_PF01015.13.nex+GENE_TIGR01171.nex	0h:0m:2s (0h:0m:6s left)
 195 LG+I+G4      313160.035  4.786       GENE_gtdb_PF01000.21.nex+GENE_TIGR02065.nex	0h:0m:2s (0h:0m:6s left)
 196 LG+F+I+G4    313122.939  4.786       GENE_gtdb_PF00900.15.nex+GENE_TIGR03665.nex	0h:0m:2s (0h:0m:6s left)
 197 LG+F+I+G4    313141.820  4.786       GENE_gtdb_PF01280.15.nex+GENE_TIGR00291.nex	0h:0m:2s (0h:0m:6s left)
 198 LG+F+I+G4    313144.688  4.786       GENE_TIGR01008.nex+GENE_TIGR01028.nex	0h:0m:2s (0h:0m:6s left)
 199 LG+I+G4      313165.092  4.786       GENE_gtdb_PF01015.13.nex+GENE_TIGR02065.nex	0h:0m:2s (0h:0m:6s left)
 200 LG+F+I+G4    313116.048  4.786       GENE_OG8696.nex+GENE_TIGR01171.nex	0h:0m:2s (0h:0m:6s left)
 201 LG+F+I+G4    313155.078  4.786       GENE_TIGR00291.nex+GENE_TIGR03673.nex	0h:0m:2s (0h:0m:6s left)
 202 LG+F+I+G4    313102.240  4.786       GENE_gtdb_PF01015.13.nex+GENE_TIGR01012.nex	0h:0m:2s (0h:0m:6s left)
 203 LG+F+I+G4    313122.469  4.786       GENE_gtdb_PF01000.21.nex+GENE_gtdb_PF01866.12.nex	0h:0m:2s (0h:0m:6s left)
 204 LG+F+I+G4    313118.118  4.786       GENE_gtdb_PF01000.21.nex+GENE_TIGR01012.nex	0h:0m:2s (0h:0m:6s left)
 205 LG+F+I+G4    313124.327  4.786       GENE_gtdb_PF01015.13.nex+GENE_gtdb_PF01866.12.nex	0h:0m:2s (0h:0m:6s left)
 206 LG+F+I+G4    313136.048  4.786       GENE_TIGR00291.nex+GENE_TIGR01038.nex	0h:0m:2s (0h:0m:6s left)
 207 LG+F+I+G4    313160.178  4.786       GENE_gtdb_PF01280.15.nex+GENE_gtdb_PF07541.7.nex	0h:0m:2s (0h:0m:6s left)
 208 LG+F+I+G4    313144.797  4.026       GENE_OG9906.nex+GENE_TIGR00483.nex	0h:0m:2s (0h:0m:6s left)
 209 LG+I+G4      313154.676  4.786       GENE_TIGR00307.nex+GENE_TIGR02236.nex	0h:0m:2s (0h:0m:6s left)
 210 LG+F+I+G4    313150.109  4.786       GENE_TIGR00307.nex+GENE_TIGR02397.nex	0h:0m:2s (0h:0m:6s left)
 211 LG+F+I+G4    313127.762  4.786       GENE_TIGR00037.nex+GENE_TIGR00291.nex	0h:0m:2s (0h:0m:6s left)
 212 LG+F+I+G4    313152.669  4.786       GENE_OG8696.nex+GENE_TIGR02065.nex	0h:0m:2s (0h:0m:6s left)
 213 LG+F+I+G4    313121.860  4.786       GENE_gtdb_PF01000.21.nex+GENE_TIGR01008.nex	0h:0m:2s (0h:0m:6s left)
 214 LG+F+I+G4    313140.174  4.786       GENE_gtdb_PF01000.21.nex+GENE_TIGR01028.nex	0h:0m:2s (0h:0m:6s left)
 215 LG+F+I+G4    313130.548  4.786       GENE_TIGR00982.nex+GENE_TIGR01171.nex	0h:0m:2s (0h:0m:6s left)
 216 LG+F+I+G4    313135.204  4.786       GENE_gtdb_PF01015.13.nex+GENE_TIGR01028.nex	0h:0m:2s (0h:0m:6s left)
 217 LG+F+I+G4    313140.690  4.786       GENE_TIGR00291.nex+GENE_TIGR01025.nex	0h:0m:2s (0h:0m:6s left)
 218 LG+F+I+G4    313150.730  4.786       GENE_TIGR00291.nex+GENE_TIGR03627.nex	0h:0m:2s (0h:0m:6s left)
 219 LG+F+I+G4    313117.362  4.786       GENE_OG8696.nex+GENE_TIGR01012.nex	0h:0m:2s (0h:0m:6s left)
 220 LG+F+I+G4    313100.115  4.786       GENE_gtdb_PF01015.13.nex+GENE_TIGR01008.nex	0h:0m:2s (0h:0m:6s left)
 221 LG+F+I+G4    313139.883  4.026       GENE_OG9906.nex+GENE_TIGR00111.nex	0h:0m:2s (0h:0m:6s left)
 222 LG+F+I+G4    313136.115  4.786       GENE_TIGR00405.nex+GENE_TIGR01171.nex	0h:0m:2s (0h:0m:6s left)
 223 LG+F+I+G4    313134.778  4.786       GENE_gtdb_PF01157.13.nex+GENE_TIGR02397.nex	0h:0m:2s (0h:0m:6s left)
 224 LG+F+I+G4    313134.536  4.786       GENE_OG8696.nex+GENE_TIGR01028.nex	0h:0m:2s (0h:0m:6s left)
 225 LG+F+I+G4    313154.753  4.786       GENE_TIGR00982.nex+GENE_TIGR02065.nex	0h:0m:2s (0h:0m:6s left)
 226 LG+I+G4      313142.923  4.786       GENE_gtdb_PF01157.13.nex+GENE_TIGR02236.nex	0h:0m:2s (0h:0m:6s left)
 227 LG+I+G4      313152.331  4.786       GENE_TIGR00405.nex+GENE_TIGR02065.nex	0h:0m:2s (0h:0m:6s left)
 228 LG+F+I+G4    313106.533  4.786       GENE_gtdb_PF01000.21.nex+GENE_gtdb_PF01015.13.nex	0h:0m:2s (0h:0m:6s left)
 229 LG+F+I+G4    313112.055  4.786       GENE_OG8696.nex+GENE_TIGR01008.nex	0h:0m:2s (0h:0m:6s left)
 230 LG+F+I+G4    313110.428  4.786       GENE_gtdb_PF01000.21.nex+GENE_gtdb_PF04919.7.nex	0h:0m:2s (0h:0m:6s left)
 231 LG+F+I+G4    313144.158  4.786       GENE_TIGR00982.nex+GENE_TIGR01012.nex	0h:0m:2s (0h:0m:6s left)
 232 LG+F+I+G4    313146.893  4.786       GENE_gtdb_PF00900.15.nex+GENE_TIGR03673.nex	0h:0m:2s (0h:0m:6s left)
 233 LG+F+I+G4    313116.517  4.786       GENE_gtdb_PF03874.11.nex+GENE_TIGR02397.nex	0h:0m:2s (0h:0m:6s left)
 234 LG+I+G4      313180.184  4.786       GENE_gtdb_PF03874.11.nex+GENE_TIGR02236.nex	0h:0m:2s (0h:0m:6s left)
 235 LG+F+I+G4    313128.195  4.786       GENE_TIGR01008.nex+GENE_TIGR03653.nex	0h:0m:2s (0h:0m:6s left)
 236 LG+F+I+G4    313108.263  4.786       GENE_gtdb_PF01015.13.nex+GENE_gtdb_PF04919.7.nex	0h:0m:2s (0h:0m:6s left)
 237 LG+F+I+G4    313122.914  4.786       GENE_gtdb_PF01157.13.nex+GENE_TIGR00291.nex	0h:0m:2s (0h:0m:6s left)
 238 LG+F+I+G4    313116.147  4.786       GENE_TIGR00291.nex+GENE_TIGR01046.nex	0h:0m:2s (0h:0m:6s left)
 239 LG+F+I+G4    313115.581  4.786       GENE_TIGR00405.nex+GENE_TIGR01012.nex	0h:0m:2s (0h:0m:6s left)
 240 LG+F+I+G4    313142.661  4.786       GENE_TIGR00982.nex+GENE_TIGR01028.nex	0h:0m:2s (0h:0m:6s left)
 241 LG+F+I+G4    313116.932  4.786       GENE_gtdb_PF01000.21.nex+GENE_TIGR03665.nex	0h:0m:3s (0h:0m:6s left)
 242 LG+F+I+G4    313179.155  4.786       GENE_gtdb_PF01280.15.nex+GENE_gtdb_PF01866.12.nex	0h:0m:3s (0h:0m:6s left)
 243 LG+F+I+G4    313108.930  4.786       GENE_gtdb_PF03874.11.nex+GENE_TIGR00291.nex	0h:0m:3s (0h:0m:6s left)
 244 LG+F+I+G4    313121.855  4.786       GENE_TIGR01008.nex+GENE_TIGR03629.nex	0h:0m:3s (0h:0m:6s left)
 245 LG+F+I+G4    313105.040  4.786       GENE_gtdb_PF01000.21.nex+GENE_OG8696.nex	0h:0m:3s (0h:0m:6s left)
 246 LG+F+I+G4    313124.826  4.786       GENE_TIGR00291.nex+GENE_TIGR01158.nex	0h:0m:3s (0h:0m:6s left)
 247 LG+F+I+G4    313110.169  4.786       GENE_gtdb_PF01015.13.nex+GENE_TIGR03665.nex	0h:0m:3s (0h:0m:6s left)
 248 LG+F+I+G4    313133.172  4.786       GENE_TIGR00982.nex+GENE_TIGR01008.nex	0h:0m:3s (0h:0m:6s left)
 249 LG+F+I+G4    313102.445  4.786       GENE_TIGR00291.nex+GENE_TIGR03636.nex	0h:0m:3s (0h:0m:6s left)
 250 LG+F+I+G4    313120.876  4.786       GENE_TIGR00307.nex+GENE_TIGR01171.nex	0h:0m:3s (0h:0m:6s left)
 251 LG+F+I+G4    313110.052  4.786       GENE_gtdb_PF01015.13.nex+GENE_OG8696.nex	0h:0m:3s (0h:0m:6s left)
 252 LG+F+I+G4    313137.450  4.786       GENE_TIGR00405.nex+GENE_TIGR01028.nex	0h:0m:3s (0h:0m:6s left)
 253 LG+F+I+G4    313131.031  3.862       GENE_OG7638.nex+GENE_TIGR03671.nex	0h:0m:3s (0h:0m:6s left)
 254 LG+F+I+G4    313138.199  4.786       GENE_gtdb_PF01200.13.nex+GENE_TIGR02397.nex	0h:0m:3s (0h:0m:6s left)
 255 LG+F+I+G4    313113.069  4.786       GENE_gtdb_PF04919.7.nex+GENE_TIGR03665.nex	0h:0m:3s (0h:0m:6s left)
 256 LG+F+I+G4    313134.623  4.786       GENE_gtdb_PF01157.13.nex+GENE_gtdb_PF07541.7.nex	0h:0m:3s (0h:0m:6s left)
 257 LG+F+I+G4    313112.061  4.786       GENE_TIGR00405.nex+GENE_TIGR01008.nex	0h:0m:3s (0h:0m:6s left)
 258 LG+F+I+G4    313131.928  4.786       GENE_gtdb_PF01000.21.nex+GENE_TIGR03629.nex	0h:0m:3s (0h:0m:6s left)
 259 LG+F+I+G4    313108.803  4.786       GENE_gtdb_PF01000.21.nex+GENE_TIGR03653.nex	0h:0m:3s (0h:0m:6s left)
 260 LG+I+G4      313136.360  4.786       GENE_gtdb_PF01200.13.nex+GENE_TIGR02236.nex	0h:0m:3s (0h:0m:6s left)
 261 LG+F+I+G4    313117.400  4.786       GENE_gtdb_PF04919.7.nex+GENE_OG8696.nex	0h:0m:3s (0h:0m:6s left)
 262 LG+I+G4      313152.489  4.786       GENE_TIGR00307.nex+GENE_TIGR02065.nex	0h:0m:3s (0h:0m:6s left)
 263 LG+F+I+G4    313111.200  4.786       GENE_gtdb_PF03874.11.nex+GENE_gtdb_PF07541.7.nex	0h:0m:3s (0h:0m:6s left)
 264 LG+F+I+G4    313142.229  4.786       GENE_gtdb_PF01000.21.nex+GENE_TIGR00279.nex	0h:0m:3s (0h:0m:6s left)
 265 LG+F+I+G4    313128.133  4.786       GENE_gtdb_PF01015.13.nex+GENE_TIGR03629.nex	0h:0m:3s (0h:0m:6s left)
 266 LG+F+I+G4    313153.307  4.786       GENE_gtdb_PF01000.21.nex+GENE_TIGR00982.nex	0h:0m:3s (0h:0m:6s left)
 267 LG+F+I+G4    313111.114  4.786       GENE_gtdb_PF01015.13.nex+GENE_TIGR03653.nex	0h:0m:3s (0h:0m:6s left)
 268 LG+F+I+G4    313145.162  4.786       GENE_gtdb_PF01200.13.nex+GENE_TIGR00291.nex	0h:0m:3s (0h:0m:6s left)
 269 LG+F+I+G4    313131.947  4.786       GENE_gtdb_PF01015.13.nex+GENE_TIGR00279.nex	0h:0m:3s (0h:0m:6s left)
 270 LG+F+I+G4    313142.095  4.786       GENE_gtdb_PF01015.13.nex+GENE_TIGR00982.nex	0h:0m:3s (0h:0m:6s left)
 271 LG+F+I+G4    313109.022  4.786       GENE_OG8696.nex+GENE_TIGR03665.nex	0h:0m:3s (0h:0m:6s left)
 272 LG+F+I+G4    313152.728  4.786       GENE_gtdb_PF01000.21.nex+GENE_gtdb_PF01280.15.nex	0h:0m:3s (0h:0m:6s left)
 273 LG+F+I+G4    313132.370  4.786       GENE_TIGR00307.nex+GENE_TIGR01012.nex	0h:0m:3s (0h:0m:6s left)
 274 LG+F+I+G4    313115.446  4.786       GENE_gtdb_PF01157.13.nex+GENE_TIGR01171.nex	0h:0m:3s (0h:0m:6s left)
 275 LG+F+I+G4    313118.873  4.786       GENE_TIGR01008.nex+GENE_TIGR01038.nex	0h:0m:3s (0h:0m:6s left)
 276 LG+F+I+G4    313120.814  4.786       GENE_OG8696.nex+GENE_TIGR03629.nex	0h:0m:3s (0h:0m:6s left)
 277 LG+F+I+G4    313157.994  4.786       GENE_gtdb_PF01280.15.nex+GENE_gtdb_PF04919.7.nex	0h:0m:3s (0h:0m:6s left)
 278 LG+F+I+G4    313134.984  4.786       GENE_gtdb_PF01015.13.nex+GENE_gtdb_PF01280.15.nex	0h:0m:3s (0h:0m:6s left)
 279 LG+F+I+G4    313115.354  4.786       GENE_gtdb_PF01000.21.nex+GENE_TIGR00405.nex	0h:0m:3s (0h:0m:6s left)
 280 LG+F+I+G4    313099.689  4.786       GENE_OG8696.nex+GENE_TIGR03653.nex	0h:0m:3s (0h:0m:6s left)
 281 LG+F+I+G4    313139.449  4.786       GENE_gtdb_PF01000.21.nex+GENE_TIGR03673.nex	0h:0m:3s (0h:0m:6s left)
 282 LG+F+I+G4    313138.619  4.786       GENE_TIGR00307.nex+GENE_TIGR01028.nex	0h:0m:3s (0h:0m:6s left)
 283 LG+F+I+G4    313146.115  4.786       GENE_TIGR01008.nex+GENE_TIGR03627.nex	0h:0m:3s (0h:0m:6s left)
 284 LG+I+G4      313135.821  4.786       GENE_gtdb_PF01157.13.nex+GENE_TIGR02065.nex	0h:0m:3s (0h:0m:6s left)
 285 LG+I+G4      313171.651  4.786       GENE_gtdb_PF03874.11.nex+GENE_TIGR01171.nex	0h:0m:3s (0h:0m:6s left)
 286 LG+F+I+G4    313105.716  4.786       GENE_gtdb_PF01015.13.nex+GENE_TIGR00405.nex	0h:0m:3s (0h:0m:6s left)
 287 LG+F+I+G4    313136.388  4.786       GENE_TIGR01008.nex+GENE_TIGR01025.nex	0h:0m:3s (0h:0m:6s left)
 288 LG+F+I+G4    313120.585  4.786       GENE_OG8696.nex+GENE_TIGR00279.nex	0h:0m:3s (0h:0m:6s left)
 289 LG+F+I+G4    313123.780  4.786       GENE_TIGR00307.nex+GENE_TIGR01008.nex	0h:0m:3s (0h:0m:6s left)
 290 LG+F+I+G4    313141.350  4.786       GENE_gtdb_PF01015.13.nex+GENE_TIGR03673.nex	0h:0m:3s (0h:0m:6s left)
 291 LG+F+I+G4    313154.163  4.786       GENE_gtdb_PF01200.13.nex+GENE_gtdb_PF07541.7.nex	0h:0m:3s (0h:0m:6s left)
 292 LG+F+I+G4    313120.669  4.786       GENE_OG8696.nex+GENE_TIGR00982.nex	0h:0m:3s (0h:0m:6s left)
 293 LG+F+I+G4    313142.859  4.786       GENE_TIGR00982.nex+GENE_TIGR03665.nex	0h:0m:3s (0h:0m:6s left)
 294 LG+F+I+G4    313123.749  4.786       GENE_TIGR00405.nex+GENE_TIGR03665.nex	0h:0m:3s (0h:0m:6s left)
 295 LG+F+I+G4    313117.987  4.786       GENE_gtdb_PF01000.21.nex+GENE_TIGR00037.nex	0h:0m:3s (0h:0m:6s left)
 296 LG+F+I+G4    313115.888  4.786       GENE_gtdb_PF01280.15.nex+GENE_OG8696.nex	0h:0m:3s (0h:0m:6s left)
 297 LG+I+G4      313163.777  4.786       GENE_gtdb_PF03874.11.nex+GENE_TIGR02065.nex	0h:0m:3s (0h:0m:6s left)
 298 LG+F+I+G4    313119.853  4.786       GENE_gtdb_PF01157.13.nex+GENE_TIGR01012.nex	0h:0m:3s (0h:0m:6s left)
 299 LG+F+I+G4    313135.742  4.786       GENE_gtdb_PF01000.21.nex+GENE_TIGR01038.nex	0h:0m:3s (0h:0m:6s left)
 300 LG+F+I+G4    313137.130  4.786       GENE_gtdb_PF01157.13.nex+GENE_gtdb_PF01866.12.nex	0h:0m:3s (0h:0m:6s left)
 301 LG+F+I+G4    313140.718  4.786       GENE_TIGR00982.nex+GENE_TIGR03653.nex	0h:0m:3s (0h:0m:6s left)
 302 LG+F+I+G4    313129.693  4.786       GENE_gtdb_PF01015.13.nex+GENE_TIGR00037.nex	0h:0m:3s (0h:0m:6s left)
 303 LG+F+I+G4    313127.769  4.786       GENE_gtdb_PF01015.13.nex+GENE_TIGR01038.nex	0h:0m:3s (0h:0m:6s left)
 304 LG+F+I+G4    313122.241  4.786       GENE_OG8696.nex+GENE_TIGR00405.nex	0h:0m:3s (0h:0m:6s left)
 305 LG+F+I+G4    313128.219  4.786       GENE_TIGR00982.nex+GENE_TIGR03629.nex	0h:0m:3s (0h:0m:6s left)
 306 LG+F+I+G4    313125.814  4.786       GENE_gtdb_PF01000.21.nex+GENE_TIGR01025.nex	0h:0m:3s (0h:0m:6s left)
 307 LG+I+G4      313156.680  4.786       GENE_gtdb_PF01000.21.nex+GENE_TIGR03627.nex	0h:0m:4s (0h:0m:6s left)
 308 LG+F+I+G4    313129.175  4.786       GENE_gtdb_PF01000.21.nex+GENE_TIGR00307.nex	0h:0m:4s (0h:0m:6s left)
 309 LG+F+I+G4    313126.604  4.786       GENE_TIGR00405.nex+GENE_TIGR03653.nex	0h:0m:4s (0h:0m:6s left)
 310 LG+F+I+G4    313119.886  4.786       GENE_gtdb_PF03874.11.nex+GENE_TIGR01012.nex	0h:0m:4s (0h:0m:6s left)
 311 LG+F+I+G4    313138.605  4.786       GENE_gtdb_PF01015.13.nex+GENE_TIGR03627.nex	0h:0m:4s (0h:0m:6s left)
 312 LG+I+G4      313148.161  3.911       GENE_TIGR00448.nex+GENE_TIGR03722.nex	0h:0m:4s (0h:0m:6s left)
 313 LG+F+I+G4    313125.287  4.786       GENE_gtdb_PF01200.13.nex+GENE_TIGR01171.nex	0h:0m:4s (0h:0m:6s left)
 314 LG+F+I+G4    313127.961  4.786       GENE_TIGR01008.nex+GENE_TIGR01046.nex	0h:0m:4s (0h:0m:6s left)
 315 LG+F+I+G4    313124.476  4.786       GENE_TIGR00405.nex+GENE_TIGR03629.nex	0h:0m:4s (0h:0m:6s left)
 316 LG+F+I+G4    313138.804  4.786       GENE_gtdb_PF01015.13.nex+GENE_TIGR01025.nex	0h:0m:4s (0h:0m:6s left)
 317 LG+F+I+G4    313137.694  3.862       GENE_gtdb_PF01092.14.nex+GENE_TIGR03671.nex	0h:0m:4s (0h:0m:6s left)
 318 LG+F+I+G4    313123.599  2.883       GENE_TIGR00425.nex+GENE_TIGR03674.nex	0h:0m:4s (0h:0m:6s left)
 319 LG+F+I+G4    313126.441  4.786       GENE_gtdb_PF01157.13.nex+GENE_TIGR01028.nex	0h:0m:4s (0h:0m:6s left)
 320 LG+F+I+G4    313111.431  4.786       GENE_gtdb_PF01157.13.nex+GENE_TIGR01008.nex	0h:0m:4s (0h:0m:5s left)
 321 LG+F+I+G4    313115.268  4.786       GENE_OG8696.nex+GENE_TIGR03673.nex	0h:0m:4s (0h:0m:6s left)
 322 LG+F+I+G4    313130.198  4.786       GENE_OG8696.nex+GENE_TIGR01038.nex	0h:0m:4s (0h:0m:6s left)
 323 LG+F+I+G4    313152.422  4.786       GENE_TIGR00405.nex+GENE_TIGR00982.nex	0h:0m:4s (0h:0m:6s left)
 324 LG+F+I+G4    313119.258  4.786       GENE_OG8696.nex+GENE_TIGR00037.nex	0h:0m:4s (0h:0m:5s left)
 325 LG+F+I+G4    313158.817  4.786       GENE_gtdb_PF03874.11.nex+GENE_TIGR01028.nex	0h:0m:4s (0h:0m:5s left)
 326 LG+F+I+G4    313154.947  4.786       GENE_gtdb_PF01280.15.nex+GENE_TIGR00279.nex	0h:0m:4s (0h:0m:5s left)
 327 LG+I+G4      313134.478  4.786       GENE_gtdb_PF01200.13.nex+GENE_TIGR02065.nex	0h:0m:4s (0h:0m:5s left)
 328 LG+F+I+G4    313120.871  4.786       GENE_gtdb_PF01015.13.nex+GENE_TIGR00307.nex	0h:0m:4s (0h:0m:5s left)
 329 LG+F+I+G4    313117.569  4.786       GENE_TIGR01008.nex+GENE_TIGR03636.nex	0h:0m:4s (0h:0m:5s left)
 330 LG+F+I+G4    313130.620  4.786       GENE_TIGR00307.nex+GENE_TIGR03665.nex	0h:0m:4s (0h:0m:5s left)
 331 LG+F+I+G4    313130.387  4.786       GENE_gtdb_PF03874.11.nex+GENE_TIGR01008.nex	0h:0m:4s (0h:0m:5s left)
 332 LG+F+I+G4    313138.301  4.786       GENE_TIGR01008.nex+GENE_TIGR01158.nex	0h:0m:4s (0h:0m:5s left)
 333 LG+F+I+G4    313106.826  4.786       GENE_gtdb_PF01000.21.nex+GENE_TIGR01046.nex	0h:0m:4s (0h:0m:5s left)
 334 LG+F+I+G4    313113.291  4.786       GENE_OG8696.nex+GENE_TIGR01025.nex	0h:0m:4s (0h:0m:5s left)
 335 LG+F+I+G4    313139.818  4.786       GENE_OG8696.nex+GENE_TIGR03627.nex	0h:0m:4s (0h:0m:5s left)
 336 LG+F+I+G4    313148.491  4.786       GENE_gtdb_PF01200.13.nex+GENE_TIGR01012.nex	0h:0m:4s (0h:0m:5s left)
 337 LG+F+I+G4    313109.755  4.786       GENE_OG8696.nex+GENE_TIGR00307.nex	0h:0m:4s (0h:0m:5s left)
 338 LG+F+I+G4    313136.265  4.786       GENE_gtdb_PF01000.21.nex+GENE_gtdb_PF01157.13.nex	0h:0m:4s (0h:0m:5s left)
 339 LG+F+I+G4    313121.945  4.786       GENE_gtdb_PF01015.13.nex+GENE_TIGR01046.nex	0h:0m:4s (0h:0m:5s left)
 340 LG+F+I+G4    313163.390  4.786       GENE_gtdb_PF01200.13.nex+GENE_gtdb_PF01866.12.nex	0h:0m:4s (0h:0m:5s left)
 341 LG+F+I+G4    313111.080  3.862       GENE_OG7638.nex+GENE_TIGR01020.nex	0h:0m:4s (0h:0m:5s left)
 342 LG+F+I+G4    313131.414  4.786       GENE_TIGR00037.nex+GENE_TIGR00279.nex	0h:0m:4s (0h:0m:5s left)
 343 LG+F+I+G4    313121.111  4.786       GENE_gtdb_PF01015.13.nex+GENE_gtdb_PF01157.13.nex	0h:0m:4s (0h:0m:5s left)
 344 LG+F+I+G4    313130.522  4.786       GENE_TIGR00982.nex+GENE_TIGR01038.nex	0h:0m:4s (0h:0m:5s left)
 345 LG+F+I+G4    313112.913  4.786       GENE_TIGR00307.nex+GENE_TIGR03653.nex	0h:0m:4s (0h:0m:5s left)
 346 LG+F+I+G4    313112.080  4.786       GENE_TIGR00982.nex+GENE_TIGR03673.nex	0h:0m:4s (0h:0m:5s left)
 347 LG+F+I+G4    313127.727  4.786       GENE_gtdb_PF01157.13.nex+GENE_gtdb_PF04919.7.nex	0h:0m:4s (0h:0m:5s left)
 348 LG+F+I+G4    313142.044  4.786       GENE_TIGR00037.nex+GENE_TIGR00982.nex	0h:0m:4s (0h:0m:5s left)
 349 LG+F+I+G4    313143.537  4.786       GENE_TIGR00405.nex+GENE_TIGR03673.nex	0h:0m:4s (0h:0m:5s left)
 350 LG+F+I+G4    313109.618  4.786       GENE_gtdb_PF01000.21.nex+GENE_gtdb_PF03874.11.nex	0h:0m:4s (0h:0m:5s left)
 351 LG+F+I+G4    313106.228  4.786       GENE_gtdb_PF01000.21.nex+GENE_TIGR03636.nex	0h:0m:4s (0h:0m:5s left)
 352 LG+F+I+G4    313119.605  4.786       GENE_TIGR00405.nex+GENE_TIGR01038.nex	0h:0m:4s (0h:0m:5s left)
 353 LG+F+I+G4    313108.607  4.786       GENE_gtdb_PF01015.13.nex+GENE_TIGR03636.nex	0h:0m:4s (0h:0m:5s left)
 354 LG+F+I+G4    313136.605  4.786       GENE_TIGR00307.nex+GENE_TIGR03629.nex	0h:0m:4s (0h:0m:5s left)
 355 LG+F+I+G4    313114.659  4.786       GENE_gtdb_PF01015.13.nex+GENE_gtdb_PF03874.11.nex	0h:0m:4s (0h:0m:5s left)
 356 LG+F+I+G4    313148.449  4.786       GENE_gtdb_PF01280.15.nex+GENE_TIGR00037.nex	0h:0m:4s (0h:0m:5s left)
 357 LG+F+I+G4    313118.364  4.786       GENE_gtdb_PF01000.21.nex+GENE_TIGR01158.nex	0h:0m:4s (0h:0m:5s left)
 358 LG+F+I+G4    313133.793  4.786       GENE_TIGR00982.nex+GENE_TIGR03627.nex	0h:0m:4s (0h:0m:5s left)
 359 LG+F+I+G4    313124.803  4.786       GENE_TIGR00037.nex+GENE_TIGR00405.nex	0h:0m:4s (0h:0m:5s left)
 360 LG+F+I+G4    313131.144  4.786       GENE_gtdb_PF01200.13.nex+GENE_TIGR01008.nex	0h:0m:4s (0h:0m:5s left)
 361 LG+F+I+G4    313126.015  4.786       GENE_gtdb_PF01015.13.nex+GENE_TIGR01158.nex	0h:0m:4s (0h:0m:5s left)
 362 LG+I+G4      313134.956  4.786       GENE_gtdb_PF01200.13.nex+GENE_TIGR01028.nex	0h:0m:4s (0h:0m:5s left)
 363 LG+F+I+G4    313119.804  4.786       GENE_TIGR00307.nex+GENE_TIGR00982.nex	0h:0m:4s (0h:0m:5s left)
 364 LG+F+I+G4    313119.740  4.786       GENE_gtdb_PF01157.13.nex+GENE_TIGR03665.nex	0h:0m:4s (0h:0m:5s left)
 365 LG+F+I+G4    313120.494  4.786       GENE_TIGR00982.nex+GENE_TIGR01025.nex	0h:0m:4s (0h:0m:5s left)
 366 LG+F+I+G4    313113.406  4.786       GENE_gtdb_PF03874.11.nex+GENE_gtdb_PF04919.7.nex	0h:0m:4s (0h:0m:5s left)
 367 LG+F+I+G4    313145.233  4.786       GENE_TIGR00405.nex+GENE_TIGR03627.nex	0h:0m:4s (0h:0m:5s left)
 368 LG+F+I+G4    313111.434  4.786       GENE_OG8696.nex+GENE_TIGR01046.nex	0h:0m:4s (0h:0m:5s left)
 369 LG+F+I+G4    313113.201  4.786       GENE_gtdb_PF01157.13.nex+GENE_OG8696.nex	0h:0m:4s (0h:0m:5s left)
 370 LG+F+I+G4    313127.636  4.786       GENE_gtdb_PF01280.15.nex+GENE_TIGR00307.nex	0h:0m:4s (0h:0m:5s left)
 371 LG+F+I+G4    313104.378  4.786       GENE_OG8696.nex+GENE_TIGR03636.nex	0h:0m:4s (0h:0m:5s left)
 372 LG+F+I+G4    313126.625  4.786       GENE_gtdb_PF01157.13.nex+GENE_TIGR03653.nex	0h:0m:4s (0h:0m:5s left)
 373 LG+F+I+G4    313140.393  4.786       GENE_gtdb_PF01000.21.nex+GENE_gtdb_PF01200.13.nex	0h:0m:4s (0h:0m:5s left)
 374 LG+F+I+G4    313124.924  4.786       GENE_TIGR00307.nex+GENE_TIGR00405.nex	0h:0m:4s (0h:0m:5s left)
 375 LG+F+I+G4    313136.071  4.786       GENE_TIGR00405.nex+GENE_TIGR01025.nex	0h:0m:4s (0h:0m:5s left)
 376 LG+F+I+G4    313124.259  4.786       GENE_gtdb_PF01157.13.nex+GENE_TIGR03629.nex	0h:0m:4s (0h:0m:5s left)
 377 LG+F+I+G4    313125.152  4.786       GENE_gtdb_PF03874.11.nex+GENE_TIGR03665.nex	0h:0m:4s (0h:0m:5s left)
 378 LG+F+I+G4    313109.360  4.786       GENE_OG8696.nex+GENE_TIGR01158.nex	0h:0m:4s (0h:0m:5s left)
 379 LG+F+I+G4    313111.389  4.786       GENE_gtdb_PF01157.13.nex+GENE_TIGR00279.nex	0h:0m:4s (0h:0m:5s left)
 380 LG+F+I+G4    313126.609  4.786       GENE_gtdb_PF03874.11.nex+GENE_OG8696.nex	0h:0m:4s (0h:0m:5s left)
 381 LG+F+I+G4    313128.303  4.786       GENE_TIGR00307.nex+GENE_TIGR03673.nex	0h:0m:4s (0h:0m:5s left)
 382 LG+F+I+G4    313131.019  4.786       GENE_TIGR00982.nex+GENE_TIGR01046.nex	0h:0m:4s (0h:0m:5s left)
 383 LG+F+I+G4    313141.588  4.786       GENE_gtdb_PF01200.13.nex+GENE_gtdb_PF04919.7.nex	0h:0m:5s (0h:0m:5s left)
 384 LG+F+I+G4    313104.456  4.786       GENE_gtdb_PF01157.13.nex+GENE_TIGR00982.nex	0h:0m:5s (0h:0m:5s left)
 385 LG+F+I+G4    313135.005  4.786       GENE_TIGR00307.nex+GENE_TIGR01038.nex	0h:0m:5s (0h:0m:5s left)
 386 LG+F+I+G4    313135.154  4.786       GENE_gtdb_PF03874.11.nex+GENE_TIGR03629.nex	0h:0m:5s (0h:0m:5s left)
 387 LG+F+I+G4    313135.192  4.786       GENE_gtdb_PF01015.13.nex+GENE_gtdb_PF01200.13.nex	0h:0m:5s (0h:0m:5s left)
 388 LG+F+I+G4    313112.675  4.786       GENE_TIGR00405.nex+GENE_TIGR01046.nex	0h:0m:5s (0h:0m:5s left)
 389 LG+F+I+G4    313112.852  3.862       GENE_OG7638.nex+GENE_TIGR03628.nex	0h:0m:5s (0h:0m:5s left)
 390 LG+F+I+G4    313125.850  3.911       GENE_TIGR00448.nex+GENE_TIGR01018.nex	0h:0m:5s (0h:0m:5s left)
 391 LG+F+I+G4    313171.751  4.786       GENE_gtdb_PF03874.11.nex+GENE_TIGR00982.nex	0h:0m:5s (0h:0m:5s left)
 392 LG+F+I+G4    313134.419  4.786       GENE_TIGR00037.nex+GENE_TIGR00307.nex	0h:0m:5s (0h:0m:5s left)
 393 LG+F+I+G4    313128.057  4.786       GENE_gtdb_PF03874.11.nex+GENE_TIGR03653.nex	0h:0m:5s (0h:0m:5s left)
 394 LG+F+I+G4    313112.228  4.786       GENE_gtdb_PF01157.13.nex+GENE_gtdb_PF01280.15.nex	0h:0m:5s (0h:0m:5s left)
 395 LG+F+I+G4    313148.970  4.786       GENE_gtdb_PF03874.11.nex+GENE_TIGR00279.nex	0h:0m:5s (0h:0m:5s left)
 396 LG+F+I+G4    313127.181  4.786       GENE_TIGR00982.nex+GENE_TIGR03636.nex	0h:0m:5s (0h:0m:5s left)
 397 LG+F+I+G4    313140.761  4.786       GENE_gtdb_PF01200.13.nex+GENE_TIGR03665.nex	0h:0m:5s (0h:0m:5s left)
 398 LG+F+I+G4    313115.898  4.786       GENE_gtdb_PF01157.13.nex+GENE_TIGR00405.nex	0h:0m:5s (0h:0m:5s left)
 399 LG+F+I+G4    313132.454  4.786       GENE_TIGR00307.nex+GENE_TIGR01025.nex	0h:0m:5s (0h:0m:5s left)
 400 LG+F+I+G4    313154.667  4.786       GENE_gtdb_PF01280.15.nex+GENE_gtdb_PF03874.11.nex	0h:0m:5s (0h:0m:4s left)
 401 LG+F+I+G4    313133.627  4.786       GENE_TIGR00982.nex+GENE_TIGR01158.nex	0h:0m:5s (0h:0m:4s left)
 402 LG+F+I+G4    313119.143  4.786       GENE_gtdb_PF01200.13.nex+GENE_OG8696.nex	0h:0m:5s (0h:0m:4s left)
 403 LG+F+I+G4    313107.024  4.786       GENE_gtdb_PF01157.13.nex+GENE_TIGR03673.nex	0h:0m:5s (0h:0m:4s left)
 404 LG+F+I+G4    313118.713  3.862       GENE_gtdb_PF01092.14.nex+GENE_TIGR01020.nex	0h:0m:5s (0h:0m:4s left)
 405 LG+F+I+G4    313132.126  4.786       GENE_gtdb_PF01200.13.nex+GENE_TIGR03653.nex	0h:0m:5s (0h:0m:4s left)
 406 LG+F+I+G4    313116.644  4.786       GENE_gtdb_PF03874.11.nex+GENE_TIGR00405.nex	0h:0m:5s (0h:0m:4s left)
 407 LG+F+I+G4    313125.386  4.786       GENE_TIGR00405.nex+GENE_TIGR01158.nex	0h:0m:5s (0h:0m:4s left)
 408 LG+F+I+G4    313104.308  4.786       GENE_gtdb_PF01157.13.nex+GENE_TIGR01038.nex	0h:0m:5s (0h:0m:4s left)
 409 LG+F+I+G4    313132.991  4.786       GENE_gtdb_PF01200.13.nex+GENE_TIGR03629.nex	0h:0m:5s (0h:0m:4s left)
 410 LG+F+I+G4    313123.881  2.992       GENE_TIGR00323.nex+GENE_TIGR00335.nex	0h:0m:5s (0h:0m:4s left)
 411 LG+F+I+G4    313124.371  4.786       GENE_gtdb_PF01200.13.nex+GENE_TIGR00279.nex	0h:0m:5s (0h:0m:4s left)
 412 LG+F+I+G4    313123.267  4.786       GENE_gtdb_PF01157.13.nex+GENE_TIGR00037.nex	0h:0m:5s (0h:0m:4s left)
 413 LG+F+I+G4    313128.999  4.786       GENE_TIGR00307.nex+GENE_TIGR03627.nex	0h:0m:5s (0h:0m:4s left)
 414 LG+F+I+G4    313168.289  4.786       GENE_gtdb_PF03874.11.nex+GENE_TIGR03673.nex	0h:0m:5s (0h:0m:4s left)
 415 LG+F+I+G4    313117.398  4.786       GENE_TIGR00405.nex+GENE_TIGR03636.nex	0h:0m:5s (0h:0m:4s left)
 416 LG+F+I+G4    313132.103  4.786       GENE_TIGR00307.nex+GENE_TIGR01046.nex	0h:0m:5s (0h:0m:4s left)
 417 LG+F+I+G4    313117.327  4.786       GENE_gtdb_PF01157.13.nex+GENE_TIGR03627.nex	0h:0m:5s (0h:0m:4s left)
 418 LG+F+I+G4    313143.918  4.786       GENE_gtdb_PF03874.11.nex+GENE_TIGR01038.nex	0h:0m:5s (0h:0m:4s left)
 419 LG+F+I+G4    313115.247  4.786       GENE_gtdb_PF01200.13.nex+GENE_TIGR00982.nex	0h:0m:5s (0h:0m:4s left)
 420 LG+F+I+G4    313130.864  3.696       GENE_gtdb_PF04104.9.nex+GENE_TIGR00293.nex	0h:0m:5s (0h:0m:4s left)
 421 LG+F+I+G4    313137.042  4.786       GENE_gtdb_PF03874.11.nex+GENE_TIGR00037.nex	0h:0m:5s (0h:0m:4s left)
 422 LG+F+I+G4    313127.297  2.992       GENE_gtdb_PF01269.12.nex+GENE_TIGR00323.nex	0h:0m:5s (0h:0m:4s left)
 423 LG+F+I+G4    313118.229  3.862       GENE_gtdb_PF01092.14.nex+GENE_OG7638.nex	0h:0m:5s (0h:0m:4s left)
 424 LG+F+I+G4    313128.289  4.786       GENE_gtdb_PF01157.13.nex+GENE_TIGR01025.nex	0h:0m:5s (0h:0m:4s left)
 425 LG+F+I+G4    313112.613  2.992       GENE_gtdb_PF01269.12.nex+GENE_TIGR00335.nex	0h:0m:5s (0h:0m:4s left)
 426 LG+F+I+G4    313123.035  4.786       GENE_gtdb_PF01200.13.nex+GENE_gtdb_PF01280.15.nex	0h:0m:5s (0h:0m:4s left)
 427 LG+F+I+G4    313136.863  4.786       GENE_gtdb_PF01200.13.nex+GENE_TIGR00405.nex	0h:0m:5s (0h:0m:4s left)
 428 LG+F+I+G4    313105.728  4.786       GENE_gtdb_PF01157.13.nex+GENE_TIGR00307.nex	0h:0m:5s (0h:0m:4s left)
 429 LG+F+I+G4    313155.084  4.786       GENE_gtdb_PF03874.11.nex+GENE_TIGR03627.nex	0h:0m:5s (0h:0m:4s left)
 430 LG+F+I+G4    313152.973  4.786       GENE_gtdb_PF03874.11.nex+GENE_TIGR00307.nex	0h:0m:5s (0h:0m:4s left)
 431 LG+F+I+G4    313117.330  2.773       GENE_TIGR00373.nex+GENE_TIGR00522.nex	0h:0m:5s (0h:0m:4s left)
 432 LG+F+I+G4    313114.318  4.786       GENE_TIGR00307.nex+GENE_TIGR03636.nex	0h:0m:5s (0h:0m:4s left)
 433 LG+F+I+G4    313134.131  4.786       GENE_gtdb_PF01200.13.nex+GENE_TIGR01038.nex	0h:0m:5s (0h:0m:4s left)
 434 LG+F+I+G4    313118.046  4.786       GENE_TIGR00307.nex+GENE_TIGR01158.nex	0h:0m:5s (0h:0m:4s left)
 435 LG+F+I+G4    313107.676  4.786       GENE_gtdb_PF01200.13.nex+GENE_TIGR03673.nex	0h:0m:5s (0h:0m:4s left)
 436 LG+F+I+G4    313122.752  4.786       GENE_gtdb_PF01157.13.nex+GENE_TIGR01046.nex	0h:0m:5s (0h:0m:4s left)
 437 LG+F+I+G4    313144.213  4.786       GENE_gtdb_PF03874.11.nex+GENE_TIGR01025.nex	0h:0m:5s (0h:0m:4s left)
 438 LG+F+I+G4    313116.097  3.696       GENE_TIGR00293.nex+GENE_TIGR02338.nex	0h:0m:5s (0h:0m:4s left)
 439 LG+F+I+G4    313129.352  3.862       GENE_gtdb_PF01092.14.nex+GENE_TIGR03628.nex	0h:0m:5s (0h:0m:4s left)
 440 LG+I+G4      313134.188  4.786       GENE_gtdb_PF01200.13.nex+GENE_TIGR03627.nex	0h:0m:5s (0h:0m:4s left)
 441 LG+F+I+G4    313130.373  4.786       GENE_gtdb_PF01200.13.nex+GENE_TIGR01025.nex	0h:0m:5s (0h:0m:4s left)
 442 LG+F+I+G4    313124.265  4.786       GENE_gtdb_PF03874.11.nex+GENE_TIGR01046.nex	0h:0m:5s (0h:0m:4s left)
 443 LG+F+I+G4    313122.789  3.696       GENE_gtdb_PF04104.9.nex+GENE_gtdb_PF13656.1.nex	0h:0m:5s (0h:0m:4s left)
 444 LG+F+I+G4    313128.266  4.786       GENE_gtdb_PF01200.13.nex+GENE_TIGR00037.nex	0h:0m:5s (0h:0m:4s left)
 445 LG+F+I+G4    313120.736  4.786       GENE_gtdb_PF01157.13.nex+GENE_TIGR01158.nex	0h:0m:5s (0h:0m:4s left)
 446 LG+F+I+G4    313115.911  4.786       GENE_gtdb_PF01157.13.nex+GENE_TIGR03636.nex	0h:0m:5s (0h:0m:4s left)
 447 LG+F+I+G4    313144.006  4.786       GENE_gtdb_PF01157.13.nex+GENE_gtdb_PF03874.11.nex	0h:0m:5s (0h:0m:4s left)
 448 LG+F+I+G4    313108.576  4.786       GENE_gtdb_PF01157.13.nex+GENE_gtdb_PF01200.13.nex	0h:0m:5s (0h:0m:4s left)
 449 LG+F+I+G4    313133.950  2.773       GENE_gtdb_PF01984.15.nex+GENE_TIGR00522.nex	0h:0m:5s (0h:0m:4s left)
 450 LG+F+I+G4    313110.575  4.786       GENE_gtdb_PF03874.11.nex+GENE_TIGR03636.nex	0h:0m:5s (0h:0m:4s left)
 451 LG+F+I+G4    313118.606  4.786       GENE_gtdb_PF01200.13.nex+GENE_TIGR00307.nex	0h:0m:5s (0h:0m:4s left)
 452 LG+F+I+G4    313134.047  3.696       GENE_gtdb_PF13656.1.nex+GENE_TIGR02338.nex	0h:0m:5s (0h:0m:4s left)
 453 LG+F+I+G4    313122.597  4.786       GENE_gtdb_PF01200.13.nex+GENE_TIGR03636.nex	0h:0m:5s (0h:0m:4s left)
 454 LG+I+G4      313157.613  4.786       GENE_gtdb_PF01200.13.nex+GENE_gtdb_PF03874.11.nex	0h:0m:5s (0h:0m:4s left)
 455 LG+F+I+G4    313120.167  3.696       GENE_gtdb_PF13656.1.nex+GENE_TIGR00293.nex	0h:0m:5s (0h:0m:4s left)
 456 LG+F+I+G4    313130.652  4.786       GENE_gtdb_PF03874.11.nex+GENE_TIGR01158.nex	0h:0m:5s (0h:0m:4s left)
 457 LG+F+I+G4    313128.068  2.781       GENE_gtdb_PF01090.14.nex+GENE_OG5172.nex	0h:0m:5s (0h:0m:4s left)
 458 LG+F+I+G4    313134.983  2.773       GENE_gtdb_PF01984.15.nex+GENE_TIGR00373.nex	0h:0m:5s (0h:0m:4s left)
 459 LG+F         313144.055  2.781       GENE_gtdb_PF02006.11.nex+GENE_TIGR01213.nex	0h:0m:5s (0h:0m:4s left)
 460 LG+F+I+G4    313121.058  2.781       GENE_OG5172.nex+GENE_TIGR01213.nex	0h:0m:5s (0h:0m:3s left)
 461 LG+I+G4      313142.701  2.781       GENE_gtdb_PF02006.11.nex+GENE_OG5172.nex	0h:0m:5s (0h:0m:3s left)
 462 LG+F+I+G4    313147.668  2.781       GENE_gtdb_PF01090.14.nex+GENE_TIGR01213.nex	0h:0m:5s (0h:0m:3s left)
 463 LG+I+G4      313134.400  2.781       GENE_gtdb_PF01090.14.nex+GENE_gtdb_PF02006.11.nex	0h:0m:5s (0h:0m:3s left)
 464 LG+F+I+G4    313125.659  4.786       GENE_gtdb_PF01200.13.nex+GENE_TIGR01158.nex	0h:0m:5s (0h:0m:3s left)
 465 LG+F+I+G4    313123.348  4.786       GENE_gtdb_PF01200.13.nex+GENE_TIGR01046.nex	0h:0m:5s (0h:0m:3s left)
22 compatible better partition pairs found
Merging GENE_OG8696.nex+GENE_TIGR03653.nex with AIC score: 313099.689 (LnL: -155202.844  df: 1347)
Merging GENE_gtdb_PF01015.13.nex+GENE_TIGR01008.nex with AIC score: 313065.440 (LnL: -155206.720  df: 1326)
Merging GENE_TIGR00291.nex+GENE_TIGR03636.nex with AIC score: 313033.521 (LnL: -155211.761  df: 1305)
Merging GENE_TIGR00491.nex+GENE_TIGR01158.nex with AIC score: 313001.903 (LnL: -155197.952  df: 1303)
Merging GENE_gtdb_PF01000.21.nex+GENE_gtdb_PF07541.7.nex with AIC score: 312971.533 (LnL: -155203.766  df: 1282)
Merging GENE_gtdb_PF01157.13.nex+GENE_TIGR01038.nex with AIC score: 312941.477 (LnL: -155209.738  df: 1261)
Merging GENE_gtdb_PF01200.13.nex+GENE_TIGR03673.nex with AIC score: 312914.790 (LnL: -155217.395  df: 1240)
Merging GENE_OG7638.nex+GENE_TIGR01020.nex with AIC score: 312891.507 (LnL: -155226.753  df: 1219)
Merging GENE_TIGR00405.nex+GENE_TIGR02928.nex with AIC score: 312869.424 (LnL: -155217.712  df: 1217)
Merging GENE_gtdb_PF01269.12.nex+GENE_TIGR00335.nex with AIC score: 312847.674 (LnL: -155227.837  df: 1196)
Merging GENE_gtdb_PF04919.7.nex+GENE_TIGR03665.nex with AIC score: 312826.380 (LnL: -155238.190  df: 1175)
Merging GENE_TIGR00307.nex+GENE_TIGR03680.nex with AIC score: 312806.618 (LnL: -155249.309  df: 1154)
Merging GENE_TIGR00293.nex+GENE_TIGR02338.nex with AIC score: 312788.351 (LnL: -155261.176  df: 1133)
Merging GENE_gtdb_PF03874.11.nex+GENE_TIGR02397.nex with AIC score: 312770.505 (LnL: -155273.252  df: 1112)
Merging GENE_TIGR00373.nex+GENE_TIGR00522.nex with AIC score: 312753.471 (LnL: -155285.736  df: 1091)
Merging GENE_TIGR00982.nex+GENE_TIGR01025.nex with AIC score: 312739.602 (LnL: -155280.801  df: 1089)
Merging GENE_OG5172.nex+GENE_TIGR01213.nex with AIC score: 312726.296 (LnL: -155293.148  df: 1070)
Merging GENE_gtdb_PF04104.9.nex+GENE_gtdb_PF13656.1.nex with AIC score: 312714.722 (LnL: -155270.361  df: 1087)
Merging GENE_TIGR00425.nex+GENE_TIGR03674.nex with AIC score: 312703.958 (LnL: -155285.979  df: 1066)
Merging GENE_TIGR00448.nex+GENE_TIGR01018.nex with AIC score: 312695.445 (LnL: -155283.722  df: 1064)
Merging GENE_gtdb_PF01092.14.nex+GENE_TIGR03628.nex with AIC score: 312690.433 (LnL: -155283.217  df: 1062)
Merging GENE_TIGR00037.nex+GENE_TIGR00279.nex with AIC score: 312687.484 (LnL: -155264.742  df: 1079)
 466 LG+I+G4      2.781       GENE_gtdb_PF01090.14.nex+GENE_gtdb_PF02006.11.nex
 467 LG+F+I+G4    4.786       GENE_gtdb_PF00900.15.nex+GENE_TIGR03670.nex
 468 LG+F+I+G4    4.786       GENE_gtdb_PF00900.15.nex+GENE_TIGR03676.nex
 469 LG+F+I+G4    4.026       GENE_OG9906.nex+GENE_TIGR00483.nex
 470 LG+F+I+G4    4.786       GENE_gtdb_PF01280.15.nex+GENE_gtdb_PF01866.12.nex
 471 LG+F+I+G4    4.026       GENE_OG9906.nex+GENE_TIGR00111.nex
 472 LG+F+I+G4    312699.672  4.786       GENE_gtdb_PF00900.15.nex+GENE_TIGR01028.nex	0h:0m:5s (0h:0m:3s left)
 473 LG+F+I+G4    312703.153  4.786       GENE_gtdb_PF04919.7.nex+GENE_TIGR01028.nex+GENE_TIGR03665.nex	0h:0m:5s (0h:0m:3s left)
 474 LG+F+I+G4    312687.785  4.786       GENE_gtdb_PF00827.12.nex+GENE_TIGR01028.nex	0h:0m:5s (0h:0m:3s left)
 475 LG+F+I+G4    312703.512  4.786       GENE_gtdb_PF01015.13.nex+GENE_TIGR01008.nex+GENE_TIGR01028.nex	0h:0m:5s (0h:0m:3s left)
 476 LG+F+I+G4    312686.043  4.786       GENE_gtdb_PF00687.16.nex+GENE_TIGR01028.nex	0h:0m:5s (0h:0m:3s left)
 477 LG+F+I+G4    312704.624  4.786       GENE_gtdb_PF01280.15.nex+GENE_TIGR01028.nex	0h:0m:5s (0h:0m:3s left)
 478 LG+F+I+G4    312713.674  4.786       GENE_gtdb_PF01000.21.nex+GENE_gtdb_PF07541.7.nex+GENE_TIGR01028.nex	0h:0m:5s (0h:0m:3s left)
 479 LG+F+I+G4    312678.630  4.786       GENE_TIGR00037.nex+GENE_TIGR00279.nex+GENE_TIGR01028.nex	0h:0m:5s (0h:0m:3s left)
 480 LG+F+I+G4    312689.339  4.786       GENE_gtdb_PF01157.13.nex+GENE_TIGR01028.nex+GENE_TIGR01038.nex	0h:0m:6s (0h:0m:3s left)
 481 LG+F+I+G4    312700.660  3.696       GENE_gtdb_PF04104.9.nex+GENE_gtdb_PF13656.1.nex+GENE_TIGR00293.nex+GENE_TIGR02338.nex	0h:0m:6s (0h:0m:3s left)
 482 LG+F+I+G4    312709.425  4.786       GENE_gtdb_PF03874.11.nex+GENE_TIGR01028.nex+GENE_TIGR02397.nex	0h:0m:6s (0h:0m:3s left)
 483 LG+F+I+G4    312686.582  4.786       GENE_TIGR00307.nex+GENE_TIGR01028.nex+GENE_TIGR03680.nex	0h:0m:6s (0h:0m:3s left)
 484 LG+F+I+G4    312663.537  4.786       GENE_gtdb_PF00900.15.nex+GENE_TIGR01012.nex	0h:0m:6s (0h:0m:3s left)
 485 LG+F+I+G4    312699.561  4.786       GENE_TIGR00291.nex+GENE_TIGR01028.nex+GENE_TIGR03636.nex	0h:0m:6s (0h:0m:3s left)
 486 LG+F+I+G4    312777.966  3.696       GENE_TIGR00293.nex+GENE_TIGR02338.nex+GENE_TIGR02390.nex	0h:0m:6s (0h:0m:3s left)
 487 LG+F+I+G4    312675.123  4.786       GENE_gtdb_PF00687.16.nex+GENE_TIGR01012.nex	0h:0m:6s (0h:0m:3s left)
 488 LG+F+I+G4    312680.176  4.786       GENE_gtdb_PF00900.15.nex+GENE_TIGR00291.nex+GENE_TIGR03636.nex	0h:0m:6s (0h:0m:3s left)
 489 LG+F+I+G4    312674.543  4.786       GENE_TIGR00291.nex+GENE_TIGR01012.nex+GENE_TIGR03636.nex	0h:0m:6s (0h:0m:3s left)
 490 LG+F+I+G4    312716.676  4.786       GENE_TIGR00291.nex+GENE_TIGR02065.nex+GENE_TIGR03636.nex	0h:0m:6s (0h:0m:3s left)
 491 LG+F+I+G4    312660.759  4.786       GENE_gtdb_PF01015.13.nex+GENE_TIGR01008.nex+GENE_TIGR01012.nex	0h:0m:6s (0h:0m:3s left)
 492 LG+F+I+G4    312685.270  4.786       GENE_gtdb_PF00827.12.nex+GENE_TIGR01012.nex	0h:0m:6s (0h:0m:3s left)
 493 LG+F+I+G4    312665.091  4.786       GENE_gtdb_PF04919.7.nex+GENE_TIGR01012.nex+GENE_TIGR03665.nex	0h:0m:6s (0h:0m:3s left)
 494 LG+F+I+G4    312717.170  4.786       GENE_TIGR00291.nex+GENE_TIGR03636.nex+GENE_TIGR03670.nex	0h:0m:6s (0h:0m:3s left)
 495 LG+F+I+G4    312728.328  4.786       GENE_gtdb_PF00900.15.nex+GENE_TIGR02065.nex	0h:0m:6s (0h:0m:3s left)
 496 LG+F+I+G4    312684.845  4.786       GENE_gtdb_PF00900.15.nex+GENE_gtdb_PF01866.12.nex	0h:0m:6s (0h:0m:3s left)
 497 LG+F+I+G4    312677.138  4.786       GENE_gtdb_PF01015.13.nex+GENE_TIGR00291.nex+GENE_TIGR01008.nex+GENE_TIGR03636.nex	0h:0m:6s (0h:0m:3s left)
 498 LG+F+I+G4    312676.143  4.786       GENE_TIGR00037.nex+GENE_TIGR00279.nex+GENE_TIGR01012.nex	0h:0m:6s (0h:0m:3s left)
 499 LG+F+I+G4    312676.082  4.786       GENE_gtdb_PF01000.21.nex+GENE_gtdb_PF07541.7.nex+GENE_TIGR01012.nex	0h:0m:6s (0h:0m:3s left)
 500 LG+F+I+G4    312665.252  4.786       GENE_gtdb_PF01000.21.nex+GENE_gtdb_PF07541.7.nex+GENE_TIGR00291.nex+GENE_TIGR03636.nex	0h:0m:6s (0h:0m:3s left)
 501 LG+F+I+G4    312667.118  4.786       GENE_gtdb_PF04919.7.nex+GENE_TIGR00291.nex+GENE_TIGR03636.nex+GENE_TIGR03665.nex	0h:0m:6s (0h:0m:3s left)
 502 LG+F+I+G4    312702.921  4.786       GENE_TIGR00307.nex+GENE_TIGR01012.nex+GENE_TIGR03680.nex	0h:0m:6s (0h:0m:3s left)
 503 LG+F+I+G4    312696.600  4.786       GENE_gtdb_PF00687.16.nex+GENE_TIGR02065.nex	0h:0m:6s (0h:0m:3s left)
 504 LG+F+I+G4    312690.954  4.786       GENE_gtdb_PF01280.15.nex+GENE_TIGR01012.nex	0h:0m:6s (0h:0m:3s left)
 505 LG+F+I+G4    312719.760  4.786       GENE_gtdb_PF01866.12.nex+GENE_TIGR02065.nex	0h:0m:6s (0h:0m:3s left)
 506 LG+F+I+G4    312695.145  4.786       GENE_TIGR00037.nex+GENE_TIGR00279.nex+GENE_TIGR00291.nex+GENE_TIGR03636.nex	0h:0m:6s (0h:0m:3s left)
 507 LG+F+I+G4    312681.272  4.786       GENE_gtdb_PF00900.15.nex+GENE_gtdb_PF01000.21.nex+GENE_gtdb_PF07541.7.nex	0h:0m:6s (0h:0m:3s left)
 508 LG+F+I+G4    312700.658  4.786       GENE_gtdb_PF01866.12.nex+GENE_TIGR03670.nex	0h:0m:6s (0h:0m:3s left)
 509 LG+F+I+G4    312710.747  4.786       GENE_gtdb_PF00687.16.nex+GENE_TIGR03670.nex	0h:0m:6s (0h:0m:3s left)
 510 LG+F+I+G4    312703.438  4.786       GENE_gtdb_PF00827.12.nex+GENE_TIGR00291.nex+GENE_TIGR03636.nex	0h:0m:6s (0h:0m:3s left)
 511 LG+F+I+G4    312684.764  4.786       GENE_gtdb_PF00900.15.nex+GENE_gtdb_PF01015.13.nex+GENE_TIGR01008.nex	0h:0m:6s (0h:0m:3s left)
 512 LG+F+I+G4    312702.976  4.786       GENE_gtdb_PF00827.12.nex+GENE_gtdb_PF00900.15.nex	0h:0m:6s (0h:0m:3s left)
 513 LG+F+I+G4    312690.079  4.786       GENE_TIGR00291.nex+GENE_TIGR00307.nex+GENE_TIGR03636.nex+GENE_TIGR03680.nex	0h:0m:6s (0h:0m:3s left)
 514 LG+F+I+G4    312675.504  4.786       GENE_gtdb_PF00900.15.nex+GENE_gtdb_PF04919.7.nex+GENE_TIGR03665.nex	0h:0m:6s (0h:0m:3s left)
 515 LG+F+I+G4    312724.657  4.786       GENE_TIGR00291.nex+GENE_TIGR01171.nex+GENE_TIGR03636.nex	0h:0m:6s (0h:0m:3s left)
 516 LG+F+I+G4    312673.308  4.786       GENE_TIGR00291.nex+GENE_TIGR00491.nex+GENE_TIGR01158.nex+GENE_TIGR03636.nex	0h:0m:6s (0h:0m:3s left)
 517 LG+F+I+G4    312738.848  4.786       GENE_gtdb_PF01000.21.nex+GENE_gtdb_PF07541.7.nex+GENE_TIGR02065.nex	0h:0m:7s (0h:0m:3s left)
 518 LG+F+I+G4    312689.222  4.786       GENE_gtdb_PF00900.15.nex+GENE_TIGR00037.nex+GENE_TIGR00279.nex	0h:0m:7s (0h:0m:3s left)
 519 LG+F+I+G4    312675.232  4.786       GENE_gtdb_PF01000.21.nex+GENE_gtdb_PF01866.12.nex+GENE_gtdb_PF07541.7.nex	0h:0m:7s (0h:0m:3s left)
 520 LG+F+I+G4    312666.998  4.786       GENE_TIGR00291.nex+GENE_TIGR00405.nex+GENE_TIGR02928.nex+GENE_TIGR03636.nex	0h:0m:7s (0h:0m:3s left)
 521 LG+F+I+G4    312717.032  4.786       GENE_TIGR00291.nex+GENE_TIGR00982.nex+GENE_TIGR01025.nex+GENE_TIGR03636.nex	0h:0m:7s (0h:0m:3s left)
 522 LG+F+I+G4    312693.907  4.786       GENE_gtdb_PF01280.15.nex+GENE_TIGR00291.nex+GENE_TIGR03636.nex	0h:0m:7s (0h:0m:3s left)
 523 LG+F+I+G4    312741.975  4.786       GENE_gtdb_PF01015.13.nex+GENE_TIGR01008.nex+GENE_TIGR02065.nex	0h:0m:7s (0h:0m:3s left)
 524 LG+F+I+G4    312689.296  4.786       GENE_gtdb_PF00900.15.nex+GENE_TIGR00405.nex+GENE_TIGR02928.nex	0h:0m:7s (0h:0m:3s left)
 525 LG+F+I+G4    312691.811  4.786       GENE_gtdb_PF01015.13.nex+GENE_gtdb_PF01866.12.nex+GENE_TIGR01008.nex	0h:0m:7s (0h:0m:3s left)
 526 LG+F+I+G4    312720.419  4.786       GENE_gtdb_PF04919.7.nex+GENE_TIGR02065.nex+GENE_TIGR03665.nex	0h:0m:7s (0h:0m:3s left)
 527 LG+F+I+G4    312730.712  4.786       GENE_gtdb_PF01000.21.nex+GENE_gtdb_PF07541.7.nex+GENE_TIGR03670.nex	0h:0m:7s (0h:0m:3s left)
 528 LG+F+I+G4    312669.332  4.786       GENE_gtdb_PF01866.12.nex+GENE_gtdb_PF04919.7.nex+GENE_TIGR03665.nex	0h:0m:7s (0h:0m:3s left)
 529 LG+F+I+G4    312694.731  4.786       GENE_gtdb_PF00900.15.nex+GENE_TIGR01171.nex	0h:0m:7s (0h:0m:3s left)
 530 LG+F+I+G4    312707.086  4.786       GENE_gtdb_PF00827.12.nex+GENE_TIGR02065.nex	0h:0m:7s (0h:0m:3s left)
 531 LG+F+I+G4    312666.552  4.786       GENE_TIGR00291.nex+GENE_TIGR01046.nex+GENE_TIGR03636.nex	0h:0m:7s (0h:0m:3s left)
 532 LG+F+I+G4    312702.461  4.786       GENE_TIGR00291.nex+GENE_TIGR03627.nex+GENE_TIGR03636.nex	0h:0m:7s (0h:0m:3s left)
 533 LG+F+I+G4    312685.047  4.786       GENE_gtdb_PF00900.15.nex+GENE_TIGR00307.nex+GENE_TIGR03680.nex	0h:0m:7s (0h:0m:3s left)
 534 LG+F+I+G4    312708.456  4.786       GENE_gtdb_PF00827.12.nex+GENE_gtdb_PF01866.12.nex	0h:0m:7s (0h:0m:3s left)
 535 LG+F+I+G4    312702.516  4.786       GENE_gtdb_PF00900.15.nex+GENE_gtdb_PF01280.15.nex	0h:0m:7s (0h:0m:3s left)
 536 LG+F+I+G4    312729.836  4.786       GENE_gtdb_PF01015.13.nex+GENE_TIGR01008.nex+GENE_TIGR03670.nex	0h:0m:7s (0h:0m:3s left)
 537 LG+F+I+G4    312688.625  4.786       GENE_gtdb_PF00900.15.nex+GENE_TIGR00491.nex+GENE_TIGR01158.nex	0h:0m:7s (0h:0m:3s left)
 538 LG+F+I+G4    312695.545  4.786       GENE_gtdb_PF00827.12.nex+GENE_TIGR03670.nex	0h:0m:7s (0h:0m:3s left)
 539 LG+F+I+G4    312685.102  4.786       GENE_TIGR00037.nex+GENE_TIGR00279.nex+GENE_TIGR02065.nex	0h:0m:7s (0h:0m:3s left)
 540 LG+F+I+G4    312680.242  4.786       GENE_gtdb_PF01157.13.nex+GENE_TIGR01012.nex+GENE_TIGR01038.nex	0h:0m:7s (0h:0m:3s left)
 541 LG+F+I+G4    312701.222  4.786       GENE_gtdb_PF04919.7.nex+GENE_TIGR03665.nex+GENE_TIGR03670.nex	0h:0m:7s (0h:0m:3s left)
 542 LG+F+I+G4    312700.666  4.786       GENE_gtdb_PF00900.15.nex+GENE_TIGR00982.nex+GENE_TIGR01025.nex	0h:0m:7s (0h:0m:3s left)
 543 LG+F+I+G4    312753.462  4.786       GENE_TIGR00291.nex+GENE_TIGR02236.nex+GENE_TIGR03636.nex	0h:0m:7s (0h:0m:3s left)
 544 LG+F+I+G4    312682.874  4.786       GENE_TIGR00037.nex+GENE_TIGR00279.nex+GENE_TIGR03670.nex	0h:0m:7s (0h:0m:3s left)
 545 LG+F+I+G4    312715.497  4.786       GENE_gtdb_PF00900.15.nex+GENE_TIGR03627.nex	0h:0m:7s (0h:0m:3s left)
 546 LG+F+I+G4    312673.596  4.786       GENE_gtdb_PF00900.15.nex+GENE_TIGR01046.nex	0h:0m:7s (0h:0m:3s left)
 547 LG+F+I+G4    312700.541  4.786       GENE_gtdb_PF03874.11.nex+GENE_TIGR01012.nex+GENE_TIGR02397.nex	0h:0m:7s (0h:0m:3s left)
 548 LG+F+I+G4    312697.787  4.786       GENE_TIGR00307.nex+GENE_TIGR02065.nex+GENE_TIGR03680.nex	0h:0m:7s (0h:0m:3s left)
 549 LG+F+I+G4    312666.549  4.786       GENE_gtdb_PF01000.21.nex+GENE_gtdb_PF04919.7.nex+GENE_gtdb_PF07541.7.nex+GENE_TIGR03665.nex	0h:0m:7s (0h:0m:3s left)
 550 LG+F+I+G4    312673.620  4.786       GENE_gtdb_PF00687.16.nex+GENE_TIGR01171.nex	0h:0m:7s (0h:0m:3s left)
 551 LG+F+I+G4    312677.656  4.786       GENE_TIGR00291.nex+GENE_TIGR03629.nex+GENE_TIGR03636.nex	0h:0m:7s (0h:0m:3s left)
 552 LG+F+I+G4    312717.221  4.786       GENE_gtdb_PF00827.12.nex+GENE_gtdb_PF01000.21.nex+GENE_gtdb_PF07541.7.nex	0h:0m:7s (0h:0m:3s left)
 553 LG+F+I+G4    312703.832  4.786       GENE_gtdb_PF01157.13.nex+GENE_TIGR00291.nex+GENE_TIGR01038.nex+GENE_TIGR03636.nex	0h:0m:7s (0h:0m:3s left)
 554 LG+F+I+G4    312670.753  4.786       GENE_gtdb_PF01015.13.nex+GENE_gtdb_PF04919.7.nex+GENE_TIGR01008.nex+GENE_TIGR03665.nex	0h:0m:7s (0h:0m:3s left)
 555 LG+F+I+G4    312676.715  4.786       GENE_gtdb_PF01000.21.nex+GENE_gtdb_PF01015.13.nex+GENE_gtdb_PF07541.7.nex+GENE_TIGR01008.nex	0h:0m:7s (0h:0m:3s left)
 556 LG+F+I+G4    312737.920  4.786       GENE_gtdb_PF01280.15.nex+GENE_TIGR02065.nex	0h:0m:7s (0h:0m:3s left)
 557 LG+F+I+G4    312697.529  4.786       GENE_TIGR00307.nex+GENE_TIGR03670.nex+GENE_TIGR03680.nex	0h:0m:7s (0h:0m:3s left)
 558 LG+F+I+G4    312691.806  4.786       GENE_gtdb_PF00827.12.nex+GENE_gtdb_PF01015.13.nex+GENE_TIGR01008.nex	0h:0m:8s (0h:0m:3s left)
 559 LG+F+I+G4    312739.643  4.786       GENE_gtdb_PF01280.15.nex+GENE_TIGR03670.nex	0h:0m:8s (0h:0m:3s left)
 560 LG+F+I+G4    312674.190  4.786       GENE_gtdb_PF00687.16.nex+GENE_TIGR00491.nex+GENE_TIGR01158.nex	0h:0m:8s (0h:0m:3s left)
 561 LG+F+I+G4    312702.921  4.786       GENE_gtdb_PF00827.12.nex+GENE_gtdb_PF04919.7.nex+GENE_TIGR03665.nex	0h:0m:8s (0h:0m:3s left)
 562 LG+F+I+G4    312681.952  3.870       GENE_TIGR00064.nex+GENE_TIGR03672.nex	0h:0m:8s (0h:0m:3s left)
 563 LG+F+I+G4    312687.676  4.786       GENE_gtdb_PF00687.16.nex+GENE_TIGR00982.nex+GENE_TIGR01025.nex	0h:0m:8s (0h:0m:3s left)
 564 LG+F+I+G4    312691.849  4.786       GENE_gtdb_PF01015.13.nex+GENE_TIGR00037.nex+GENE_TIGR00279.nex+GENE_TIGR01008.nex	0h:0m:8s (0h:0m:3s left)
 565 LG+F+I+G4    312705.479  4.786       GENE_gtdb_PF01000.21.nex+GENE_gtdb_PF07541.7.nex+GENE_TIGR00037.nex+GENE_TIGR00279.nex	0h:0m:8s (0h:0m:3s left)
 566 LG+F+I+G4    312689.924  4.786       GENE_gtdb_PF00687.16.nex+GENE_TIGR03627.nex	0h:0m:8s (0h:0m:3s left)
 567 LG+F+I+G4    312765.497  4.786       GENE_gtdb_PF00900.15.nex+GENE_TIGR02236.nex	0h:0m:8s (0h:0m:3s left)
 568 LG+F+I+G4    312690.959  4.786       GENE_gtdb_PF04919.7.nex+GENE_TIGR00037.nex+GENE_TIGR00279.nex+GENE_TIGR03665.nex	0h:0m:8s (0h:0m:3s left)
 569 LG+F+I+G4    312673.841  4.786       GENE_OG8696.nex+GENE_TIGR00291.nex+GENE_TIGR03636.nex+GENE_TIGR03653.nex	0h:0m:8s (0h:0m:3s left)
 570 LG+F+I+G4    312695.861  4.786       GENE_gtdb_PF00900.15.nex+GENE_TIGR03629.nex	0h:0m:8s (0h:0m:3s left)
 571 LG+F+I+G4    312672.044  3.911       GENE_TIGR00134.nex+GENE_TIGR00448.nex+GENE_TIGR01018.nex	0h:0m:8s (0h:0m:3s left)
 572 LG+F+I+G4    312675.910  4.786       GENE_gtdb_PF00827.12.nex+GENE_TIGR00037.nex+GENE_TIGR00279.nex	0h:0m:8s (0h:0m:3s left)
 573 LG+F+I+G4    312683.636  4.786       GENE_gtdb_PF03874.11.nex+GENE_TIGR00291.nex+GENE_TIGR02397.nex+GENE_TIGR03636.nex	0h:0m:8s (0h:0m:3s left)
 574 LG+F+I+G4    312696.109  4.786       GENE_gtdb_PF01000.21.nex+GENE_gtdb_PF07541.7.nex+GENE_TIGR00405.nex+GENE_TIGR02928.nex	0h:0m:8s (0h:0m:3s left)
 575 LG+F+I+G4    312674.320  4.786       GENE_gtdb_PF00687.16.nex+GENE_TIGR01046.nex	0h:0m:8s (0h:0m:3s left)
 576 LG+F+I+G4    312724.142  4.786       GENE_gtdb_PF01000.21.nex+GENE_gtdb_PF07541.7.nex+GENE_TIGR01171.nex	0h:0m:8s (0h:0m:2s left)
 577 LG+F+I+G4    312708.360  4.786       GENE_gtdb_PF01000.21.nex+GENE_gtdb_PF07541.7.nex+GENE_TIGR00307.nex+GENE_TIGR03680.nex	0h:0m:8s (0h:0m:3s left)
 578 LG+F+I+G4    312692.392  4.786       GENE_gtdb_PF00900.15.nex+GENE_gtdb_PF01157.13.nex+GENE_TIGR01038.nex	0h:0m:8s (0h:0m:2s left)
 579 LG+F+I+G4    312692.586  4.786       GENE_gtdb_PF01015.13.nex+GENE_TIGR00405.nex+GENE_TIGR01008.nex+GENE_TIGR02928.nex	0h:0m:8s (0h:0m:2s left)
 580 LG+F+I+G4    312721.365  4.786       GENE_gtdb_PF01000.21.nex+GENE_gtdb_PF01280.15.nex+GENE_gtdb_PF07541.7.nex	0h:0m:8s (0h:0m:2s left)
 581 LG+F+I+G4    312715.143  4.786       GENE_gtdb_PF00827.12.nex+GENE_TIGR00405.nex+GENE_TIGR02928.nex	0h:0m:8s (0h:0m:2s left)
 582 LG+F+I+G4    312712.803  4.786       GENE_gtdb_PF01015.13.nex+GENE_TIGR00307.nex+GENE_TIGR01008.nex+GENE_TIGR03680.nex	0h:0m:8s (0h:0m:2s left)
 583 LG+F+I+G4    312702.734  4.786       GENE_gtdb_PF04919.7.nex+GENE_TIGR01171.nex+GENE_TIGR03665.nex	0h:0m:8s (0h:0m:2s left)
 584 LG+F+I+G4    312680.024  4.786       GENE_gtdb_PF01000.21.nex+GENE_gtdb_PF07541.7.nex+GENE_TIGR00491.nex+GENE_TIGR01158.nex	0h:0m:8s (0h:0m:2s left)
 585 LG+F+I+G4    312702.797  4.786       GENE_gtdb_PF04919.7.nex+GENE_TIGR00307.nex+GENE_TIGR03665.nex+GENE_TIGR03680.nex	0h:0m:8s (0h:0m:2s left)
 586 LG+F+I+G4    312678.214  4.786       GENE_gtdb_PF04919.7.nex+GENE_TIGR00405.nex+GENE_TIGR02928.nex+GENE_TIGR03665.nex	0h:0m:8s (0h:0m:2s left)
 587 LG+F+I+G4    312674.939  4.786       GENE_gtdb_PF00827.12.nex+GENE_TIGR01171.nex	0h:0m:8s (0h:0m:2s left)
 588 LG+F+I+G4    312706.699  4.786       GENE_gtdb_PF01015.13.nex+GENE_TIGR01008.nex+GENE_TIGR01171.nex	0h:0m:8s (0h:0m:2s left)
 589 LG+F+I+G4    312691.663  4.786       GENE_gtdb_PF00827.12.nex+GENE_TIGR00307.nex+GENE_TIGR03680.nex	0h:0m:8s (0h:0m:2s left)
 590 LG+F+I+G4    312724.192  4.786       GENE_gtdb_PF00900.15.nex+GENE_gtdb_PF03874.11.nex+GENE_TIGR02397.nex	0h:0m:8s (0h:0m:2s left)
 591 LG+F+I+G4    312692.729  4.786       GENE_gtdb_PF01015.13.nex+GENE_gtdb_PF01280.15.nex+GENE_TIGR01008.nex	0h:0m:8s (0h:0m:2s left)
 592 LG+F+I+G4    312707.650  4.786       GENE_gtdb_PF01280.15.nex+GENE_gtdb_PF04919.7.nex+GENE_TIGR03665.nex	0h:0m:8s (0h:0m:2s left)
 593 LG+F+I+G4    312699.896  4.786       GENE_gtdb_PF01015.13.nex+GENE_TIGR00491.nex+GENE_TIGR01008.nex+GENE_TIGR01158.nex	0h:0m:9s (0h:0m:2s left)
 594 LG+F+I+G4    312687.893  4.786       GENE_TIGR00037.nex+GENE_TIGR00279.nex+GENE_TIGR00405.nex+GENE_TIGR02928.nex	0h:0m:9s (0h:0m:2s left)
 595 LG+F+I+G4    312707.721  4.786       GENE_gtdb_PF00827.12.nex+GENE_TIGR00491.nex+GENE_TIGR01158.nex	0h:0m:9s (0h:0m:2s left)
 596 LG+F+I+G4    312679.093  3.870       GENE_TIGR00064.nex+GENE_TIGR03626.nex	0h:0m:9s (0h:0m:2s left)
 597 LG+F+I+G4    312668.599  4.786       GENE_gtdb_PF00827.12.nex+GENE_gtdb_PF01280.15.nex	0h:0m:9s (0h:0m:2s left)
 598 LG+F+I+G4    312713.151  4.786       GENE_gtdb_PF00687.16.nex+GENE_TIGR02236.nex	0h:0m:9s (0h:0m:2s left)
 599 LG+F+I+G4    312669.031  4.786       GENE_TIGR00037.nex+GENE_TIGR00279.nex+GENE_TIGR00307.nex+GENE_TIGR03680.nex	0h:0m:9s (0h:0m:2s left)
 600 LG+F+I+G4    312675.105  4.786       GENE_gtdb_PF00900.15.nex+GENE_OG8696.nex+GENE_TIGR03653.nex	0h:0m:9s (0h:0m:2s left)
 601 LG+F+I+G4    312683.091  4.786       GENE_gtdb_PF00687.16.nex+GENE_TIGR03629.nex	0h:0m:9s (0h:0m:2s left)
 602 LG+F+I+G4    312720.638  4.786       GENE_gtdb_PF01000.21.nex+GENE_gtdb_PF07541.7.nex+GENE_TIGR03627.nex	0h:0m:9s (0h:0m:2s left)
 603 LG+F+I+G4    312734.267  4.786       GENE_gtdb_PF01000.21.nex+GENE_gtdb_PF07541.7.nex+GENE_TIGR00982.nex+GENE_TIGR01025.nex	0h:0m:9s (0h:0m:2s left)
 604 LG+F+I+G4    312669.230  4.786       GENE_gtdb_PF04919.7.nex+GENE_TIGR00491.nex+GENE_TIGR01158.nex+GENE_TIGR03665.nex	0h:0m:9s (0h:0m:2s left)
 605 LG+F+I+G4    312670.046  4.786       GENE_TIGR00037.nex+GENE_TIGR00279.nex+GENE_TIGR01171.nex	0h:0m:9s (0h:0m:2s left)
 606 LG+F+I+G4    312671.974  4.786       GENE_gtdb_PF01000.21.nex+GENE_gtdb_PF07541.7.nex+GENE_TIGR01046.nex	0h:0m:9s (0h:0m:2s left)
 607 LG+F+I+G4    312706.680  4.786       GENE_gtdb_PF01015.13.nex+GENE_TIGR01008.nex+GENE_TIGR03627.nex	0h:0m:9s (0h:0m:2s left)
 608 LG+F+I+G4    312722.590  4.786       GENE_gtdb_PF04919.7.nex+GENE_TIGR00982.nex+GENE_TIGR01025.nex+GENE_TIGR03665.nex	0h:0m:9s (0h:0m:2s left)
 609 LG+F+I+G4    312697.826  4.786       GENE_gtdb_PF01157.13.nex+GENE_TIGR01038.nex+GENE_TIGR02065.nex	0h:0m:9s (0h:0m:2s left)
 610 LG+F+I+G4    312696.267  4.786       GENE_gtdb_PF01157.13.nex+GENE_gtdb_PF01866.12.nex+GENE_TIGR01038.nex	0h:0m:9s (0h:0m:2s left)
 611 LG+F+I+G4    312653.357  4.786       GENE_gtdb_PF00827.12.nex+GENE_TIGR00982.nex+GENE_TIGR01025.nex	0h:0m:9s (0h:0m:2s left)
 612 LG+F+I+G4    312684.496  4.786       GENE_gtdb_PF01015.13.nex+GENE_TIGR01008.nex+GENE_TIGR01046.nex	0h:0m:9s (0h:0m:2s left)
 613 LG+F+I+G4    312690.829  2.781       GENE_gtdb_PF01090.14.nex+GENE_OG5172.nex+GENE_TIGR01213.nex	0h:0m:9s (0h:0m:2s left)
 614 LG+F+I+G4    312707.512  4.786       GENE_gtdb_PF01280.15.nex+GENE_TIGR00037.nex+GENE_TIGR00279.nex	0h:0m:9s (0h:0m:2s left)
 615 LG+F+I+G4    312710.679  4.786       GENE_gtdb_PF01015.13.nex+GENE_TIGR00982.nex+GENE_TIGR01008.nex+GENE_TIGR01025.nex	0h:0m:9s (0h:0m:2s left)
 616 LG+F+I+G4    312710.825  4.786       GENE_gtdb_PF04919.7.nex+GENE_TIGR03627.nex+GENE_TIGR03665.nex	0h:0m:9s (0h:0m:2s left)
 617 LG+F+I+G4    312673.449  4.786       GENE_TIGR00037.nex+GENE_TIGR00279.nex+GENE_TIGR00491.nex+GENE_TIGR01158.nex	0h:0m:9s (0h:0m:2s left)
 618 LG+F+I+G4    312681.965  4.786       GENE_TIGR00307.nex+GENE_TIGR00405.nex+GENE_TIGR02928.nex+GENE_TIGR03680.nex	0h:0m:9s (0h:0m:2s left)
 619 LG+F+I+G4    312666.499  4.786       GENE_gtdb_PF04919.7.nex+GENE_TIGR01046.nex+GENE_TIGR03665.nex	0h:0m:9s (0h:0m:2s left)
 620 LG+F+I+G4    312687.582  4.786       GENE_TIGR00307.nex+GENE_TIGR01171.nex+GENE_TIGR03680.nex	0h:0m:9s (0h:0m:2s left)
 621 LG+F+I+G4    312705.201  4.786       GENE_gtdb_PF03874.11.nex+GENE_TIGR02065.nex+GENE_TIGR02397.nex	0h:0m:9s (0h:0m:2s left)
 622 LG+F+I+G4    312725.473  4.786       GENE_gtdb_PF01280.15.nex+GENE_TIGR00405.nex+GENE_TIGR02928.nex	0h:0m:9s (0h:0m:2s left)
 623 LG+F+I+G4    312727.340  4.786       GENE_gtdb_PF00900.15.nex+GENE_gtdb_PF01200.13.nex+GENE_TIGR03673.nex	0h:0m:9s (0h:0m:2s left)
 624 LG+F+I+G4    312681.402  4.786       GENE_gtdb_PF00827.12.nex+GENE_TIGR03627.nex	0h:0m:9s (0h:0m:2s left)
 625 LG+F+I+G4    312700.924  4.786       GENE_gtdb_PF01157.13.nex+GENE_TIGR01038.nex+GENE_TIGR03670.nex	0h:0m:9s (0h:0m:2s left)
 626 LG+F+I+G4    312676.773  4.786       GENE_gtdb_PF00827.12.nex+GENE_TIGR01046.nex	0h:0m:9s (0h:0m:2s left)
 627 LG+F+I+G4    312688.090  4.786       GENE_TIGR00037.nex+GENE_TIGR00279.nex+GENE_TIGR00982.nex+GENE_TIGR01025.nex	0h:0m:9s (0h:0m:2s left)
 628 LG+F+I+G4    312783.611  4.786       GENE_gtdb_PF01000.21.nex+GENE_gtdb_PF07541.7.nex+GENE_TIGR02236.nex	0h:0m:9s (0h:0m:2s left)
 629 LG+F+I+G4    312726.860  4.786       GENE_gtdb_PF03874.11.nex+GENE_TIGR02397.nex+GENE_TIGR03670.nex	0h:0m:9s (0h:0m:2s left)
 630 LG+F+I+G4    312773.243  4.786       GENE_gtdb_PF01015.13.nex+GENE_TIGR01008.nex+GENE_TIGR02236.nex	0h:0m:9s (0h:0m:2s left)
 631 LG+F+I+G4    312707.356  4.786       GENE_gtdb_PF01280.15.nex+GENE_TIGR01171.nex	0h:0m:9s (0h:0m:2s left)
 632 LG+F+I+G4    312667.496  4.786       GENE_TIGR00037.nex+GENE_TIGR00279.nex+GENE_TIGR01046.nex	0h:0m:9s (0h:0m:2s left)
 633 LG+F+I+G4    312682.494  3.911       GENE_TIGR00134.nex+GENE_TIGR03722.nex	0h:0m:9s (0h:0m:2s left)
 634 LG+F+I+G4    312676.305  4.786       GENE_TIGR00037.nex+GENE_TIGR00279.nex+GENE_TIGR03627.nex	0h:0m:10s (0h:0m:2s left)
 635 LG+F+I+G4    312766.272  4.786       GENE_gtdb_PF04919.7.nex+GENE_TIGR02236.nex+GENE_TIGR03665.nex	0h:0m:10s (0h:0m:2s left)
 636 LG+F+I+G4    312706.026  4.786       GENE_gtdb_PF01280.15.nex+GENE_TIGR00307.nex+GENE_TIGR03680.nex	0h:0m:10s (0h:0m:2s left)
 637 LG+F+I+G4    312718.643  4.786       GENE_gtdb_PF01280.15.nex+GENE_TIGR00491.nex+GENE_TIGR01158.nex	0h:0m:10s (0h:0m:2s left)
 638 LG+F+I+G4    312667.869  4.786       GENE_TIGR00307.nex+GENE_TIGR00491.nex+GENE_TIGR01158.nex+GENE_TIGR03680.nex	0h:0m:10s (0h:0m:2s left)
 639 LG+F+I+G4    312699.026  4.786       GENE_gtdb_PF01000.21.nex+GENE_gtdb_PF07541.7.nex+GENE_TIGR03629.nex	0h:0m:10s (0h:0m:2s left)
 640 LG+I+G4      312714.180  4.786       GENE_gtdb_PF00827.12.nex+GENE_TIGR02236.nex	0h:0m:10s (0h:0m:2s left)
 641 LG+F+I+G4    312684.400  4.786       GENE_gtdb_PF01015.13.nex+GENE_TIGR01008.nex+GENE_TIGR03629.nex	0h:0m:10s (0h:0m:2s left)
 642 LG+F+I+G4    312684.973  4.786       GENE_TIGR00307.nex+GENE_TIGR03627.nex+GENE_TIGR03680.nex	0h:0m:10s (0h:0m:2s left)
 643 LG+F+I+G4    312667.764  4.786       GENE_TIGR00307.nex+GENE_TIGR01046.nex+GENE_TIGR03680.nex	0h:0m:10s (0h:0m:2s left)
 644 LG+F+I+G4    312749.194  4.786       GENE_gtdb_PF01200.13.nex+GENE_gtdb_PF01866.12.nex+GENE_TIGR03673.nex	0h:0m:10s (0h:0m:2s left)
 645 LG+F+I+G4    312667.829  4.786       GENE_gtdb_PF01280.15.nex+GENE_TIGR00982.nex+GENE_TIGR01025.nex	0h:0m:10s (0h:0m:2s left)
 646 LG+F+I+G4    312680.719  4.786       GENE_gtdb_PF00827.12.nex+GENE_TIGR03629.nex	0h:0m:10s (0h:0m:2s left)
 647 LG+F+I+G4    312722.682  4.786       GENE_gtdb_PF01200.13.nex+GENE_TIGR03670.nex+GENE_TIGR03673.nex	0h:0m:10s (0h:0m:2s left)
 648 LG+F+I+G4    312682.957  4.786       GENE_TIGR00307.nex+GENE_TIGR00982.nex+GENE_TIGR01025.nex+GENE_TIGR03680.nex	0h:0m:10s (0h:0m:2s left)
 649 LG+F+I+G4    312680.916  4.786       GENE_gtdb_PF04919.7.nex+GENE_TIGR03629.nex+GENE_TIGR03665.nex	0h:0m:10s (0h:0m:2s left)
 650 LG+F+I+G4    312721.423  4.786       GENE_gtdb_PF01000.21.nex+GENE_gtdb_PF01157.13.nex+GENE_gtdb_PF07541.7.nex+GENE_TIGR01038.nex	0h:0m:10s (0h:0m:2s left)
 651 LG+F+I+G4    312699.164  4.786       GENE_gtdb_PF01280.15.nex+GENE_TIGR03627.nex	0h:0m:10s (0h:0m:2s left)
 652 LG+F+I+G4    312693.747  4.786       GENE_gtdb_PF01157.13.nex+GENE_gtdb_PF04919.7.nex+GENE_TIGR01038.nex+GENE_TIGR03665.nex	0h:0m:10s (0h:0m:2s left)
 653 LG+F+I+G4    312702.094  4.786       GENE_gtdb_PF01000.21.nex+GENE_gtdb_PF03874.11.nex+GENE_gtdb_PF07541.7.nex+GENE_TIGR02397.nex	0h:0m:10s (0h:0m:2s left)
 654 LG+F+I+G4    312688.583  4.786       GENE_gtdb_PF01280.15.nex+GENE_TIGR01046.nex	0h:0m:10s (0h:0m:2s left)
 655 LG+F+I+G4    312697.202  4.786       GENE_TIGR00037.nex+GENE_TIGR00279.nex+GENE_TIGR02236.nex	0h:0m:10s (0h:0m:2s left)
 656 LG+F+I+G4    312668.614  4.786       GENE_gtdb_PF00827.12.nex+GENE_gtdb_PF01157.13.nex+GENE_TIGR01038.nex	0h:0m:10s (0h:0m:2s left)
 657 LG+F+I+G4    312673.659  4.786       GENE_TIGR00291.nex+GENE_TIGR03636.nex+GENE_TIGR03676.nex	0h:0m:10s (0h:0m:2s left)
 658 LG+F+I+G4    312730.304  4.786       GENE_gtdb_PF01015.13.nex+GENE_gtdb_PF03874.11.nex+GENE_TIGR01008.nex+GENE_TIGR02397.nex	0h:0m:10s (0h:0m:1s left)
 659 LG+F+I+G4    312684.126  4.786       GENE_TIGR00037.nex+GENE_TIGR00279.nex+GENE_TIGR03629.nex	0h:0m:10s (0h:0m:1s left)
 660 LG+F+I+G4    312693.758  4.786       GENE_gtdb_PF03874.11.nex+GENE_gtdb_PF04919.7.nex+GENE_TIGR02397.nex+GENE_TIGR03665.nex	0h:0m:10s (0h:0m:1s left)
 661 LG+F+I+G4    312753.119  4.786       GENE_gtdb_PF01280.15.nex+GENE_TIGR02236.nex	0h:0m:10s (0h:0m:1s left)
 662 LG+F+I+G4    312697.775  2.781       GENE_gtdb_PF02006.11.nex+GENE_OG5172.nex+GENE_TIGR01213.nex	0h:0m:10s (0h:0m:1s left)
 663 LG+F+I+G4    312670.880  4.786       GENE_gtdb_PF01000.21.nex+GENE_gtdb_PF07541.7.nex+GENE_OG8696.nex+GENE_TIGR03653.nex	0h:0m:10s (0h:0m:1s left)
 664 LG+F+I+G4    312706.988  4.786       GENE_TIGR00307.nex+GENE_TIGR02236.nex+GENE_TIGR03680.nex	0h:0m:10s (0h:0m:1s left)
 665 LG+F+I+G4    312684.427  4.786       GENE_gtdb_PF01015.13.nex+GENE_OG8696.nex+GENE_TIGR01008.nex+GENE_TIGR03653.nex	0h:0m:10s (0h:0m:1s left)
 666 LG+F+I+G4    312683.582  4.786       GENE_gtdb_PF04919.7.nex+GENE_OG8696.nex+GENE_TIGR03653.nex+GENE_TIGR03665.nex	0h:0m:10s (0h:0m:1s left)
 667 LG+F+I+G4    312730.622  4.786       GENE_gtdb_PF00827.12.nex+GENE_gtdb_PF03874.11.nex+GENE_TIGR02397.nex	0h:0m:10s (0h:0m:1s left)
 668 LG+F+I+G4    312666.674  4.786       GENE_gtdb_PF01157.13.nex+GENE_TIGR00037.nex+GENE_TIGR00279.nex+GENE_TIGR01038.nex	0h:0m:10s (0h:0m:1s left)
 669 LG+F+I+G4    312688.532  4.786       GENE_TIGR00307.nex+GENE_TIGR03629.nex+GENE_TIGR03680.nex	0h:0m:10s (0h:0m:1s left)
 670 LG+F+I+G4    312702.006  4.786       GENE_gtdb_PF03874.11.nex+GENE_TIGR00037.nex+GENE_TIGR00279.nex+GENE_TIGR02397.nex	0h:0m:10s (0h:0m:1s left)
 671 LG+F+I+G4    312742.924  4.786       GENE_gtdb_PF01000.21.nex+GENE_gtdb_PF01200.13.nex+GENE_gtdb_PF07541.7.nex+GENE_TIGR03673.nex	0h:0m:10s (0h:0m:1s left)
 672 LG+F+I+G4    312691.641  4.786       GENE_gtdb_PF00827.12.nex+GENE_OG8696.nex+GENE_TIGR03653.nex	0h:0m:10s (0h:0m:1s left)
 673 LG+F+I+G4    312674.081  4.786       GENE_gtdb_PF01157.13.nex+GENE_TIGR01038.nex+GENE_TIGR01171.nex	0h:0m:11s (0h:0m:1s left)
 674 LG+F+I+G4    312697.925  4.786       GENE_gtdb_PF01157.13.nex+GENE_TIGR00405.nex+GENE_TIGR01038.nex+GENE_TIGR02928.nex	0h:0m:11s (0h:0m:1s left)
 675 LG+F+I+G4    312686.819  4.786       GENE_gtdb_PF01280.15.nex+GENE_TIGR03629.nex	0h:0m:11s (0h:0m:1s left)
 676 LG+F+I+G4    312666.564  4.786       GENE_gtdb_PF00827.12.nex+GENE_gtdb_PF01200.13.nex+GENE_TIGR03673.nex	0h:0m:11s (0h:0m:1s left)
 677 LG+F+I+G4    312697.437  4.786       GENE_gtdb_PF01157.13.nex+GENE_TIGR00307.nex+GENE_TIGR01038.nex+GENE_TIGR03680.nex	0h:0m:11s (0h:0m:1s left)
 678 LG+F+I+G4    312690.849  4.786       GENE_gtdb_PF03874.11.nex+GENE_TIGR00405.nex+GENE_TIGR02397.nex+GENE_TIGR02928.nex	0h:0m:11s (0h:0m:1s left)
 679 LG+F+I+G4    312690.396  4.786       GENE_gtdb_PF01157.13.nex+GENE_gtdb_PF01280.15.nex+GENE_TIGR01038.nex	0h:0m:11s (0h:0m:1s left)
 680 LG+F+I+G4    312680.328  4.786       GENE_OG8696.nex+GENE_TIGR00037.nex+GENE_TIGR00279.nex+GENE_TIGR03653.nex	0h:0m:11s (0h:0m:1s left)
 681 LG+F+I+G4    312717.125  4.786       GENE_gtdb_PF03874.11.nex+GENE_TIGR00307.nex+GENE_TIGR02397.nex+GENE_TIGR03680.nex	0h:0m:11s (0h:0m:1s left)
 682 LG+F+I+G4    312719.887  4.786       GENE_gtdb_PF01015.13.nex+GENE_gtdb_PF01200.13.nex+GENE_TIGR01008.nex+GENE_TIGR03673.nex	0h:0m:11s (0h:0m:1s left)
 683 LG+F+I+G4    312734.443  4.786       GENE_gtdb_PF01280.15.nex+GENE_gtdb_PF03874.11.nex+GENE_TIGR02397.nex	0h:0m:11s (0h:0m:1s left)
 684 LG+F+I+G4    312677.145  4.786       GENE_gtdb_PF03874.11.nex+GENE_TIGR00491.nex+GENE_TIGR01158.nex+GENE_TIGR02397.nex	0h:0m:11s (0h:0m:1s left)
 685 LG+F+I+G4    312703.076  4.786       GENE_OG8696.nex+GENE_TIGR00405.nex+GENE_TIGR02928.nex+GENE_TIGR03653.nex	0h:0m:11s (0h:0m:1s left)
 686 LG+F+I+G4    312689.371  4.786       GENE_gtdb_PF01157.13.nex+GENE_TIGR00982.nex+GENE_TIGR01025.nex+GENE_TIGR01038.nex	0h:0m:11s (0h:0m:1s left)
 687 LG+F+I+G4    312733.572  3.696       GENE_gtdb_PF04104.9.nex+GENE_gtdb_PF13656.1.nex+GENE_TIGR02390.nex	0h:0m:11s (0h:0m:1s left)
 688 LG+F+I+G4    312677.858  4.786       GENE_gtdb_PF01157.13.nex+GENE_TIGR01038.nex+GENE_TIGR03627.nex	0h:0m:11s (0h:0m:1s left)
 689 LG+F+I+G4    312681.331  4.786       GENE_gtdb_PF00687.16.nex+GENE_TIGR03676.nex	0h:0m:11s (0h:0m:1s left)
 690 LG+F+I+G4    312693.260  4.786       GENE_gtdb_PF01866.12.nex+GENE_TIGR03676.nex	0h:0m:11s (0h:0m:1s left)
 691 LG+F+I+G4    312684.053  4.786       GENE_gtdb_PF01157.13.nex+GENE_TIGR01038.nex+GENE_TIGR01046.nex	0h:0m:11s (0h:0m:1s left)
 692 LG+F+I+G4    312747.231  4.786       GENE_gtdb_PF03874.11.nex+GENE_TIGR01171.nex+GENE_TIGR02397.nex	0h:0m:11s (0h:0m:1s left)
 693 LG+F+I+G4    312737.764  4.786       GENE_gtdb_PF03874.11.nex+GENE_TIGR00982.nex+GENE_TIGR01025.nex+GENE_TIGR02397.nex	0h:0m:11s (0h:0m:1s left)
 694 LG+F+I+G4    312683.289  4.786       GENE_gtdb_PF01280.15.nex+GENE_OG8696.nex+GENE_TIGR03653.nex	0h:0m:11s (0h:0m:1s left)
 695 LG+F+I+G4    312665.078  4.786       GENE_OG8696.nex+GENE_TIGR00307.nex+GENE_TIGR03653.nex+GENE_TIGR03680.nex	0h:0m:11s (0h:0m:1s left)
 696 LG+F+I+G4    312696.335  4.786       GENE_gtdb_PF03874.11.nex+GENE_TIGR02397.nex+GENE_TIGR03627.nex	0h:0m:11s (0h:0m:1s left)
 697 LG+F+I+G4    312675.653  4.786       GENE_gtdb_PF03874.11.nex+GENE_TIGR01046.nex+GENE_TIGR02397.nex	0h:0m:11s (0h:0m:1s left)
 698 LG+F+I+G4    312671.338  4.786       GENE_OG8696.nex+GENE_TIGR00491.nex+GENE_TIGR01158.nex+GENE_TIGR03653.nex	0h:0m:11s (0h:0m:1s left)
 699 LG+F+I+G4    312726.916  4.786       GENE_gtdb_PF01157.13.nex+GENE_TIGR01038.nex+GENE_TIGR02236.nex	0h:0m:11s (0h:0m:1s left)
 700 LG+F+I+G4    312701.526  4.786       GENE_gtdb_PF01200.13.nex+GENE_TIGR03627.nex+GENE_TIGR03673.nex	0h:0m:11s (0h:0m:1s left)
 701 LG+F+I+G4    312695.659  4.786       GENE_gtdb_PF01157.13.nex+GENE_TIGR01038.nex+GENE_TIGR03629.nex	0h:0m:11s (0h:0m:1s left)
 702 LG+F+I+G4    312703.499  4.786       GENE_OG8696.nex+GENE_TIGR03627.nex+GENE_TIGR03653.nex	0h:0m:11s (0h:0m:1s left)
 703 LG+F+I+G4    312730.795  4.786       GENE_gtdb_PF03874.11.nex+GENE_TIGR02236.nex+GENE_TIGR02397.nex	0h:0m:11s (0h:0m:1s left)
 704 LG+F+I+G4    312683.609  2.992       GENE_gtdb_PF01269.12.nex+GENE_TIGR00323.nex+GENE_TIGR00335.nex	0h:0m:11s (0h:0m:1s left)
 705 LG+F+I+G4    312755.524  4.026       GENE_TIGR00111.nex+GENE_TIGR00483.nex	0h:0m:11s (0h:0m:1s left)
 706 LG+F+I+G4    312688.890  4.786       GENE_gtdb_PF01200.13.nex+GENE_gtdb_PF01280.15.nex+GENE_TIGR03673.nex	0h:0m:11s (0h:0m:1s left)
 707 LG+F+I+G4    312684.625  4.786       GENE_gtdb_PF00827.12.nex+GENE_TIGR03676.nex	0h:0m:11s (0h:0m:1s left)
 708 LG+F+I+G4    312700.227  4.786       GENE_gtdb_PF01000.21.nex+GENE_gtdb_PF07541.7.nex+GENE_TIGR03676.nex	0h:0m:11s (0h:0m:1s left)
 709 LG+F+I+G4    312685.880  4.786       GENE_gtdb_PF01015.13.nex+GENE_TIGR01008.nex+GENE_TIGR03676.nex	0h:0m:11s (0h:0m:1s left)
 710 LG+F+I+G4    312678.477  4.786       GENE_TIGR00037.nex+GENE_TIGR00279.nex+GENE_TIGR03676.nex	0h:0m:11s (0h:0m:1s left)
 711 LG+F+I+G4    312725.726  4.786       GENE_gtdb_PF01157.13.nex+GENE_gtdb_PF03874.11.nex+GENE_TIGR01038.nex+GENE_TIGR02397.nex	0h:0m:11s (0h:0m:1s left)
 712 LG+F+I+G4    312704.756  4.786       GENE_gtdb_PF01200.13.nex+GENE_TIGR03629.nex+GENE_TIGR03673.nex	0h:0m:11s (0h:0m:1s left)
 713 LG+F+I+G4    312710.042  3.862       GENE_gtdb_PF01092.14.nex+GENE_TIGR03628.nex+GENE_TIGR03671.nex	0h:0m:11s (0h:0m:1s left)
 714 LG+F+I+G4    312689.492  2.773       GENE_gtdb_PF01984.15.nex+GENE_TIGR00373.nex+GENE_TIGR00522.nex	0h:0m:11s (0h:0m:1s left)
 715 LG+F+I+G4    312687.531  4.786       GENE_gtdb_PF01157.13.nex+GENE_gtdb_PF01200.13.nex+GENE_TIGR01038.nex+GENE_TIGR03673.nex	0h:0m:11s (0h:0m:1s left)
 716 LG+F+I+G4    312685.237  4.786       GENE_gtdb_PF03874.11.nex+GENE_TIGR02397.nex+GENE_TIGR03629.nex	0h:0m:11s (0h:0m:1s left)
 717 LG+F+I+G4    312695.349  4.786       GENE_gtdb_PF01280.15.nex+GENE_TIGR03676.nex	0h:0m:11s (0h:0m:1s left)
 718 LG+F+I+G4    312674.015  4.786       GENE_TIGR00307.nex+GENE_TIGR03676.nex+GENE_TIGR03680.nex	0h:0m:11s (0h:0m:1s left)
 719 LG+F+I+G4    312695.774  3.862       GENE_OG7638.nex+GENE_TIGR01020.nex+GENE_TIGR03671.nex	0h:0m:12s (0h:0m:1s left)
 720 LG+F+I+G4    312709.839  4.786       GENE_gtdb_PF03874.11.nex+GENE_OG8696.nex+GENE_TIGR02397.nex+GENE_TIGR03653.nex	0h:0m:12s (0h:0m:1s left)
 721 LG+F+I+G4    312706.577  4.786       GENE_gtdb_PF01157.13.nex+GENE_OG8696.nex+GENE_TIGR01038.nex+GENE_TIGR03653.nex	0h:0m:12s (0h:0m:1s left)
 722 LG+F+I+G4    312665.907  3.862       GENE_gtdb_PF01092.14.nex+GENE_OG7638.nex+GENE_TIGR01020.nex+GENE_TIGR03628.nex	0h:0m:12s (0h:0m:0s left)
 723 LG+F+I+G4    312713.954  4.786       GENE_gtdb_PF01200.13.nex+GENE_TIGR03673.nex+GENE_TIGR03676.nex	0h:0m:12s (0h:0m:0s left)
 724 LG+F+I+G4    312689.747  4.786       GENE_gtdb_PF01157.13.nex+GENE_TIGR01038.nex+GENE_TIGR03676.nex	0h:0m:12s (0h:0m:0s left)
 725 LG+F+I+G4    312689.964  4.786       GENE_gtdb_PF03874.11.nex+GENE_TIGR02397.nex+GENE_TIGR03676.nex	0h:0m:12s (0h:0m:0s left)
14 compatible better partition pairs found
Merging GENE_gtdb_PF00827.12.nex+GENE_TIGR00982.nex+GENE_TIGR01025.nex with AIC score: 312653.357 (LnL: -155268.679  df: 1058)
Merging GENE_gtdb_PF01015.13.nex+GENE_TIGR01008.nex+GENE_TIGR01012.nex with AIC score: 312626.633 (LnL: -155276.316  df: 1037)
Merging GENE_OG8696.nex+GENE_TIGR00307.nex+GENE_TIGR03653.nex+GENE_TIGR03680.nex with AIC score: 312604.227 (LnL: -155286.113  df: 1016)
Merging GENE_gtdb_PF01000.21.nex+GENE_gtdb_PF07541.7.nex+GENE_TIGR00291.nex+GENE_TIGR03636.nex with AIC score: 312581.995 (LnL: -155295.997  df: 995)
Merging GENE_gtdb_PF01092.14.nex+GENE_OG7638.nex+GENE_TIGR01020.nex+GENE_TIGR03628.nex with AIC score: 312560.418 (LnL: -155306.209  df: 974)
Merging GENE_gtdb_PF04919.7.nex+GENE_TIGR01046.nex+GENE_TIGR03665.nex with AIC score: 312539.433 (LnL: -155297.716  df: 972)
Merging GENE_gtdb_PF01157.13.nex+GENE_TIGR00037.nex+GENE_TIGR00279.nex+GENE_TIGR01038.nex with AIC score: 312518.623 (LnL: -155308.312  df: 951)
Merging GENE_TIGR00134.nex+GENE_TIGR00448.nex+GENE_TIGR01018.nex with AIC score: 312503.183 (LnL: -155321.592  df: 930)
Merging GENE_gtdb_PF00687.16.nex+GENE_TIGR01171.nex with AIC score: 312489.320 (LnL: -155335.660  df: 909)
Merging GENE_gtdb_PF03874.11.nex+GENE_TIGR00491.nex+GENE_TIGR01158.nex+GENE_TIGR02397.nex with AIC score: 312478.981 (LnL: -155351.491  df: 888)
Merging GENE_TIGR00064.nex+GENE_TIGR03626.nex with AIC score: 312470.590 (LnL: -155368.295  df: 867)
Merging GENE_gtdb_PF01269.12.nex+GENE_TIGR00323.nex+GENE_TIGR00335.nex with AIC score: 312466.715 (LnL: -155368.358  df: 865)
Merging GENE_gtdb_PF00900.15.nex+GENE_gtdb_PF01866.12.nex with AIC score: 312464.076 (LnL: -155388.038  df: 844)
Merging GENE_gtdb_PF01280.15.nex+GENE_TIGR03629.nex with AIC score: 312463.412 (LnL: -155389.706  df: 842)
 726 LG+F+I+G4    4.026       GENE_TIGR00111.nex+GENE_TIGR00483.nex
 727 LG+F+I+G4    4.026       GENE_OG9906.nex+GENE_TIGR00111.nex
 728 LG+F+I+G4    4.026       GENE_OG9906.nex+GENE_TIGR00483.nex
 729 LG+F+I+G4    2.773       GENE_gtdb_PF01984.15.nex+GENE_TIGR00373.nex+GENE_TIGR00522.nex
 730 LG+F+I+G4    4.786       GENE_gtdb_PF01200.13.nex+GENE_TIGR03670.nex+GENE_TIGR03673.nex
 731 LG+F+I+G4    4.786       GENE_gtdb_PF01200.13.nex+GENE_TIGR03673.nex+GENE_TIGR03676.nex
 732 LG+F+I+G4    4.786       GENE_gtdb_PF01200.13.nex+GENE_TIGR03627.nex+GENE_TIGR03673.nex
 733 LG+F+I+G4    3.696       GENE_gtdb_PF04104.9.nex+GENE_gtdb_PF13656.1.nex+GENE_TIGR02390.nex
 734 LG+I+G4      2.781       GENE_gtdb_PF01090.14.nex+GENE_gtdb_PF02006.11.nex
 735 LG+F+I+G4    3.696       GENE_gtdb_PF04104.9.nex+GENE_gtdb_PF13656.1.nex+GENE_TIGR00293.nex+GENE_TIGR02338.nex
 736 LG+F+I+G4    312446.912  3.870       GENE_TIGR00064.nex+GENE_TIGR03626.nex+GENE_TIGR03672.nex	0h:0m:12s (0h:0m:0s left)
 737 LG+F+I+G4    312446.806  3.870       GENE_arCOG01228.nex+GENE_arCOG01574.nex	0h:0m:12s (0h:0m:0s left)
 738 LG+F+I+G4    312456.224  4.786       GENE_gtdb_PF00466.15.nex+GENE_TIGR00405.nex+GENE_TIGR02928.nex	0h:0m:12s (0h:0m:0s left)
 739 LG+F+I+G4    312494.475  4.786       GENE_gtdb_PF00687.16.nex+GENE_TIGR00405.nex+GENE_TIGR01171.nex+GENE_TIGR02928.nex	0h:0m:12s (0h:0m:0s left)
 740 LG+F+I+G4    312475.150  4.786       GENE_gtdb_PF00466.15.nex+GENE_OG8696.nex+GENE_TIGR00307.nex+GENE_TIGR03653.nex+GENE_TIGR03680.nex	0h:0m:12s (0h:0m:0s left)
 741 LG+F+I+G4    312480.630  4.786       GENE_gtdb_PF00900.15.nex+GENE_gtdb_PF01866.12.nex+GENE_OG8696.nex+GENE_TIGR00307.nex+GENE_TIGR03653.nex+GENE_TIGR03680.nex	0h:0m:12s (0h:0m:0s left)
 742 LG+F+I+G4    312477.289  4.786       GENE_OG8696.nex+GENE_TIGR00307.nex+GENE_TIGR00405.nex+GENE_TIGR02928.nex+GENE_TIGR03653.nex+GENE_TIGR03680.nex	0h:0m:12s (0h:0m:0s left)
 743 LG+F+I+G4    312480.326  4.786       GENE_gtdb_PF00466.15.nex+GENE_TIGR03627.nex	0h:0m:12s (0h:0m:0s left)
 744 LG+F+I+G4    312475.309  4.786       GENE_gtdb_PF00687.16.nex+GENE_gtdb_PF00900.15.nex+GENE_gtdb_PF01866.12.nex+GENE_TIGR01171.nex	0h:0m:12s (0h:0m:0s left)
 745 LG+F+I+G4    312533.842  4.786       GENE_gtdb_PF00827.12.nex+GENE_TIGR00405.nex+GENE_TIGR00982.nex+GENE_TIGR01025.nex+GENE_TIGR02928.nex	0h:0m:12s (0h:0m:0s left)
 746 LG+F+I+G4    312489.519  4.786       GENE_gtdb_PF00466.15.nex+GENE_gtdb_PF01280.15.nex+GENE_TIGR03629.nex	0h:0m:12s (0h:0m:0s left)
 747 LG+F+I+G4    312483.236  4.786       GENE_gtdb_PF01015.13.nex+GENE_TIGR00405.nex+GENE_TIGR01008.nex+GENE_TIGR01012.nex+GENE_TIGR02928.nex	0h:0m:12s (0h:0m:0s left)
 748 LG+F+I+G4    312466.540  4.786       GENE_gtdb_PF00900.15.nex+GENE_gtdb_PF01866.12.nex+GENE_TIGR00405.nex+GENE_TIGR02928.nex	0h:0m:12s (0h:0m:0s left)
 749 LG+F+I+G4    312496.605  4.786       GENE_gtdb_PF00466.15.nex+GENE_TIGR03670.nex	0h:0m:12s (0h:0m:0s left)
 750 LG+F+I+G4    312468.957  4.786       GENE_gtdb_PF00466.15.nex+GENE_TIGR03676.nex	0h:0m:12s (0h:0m:0s left)
 751 LG+F+I+G4    312464.022  4.786       GENE_gtdb_PF00687.16.nex+GENE_OG8696.nex+GENE_TIGR00307.nex+GENE_TIGR01171.nex+GENE_TIGR03653.nex+GENE_TIGR03680.nex	0h:0m:12s (0h:0m:0s left)
 752 LG+F+I+G4    312486.128  4.786       GENE_gtdb_PF01000.21.nex+GENE_gtdb_PF07541.7.nex+GENE_OG8696.nex+GENE_TIGR00291.nex+GENE_TIGR00307.nex+GENE_TIGR03636.nex+GENE_TIGR03653.nex+GENE_TIGR03680.nex	0h:0m:12s (0h:0m:0s left)
 753 LG+F+I+G4    312458.640  4.786       GENE_gtdb_PF00466.15.nex+GENE_gtdb_PF04919.7.nex+GENE_TIGR01046.nex+GENE_TIGR03665.nex	0h:0m:12s (0h:0m:0s left)
 754 LG+F+I+G4    312512.602  4.786       GENE_gtdb_PF01015.13.nex+GENE_OG8696.nex+GENE_TIGR00307.nex+GENE_TIGR01008.nex+GENE_TIGR01012.nex+GENE_TIGR03653.nex+GENE_TIGR03680.nex	0h:0m:12s (0h:0m:0s left)
 755 LG+F+I+G4    312460.530  4.786       GENE_gtdb_PF00900.15.nex+GENE_gtdb_PF01015.13.nex+GENE_gtdb_PF01866.12.nex+GENE_TIGR01008.nex+GENE_TIGR01012.nex	0h:0m:12s (0h:0m:0s left)
 756 LG+F+I+G4    312493.823  4.786       GENE_gtdb_PF00827.12.nex+GENE_OG8696.nex+GENE_TIGR00307.nex+GENE_TIGR00982.nex+GENE_TIGR01025.nex+GENE_TIGR03653.nex+GENE_TIGR03680.nex	0h:0m:12s (0h:0m:0s left)
 757 LG+F+I+G4    312459.982  4.786       GENE_gtdb_PF00900.15.nex+GENE_gtdb_PF01000.21.nex+GENE_gtdb_PF01866.12.nex+GENE_gtdb_PF07541.7.nex+GENE_TIGR00291.nex+GENE_TIGR03636.nex	0h:0m:12s (0h:0m:0s left)
 758 LG+F+I+G4    312508.296  4.786       GENE_gtdb_PF00466.15.nex+GENE_TIGR02065.nex	0h:0m:13s (0h:0m:0s left)
 759 LG+F+I+G4    312527.002  4.786       GENE_gtdb_PF00466.15.nex+GENE_TIGR02236.nex	0h:0m:13s (0h:0m:0s left)
 760 LG+F+I+G4    312523.841  4.786       GENE_gtdb_PF00827.12.nex+GENE_gtdb_PF00900.15.nex+GENE_gtdb_PF01866.12.nex+GENE_TIGR00982.nex+GENE_TIGR01025.nex	0h:0m:13s (0h:0m:0s left)
 761 LG+F+I+G4    312470.337  4.786       GENE_OG8696.nex+GENE_TIGR00307.nex+GENE_TIGR03627.nex+GENE_TIGR03653.nex+GENE_TIGR03680.nex	0h:0m:13s (0h:0m:0s left)
 762 LG+F+I+G4    312477.405  4.786       GENE_gtdb_PF00466.15.nex+GENE_TIGR01028.nex	0h:0m:13s (0h:0m:0s left)
 763 LG+F+I+G4    312480.781  4.786       GENE_gtdb_PF00687.16.nex+GENE_gtdb_PF00827.12.nex+GENE_TIGR00982.nex+GENE_TIGR01025.nex+GENE_TIGR01171.nex	0h:0m:13s (0h:0m:0s left)
 764 LG+F+I+G4    312477.916  4.786       GENE_gtdb_PF00687.16.nex+GENE_gtdb_PF01015.13.nex+GENE_TIGR01008.nex+GENE_TIGR01012.nex+GENE_TIGR01171.nex	0h:0m:13s (0h:0m:0s left)
 765 LG+F+I+G4    312503.010  4.786       GENE_gtdb_PF00687.16.nex+GENE_gtdb_PF01000.21.nex+GENE_gtdb_PF07541.7.nex+GENE_TIGR00291.nex+GENE_TIGR01171.nex+GENE_TIGR03636.nex	0h:0m:13s (0h:0m:0s left)
 766 LG+F+I+G4    312478.905  4.786       GENE_gtdb_PF01280.15.nex+GENE_OG8696.nex+GENE_TIGR00307.nex+GENE_TIGR03629.nex+GENE_TIGR03653.nex+GENE_TIGR03680.nex	0h:0m:13s (0h:0m:0s left)
 767 LG+F+I+G4    312452.551  4.786       GENE_gtdb_PF04919.7.nex+GENE_TIGR00405.nex+GENE_TIGR01046.nex+GENE_TIGR02928.nex+GENE_TIGR03665.nex	0h:0m:13s (0h:0m:0s left)
 768 LG+F+I+G4    312488.691  4.786       GENE_gtdb_PF00900.15.nex+GENE_gtdb_PF01866.12.nex+GENE_TIGR03627.nex	0h:0m:13s (0h:0m:0s left)
 769 LG+F+I+G4    312502.641  4.786       GENE_OG8696.nex+GENE_TIGR00307.nex+GENE_TIGR03653.nex+GENE_TIGR03670.nex+GENE_TIGR03680.nex	0h:0m:13s (0h:0m:0s left)
 770 LG+F+I+G4    312498.818  4.786       GENE_gtdb_PF00900.15.nex+GENE_gtdb_PF01280.15.nex+GENE_gtdb_PF01866.12.nex+GENE_TIGR03629.nex	0h:0m:13s (0h:0m:0s left)
 771 LG+F+I+G4    312458.899  4.786       GENE_OG8696.nex+GENE_TIGR00307.nex+GENE_TIGR03653.nex+GENE_TIGR03676.nex+GENE_TIGR03680.nex	0h:0m:13s (0h:0m:0s left)
 772 LG+F+I+G4    312476.623  4.786       GENE_gtdb_PF00900.15.nex+GENE_gtdb_PF01866.12.nex+GENE_TIGR03676.nex	0h:0m:13s (0h:0m:0s left)
 773 LG+F+I+G4    312489.584  4.786       GENE_gtdb_PF00900.15.nex+GENE_gtdb_PF01866.12.nex+GENE_TIGR03670.nex	0h:0m:13s (0h:0m:0s left)
 774 LG+F+I+G4    312485.286  3.862       GENE_gtdb_PF01092.14.nex+GENE_OG7638.nex+GENE_TIGR01020.nex+GENE_TIGR03628.nex+GENE_TIGR03671.nex	0h:0m:13s (0h:0m:0s left)
 775 LG+F+I+G4    312447.773  4.786       GENE_gtdb_PF00900.15.nex+GENE_gtdb_PF01866.12.nex+GENE_gtdb_PF04919.7.nex+GENE_TIGR01046.nex+GENE_TIGR03665.nex	0h:0m:13s (0h:0m:0s left)
 776 LG+F+I+G4    312475.406  4.786       GENE_gtdb_PF04919.7.nex+GENE_OG8696.nex+GENE_TIGR00307.nex+GENE_TIGR01046.nex+GENE_TIGR03653.nex+GENE_TIGR03665.nex+GENE_TIGR03680.nex	0h:0m:13s (0h:0m:0s left)
 777 LG+F+I+G4    312479.473  4.786       GENE_gtdb_PF00687.16.nex+GENE_gtdb_PF01280.15.nex+GENE_TIGR01171.nex+GENE_TIGR03629.nex	0h:0m:13s (0h:0m:0s left)
 778 LG+F+I+G4    312489.288  4.786       GENE_OG8696.nex+GENE_TIGR00307.nex+GENE_TIGR02065.nex+GENE_TIGR03653.nex+GENE_TIGR03680.nex	0h:0m:13s (0h:0m:0s left)
 779 LG+F+I+G4    312465.219  4.786       GENE_gtdb_PF01000.21.nex+GENE_gtdb_PF01015.13.nex+GENE_gtdb_PF07541.7.nex+GENE_TIGR00291.nex+GENE_TIGR01008.nex+GENE_TIGR01012.nex+GENE_TIGR03636.nex	0h:0m:13s (0h:0m:0s left)
 780 LG+F+I+G4    312466.738  4.786       GENE_gtdb_PF00687.16.nex+GENE_TIGR01171.nex+GENE_TIGR03627.nex	0h:0m:13s (0h:0m:0s left)
 781 LG+F+I+G4    312482.236  4.786       GENE_gtdb_PF01157.13.nex+GENE_TIGR00037.nex+GENE_TIGR00279.nex+GENE_TIGR00405.nex+GENE_TIGR01038.nex+GENE_TIGR02928.nex	0h:0m:13s (0h:0m:0s left)
 782 LG+F+I+G4    312553.903  4.786       GENE_gtdb_PF00827.12.nex+GENE_gtdb_PF01000.21.nex+GENE_gtdb_PF07541.7.nex+GENE_TIGR00291.nex+GENE_TIGR00982.nex+GENE_TIGR01025.nex+GENE_TIGR03636.nex	0h:0m:13s (0h:0m:0s left)
 783 LG+F+I+G4    312501.950  4.786       GENE_gtdb_PF00687.16.nex+GENE_TIGR01171.nex+GENE_TIGR03670.nex	0h:0m:13s (0h:0m:0s left)
 784 LG+F+I+G4    312504.857  4.786       GENE_gtdb_PF00900.15.nex+GENE_gtdb_PF01866.12.nex+GENE_TIGR02065.nex	0h:0m:13s (0h:0m:0s left)
 785 LG+F+I+G4    312557.666  4.786       GENE_gtdb_PF00900.15.nex+GENE_gtdb_PF01866.12.nex+GENE_TIGR02236.nex	0h:0m:13s (0h:0m:0s left)
 786 LG+F+I+G4    312467.459  3.911       GENE_TIGR00134.nex+GENE_TIGR00448.nex+GENE_TIGR01018.nex+GENE_TIGR03722.nex	0h:0m:13s (0h:0m:0s left)
 787 LG+F+I+G4    312507.752  4.786       GENE_OG8696.nex+GENE_TIGR00307.nex+GENE_TIGR02236.nex+GENE_TIGR03653.nex+GENE_TIGR03680.nex	0h:0m:13s (0h:0m:0s left)
 788 LG+F+I+G4    312464.756  4.786       GENE_gtdb_PF00687.16.nex+GENE_TIGR01171.nex+GENE_TIGR03676.nex	0h:0m:14s (0h:0m:0s left)
 789 LG+F+I+G4    312514.537  4.786       GENE_gtdb_PF00827.12.nex+GENE_gtdb_PF01015.13.nex+GENE_TIGR00982.nex+GENE_TIGR01008.nex+GENE_TIGR01012.nex+GENE_TIGR01025.nex	0h:0m:14s (0h:0m:0s left)
 790 LG+F+I+G4    312517.601  4.026       GENE_gtdb_PF01798.13.nex+GENE_TIGR00483.nex	0h:0m:14s (0h:0m:0s left)
 791 LG+F+I+G4    312486.112  4.786       GENE_gtdb_PF00900.15.nex+GENE_gtdb_PF01866.12.nex+GENE_TIGR01028.nex	0h:0m:14s (0h:0m:0s left)
 792 LG+F+I+G4    312467.993  4.786       GENE_OG8696.nex+GENE_TIGR00307.nex+GENE_TIGR01028.nex+GENE_TIGR03653.nex+GENE_TIGR03680.nex	0h:0m:14s (0h:0m:0s left)
 793 LG+F+I+G4    312479.372  4.786       GENE_gtdb_PF00687.16.nex+GENE_gtdb_PF04919.7.nex+GENE_TIGR01046.nex+GENE_TIGR01171.nex+GENE_TIGR03665.nex	0h:0m:14s (0h:0m:0s left)
 794 LG+F+I+G4    312483.828  4.786       GENE_gtdb_PF00900.15.nex+GENE_gtdb_PF01157.13.nex+GENE_gtdb_PF01866.12.nex+GENE_TIGR00037.nex+GENE_TIGR00279.nex+GENE_TIGR01038.nex	0h:0m:14s (0h:0m:0s left)
 795 LG+F+I+G4    312479.868  4.786       GENE_gtdb_PF00687.16.nex+GENE_TIGR01171.nex+GENE_TIGR02065.nex	0h:0m:14s (0h:0m:0s left)
 796 LG+F+I+G4    312483.125  4.786       GENE_gtdb_PF01015.13.nex+GENE_TIGR01008.nex+GENE_TIGR01012.nex+GENE_TIGR03627.nex	0h:0m:14s (0h:0m:0s left)
 797 LG+F+I+G4    312492.527  4.786       GENE_gtdb_PF01000.21.nex+GENE_gtdb_PF07541.7.nex+GENE_TIGR00291.nex+GENE_TIGR03627.nex+GENE_TIGR03636.nex	0h:0m:14s (0h:0m:0s left)
 798 LG+F+I+G4    312484.277  4.786       GENE_gtdb_PF01157.13.nex+GENE_OG8696.nex+GENE_TIGR00037.nex+GENE_TIGR00279.nex+GENE_TIGR00307.nex+GENE_TIGR01038.nex+GENE_TIGR03653.nex+GENE_TIGR03680.nex	0h:0m:14s (0h:0m:0s left)
 799 LG+F+I+G4    312464.009  4.786       GENE_gtdb_PF01015.13.nex+GENE_gtdb_PF01280.15.nex+GENE_TIGR01008.nex+GENE_TIGR01012.nex+GENE_TIGR03629.nex	0h:0m:14s (0h:0m:0s left)
 800 LG+F+I+G4    312448.397  4.786       GENE_gtdb_PF00827.12.nex+GENE_gtdb_PF01280.15.nex+GENE_TIGR00982.nex+GENE_TIGR01025.nex+GENE_TIGR03629.nex	0h:0m:14s (0h:0m:0s left)
 801 LG+F+I+G4    312496.589  4.786       GENE_gtdb_PF00687.16.nex+GENE_TIGR01171.nex+GENE_TIGR02236.nex	0h:0m:14s (0h:0m:0s left)
 802 LG+F+I+G4    312459.355  4.026       GENE_gtdb_PF01798.13.nex+GENE_TIGR00111.nex	0h:0m:14s (0h:0m:0s left)
 803 LG+F+I+G4    312523.258  4.786       GENE_gtdb_PF01200.13.nex+GENE_TIGR00405.nex+GENE_TIGR02928.nex+GENE_TIGR03673.nex	0h:0m:14s (0h:0m:0s left)
 804 LG+F+I+G4    312465.627  4.786       GENE_gtdb_PF00827.12.nex+GENE_TIGR00982.nex+GENE_TIGR01025.nex+GENE_TIGR03627.nex	0h:0m:14s (0h:0m:0s left)
 805 LG+F+I+G4    312481.394  4.786       GENE_gtdb_PF01200.13.nex+GENE_OG8696.nex+GENE_TIGR00307.nex+GENE_TIGR03653.nex+GENE_TIGR03673.nex+GENE_TIGR03680.nex	0h:0m:14s (0h:0m:0s left)
 806 LG+F+I+G4    312519.378  4.786       GENE_gtdb_PF01015.13.nex+GENE_TIGR01008.nex+GENE_TIGR01012.nex+GENE_TIGR03670.nex	0h:0m:14s (0h:0m:0s left)
 807 LG+F+I+G4    312507.250  4.786       GENE_gtdb_PF00827.12.nex+GENE_TIGR00982.nex+GENE_TIGR01025.nex+GENE_TIGR03670.nex	0h:0m:14s (0h:0m:0s left)
 808 LG+F+I+G4    312524.721  4.786       GENE_gtdb_PF01000.21.nex+GENE_gtdb_PF07541.7.nex+GENE_TIGR00291.nex+GENE_TIGR03636.nex+GENE_TIGR03670.nex	0h:0m:14s (0h:0m:0s left)
 809 LG+F+I+G4    312471.564  4.786       GENE_gtdb_PF01000.21.nex+GENE_gtdb_PF07541.7.nex+GENE_TIGR00291.nex+GENE_TIGR03636.nex+GENE_TIGR03676.nex	0h:0m:14s (0h:0m:0s left)
 810 LG+F+I+G4    312474.227  4.786       GENE_gtdb_PF01015.13.nex+GENE_TIGR01008.nex+GENE_TIGR01012.nex+GENE_TIGR03676.nex	0h:0m:14s (0h:0m:0s left)
 811 LG+F+I+G4    312529.920  4.786       GENE_gtdb_PF00900.15.nex+GENE_gtdb_PF01200.13.nex+GENE_gtdb_PF01866.12.nex+GENE_TIGR03673.nex	0h:0m:15s (0h:0m:0s left)
 812 LG+F+I+G4    312457.725  4.786       GENE_gtdb_PF00687.16.nex+GENE_TIGR01028.nex+GENE_TIGR01171.nex	0h:0m:15s (0h:0m:0s left)
 813 LG+F+I+G4    312460.207  4.786       GENE_gtdb_PF00466.15.nex+GENE_gtdb_PF03874.11.nex+GENE_TIGR00491.nex+GENE_TIGR01158.nex+GENE_TIGR02397.nex	0h:0m:15s (0h:0m:0s left)
 814 LG+F+I+G4    312474.862  4.786       GENE_gtdb_PF00827.12.nex+GENE_TIGR00982.nex+GENE_TIGR01025.nex+GENE_TIGR03676.nex	0h:0m:15s (0h:0m:0s left)
 815 LG+F+I+G4    312487.945  4.786       GENE_gtdb_PF01000.21.nex+GENE_gtdb_PF01280.15.nex+GENE_gtdb_PF07541.7.nex+GENE_TIGR00291.nex+GENE_TIGR03629.nex+GENE_TIGR03636.nex	0h:0m:15s (0h:0m:0s left)
 816 LG+F+I+G4    312458.666  4.786       GENE_gtdb_PF01015.13.nex+GENE_gtdb_PF04919.7.nex+GENE_TIGR01008.nex+GENE_TIGR01012.nex+GENE_TIGR01046.nex+GENE_TIGR03665.nex	0h:0m:15s (0h:0m:0s left)
 817 LG+F+I+G4    312514.462  4.786       GENE_gtdb_PF00827.12.nex+GENE_gtdb_PF04919.7.nex+GENE_TIGR00982.nex+GENE_TIGR01025.nex+GENE_TIGR01046.nex+GENE_TIGR03665.nex	0h:0m:15s (0h:0m:0s left)
 818 LG+F+I+G4    312513.220  4.786       GENE_gtdb_PF01000.21.nex+GENE_gtdb_PF07541.7.nex+GENE_TIGR00291.nex+GENE_TIGR02065.nex+GENE_TIGR03636.nex	0h:0m:15s (0h:0m:0s left)
 819 LG+F+I+G4    312449.202  4.786       GENE_gtdb_PF00687.16.nex+GENE_gtdb_PF01157.13.nex+GENE_TIGR00037.nex+GENE_TIGR00279.nex+GENE_TIGR01038.nex+GENE_TIGR01171.nex	0h:0m:15s (0h:0m:0s left)
 820 LG+F+I+G4    312492.912  4.786       GENE_gtdb_PF00827.12.nex+GENE_TIGR00982.nex+GENE_TIGR01025.nex+GENE_TIGR02065.nex	0h:0m:15s (0h:0m:0s left)
 821 LG+F+I+G4    312571.631  4.786       GENE_gtdb_PF01000.21.nex+GENE_gtdb_PF07541.7.nex+GENE_TIGR00291.nex+GENE_TIGR02236.nex+GENE_TIGR03636.nex	0h:0m:15s (0h:0m:0s left)
 822 LG+F+I+G4    312574.192  4.786       GENE_gtdb_PF01015.13.nex+GENE_TIGR01008.nex+GENE_TIGR01012.nex+GENE_TIGR02236.nex	0h:0m:15s (0h:0m:0s left)
 823 LG+F+I+G4    312467.157  4.786       GENE_gtdb_PF01280.15.nex+GENE_TIGR03627.nex+GENE_TIGR03629.nex	0h:0m:15s (0h:0m:0s left)
 824 LG+F+I+G4    312470.988  4.786       GENE_gtdb_PF00687.16.nex+GENE_gtdb_PF01200.13.nex+GENE_TIGR01171.nex+GENE_TIGR03673.nex	0h:0m:15s (0h:0m:0s left)
 825 LG+F+I+G4    312497.680  4.786       GENE_gtdb_PF01280.15.nex+GENE_TIGR03629.nex+GENE_TIGR03670.nex	0h:0m:15s (0h:0m:0s left)
 826 LG+F+I+G4    312452.005  4.786       GENE_gtdb_PF03874.11.nex+GENE_TIGR00405.nex+GENE_TIGR00491.nex+GENE_TIGR01158.nex+GENE_TIGR02397.nex+GENE_TIGR02928.nex	0h:0m:15s (0h:0m:0s left)
 827 LG+F+I+G4    312482.438  4.786       GENE_gtdb_PF01015.13.nex+GENE_gtdb_PF01157.13.nex+GENE_TIGR00037.nex+GENE_TIGR00279.nex+GENE_TIGR01008.nex+GENE_TIGR01012.nex+GENE_TIGR01038.nex	0h:0m:15s (0h:0m:0s left)
 828 LG+F+I+G4    312522.416  4.786       GENE_gtdb_PF01000.21.nex+GENE_gtdb_PF01157.13.nex+GENE_gtdb_PF07541.7.nex+GENE_TIGR00037.nex+GENE_TIGR00279.nex+GENE_TIGR00291.nex+GENE_TIGR01038.nex+GENE_TIGR03636.nex	0h:0m:15s (0h:0m:0s left)
 829 LG+F+I+G4    312479.911  4.786       GENE_gtdb_PF01015.13.nex+GENE_TIGR01008.nex+GENE_TIGR01012.nex+GENE_TIGR01028.nex	0h:0m:15s (0h:0m:0s left)
 830 LG+F+I+G4    312445.840  4.786       GENE_gtdb_PF01280.15.nex+GENE_TIGR03629.nex+GENE_TIGR03676.nex	0h:0m:15s (0h:0m:0s left)
 831 LG+F+I+G4    312525.332  4.786       GENE_gtdb_PF01015.13.nex+GENE_TIGR01008.nex+GENE_TIGR01012.nex+GENE_TIGR02065.nex	0h:0m:15s (0h:0m:0s left)
 832 LG+F+I+G4    312444.129  4.786       GENE_gtdb_PF01000.21.nex+GENE_gtdb_PF04919.7.nex+GENE_gtdb_PF07541.7.nex+GENE_TIGR00291.nex+GENE_TIGR01046.nex+GENE_TIGR03636.nex+GENE_TIGR03665.nex	0h:0m:15s (0h:0m:0s left)
 833 LG+F+I+G4    312486.781  4.786       GENE_gtdb_PF04919.7.nex+GENE_TIGR01046.nex+GENE_TIGR03627.nex+GENE_TIGR03665.nex	0h:0m:16s (0h:0m:0s left)
 834 LG+F+I+G4    312469.233  4.786       GENE_gtdb_PF00827.12.nex+GENE_TIGR00982.nex+GENE_TIGR01025.nex+GENE_TIGR01028.nex	0h:0m:16s (0h:0m:0s left)
 835 LG+F+I+G4    312478.865  4.786       GENE_gtdb_PF00827.12.nex+GENE_gtdb_PF01157.13.nex+GENE_TIGR00037.nex+GENE_TIGR00279.nex+GENE_TIGR00982.nex+GENE_TIGR01025.nex+GENE_TIGR01038.nex	0h:0m:16s (0h:0m:0s left)
 836 LG+F+I+G4    312470.647  4.786       GENE_gtdb_PF01280.15.nex+GENE_gtdb_PF04919.7.nex+GENE_TIGR01046.nex+GENE_TIGR03629.nex+GENE_TIGR03665.nex	0h:0m:16s (0h:0m:0s left)
 837 LG+F+I+G4    312495.776  4.786       GENE_gtdb_PF01280.15.nex+GENE_TIGR02065.nex+GENE_TIGR03629.nex	0h:0m:16s (0h:0m:0s left)
 838 LG+F+I+G4    312510.548  4.786       GENE_gtdb_PF00827.12.nex+GENE_TIGR00982.nex+GENE_TIGR01025.nex+GENE_TIGR02236.nex	0h:0m:16s (0h:0m:0s left)
 839 LG+F+I+G4    312519.532  4.786       GENE_gtdb_PF01280.15.nex+GENE_TIGR02236.nex+GENE_TIGR03629.nex	0h:0m:16s (0h:0m:0s left)
 840 LG+F+I+G4    312511.652  4.786       GENE_gtdb_PF01015.13.nex+GENE_gtdb_PF01200.13.nex+GENE_TIGR01008.nex+GENE_TIGR01012.nex+GENE_TIGR03673.nex	0h:0m:16s (0h:0m:0s left)
 841 LG+F+I+G4    312477.806  4.786       GENE_gtdb_PF04919.7.nex+GENE_TIGR01046.nex+GENE_TIGR03665.nex+GENE_TIGR03670.nex	0h:0m:16s (0h:0m:0s left)
 842 LG+F+I+G4    312455.706  4.786       GENE_gtdb_PF00827.12.nex+GENE_gtdb_PF01200.13.nex+GENE_TIGR00982.nex+GENE_TIGR01025.nex+GENE_TIGR03673.nex	0h:0m:16s (0h:0m:0s left)
 843 LG+F+I+G4    312452.261  4.026       GENE_gtdb_PF01798.13.nex+GENE_OG9906.nex	0h:0m:16s (0h:0m:0s left)
 844 LG+F+I+G4    312450.343  4.786       GENE_gtdb_PF04919.7.nex+GENE_TIGR01046.nex+GENE_TIGR03665.nex+GENE_TIGR03676.nex	0h:0m:16s (0h:0m:0s left)
 845 LG+F+I+G4    312467.999  4.786       GENE_gtdb_PF01280.15.nex+GENE_TIGR01028.nex+GENE_TIGR03629.nex	0h:0m:16s (0h:0m:0s left)
 846 LG+F+I+G4    312490.978  4.786       GENE_gtdb_PF04919.7.nex+GENE_TIGR01046.nex+GENE_TIGR02065.nex+GENE_TIGR03665.nex	0h:0m:16s (0h:0m:0s left)
 847 LG+F+I+G4    312541.632  4.786       GENE_gtdb_PF04919.7.nex+GENE_TIGR01046.nex+GENE_TIGR02236.nex+GENE_TIGR03665.nex	0h:0m:16s (0h:0m:0s left)
 848 LG+F+I+G4    312481.810  4.786       GENE_gtdb_PF01157.13.nex+GENE_gtdb_PF01280.15.nex+GENE_TIGR00037.nex+GENE_TIGR00279.nex+GENE_TIGR01038.nex+GENE_TIGR03629.nex	0h:0m:16s (0h:0m:0s left)
 849 LG+F+I+G4    312477.759  3.696       GENE_gtdb_PF01655.13.nex+GENE_TIGR02390.nex	0h:0m:16s (0h:0m:0s left)
 850 LG+F+I+G4    312507.439  4.786       GENE_gtdb_PF00687.16.nex+GENE_gtdb_PF03874.11.nex+GENE_TIGR00491.nex+GENE_TIGR01158.nex+GENE_TIGR01171.nex+GENE_TIGR02397.nex	0h:0m:16s (0h:0m:0s left)
 851 LG+F+I+G4    312499.025  4.786       GENE_gtdb_PF01157.13.nex+GENE_TIGR00037.nex+GENE_TIGR00279.nex+GENE_TIGR01038.nex+GENE_TIGR02236.nex	0h:0m:16s (0h:0m:0s left)
 852 LG+F+I+G4    312476.889  4.786       GENE_gtdb_PF04919.7.nex+GENE_TIGR01028.nex+GENE_TIGR01046.nex+GENE_TIGR03665.nex	0h:0m:16s (0h:0m:0s left)
 853 LG+F+I+G4    312518.417  3.696       GENE_gtdb_PF01655.13.nex+GENE_TIGR00293.nex+GENE_TIGR02338.nex	0h:0m:16s (0h:0m:0s left)
 854 LG+F+I+G4    312481.444  4.786       GENE_gtdb_PF03874.11.nex+GENE_OG8696.nex+GENE_TIGR00307.nex+GENE_TIGR00491.nex+GENE_TIGR01158.nex+GENE_TIGR02397.nex+GENE_TIGR03653.nex+GENE_TIGR03680.nex	0h:0m:16s (0h:0m:0s left)
 855 LG+F+I+G4    312467.308  4.786       GENE_gtdb_PF01157.13.nex+GENE_TIGR00037.nex+GENE_TIGR00279.nex+GENE_TIGR01038.nex+GENE_TIGR02065.nex	0h:0m:16s (0h:0m:0s left)
 856 LG+F+I+G4    312479.321  4.786       GENE_gtdb_PF01157.13.nex+GENE_gtdb_PF04919.7.nex+GENE_TIGR00037.nex+GENE_TIGR00279.nex+GENE_TIGR01038.nex+GENE_TIGR01046.nex+GENE_TIGR03665.nex	0h:0m:16s (0h:0m:0s left)
 857 LG+F+I+G4    312527.513  4.786       GENE_gtdb_PF01000.21.nex+GENE_gtdb_PF01200.13.nex+GENE_gtdb_PF07541.7.nex+GENE_TIGR00291.nex+GENE_TIGR03636.nex+GENE_TIGR03673.nex	0h:0m:17s (0h:0m:0s left)
 858 LG+F+I+G4    312517.737  4.786       GENE_gtdb_PF01015.13.nex+GENE_gtdb_PF03874.11.nex+GENE_TIGR00491.nex+GENE_TIGR01008.nex+GENE_TIGR01012.nex+GENE_TIGR01158.nex+GENE_TIGR02397.nex	0h:0m:17s (0h:0m:0s left)
 859 LG+F+I+G4    312457.880  3.696       GENE_gtdb_PF01655.13.nex+GENE_gtdb_PF04104.9.nex+GENE_gtdb_PF13656.1.nex	0h:0m:17s (0h:0m:0s left)
 860 LG+F+I+G4    312460.818  4.786       GENE_gtdb_PF01157.13.nex+GENE_TIGR00037.nex+GENE_TIGR00279.nex+GENE_TIGR01028.nex+GENE_TIGR01038.nex	0h:0m:17s (0h:0m:0s left)
 861 LG+F+I+G4    312480.687  4.786       GENE_gtdb_PF01200.13.nex+GENE_TIGR02065.nex+GENE_TIGR03673.nex	0h:0m:17s (0h:0m:0s left)
 862 LG+F+I+G4    312482.246  4.786       GENE_gtdb_PF00900.15.nex+GENE_gtdb_PF01866.12.nex+GENE_gtdb_PF03874.11.nex+GENE_TIGR00491.nex+GENE_TIGR01158.nex+GENE_TIGR02397.nex	0h:0m:17s (0h:0m:0s left)
 863 LG+F+I+G4    312472.652  4.786       GENE_gtdb_PF01000.21.nex+GENE_gtdb_PF03874.11.nex+GENE_gtdb_PF07541.7.nex+GENE_TIGR00291.nex+GENE_TIGR00491.nex+GENE_TIGR01158.nex+GENE_TIGR02397.nex+GENE_TIGR03636.nex	0h:0m:17s (0h:0m:0s left)
 864 LG+F+I+G4    312508.307  4.786       GENE_gtdb_PF01200.13.nex+GENE_gtdb_PF04919.7.nex+GENE_TIGR01046.nex+GENE_TIGR03665.nex+GENE_TIGR03673.nex	0h:0m:17s (0h:0m:0s left)
 865 LG+F+I+G4    312554.657  4.786       GENE_gtdb_PF00827.12.nex+GENE_gtdb_PF03874.11.nex+GENE_TIGR00491.nex+GENE_TIGR00982.nex+GENE_TIGR01025.nex+GENE_TIGR01158.nex+GENE_TIGR02397.nex	0h:0m:17s (0h:0m:0s left)
 866 LG+F+I+G4    312468.929  4.786       GENE_gtdb_PF03874.11.nex+GENE_TIGR00491.nex+GENE_TIGR01158.nex+GENE_TIGR02397.nex+GENE_TIGR03627.nex	0h:0m:17s (0h:0m:0s left)
 867 LG+F+I+G4    312497.870  4.786       GENE_gtdb_PF01200.13.nex+GENE_TIGR02236.nex+GENE_TIGR03673.nex	0h:0m:17s (0h:0m:0s left)
 868 LG+F+I+G4    312477.731  4.786       GENE_gtdb_PF03874.11.nex+GENE_TIGR00491.nex+GENE_TIGR01158.nex+GENE_TIGR02065.nex+GENE_TIGR02397.nex	0h:0m:17s (0h:0m:0s left)
 869 LG+F+I+G4    312483.300  4.786       GENE_gtdb_PF01200.13.nex+GENE_TIGR01028.nex+GENE_TIGR03673.nex	0h:0m:17s (0h:0m:0s left)
 870 LG+F+I+G4    312462.082  4.786       GENE_gtdb_PF01157.13.nex+GENE_gtdb_PF01200.13.nex+GENE_TIGR00037.nex+GENE_TIGR00279.nex+GENE_TIGR01038.nex+GENE_TIGR03673.nex	0h:0m:17s (0h:0m:0s left)
 871 LG+F+I+G4    312501.004  4.786       GENE_gtdb_PF03874.11.nex+GENE_TIGR00491.nex+GENE_TIGR01158.nex+GENE_TIGR02397.nex+GENE_TIGR03670.nex	0h:0m:17s (0h:0m:0s left)
 872 LG+F+I+G4    312497.913  4.786       GENE_gtdb_PF01280.15.nex+GENE_gtdb_PF03874.11.nex+GENE_TIGR00491.nex+GENE_TIGR01158.nex+GENE_TIGR02397.nex+GENE_TIGR03629.nex	0h:0m:17s (0h:0m:0s left)
 873 LG+F+I+G4    312455.627  4.786       GENE_gtdb_PF03874.11.nex+GENE_TIGR00491.nex+GENE_TIGR01158.nex+GENE_TIGR02397.nex+GENE_TIGR03676.nex	0h:0m:17s (0h:0m:0s left)
 874 LG+F+I+G4    312513.222  4.786       GENE_gtdb_PF03874.11.nex+GENE_TIGR00491.nex+GENE_TIGR01158.nex+GENE_TIGR02236.nex+GENE_TIGR02397.nex	0h:0m:17s (0h:0m:0s left)
 875 LG+F+I+G4    312525.764  4.786       GENE_gtdb_PF01200.13.nex+GENE_gtdb_PF03874.11.nex+GENE_TIGR00491.nex+GENE_TIGR01158.nex+GENE_TIGR02397.nex+GENE_TIGR03673.nex	0h:0m:17s (0h:0m:0s left)
 876 LG+F+I+G4    312476.768  4.786       GENE_gtdb_PF03874.11.nex+GENE_TIGR00491.nex+GENE_TIGR01028.nex+GENE_TIGR01158.nex+GENE_TIGR02397.nex	0h:0m:17s (0h:0m:0s left)
 877 LG+F+I+G4    312505.029  4.786       GENE_gtdb_PF01157.13.nex+GENE_gtdb_PF03874.11.nex+GENE_TIGR00037.nex+GENE_TIGR00279.nex+GENE_TIGR00491.nex+GENE_TIGR01038.nex+GENE_TIGR01158.nex+GENE_TIGR02397.nex	0h:0m:17s (0h:0m:0s left)
10 compatible better partition pairs found
Merging GENE_gtdb_PF01000.21.nex+GENE_gtdb_PF04919.7.nex+GENE_gtdb_PF07541.7.nex+GENE_TIGR00291.nex+GENE_TIGR01046.nex+GENE_TIGR03636.nex+GENE_TIGR03665.nex with AIC score: 312444.129 (LnL: -155401.065  df: 821)
Merging GENE_gtdb_PF01280.15.nex+GENE_TIGR03629.nex+GENE_TIGR03676.nex with AIC score: 312426.557 (LnL: -155413.279  df: 800)
Merging GENE_arCOG01228.nex+GENE_arCOG01574.nex with AIC score: 312409.952 (LnL: -155425.976  df: 779)
Merging GENE_TIGR00064.nex+GENE_TIGR03626.nex+GENE_TIGR03672.nex with AIC score: 312393.452 (LnL: -155419.726  df: 777)
Merging GENE_gtdb_PF00687.16.nex+GENE_gtdb_PF01157.13.nex+GENE_TIGR00037.nex+GENE_TIGR00279.nex+GENE_TIGR01038.nex+GENE_TIGR01171.nex with AIC score: 312379.242 (LnL: -155433.621  df: 756)
Merging GENE_gtdb_PF03874.11.nex+GENE_TIGR00405.nex+GENE_TIGR00491.nex+GENE_TIGR01158.nex+GENE_TIGR02397.nex+GENE_TIGR02928.nex with AIC score: 312367.835 (LnL: -155448.917  df: 735)
Merging GENE_gtdb_PF01798.13.nex+GENE_OG9906.nex with AIC score: 312356.684 (LnL: -155464.342  df: 714)
Merging GENE_gtdb_PF00827.12.nex+GENE_gtdb_PF01200.13.nex+GENE_TIGR00982.nex+GENE_TIGR01025.nex+GENE_TIGR03673.nex with AIC score: 312348.979 (LnL: -155481.489  df: 693)
Merging GENE_gtdb_PF01655.13.nex+GENE_gtdb_PF04104.9.nex+GENE_gtdb_PF13656.1.nex with AIC score: 312343.447 (LnL: -155499.723  df: 672)
Merging GENE_gtdb_PF00900.15.nex+GENE_gtdb_PF01015.13.nex+GENE_gtdb_PF01866.12.nex+GENE_TIGR01008.nex+GENE_TIGR01012.nex with AIC score: 312340.565 (LnL: -155519.283  df: 651)
 878 LG+F+I+G4    4.786       GENE_OG8696.nex+GENE_TIGR00307.nex+GENE_TIGR03627.nex+GENE_TIGR03653.nex+GENE_TIGR03680.nex
 879 LG+F+I+G4    4.786       GENE_OG8696.nex+GENE_TIGR00307.nex+GENE_TIGR02236.nex+GENE_TIGR03653.nex+GENE_TIGR03680.nex
 880 LG+F+I+G4    4.786       GENE_OG8696.nex+GENE_TIGR00307.nex+GENE_TIGR02065.nex+GENE_TIGR03653.nex+GENE_TIGR03680.nex
 881 LG+F+I+G4    4.786       GENE_gtdb_PF00466.15.nex+GENE_OG8696.nex+GENE_TIGR00307.nex+GENE_TIGR03653.nex+GENE_TIGR03680.nex
 882 LG+F+I+G4    4.786       GENE_OG8696.nex+GENE_TIGR00307.nex+GENE_TIGR01028.nex+GENE_TIGR03653.nex+GENE_TIGR03680.nex
 883 LG+F+I+G4    4.786       GENE_OG8696.nex+GENE_TIGR00307.nex+GENE_TIGR03653.nex+GENE_TIGR03670.nex+GENE_TIGR03680.nex
 884 LG+F+I+G4    3.911       GENE_TIGR00134.nex+GENE_TIGR00448.nex+GENE_TIGR01018.nex+GENE_TIGR03722.nex
 885 LG+F+I+G4    4.026       GENE_TIGR00111.nex+GENE_TIGR00483.nex
 886 LG+F+I+G4    4.786       GENE_gtdb_PF00466.15.nex+GENE_TIGR03670.nex
 887 LG+F+I+G4    4.786       GENE_gtdb_PF00466.15.nex+GENE_TIGR03627.nex
 888 LG+F+I+G4    3.696       GENE_TIGR00293.nex+GENE_TIGR02338.nex+GENE_TIGR02390.nex
 889 LG+F+I+G4    4.786       GENE_gtdb_PF00466.15.nex+GENE_TIGR02236.nex
 890 LG+F+I+G4    4.786       GENE_gtdb_PF00466.15.nex+GENE_TIGR02065.nex
 891 LG+F+I+G4    4.786       GENE_gtdb_PF00466.15.nex+GENE_TIGR01028.nex
 892 LG+I+G4      2.781       GENE_gtdb_PF01090.14.nex+GENE_gtdb_PF02006.11.nex
 893 LG+F+I+G4    2.781       GENE_gtdb_PF01090.14.nex+GENE_OG5172.nex+GENE_TIGR01213.nex
 894 LG+F+I+G4    2.781       GENE_gtdb_PF02006.11.nex+GENE_OG5172.nex+GENE_TIGR01213.nex
 895 LG+F+I+G4    3.862       GENE_gtdb_PF01092.14.nex+GENE_OG7638.nex+GENE_TIGR01020.nex+GENE_TIGR03628.nex+GENE_TIGR03671.nex
 896 LG+F+I+G4    312371.341  4.786       GENE_gtdb_PF00687.16.nex+GENE_gtdb_PF00827.12.nex+GENE_gtdb_PF01157.13.nex+GENE_gtdb_PF01200.13.nex+GENE_TIGR00037.nex+GENE_TIGR00279.nex+GENE_TIGR00982.nex+GENE_TIGR01025.nex+GENE_TIGR01038.nex+GENE_TIGR01171.nex+GENE_TIGR03673.nex	0h:0m:18s (0h:0m:0s left)
 897 LG+F+I+G4    312384.483  4.786       GENE_gtdb_PF00687.16.nex+GENE_gtdb_PF01157.13.nex+GENE_TIGR00037.nex+GENE_TIGR00279.nex+GENE_TIGR01038.nex+GENE_TIGR01171.nex+GENE_TIGR02236.nex	0h:0m:18s (0h:0m:0s left)
 898 LG+F+I+G4    312336.453  4.786       GENE_gtdb_PF00687.16.nex+GENE_gtdb_PF01157.13.nex+GENE_TIGR00037.nex+GENE_TIGR00279.nex+GENE_TIGR01038.nex+GENE_TIGR01171.nex+GENE_TIGR03627.nex	0h:0m:18s (0h:0m:0s left)
 899 LG+F+I+G4    312315.274  2.936       GENE_TIGR01052.nex+GENE_TIGR02389.nex	0h:0m:18s (0h:0m:0s left)
 900 LG+F+I+G4    312351.557  4.786       GENE_gtdb_PF00687.16.nex+GENE_gtdb_PF01157.13.nex+GENE_TIGR00037.nex+GENE_TIGR00279.nex+GENE_TIGR01038.nex+GENE_TIGR01171.nex+GENE_TIGR02065.nex	0h:0m:18s (0h:0m:0s left)
 901 LG+I+G4      312339.584  4.786       GENE_TIGR02065.nex+GENE_TIGR02236.nex	0h:0m:18s (0h:0m:0s left)
 902 LG+F+I+G4    312345.868  4.786       GENE_gtdb_PF00827.12.nex+GENE_gtdb_PF01200.13.nex+GENE_TIGR00982.nex+GENE_TIGR01025.nex+GENE_TIGR03627.nex+GENE_TIGR03673.nex	0h:0m:18s (0h:0m:0s left)
 903 LG+F+I+G4    312363.281  4.786       GENE_gtdb_PF00687.16.nex+GENE_gtdb_PF01157.13.nex+GENE_OG8696.nex+GENE_TIGR00037.nex+GENE_TIGR00279.nex+GENE_TIGR00307.nex+GENE_TIGR01038.nex+GENE_TIGR01171.nex+GENE_TIGR03653.nex+GENE_TIGR03680.nex	0h:0m:18s (0h:0m:0s left)
 904 LG+F+I+G4    312333.688  4.786       GENE_gtdb_PF00410.14.nex+GENE_TIGR03627.nex	0h:0m:18s (0h:0m:0s left)
 905 LG+F+I+G4    312370.785  4.786       GENE_gtdb_PF01000.21.nex+GENE_gtdb_PF04919.7.nex+GENE_gtdb_PF07541.7.nex+GENE_TIGR00291.nex+GENE_TIGR01046.nex+GENE_TIGR03627.nex+GENE_TIGR03636.nex+GENE_TIGR03665.nex	0h:0m:18s (0h:0m:0s left)
 906 LG+I+G4      312346.200  4.786       GENE_gtdb_PF00410.14.nex+GENE_TIGR02236.nex	0h:0m:18s (0h:0m:0s left)
 907 LG+F+I+G4    312336.197  4.786       GENE_gtdb_PF00687.16.nex+GENE_gtdb_PF01157.13.nex+GENE_TIGR00037.nex+GENE_TIGR00279.nex+GENE_TIGR01028.nex+GENE_TIGR01038.nex+GENE_TIGR01171.nex	0h:0m:18s (0h:0m:0s left)
 908 LG+F+I+G4    312428.123  4.786       GENE_gtdb_PF00687.16.nex+GENE_gtdb_PF01000.21.nex+GENE_gtdb_PF01157.13.nex+GENE_gtdb_PF04919.7.nex+GENE_gtdb_PF07541.7.nex+GENE_TIGR00037.nex+GENE_TIGR00279.nex+GENE_TIGR00291.nex+GENE_TIGR01038.nex+GENE_TIGR01046.nex+GENE_TIGR01171.nex+GENE_TIGR03636.nex+GENE_TIGR03665.nex	0h:0m:18s (0h:0m:0s left)
 909 LG+F+I+G4    312392.374  4.786       GENE_gtdb_PF00827.12.nex+GENE_gtdb_PF01200.13.nex+GENE_TIGR00982.nex+GENE_TIGR01025.nex+GENE_TIGR02236.nex+GENE_TIGR03673.nex	0h:0m:18s (0h:0m:0s left)
 910 LG+F+I+G4    312367.601  4.786       GENE_gtdb_PF00827.12.nex+GENE_gtdb_PF01200.13.nex+GENE_TIGR00982.nex+GENE_TIGR01025.nex+GENE_TIGR02065.nex+GENE_TIGR03673.nex	0h:0m:18s (0h:0m:0s left)
 911 LG+I+G4      312339.207  4.786       GENE_TIGR01028.nex+GENE_TIGR03627.nex	0h:0m:19s (0h:0m:0s left)
 912 LG+F+I+G4    312363.302  4.786       GENE_gtdb_PF00900.15.nex+GENE_gtdb_PF01015.13.nex+GENE_gtdb_PF01866.12.nex+GENE_TIGR01008.nex+GENE_TIGR01012.nex+GENE_TIGR03627.nex	0h:0m:19s (0h:0m:0s left)
 913 LG+I+G4      312346.574  4.786       GENE_TIGR01028.nex+GENE_TIGR02236.nex	0h:0m:19s (0h:0m:0s left)
 914 LG+F+I+G4    312482.282  4.786       GENE_gtdb_PF00827.12.nex+GENE_gtdb_PF01000.21.nex+GENE_gtdb_PF01200.13.nex+GENE_gtdb_PF04919.7.nex+GENE_gtdb_PF07541.7.nex+GENE_TIGR00291.nex+GENE_TIGR00982.nex+GENE_TIGR01025.nex+GENE_TIGR01046.nex+GENE_TIGR03636.nex+GENE_TIGR03665.nex+GENE_TIGR03673.nex	0h:0m:19s (0h:0m:0s left)
 915 LG+F+I+G4    312380.272  4.786       GENE_gtdb_PF00687.16.nex+GENE_gtdb_PF00900.15.nex+GENE_gtdb_PF01015.13.nex+GENE_gtdb_PF01157.13.nex+GENE_gtdb_PF01866.12.nex+GENE_TIGR00037.nex+GENE_TIGR00279.nex+GENE_TIGR01008.nex+GENE_TIGR01012.nex+GENE_TIGR01038.nex+GENE_TIGR01171.nex	0h:0m:19s (0h:0m:0s left)
 916 LG+F+I+G4    312468.169  4.786       GENE_gtdb_PF00900.15.nex+GENE_gtdb_PF01015.13.nex+GENE_gtdb_PF01866.12.nex+GENE_TIGR01008.nex+GENE_TIGR01012.nex+GENE_TIGR02236.nex	0h:0m:19s (0h:0m:0s left)
 917 LG+F+I+G4    312382.789  4.786       GENE_gtdb_PF00827.12.nex+GENE_gtdb_PF01200.13.nex+GENE_OG8696.nex+GENE_TIGR00307.nex+GENE_TIGR00982.nex+GENE_TIGR01025.nex+GENE_TIGR03653.nex+GENE_TIGR03673.nex+GENE_TIGR03680.nex	0h:0m:19s (0h:0m:0s left)
 918 LG+F+I+G4    312343.579  4.786       GENE_gtdb_PF00410.14.nex+GENE_TIGR02065.nex	0h:0m:19s (0h:0m:0s left)
 919 LG+F+I+G4    312365.119  4.786       GENE_gtdb_PF00466.15.nex+GENE_gtdb_PF00687.16.nex+GENE_gtdb_PF01157.13.nex+GENE_TIGR00037.nex+GENE_TIGR00279.nex+GENE_TIGR01038.nex+GENE_TIGR01171.nex	0h:0m:19s (0h:0m:0s left)
 920 LG+I+G4      312343.108  4.786       GENE_TIGR01028.nex+GENE_TIGR02065.nex	0h:0m:19s (0h:0m:0s left)
 921 LG+F+I+G4    312384.826  4.786       GENE_gtdb_PF00687.16.nex+GENE_gtdb_PF01157.13.nex+GENE_TIGR00037.nex+GENE_TIGR00279.nex+GENE_TIGR01038.nex+GENE_TIGR01171.nex+GENE_TIGR03670.nex	0h:0m:19s (0h:0m:0s left)
 922 LG+F+I+G4    312399.415  4.786       GENE_gtdb_PF00900.15.nex+GENE_gtdb_PF01015.13.nex+GENE_gtdb_PF01866.12.nex+GENE_TIGR01008.nex+GENE_TIGR01012.nex+GENE_TIGR02065.nex	0h:0m:19s (0h:0m:0s left)
 923 LG+F+I+G4    312351.926  4.786       GENE_gtdb_PF00827.12.nex+GENE_gtdb_PF01200.13.nex+GENE_TIGR00982.nex+GENE_TIGR01025.nex+GENE_TIGR01028.nex+GENE_TIGR03673.nex	0h:0m:19s (0h:0m:0s left)
 924 LG+F+I+G4    312379.392  4.786       GENE_gtdb_PF00687.16.nex+GENE_gtdb_PF01157.13.nex+GENE_gtdb_PF01280.15.nex+GENE_TIGR00037.nex+GENE_TIGR00279.nex+GENE_TIGR01038.nex+GENE_TIGR01171.nex+GENE_TIGR03629.nex+GENE_TIGR03676.nex	0h:0m:19s (0h:0m:0s left)
 925 LG+F+I+G4    312333.513  4.786       GENE_gtdb_PF00466.15.nex+GENE_gtdb_PF01000.21.nex+GENE_gtdb_PF04919.7.nex+GENE_gtdb_PF07541.7.nex+GENE_TIGR00291.nex+GENE_TIGR01046.nex+GENE_TIGR03636.nex+GENE_TIGR03665.nex	0h:0m:19s (0h:0m:0s left)
 926 LG+F+I+G4    312328.160  4.786       GENE_gtdb_PF00410.14.nex+GENE_TIGR01028.nex	0h:0m:19s (0h:0m:0s left)
 927 LG+F+I+G4    312345.777  4.786       GENE_gtdb_PF03874.11.nex+GENE_TIGR00405.nex+GENE_TIGR00491.nex+GENE_TIGR01158.nex+GENE_TIGR02397.nex+GENE_TIGR02928.nex+GENE_TIGR03627.nex	0h:0m:19s (0h:0m:0s left)
 928 LG+F+I+G4    312424.875  4.786       GENE_gtdb_PF00466.15.nex+GENE_gtdb_PF00827.12.nex+GENE_gtdb_PF01200.13.nex+GENE_TIGR00982.nex+GENE_TIGR01025.nex+GENE_TIGR03673.nex	0h:0m:19s (0h:0m:0s left)
 929 LG+F+I+G4    312398.129  4.786       GENE_gtdb_PF03874.11.nex+GENE_TIGR00405.nex+GENE_TIGR00491.nex+GENE_TIGR01158.nex+GENE_TIGR02236.nex+GENE_TIGR02397.nex+GENE_TIGR02928.nex	0h:0m:20s (0h:0m:0s left)
 930 LG+F+I+G4    312391.966  4.786       GENE_gtdb_PF00900.15.nex+GENE_gtdb_PF01015.13.nex+GENE_gtdb_PF01866.12.nex+GENE_OG8696.nex+GENE_TIGR00307.nex+GENE_TIGR01008.nex+GENE_TIGR01012.nex+GENE_TIGR03653.nex+GENE_TIGR03680.nex	0h:0m:20s (0h:0m:0s left)
 931 LG+F+I+G4    312452.487  4.786       GENE_gtdb_PF00827.12.nex+GENE_gtdb_PF00900.15.nex+GENE_gtdb_PF01015.13.nex+GENE_gtdb_PF01200.13.nex+GENE_gtdb_PF01866.12.nex+GENE_TIGR00982.nex+GENE_TIGR01008.nex+GENE_TIGR01012.nex+GENE_TIGR01025.nex+GENE_TIGR03673.nex	0h:0m:20s (0h:0m:0s left)
 932 LG+F+I+G4    312359.938  4.786       GENE_gtdb_PF00900.15.nex+GENE_gtdb_PF01015.13.nex+GENE_gtdb_PF01866.12.nex+GENE_TIGR01008.nex+GENE_TIGR01012.nex+GENE_TIGR01028.nex	0h:0m:20s (0h:0m:0s left)
 933 LG+F+I+G4    312345.096  4.786       GENE_TIGR02065.nex+GENE_TIGR03670.nex	0h:0m:20s (0h:0m:0s left)
 934 LG+F+I+G4    312404.077  4.786       GENE_gtdb_PF00827.12.nex+GENE_gtdb_PF01200.13.nex+GENE_TIGR00982.nex+GENE_TIGR01025.nex+GENE_TIGR03670.nex+GENE_TIGR03673.nex	0h:0m:20s (0h:0m:0s left)
 935 LG+F+I+G4    312325.028  4.786       GENE_gtdb_PF00466.15.nex+GENE_gtdb_PF00900.15.nex+GENE_gtdb_PF01015.13.nex+GENE_gtdb_PF01866.12.nex+GENE_TIGR01008.nex+GENE_TIGR01012.nex	0h:0m:20s (0h:0m:0s left)
 936 LG+F+I+G4    312426.335  4.786       GENE_gtdb_PF00687.16.nex+GENE_gtdb_PF01157.13.nex+GENE_gtdb_PF03874.11.nex+GENE_TIGR00037.nex+GENE_TIGR00279.nex+GENE_TIGR00405.nex+GENE_TIGR00491.nex+GENE_TIGR01038.nex+GENE_TIGR01158.nex+GENE_TIGR01171.nex+GENE_TIGR02397.nex+GENE_TIGR02928.nex	0h:0m:20s (0h:0m:0s left)
 937 LG+F+I+G4    312359.274  4.786       GENE_gtdb_PF03874.11.nex+GENE_TIGR00405.nex+GENE_TIGR00491.nex+GENE_TIGR01158.nex+GENE_TIGR02065.nex+GENE_TIGR02397.nex+GENE_TIGR02928.nex	0h:0m:20s (0h:0m:0s left)
 938 LG+F+I+G4    312401.437  4.786       GENE_gtdb_PF01000.21.nex+GENE_gtdb_PF04919.7.nex+GENE_gtdb_PF07541.7.nex+GENE_TIGR00291.nex+GENE_TIGR01046.nex+GENE_TIGR03636.nex+GENE_TIGR03665.nex+GENE_TIGR03670.nex	0h:0m:20s (0h:0m:0s left)
 939 LG+F+I+G4    312368.821  4.786       GENE_gtdb_PF00827.12.nex+GENE_gtdb_PF01200.13.nex+GENE_gtdb_PF01280.15.nex+GENE_TIGR00982.nex+GENE_TIGR01025.nex+GENE_TIGR03629.nex+GENE_TIGR03673.nex+GENE_TIGR03676.nex	0h:0m:20s (0h:0m:0s left)
 940 LG+F+I+G4    312341.293  4.786       GENE_gtdb_PF00900.15.nex+GENE_gtdb_PF01000.21.nex+GENE_gtdb_PF01015.13.nex+GENE_gtdb_PF01866.12.nex+GENE_gtdb_PF04919.7.nex+GENE_gtdb_PF07541.7.nex+GENE_TIGR00291.nex+GENE_TIGR01008.nex+GENE_TIGR01012.nex+GENE_TIGR01046.nex+GENE_TIGR03636.nex+GENE_TIGR03665.nex	0h:0m:20s (0h:0m:0s left)
 941 LG+F+I+G4    312366.627  4.786       GENE_gtdb_PF03874.11.nex+GENE_OG8696.nex+GENE_TIGR00307.nex+GENE_TIGR00405.nex+GENE_TIGR00491.nex+GENE_TIGR01158.nex+GENE_TIGR02397.nex+GENE_TIGR02928.nex+GENE_TIGR03653.nex+GENE_TIGR03680.nex	0h:0m:20s (0h:0m:0s left)
 942 LG+F+I+G4    312377.742  4.786       GENE_gtdb_PF00900.15.nex+GENE_gtdb_PF01015.13.nex+GENE_gtdb_PF01280.15.nex+GENE_gtdb_PF01866.12.nex+GENE_TIGR01008.nex+GENE_TIGR01012.nex+GENE_TIGR03629.nex+GENE_TIGR03676.nex	0h:0m:20s (0h:0m:0s left)
 943 LG+F+I+G4    312324.240  4.786       GENE_gtdb_PF00410.14.nex+GENE_TIGR03670.nex	0h:0m:20s (0h:0m:0s left)
 944 LG+F+I+G4    312344.321  4.786       GENE_TIGR01028.nex+GENE_TIGR03670.nex	0h:0m:21s (0h:0m:0s left)
 945 LG+F+I+G4    312400.352  3.696       GENE_gtdb_PF01655.13.nex+GENE_gtdb_PF04104.9.nex+GENE_gtdb_PF13656.1.nex+GENE_TIGR02390.nex	0h:0m:21s (0h:0m:0s left)
 946 LG+F+I+G4    312349.609  4.786       GENE_gtdb_PF03874.11.nex+GENE_TIGR00405.nex+GENE_TIGR00491.nex+GENE_TIGR01028.nex+GENE_TIGR01158.nex+GENE_TIGR02397.nex+GENE_TIGR02928.nex	0h:0m:21s (0h:0m:0s left)
 947 LG+F+I+G4    312386.623  3.696       GENE_gtdb_PF01655.13.nex+GENE_gtdb_PF04104.9.nex+GENE_gtdb_PF13656.1.nex+GENE_TIGR00293.nex+GENE_TIGR02338.nex	0h:0m:21s (0h:0m:0s left)
 948 LG+F+I+G4    312401.587  4.786       GENE_gtdb_PF00900.15.nex+GENE_gtdb_PF01015.13.nex+GENE_gtdb_PF01866.12.nex+GENE_gtdb_PF03874.11.nex+GENE_TIGR00405.nex+GENE_TIGR00491.nex+GENE_TIGR01008.nex+GENE_TIGR01012.nex+GENE_TIGR01158.nex+GENE_TIGR02397.nex+GENE_TIGR02928.nex	0h:0m:21s (0h:0m:0s left)
 949 LG+F+I+G4    312494.439  4.786       GENE_gtdb_PF00827.12.nex+GENE_gtdb_PF01200.13.nex+GENE_gtdb_PF03874.11.nex+GENE_TIGR00405.nex+GENE_TIGR00491.nex+GENE_TIGR00982.nex+GENE_TIGR01025.nex+GENE_TIGR01158.nex+GENE_TIGR02397.nex+GENE_TIGR02928.nex+GENE_TIGR03673.nex	0h:0m:21s (0h:0m:0s left)
 950 LG+F+I+G4    312362.460  4.786       GENE_gtdb_PF01280.15.nex+GENE_TIGR03629.nex+GENE_TIGR03670.nex+GENE_TIGR03676.nex	0h:0m:21s (0h:0m:0s left)
 951 LG+F+I+G4    312399.402  4.786       GENE_gtdb_PF00900.15.nex+GENE_gtdb_PF01015.13.nex+GENE_gtdb_PF01866.12.nex+GENE_TIGR01008.nex+GENE_TIGR01012.nex+GENE_TIGR03670.nex	0h:0m:21s (0h:0m:0s left)
 952 LG+F+I+G4    312371.790  4.786       GENE_gtdb_PF03874.11.nex+GENE_TIGR00405.nex+GENE_TIGR00491.nex+GENE_TIGR01158.nex+GENE_TIGR02397.nex+GENE_TIGR02928.nex+GENE_TIGR03670.nex	0h:0m:21s (0h:0m:0s left)
 953 LG+F+I+G4    312362.635  4.786       GENE_gtdb_PF00466.15.nex+GENE_gtdb_PF01280.15.nex+GENE_TIGR03629.nex+GENE_TIGR03676.nex	0h:0m:21s (0h:0m:0s left)
 954 LG+F+I+G4    312397.628  4.026       GENE_gtdb_PF01798.13.nex+GENE_OG9906.nex+GENE_TIGR00483.nex	0h:0m:21s (0h:0m:0s left)
 955 LG+F+I+G4    312346.098  4.026       GENE_gtdb_PF01798.13.nex+GENE_OG9906.nex+GENE_TIGR00111.nex	0h:0m:21s (0h:0m:0s left)
 956 LG+F+I+G4    312337.031  4.786       GENE_gtdb_PF00466.15.nex+GENE_gtdb_PF03874.11.nex+GENE_TIGR00405.nex+GENE_TIGR00491.nex+GENE_TIGR01158.nex+GENE_TIGR02397.nex+GENE_TIGR02928.nex	0h:0m:21s (0h:0m:0s left)
5 compatible better partition pairs found
Merging GENE_TIGR01052.nex+GENE_TIGR02389.nex with AIC score: 312315.274 (LnL: -155527.637  df: 630)
Merging GENE_gtdb_PF00410.14.nex+GENE_TIGR03670.nex with AIC score: 312298.949 (LnL: -155540.474  df: 609)
Merging GENE_gtdb_PF00466.15.nex+GENE_gtdb_PF00900.15.nex+GENE_gtdb_PF01015.13.nex+GENE_gtdb_PF01866.12.nex+GENE_TIGR01008.nex+GENE_TIGR01012.nex with AIC score: 312283.412 (LnL: -155553.706  df: 588)
Merging GENE_gtdb_PF00687.16.nex+GENE_gtdb_PF01157.13.nex+GENE_TIGR00037.nex+GENE_TIGR00279.nex+GENE_TIGR01028.nex+GENE_TIGR01038.nex+GENE_TIGR01171.nex with AIC score: 312279.044 (LnL: -155553.522  df: 586)
Merging GENE_TIGR02065.nex+GENE_TIGR02236.nex with AIC score: 312278.063 (LnL: -155555.032  df: 584)
 957 LG+F+I+G4    2.781       GENE_gtdb_PF02006.11.nex+GENE_OG5172.nex+GENE_TIGR01213.nex
 958 LG+F+I+G4    4.786       GENE_OG8696.nex+GENE_TIGR00307.nex+GENE_TIGR03627.nex+GENE_TIGR03653.nex+GENE_TIGR03680.nex
 959 LG+F+I+G4    3.696       GENE_gtdb_PF01655.13.nex+GENE_gtdb_PF04104.9.nex+GENE_gtdb_PF13656.1.nex+GENE_TIGR00293.nex+GENE_TIGR02338.nex
 960 LG+I+G4      2.781       GENE_gtdb_PF01090.14.nex+GENE_gtdb_PF02006.11.nex
 961 LG+F+I+G4    4.026       GENE_gtdb_PF01798.13.nex+GENE_OG9906.nex+GENE_TIGR00111.nex
 962 LG+F+I+G4    4.026       GENE_gtdb_PF01798.13.nex+GENE_OG9906.nex+GENE_TIGR00483.nex
 963 LG+F+I+G4    4.786       GENE_gtdb_PF00827.12.nex+GENE_gtdb_PF01200.13.nex+GENE_gtdb_PF01280.15.nex+GENE_TIGR00982.nex+GENE_TIGR01025.nex+GENE_TIGR03629.nex+GENE_TIGR03673.nex+GENE_TIGR03676.nex
 964 LG+F+I+G4    4.786       GENE_gtdb_PF00827.12.nex+GENE_gtdb_PF01000.21.nex+GENE_gtdb_PF01200.13.nex+GENE_gtdb_PF04919.7.nex+GENE_gtdb_PF07541.7.nex+GENE_TIGR00291.nex+GENE_TIGR00982.nex+GENE_TIGR01025.nex+GENE_TIGR01046.nex+GENE_TIGR03636.nex+GENE_TIGR03665.nex+GENE_TIGR03673.nex
 965 LG+F+I+G4    4.786       GENE_gtdb_PF03874.11.nex+GENE_OG8696.nex+GENE_TIGR00307.nex+GENE_TIGR00405.nex+GENE_TIGR00491.nex+GENE_TIGR01158.nex+GENE_TIGR02397.nex+GENE_TIGR02928.nex+GENE_TIGR03653.nex+GENE_TIGR03680.nex
 966 LG+F+I+G4    4.786       GENE_gtdb_PF01000.21.nex+GENE_gtdb_PF04919.7.nex+GENE_gtdb_PF07541.7.nex+GENE_TIGR00291.nex+GENE_TIGR01046.nex+GENE_TIGR03627.nex+GENE_TIGR03636.nex+GENE_TIGR03665.nex
 967 LG+F+I+G4    3.911       GENE_TIGR00134.nex+GENE_TIGR00448.nex+GENE_TIGR01018.nex+GENE_TIGR03722.nex
 968 LG+F+I+G4    4.786       GENE_gtdb_PF00827.12.nex+GENE_gtdb_PF01200.13.nex+GENE_gtdb_PF03874.11.nex+GENE_TIGR00405.nex+GENE_TIGR00491.nex+GENE_TIGR00982.nex+GENE_TIGR01025.nex+GENE_TIGR01158.nex+GENE_TIGR02397.nex+GENE_TIGR02928.nex+GENE_TIGR03673.nex
 969 LG+F+I+G4    3.696       GENE_TIGR00293.nex+GENE_TIGR02338.nex+GENE_TIGR02390.nex
 970 LG+F+I+G4    4.786       GENE_gtdb_PF00827.12.nex+GENE_gtdb_PF01200.13.nex+GENE_OG8696.nex+GENE_TIGR00307.nex+GENE_TIGR00982.nex+GENE_TIGR01025.nex+GENE_TIGR03653.nex+GENE_TIGR03673.nex+GENE_TIGR03680.nex
 971 LG+F+I+G4    3.696       GENE_gtdb_PF01655.13.nex+GENE_gtdb_PF04104.9.nex+GENE_gtdb_PF13656.1.nex+GENE_TIGR02390.nex
 972 LG+F+I+G4    2.781       GENE_gtdb_PF01090.14.nex+GENE_OG5172.nex+GENE_TIGR01213.nex
 973 LG+F+I+G4    4.786       GENE_gtdb_PF03874.11.nex+GENE_TIGR00405.nex+GENE_TIGR00491.nex+GENE_TIGR01158.nex+GENE_TIGR02397.nex+GENE_TIGR02928.nex+GENE_TIGR03627.nex
 974 LG+F+I+G4    3.862       GENE_gtdb_PF01092.14.nex+GENE_OG7638.nex+GENE_TIGR01020.nex+GENE_TIGR03628.nex+GENE_TIGR03671.nex
 975 LG+F+I+G4    4.026       GENE_TIGR00111.nex+GENE_TIGR00483.nex
 976 LG+F+I+G4    4.786       GENE_gtdb_PF00827.12.nex+GENE_gtdb_PF01200.13.nex+GENE_TIGR00982.nex+GENE_TIGR01025.nex+GENE_TIGR03627.nex+GENE_TIGR03673.nex
 977 LG+F+I+G4    312271.503  4.786       GENE_gtdb_PF00687.16.nex+GENE_gtdb_PF01157.13.nex+GENE_TIGR00037.nex+GENE_TIGR00279.nex+GENE_TIGR01028.nex+GENE_TIGR01038.nex+GENE_TIGR01171.nex+GENE_TIGR03627.nex	0h:0m:21s (0h:0m:0s left)
 978 LG+F+I+G4    312256.659  3.870       GENE_arCOG01228.nex+GENE_arCOG01574.nex+GENE_TIGR00064.nex+GENE_TIGR03626.nex+GENE_TIGR03672.nex	0h:0m:21s (0h:0m:0s left)
 979 LG+F+I+G4    312308.539  4.786       GENE_gtdb_PF00410.14.nex+GENE_gtdb_PF00687.16.nex+GENE_gtdb_PF01157.13.nex+GENE_TIGR00037.nex+GENE_TIGR00279.nex+GENE_TIGR01028.nex+GENE_TIGR01038.nex+GENE_TIGR01171.nex+GENE_TIGR03670.nex	0h:0m:21s (0h:0m:0s left)
 980 LG+F+I+G4    312283.336  4.786       GENE_gtdb_PF00410.14.nex+GENE_TIGR03627.nex+GENE_TIGR03670.nex	0h:0m:21s (0h:0m:0s left)
 981 LG+F+I+G4    312336.355  4.786       GENE_gtdb_PF00410.14.nex+GENE_gtdb_PF00827.12.nex+GENE_gtdb_PF01200.13.nex+GENE_TIGR00982.nex+GENE_TIGR01025.nex+GENE_TIGR03670.nex+GENE_TIGR03673.nex	0h:0m:21s (0h:0m:0s left)
 982 LG+F+I+G4    312299.689  4.786       GENE_gtdb_PF00687.16.nex+GENE_gtdb_PF01157.13.nex+GENE_OG8696.nex+GENE_TIGR00037.nex+GENE_TIGR00279.nex+GENE_TIGR00307.nex+GENE_TIGR01028.nex+GENE_TIGR01038.nex+GENE_TIGR01171.nex+GENE_TIGR03653.nex+GENE_TIGR03680.nex	0h:0m:21s (0h:0m:0s left)
 983 LG+F+I+G4    312316.624  4.786       GENE_gtdb_PF00687.16.nex+GENE_gtdb_PF01157.13.nex+GENE_TIGR00037.nex+GENE_TIGR00279.nex+GENE_TIGR01028.nex+GENE_TIGR01038.nex+GENE_TIGR01171.nex+GENE_TIGR02065.nex+GENE_TIGR02236.nex	0h:0m:22s (0h:0m:0s left)
 984 LG+F+I+G4    312303.153  4.786       GENE_gtdb_PF00410.14.nex+GENE_OG8696.nex+GENE_TIGR00307.nex+GENE_TIGR03653.nex+GENE_TIGR03670.nex+GENE_TIGR03680.nex	0h:0m:22s (0h:0m:0s left)
 985 LG+F+I+G4    312310.051  4.786       GENE_gtdb_PF00687.16.nex+GENE_gtdb_PF00827.12.nex+GENE_gtdb_PF01157.13.nex+GENE_gtdb_PF01200.13.nex+GENE_TIGR00037.nex+GENE_TIGR00279.nex+GENE_TIGR00982.nex+GENE_TIGR01025.nex+GENE_TIGR01028.nex+GENE_TIGR01038.nex+GENE_TIGR01171.nex+GENE_TIGR03673.nex	0h:0m:22s (0h:0m:0s left)
 986 LG+F+I+G4    312302.152  4.786       GENE_gtdb_PF00466.15.nex+GENE_gtdb_PF00900.15.nex+GENE_gtdb_PF01015.13.nex+GENE_gtdb_PF01866.12.nex+GENE_TIGR01008.nex+GENE_TIGR01012.nex+GENE_TIGR03627.nex	0h:0m:22s (0h:0m:0s left)
 987 LG+F+I+G4    312364.445  4.786       GENE_gtdb_PF00687.16.nex+GENE_gtdb_PF01157.13.nex+GENE_gtdb_PF03874.11.nex+GENE_TIGR00037.nex+GENE_TIGR00279.nex+GENE_TIGR00405.nex+GENE_TIGR00491.nex+GENE_TIGR01028.nex+GENE_TIGR01038.nex+GENE_TIGR01158.nex+GENE_TIGR01171.nex+GENE_TIGR02397.nex+GENE_TIGR02928.nex	0h:0m:22s (0h:0m:0s left)
 988 LG+F+I+G4    312341.914  4.786       GENE_gtdb_PF00466.15.nex+GENE_gtdb_PF00687.16.nex+GENE_gtdb_PF00900.15.nex+GENE_gtdb_PF01015.13.nex+GENE_gtdb_PF01157.13.nex+GENE_gtdb_PF01866.12.nex+GENE_TIGR00037.nex+GENE_TIGR00279.nex+GENE_TIGR01008.nex+GENE_TIGR01012.nex+GENE_TIGR01028.nex+GENE_TIGR01038.nex+GENE_TIGR01171.nex	0h:0m:22s (0h:0m:0s left)
 989 LG+F+I+G4    312310.962  4.786       GENE_gtdb_PF00687.16.nex+GENE_gtdb_PF01157.13.nex+GENE_gtdb_PF01280.15.nex+GENE_TIGR00037.nex+GENE_TIGR00279.nex+GENE_TIGR01028.nex+GENE_TIGR01038.nex+GENE_TIGR01171.nex+GENE_TIGR03629.nex+GENE_TIGR03676.nex	0h:0m:22s (0h:0m:0s left)
 990 LG+F+I+G4    312302.544  4.786       GENE_gtdb_PF00410.14.nex+GENE_gtdb_PF03874.11.nex+GENE_TIGR00405.nex+GENE_TIGR00491.nex+GENE_TIGR01158.nex+GENE_TIGR02397.nex+GENE_TIGR02928.nex+GENE_TIGR03670.nex	0h:0m:22s (0h:0m:0s left)
 991 LG+F+I+G4    312421.738  4.786       GENE_gtdb_PF00466.15.nex+GENE_gtdb_PF00827.12.nex+GENE_gtdb_PF00900.15.nex+GENE_gtdb_PF01015.13.nex+GENE_gtdb_PF01200.13.nex+GENE_gtdb_PF01866.12.nex+GENE_TIGR00982.nex+GENE_TIGR01008.nex+GENE_TIGR01012.nex+GENE_TIGR01025.nex+GENE_TIGR03673.nex	0h:0m:22s (0h:0m:0s left)
 992 LG+I+G4      312275.359  4.786       GENE_TIGR02065.nex+GENE_TIGR02236.nex+GENE_TIGR03627.nex	0h:0m:22s (0h:0m:0s left)
 993 LG+F+I+G4    312338.044  4.786       GENE_gtdb_PF00410.14.nex+GENE_gtdb_PF00466.15.nex+GENE_gtdb_PF00900.15.nex+GENE_gtdb_PF01015.13.nex+GENE_gtdb_PF01866.12.nex+GENE_TIGR01008.nex+GENE_TIGR01012.nex+GENE_TIGR03670.nex	0h:0m:22s (0h:0m:0s left)
 994 LG+F+I+G4    312338.902  4.786       GENE_gtdb_PF00827.12.nex+GENE_gtdb_PF01200.13.nex+GENE_TIGR00982.nex+GENE_TIGR01025.nex+GENE_TIGR02065.nex+GENE_TIGR02236.nex+GENE_TIGR03673.nex	0h:0m:22s (0h:0m:0s left)
 995 LG+F+I+G4    312303.550  4.786       GENE_gtdb_PF00410.14.nex+GENE_TIGR02065.nex+GENE_TIGR02236.nex+GENE_TIGR03670.nex	0h:0m:23s (0h:0m:0s left)
 996 LG+F+I+G4    312373.866  4.786       GENE_gtdb_PF00687.16.nex+GENE_gtdb_PF01000.21.nex+GENE_gtdb_PF01157.13.nex+GENE_gtdb_PF04919.7.nex+GENE_gtdb_PF07541.7.nex+GENE_TIGR00037.nex+GENE_TIGR00279.nex+GENE_TIGR00291.nex+GENE_TIGR01028.nex+GENE_TIGR01038.nex+GENE_TIGR01046.nex+GENE_TIGR01171.nex+GENE_TIGR03636.nex+GENE_TIGR03665.nex	0h:0m:23s (0h:0m:0s left)
 997 LG+F+I+G4    312327.637  4.786       GENE_gtdb_PF00410.14.nex+GENE_gtdb_PF01000.21.nex+GENE_gtdb_PF04919.7.nex+GENE_gtdb_PF07541.7.nex+GENE_TIGR00291.nex+GENE_TIGR01046.nex+GENE_TIGR03636.nex+GENE_TIGR03665.nex+GENE_TIGR03670.nex	0h:0m:23s (0h:0m:0s left)
 998 LG+F+I+G4    312332.325  4.786       GENE_OG8696.nex+GENE_TIGR00307.nex+GENE_TIGR02065.nex+GENE_TIGR02236.nex+GENE_TIGR03653.nex+GENE_TIGR03680.nex	0h:0m:23s (0h:0m:0s left)
 999 LG+F+I+G4    312279.475  4.786       GENE_gtdb_PF01280.15.nex+GENE_TIGR03627.nex+GENE_TIGR03629.nex+GENE_TIGR03676.nex	0h:0m:23s (0h:0m:0s left)
1000 LG+F+I+G4    312337.678  4.786       GENE_gtdb_PF00466.15.nex+GENE_gtdb_PF00900.15.nex+GENE_gtdb_PF01015.13.nex+GENE_gtdb_PF01866.12.nex+GENE_OG8696.nex+GENE_TIGR00307.nex+GENE_TIGR01008.nex+GENE_TIGR01012.nex+GENE_TIGR03653.nex+GENE_TIGR03680.nex	0h:0m:23s (0h:0m:0s left)
1001 LG+F+I+G4    312341.569  4.786       GENE_gtdb_PF00466.15.nex+GENE_gtdb_PF00900.15.nex+GENE_gtdb_PF01015.13.nex+GENE_gtdb_PF01866.12.nex+GENE_gtdb_PF03874.11.nex+GENE_TIGR00405.nex+GENE_TIGR00491.nex+GENE_TIGR01008.nex+GENE_TIGR01012.nex+GENE_TIGR01158.nex+GENE_TIGR02397.nex+GENE_TIGR02928.nex	0h:0m:23s (0h:0m:0s left)
1002 LG+F+I+G4    312282.452  4.786       GENE_gtdb_PF00466.15.nex+GENE_gtdb_PF00900.15.nex+GENE_gtdb_PF01000.21.nex+GENE_gtdb_PF01015.13.nex+GENE_gtdb_PF01866.12.nex+GENE_gtdb_PF04919.7.nex+GENE_gtdb_PF07541.7.nex+GENE_TIGR00291.nex+GENE_TIGR01008.nex+GENE_TIGR01012.nex+GENE_TIGR01046.nex+GENE_TIGR03636.nex+GENE_TIGR03665.nex	0h:0m:24s (0h:0m:0s left)
1003 LG+F+I+G4    312289.166  4.786       GENE_gtdb_PF00410.14.nex+GENE_gtdb_PF01280.15.nex+GENE_TIGR03629.nex+GENE_TIGR03670.nex+GENE_TIGR03676.nex	0h:0m:24s (0h:0m:0s left)
1004 LG+F+I+G4    312345.127  4.786       GENE_gtdb_PF03874.11.nex+GENE_TIGR00405.nex+GENE_TIGR00491.nex+GENE_TIGR01158.nex+GENE_TIGR02065.nex+GENE_TIGR02236.nex+GENE_TIGR02397.nex+GENE_TIGR02928.nex	0h:0m:24s (0h:0m:0s left)
1005 LG+F+I+G4    312294.931  4.786       GENE_gtdb_PF01280.15.nex+GENE_OG8696.nex+GENE_TIGR00307.nex+GENE_TIGR03629.nex+GENE_TIGR03653.nex+GENE_TIGR03676.nex+GENE_TIGR03680.nex	0h:0m:24s (0h:0m:0s left)
1006 LG+F+I+G4    312417.895  4.786       GENE_gtdb_PF01000.21.nex+GENE_gtdb_PF04919.7.nex+GENE_gtdb_PF07541.7.nex+GENE_TIGR00291.nex+GENE_TIGR01046.nex+GENE_TIGR02065.nex+GENE_TIGR02236.nex+GENE_TIGR03636.nex+GENE_TIGR03665.nex	0h:0m:24s (0h:0m:0s left)
1007 LG+F+I+G4    312294.215  4.786       GENE_gtdb_PF01000.21.nex+GENE_gtdb_PF03874.11.nex+GENE_gtdb_PF04919.7.nex+GENE_gtdb_PF07541.7.nex+GENE_TIGR00291.nex+GENE_TIGR00405.nex+GENE_TIGR00491.nex+GENE_TIGR01046.nex+GENE_TIGR01158.nex+GENE_TIGR02397.nex+GENE_TIGR02928.nex+GENE_TIGR03636.nex+GENE_TIGR03665.nex	0h:0m:24s (0h:0m:0s left)
1008 LG+F+I+G4    312327.708  4.786       GENE_gtdb_PF00466.15.nex+GENE_gtdb_PF00900.15.nex+GENE_gtdb_PF01015.13.nex+GENE_gtdb_PF01280.15.nex+GENE_gtdb_PF01866.12.nex+GENE_TIGR01008.nex+GENE_TIGR01012.nex+GENE_TIGR03629.nex+GENE_TIGR03676.nex	0h:0m:24s (0h:0m:0s left)
1009 LG+F+I+G4    312335.600  4.786       GENE_gtdb_PF01280.15.nex+GENE_TIGR02065.nex+GENE_TIGR02236.nex+GENE_TIGR03629.nex+GENE_TIGR03676.nex	0h:0m:24s (0h:0m:0s left)
1010 LG+F+I+G4    312313.940  4.786       GENE_gtdb_PF01280.15.nex+GENE_gtdb_PF03874.11.nex+GENE_TIGR00405.nex+GENE_TIGR00491.nex+GENE_TIGR01158.nex+GENE_TIGR02397.nex+GENE_TIGR02928.nex+GENE_TIGR03629.nex+GENE_TIGR03676.nex	0h:0m:24s (0h:0m:0s left)
1011 LG+F+I+G4    312443.484  4.786       GENE_gtdb_PF00466.15.nex+GENE_gtdb_PF00900.15.nex+GENE_gtdb_PF01015.13.nex+GENE_gtdb_PF01866.12.nex+GENE_TIGR01008.nex+GENE_TIGR01012.nex+GENE_TIGR02065.nex+GENE_TIGR02236.nex	0h:0m:24s (0h:0m:0s left)
1012 LG+F+I+G4    312311.621  4.786       GENE_gtdb_PF01000.21.nex+GENE_gtdb_PF01280.15.nex+GENE_gtdb_PF04919.7.nex+GENE_gtdb_PF07541.7.nex+GENE_TIGR00291.nex+GENE_TIGR01046.nex+GENE_TIGR03629.nex+GENE_TIGR03636.nex+GENE_TIGR03665.nex+GENE_TIGR03676.nex	0h:0m:24s (0h:0m:0s left)
2 compatible better partition pairs found
Merging GENE_arCOG01228.nex+GENE_arCOG01574.nex+GENE_TIGR00064.nex+GENE_TIGR03626.nex+GENE_TIGR03672.nex with AIC score: 312256.659 (LnL: -155565.329  df: 563)
Merging GENE_gtdb_PF00687.16.nex+GENE_gtdb_PF01157.13.nex+GENE_TIGR00037.nex+GENE_TIGR00279.nex+GENE_TIGR01028.nex+GENE_TIGR01038.nex+GENE_TIGR01171.nex+GENE_TIGR03627.nex with AIC score: 312250.099 (LnL: -155564.049  df: 561)
1013 LG+F+I+G4    4.786       GENE_gtdb_PF00410.14.nex+GENE_gtdb_PF00466.15.nex+GENE_gtdb_PF00900.15.nex+GENE_gtdb_PF01015.13.nex+GENE_gtdb_PF01866.12.nex+GENE_TIGR01008.nex+GENE_TIGR01012.nex+GENE_TIGR03670.nex
1014 LG+F+I+G4    4.786       GENE_gtdb_PF00410.14.nex+GENE_gtdb_PF00827.12.nex+GENE_gtdb_PF01200.13.nex+GENE_TIGR00982.nex+GENE_TIGR01025.nex+GENE_TIGR03670.nex+GENE_TIGR03673.nex
1015 LG+F+I+G4    4.786       GENE_gtdb_PF00827.12.nex+GENE_gtdb_PF01200.13.nex+GENE_gtdb_PF01280.15.nex+GENE_TIGR00982.nex+GENE_TIGR01025.nex+GENE_TIGR03629.nex+GENE_TIGR03673.nex+GENE_TIGR03676.nex
1016 LG+F+I+G4    2.781       GENE_gtdb_PF02006.11.nex+GENE_OG5172.nex+GENE_TIGR01213.nex
1017 LG+F+I+G4    4.786       GENE_gtdb_PF00410.14.nex+GENE_gtdb_PF01280.15.nex+GENE_TIGR03629.nex+GENE_TIGR03670.nex+GENE_TIGR03676.nex
1018 LG+F+I+G4    4.786       GENE_gtdb_PF00827.12.nex+GENE_gtdb_PF01000.21.nex+GENE_gtdb_PF01200.13.nex+GENE_gtdb_PF04919.7.nex+GENE_gtdb_PF07541.7.nex+GENE_TIGR00291.nex+GENE_TIGR00982.nex+GENE_TIGR01025.nex+GENE_TIGR01046.nex+GENE_TIGR03636.nex+GENE_TIGR03665.nex+GENE_TIGR03673.nex
1019 LG+F+I+G4    4.786       GENE_gtdb_PF00410.14.nex+GENE_gtdb_PF03874.11.nex+GENE_TIGR00405.nex+GENE_TIGR00491.nex+GENE_TIGR01158.nex+GENE_TIGR02397.nex+GENE_TIGR02928.nex+GENE_TIGR03670.nex
1020 LG+F+I+G4    4.786       GENE_gtdb_PF03874.11.nex+GENE_OG8696.nex+GENE_TIGR00307.nex+GENE_TIGR00405.nex+GENE_TIGR00491.nex+GENE_TIGR01158.nex+GENE_TIGR02397.nex+GENE_TIGR02928.nex+GENE_TIGR03653.nex+GENE_TIGR03680.nex
1021 LG+F+I+G4    4.786       GENE_gtdb_PF00410.14.nex+GENE_OG8696.nex+GENE_TIGR00307.nex+GENE_TIGR03653.nex+GENE_TIGR03670.nex+GENE_TIGR03680.nex
1022 LG+F+I+G4    4.786       GENE_gtdb_PF03874.11.nex+GENE_TIGR00405.nex+GENE_TIGR00491.nex+GENE_TIGR01158.nex+GENE_TIGR02065.nex+GENE_TIGR02236.nex+GENE_TIGR02397.nex+GENE_TIGR02928.nex
1023 LG+F+I+G4    4.786       GENE_gtdb_PF00410.14.nex+GENE_gtdb_PF01000.21.nex+GENE_gtdb_PF04919.7.nex+GENE_gtdb_PF07541.7.nex+GENE_TIGR00291.nex+GENE_TIGR01046.nex+GENE_TIGR03636.nex+GENE_TIGR03665.nex+GENE_TIGR03670.nex
1024 LG+F+I+G4    4.786       GENE_OG8696.nex+GENE_TIGR00307.nex+GENE_TIGR02065.nex+GENE_TIGR02236.nex+GENE_TIGR03653.nex+GENE_TIGR03680.nex
1025 LG+F+I+G4    4.786       GENE_gtdb_PF00466.15.nex+GENE_gtdb_PF00900.15.nex+GENE_gtdb_PF01015.13.nex+GENE_gtdb_PF01866.12.nex+GENE_TIGR01008.nex+GENE_TIGR01012.nex+GENE_TIGR02065.nex+GENE_TIGR02236.nex
1026 LG+F+I+G4    4.786       GENE_gtdb_PF00410.14.nex+GENE_TIGR02065.nex+GENE_TIGR02236.nex+GENE_TIGR03670.nex
1027 LG+F+I+G4    3.696       GENE_TIGR00293.nex+GENE_TIGR02338.nex+GENE_TIGR02390.nex
1028 LG+F+I+G4    4.026       GENE_TIGR00111.nex+GENE_TIGR00483.nex
1029 LG+F+I+G4    4.786       GENE_gtdb_PF00466.15.nex+GENE_gtdb_PF00900.15.nex+GENE_gtdb_PF01015.13.nex+GENE_gtdb_PF01866.12.nex+GENE_OG8696.nex+GENE_TIGR00307.nex+GENE_TIGR01008.nex+GENE_TIGR01012.nex+GENE_TIGR03653.nex+GENE_TIGR03680.nex
1030 LG+F+I+G4    4.786       GENE_gtdb_PF00466.15.nex+GENE_gtdb_PF00827.12.nex+GENE_gtdb_PF00900.15.nex+GENE_gtdb_PF01015.13.nex+GENE_gtdb_PF01200.13.nex+GENE_gtdb_PF01866.12.nex+GENE_TIGR00982.nex+GENE_TIGR01008.nex+GENE_TIGR01012.nex+GENE_TIGR01025.nex+GENE_TIGR03673.nex
1031 LG+F+I+G4    4.786       GENE_gtdb_PF00466.15.nex+GENE_gtdb_PF00900.15.nex+GENE_gtdb_PF01000.21.nex+GENE_gtdb_PF01015.13.nex+GENE_gtdb_PF01866.12.nex+GENE_gtdb_PF04919.7.nex+GENE_gtdb_PF07541.7.nex+GENE_TIGR00291.nex+GENE_TIGR01008.nex+GENE_TIGR01012.nex+GENE_TIGR01046.nex+GENE_TIGR03636.nex+GENE_TIGR03665.nex
1032 LG+F+I+G4    4.786       GENE_gtdb_PF00466.15.nex+GENE_gtdb_PF00900.15.nex+GENE_gtdb_PF01015.13.nex+GENE_gtdb_PF01866.12.nex+GENE_gtdb_PF03874.11.nex+GENE_TIGR00405.nex+GENE_TIGR00491.nex+GENE_TIGR01008.nex+GENE_TIGR01012.nex+GENE_TIGR01158.nex+GENE_TIGR02397.nex+GENE_TIGR02928.nex
1033 LG+F+I+G4    3.911       GENE_TIGR00134.nex+GENE_TIGR00448.nex+GENE_TIGR01018.nex+GENE_TIGR03722.nex
1034 LG+F+I+G4    4.786       GENE_gtdb_PF00466.15.nex+GENE_gtdb_PF00900.15.nex+GENE_gtdb_PF01015.13.nex+GENE_gtdb_PF01280.15.nex+GENE_gtdb_PF01866.12.nex+GENE_TIGR01008.nex+GENE_TIGR01012.nex+GENE_TIGR03629.nex+GENE_TIGR03676.nex
1035 LG+F+I+G4    4.786       GENE_gtdb_PF01280.15.nex+GENE_gtdb_PF03874.11.nex+GENE_TIGR00405.nex+GENE_TIGR00491.nex+GENE_TIGR01158.nex+GENE_TIGR02397.nex+GENE_TIGR02928.nex+GENE_TIGR03629.nex+GENE_TIGR03676.nex
1036 LG+F+I+G4    3.696       GENE_gtdb_PF01655.13.nex+GENE_gtdb_PF04104.9.nex+GENE_gtdb_PF13656.1.nex+GENE_TIGR00293.nex+GENE_TIGR02338.nex
1037 LG+F+I+G4    4.786       GENE_gtdb_PF01280.15.nex+GENE_TIGR02065.nex+GENE_TIGR02236.nex+GENE_TIGR03629.nex+GENE_TIGR03676.nex
1038 LG+F+I+G4    4.786       GENE_gtdb_PF01000.21.nex+GENE_gtdb_PF03874.11.nex+GENE_gtdb_PF04919.7.nex+GENE_gtdb_PF07541.7.nex+GENE_TIGR00291.nex+GENE_TIGR00405.nex+GENE_TIGR00491.nex+GENE_TIGR01046.nex+GENE_TIGR01158.nex+GENE_TIGR02397.nex+GENE_TIGR02928.nex+GENE_TIGR03636.nex+GENE_TIGR03665.nex
1039 LG+F+I+G4    4.786       GENE_gtdb_PF01000.21.nex+GENE_gtdb_PF04919.7.nex+GENE_gtdb_PF07541.7.nex+GENE_TIGR00291.nex+GENE_TIGR01046.nex+GENE_TIGR02065.nex+GENE_TIGR02236.nex+GENE_TIGR03636.nex+GENE_TIGR03665.nex
1040 LG+F+I+G4    4.786       GENE_gtdb_PF01280.15.nex+GENE_OG8696.nex+GENE_TIGR00307.nex+GENE_TIGR03629.nex+GENE_TIGR03653.nex+GENE_TIGR03676.nex+GENE_TIGR03680.nex
1041 LG+F+I+G4    3.696       GENE_gtdb_PF01655.13.nex+GENE_gtdb_PF04104.9.nex+GENE_gtdb_PF13656.1.nex+GENE_TIGR02390.nex
1042 LG+F+I+G4    4.786       GENE_gtdb_PF01000.21.nex+GENE_gtdb_PF01280.15.nex+GENE_gtdb_PF04919.7.nex+GENE_gtdb_PF07541.7.nex+GENE_TIGR00291.nex+GENE_TIGR01046.nex+GENE_TIGR03629.nex+GENE_TIGR03636.nex+GENE_TIGR03665.nex+GENE_TIGR03676.nex
1043 LG+F+I+G4    4.026       GENE_gtdb_PF01798.13.nex+GENE_OG9906.nex+GENE_TIGR00111.nex
1044 LG+F+I+G4    4.786       GENE_gtdb_PF00827.12.nex+GENE_gtdb_PF01200.13.nex+GENE_TIGR00982.nex+GENE_TIGR01025.nex+GENE_TIGR02065.nex+GENE_TIGR02236.nex+GENE_TIGR03673.nex
1045 LG+F+I+G4    4.026       GENE_gtdb_PF01798.13.nex+GENE_OG9906.nex+GENE_TIGR00483.nex
1046 LG+I+G4      2.781       GENE_gtdb_PF01090.14.nex+GENE_gtdb_PF02006.11.nex
1047 LG+F+I+G4    2.781       GENE_gtdb_PF01090.14.nex+GENE_OG5172.nex+GENE_TIGR01213.nex
1048 LG+F+I+G4    4.786       GENE_gtdb_PF00827.12.nex+GENE_gtdb_PF01200.13.nex+GENE_OG8696.nex+GENE_TIGR00307.nex+GENE_TIGR00982.nex+GENE_TIGR01025.nex+GENE_TIGR03653.nex+GENE_TIGR03673.nex+GENE_TIGR03680.nex
1049 LG+F+I+G4    4.786       GENE_gtdb_PF00827.12.nex+GENE_gtdb_PF01200.13.nex+GENE_gtdb_PF03874.11.nex+GENE_TIGR00405.nex+GENE_TIGR00491.nex+GENE_TIGR00982.nex+GENE_TIGR01025.nex+GENE_TIGR01158.nex+GENE_TIGR02397.nex+GENE_TIGR02928.nex+GENE_TIGR03673.nex
1050 LG+F+I+G4    2.773       GENE_gtdb_PF01984.15.nex+GENE_TIGR00373.nex+GENE_TIGR00522.nex
1051 LG+F+I+G4    3.862       GENE_gtdb_PF01092.14.nex+GENE_OG7638.nex+GENE_TIGR01020.nex+GENE_TIGR03628.nex+GENE_TIGR03671.nex
1052 LG+F+I+G4    312281.725  4.786       GENE_gtdb_PF00410.14.nex+GENE_gtdb_PF00687.16.nex+GENE_gtdb_PF01157.13.nex+GENE_TIGR00037.nex+GENE_TIGR00279.nex+GENE_TIGR01028.nex+GENE_TIGR01038.nex+GENE_TIGR01171.nex+GENE_TIGR03627.nex+GENE_TIGR03670.nex	0h:0m:25s (0h:0m:0s left)
1053 LG+F+I+G4    312285.750  4.786       GENE_gtdb_PF00687.16.nex+GENE_gtdb_PF01157.13.nex+GENE_TIGR00037.nex+GENE_TIGR00279.nex+GENE_TIGR01028.nex+GENE_TIGR01038.nex+GENE_TIGR01171.nex+GENE_TIGR02065.nex+GENE_TIGR02236.nex+GENE_TIGR03627.nex	0h:0m:25s (0h:0m:0s left)
1054 LG+F+I+G4    312274.736  4.786       GENE_gtdb_PF00687.16.nex+GENE_gtdb_PF01157.13.nex+GENE_OG8696.nex+GENE_TIGR00037.nex+GENE_TIGR00279.nex+GENE_TIGR00307.nex+GENE_TIGR01028.nex+GENE_TIGR01038.nex+GENE_TIGR01171.nex+GENE_TIGR03627.nex+GENE_TIGR03653.nex+GENE_TIGR03680.nex	0h:0m:25s (0h:0m:0s left)
1055 LG+F+I+G4    312325.401  4.786       GENE_gtdb_PF00466.15.nex+GENE_gtdb_PF00687.16.nex+GENE_gtdb_PF00900.15.nex+GENE_gtdb_PF01015.13.nex+GENE_gtdb_PF01157.13.nex+GENE_gtdb_PF01866.12.nex+GENE_TIGR00037.nex+GENE_TIGR00279.nex+GENE_TIGR01008.nex+GENE_TIGR01012.nex+GENE_TIGR01028.nex+GENE_TIGR01038.nex+GENE_TIGR01171.nex+GENE_TIGR03627.nex	0h:0m:25s (0h:0m:0s left)
1056 LG+F+I+G4    312283.621  4.786       GENE_gtdb_PF00687.16.nex+GENE_gtdb_PF00827.12.nex+GENE_gtdb_PF01157.13.nex+GENE_gtdb_PF01200.13.nex+GENE_TIGR00037.nex+GENE_TIGR00279.nex+GENE_TIGR00982.nex+GENE_TIGR01025.nex+GENE_TIGR01028.nex+GENE_TIGR01038.nex+GENE_TIGR01171.nex+GENE_TIGR03627.nex+GENE_TIGR03673.nex	0h:0m:25s (0h:0m:0s left)
1057 LG+F+I+G4    312282.974  4.786       GENE_gtdb_PF00687.16.nex+GENE_gtdb_PF01157.13.nex+GENE_gtdb_PF01280.15.nex+GENE_TIGR00037.nex+GENE_TIGR00279.nex+GENE_TIGR01028.nex+GENE_TIGR01038.nex+GENE_TIGR01171.nex+GENE_TIGR03627.nex+GENE_TIGR03629.nex+GENE_TIGR03676.nex	0h:0m:25s (0h:0m:0s left)
1058 LG+F+I+G4    312338.446  4.786       GENE_gtdb_PF00687.16.nex+GENE_gtdb_PF01157.13.nex+GENE_gtdb_PF03874.11.nex+GENE_TIGR00037.nex+GENE_TIGR00279.nex+GENE_TIGR00405.nex+GENE_TIGR00491.nex+GENE_TIGR01028.nex+GENE_TIGR01038.nex+GENE_TIGR01158.nex+GENE_TIGR01171.nex+GENE_TIGR02397.nex+GENE_TIGR02928.nex+GENE_TIGR03627.nex	0h:0m:25s (0h:0m:0s left)
1059 LG+F+I+G4    312360.092  4.786       GENE_gtdb_PF00687.16.nex+GENE_gtdb_PF01000.21.nex+GENE_gtdb_PF01157.13.nex+GENE_gtdb_PF04919.7.nex+GENE_gtdb_PF07541.7.nex+GENE_TIGR00037.nex+GENE_TIGR00279.nex+GENE_TIGR00291.nex+GENE_TIGR01028.nex+GENE_TIGR01038.nex+GENE_TIGR01046.nex+GENE_TIGR01171.nex+GENE_TIGR03627.nex+GENE_TIGR03636.nex+GENE_TIGR03665.nex	0h:0m:25s (0h:0m:0s left)
1060 LG+F+I+G4    312284.338  4.786       GENE_gtdb_PF01000.21.nex+GENE_gtdb_PF04919.7.nex+GENE_gtdb_PF07541.7.nex+GENE_OG8696.nex+GENE_TIGR00291.nex+GENE_TIGR00307.nex+GENE_TIGR01046.nex+GENE_TIGR03636.nex+GENE_TIGR03653.nex+GENE_TIGR03665.nex+GENE_TIGR03680.nex	0h:0m:25s (0h:0m:0s left)
Agglomerative model selection: (((GENE_arCOG01228.nex,GENE_arCOG01574.nex)39:312410,((GENE_TIGR00064.nex,GENE_TIGR03626.nex)33:312471,GENE_TIGR03672.nex)40:312393)52:312257,(GENE_gtdb_PF00410.14.nex,GENE_TIGR03670.nex)48:312299,(GENE_gtdb_PF00466.15.nex,((GENE_gtdb_PF00900.15.nex,GENE_gtdb_PF01866.12.nex)35:312464,((GENE_gtdb_PF01015.13.nex,GENE_TIGR01008.nex)2:313065,GENE_TIGR01012.nex)24:312627)46:312341)49:312283,((((GENE_gtdb_PF00687.16.nex,GENE_TIGR01171.nex)31:312489,((GENE_gtdb_PF01157.13.nex,GENE_TIGR01038.nex)6:312941,(GENE_TIGR00037.nex,GENE_TIGR00279.nex)22:312687)29:312519)41:312379,GENE_TIGR01028.nex)50:312279,GENE_TIGR03627.nex)53:312250,((GENE_gtdb_PF00827.12.nex,(GENE_TIGR00982.nex,GENE_TIGR01025.nex)16:312740)23:312653,(GENE_gtdb_PF01200.13.nex,GENE_TIGR03673.nex)7:312915)44:312349,(((GENE_gtdb_PF01000.21.nex,GENE_gtdb_PF07541.7.nex)5:312972,(GENE_TIGR00291.nex,GENE_TIGR03636.nex)3:313034)26:312582,((GENE_gtdb_PF04919.7.nex,GENE_TIGR03665.nex)11:312826,GENE_TIGR01046.nex)28:312539)37:312444,GENE_gtdb_PF01090.14.nex,((GENE_gtdb_PF01092.14.nex,GENE_TIGR03628.nex)21:312690,(GENE_OG7638.nex,GENE_TIGR01020.nex)8:312892)27:312560,((GENE_gtdb_PF01269.12.nex,GENE_TIGR00335.nex)10:312848,GENE_TIGR00323.nex)34:312467,((GENE_gtdb_PF01280.15.nex,GENE_TIGR03629.nex)36:312463,GENE_TIGR03676.nex)38:312427,(GENE_gtdb_PF01655.13.nex,(GENE_gtdb_PF04104.9.nex,GENE_gtdb_PF13656.1.nex)18:312715)45:312343,(GENE_gtdb_PF01798.13.nex,GENE_OG9906.nex)43:312357,GENE_gtdb_PF01984.15.nex,GENE_gtdb_PF02006.11.nex,(((GENE_gtdb_PF03874.11.nex,GENE_TIGR02397.nex)14:312771,(GENE_TIGR00491.nex,GENE_TIGR01158.nex)4:313002)32:312479,(GENE_TIGR00405.nex,GENE_TIGR02928.nex)9:312869)42:312368,(GENE_OG5172.nex,GENE_TIGR01213.nex)17:312726,((GENE_OG8696.nex,GENE_TIGR03653.nex)1:313100,(GENE_TIGR00307.nex,GENE_TIGR03680.nex)12:312807)25:312604,GENE_TIGR00111.nex,(GENE_TIGR00134.nex,(GENE_TIGR00448.nex,GENE_TIGR01018.nex)20:312695)30:312503,(GENE_TIGR00293.nex,GENE_TIGR02338.nex)13:312788,GENE_TIGR00308.nex,(GENE_TIGR00373.nex,GENE_TIGR00522.nex)15:312753,(GENE_TIGR00425.nex,GENE_TIGR03674.nex)19:312704,GENE_TIGR00483.nex,GENE_TIGR00967.nex,(GENE_TIGR01052.nex,GENE_TIGR02389.nex)47:312315,GENE_TIGR01952.nex,(GENE_TIGR02065.nex,GENE_TIGR02236.nex)51:312278,GENE_TIGR02390.nex,GENE_TIGR03671.nex,GENE_TIGR03722.nex)
Merging into 31 partitions...
In ModelFinder: parallelization over partitions
1061 LG+F+G4      14351.023   4.786       GENE_gtdb_PF00410.14.nex+GENE_TIGR03670.nex	0h:1m:8s (0h:0m:-19s left)
1062 LG+F+G4      15224.065   4.786       GENE_OG8696.nex+GENE_TIGR00307.nex+GENE_TIGR03653.nex+GENE_TIGR03680.nex	0h:1m:10s (0h:0m:-19s left)
1063 BLOSUM62+F+I+G4 26791.436   4.786       GENE_gtdb_PF00466.15.nex+GENE_gtdb_PF00900.15.nex+GENE_gtdb_PF01015.13.nex+GENE_gtdb_PF01866.12.nex+GENE_TIGR01008.nex+GENE_TIGR01012.nex	0h:1m:14s (0h:0m:-20s left)
1064 LG+F+I+G4    29415.183   4.786       GENE_gtdb_PF03874.11.nex+GENE_TIGR00405.nex+GENE_TIGR00491.nex+GENE_TIGR01158.nex+GENE_TIGR02397.nex+GENE_TIGR02928.nex	0h:1m:15s (0h:0m:-21s left)
1065 LG+F+G4      13376.210   4.786       GENE_gtdb_PF01280.15.nex+GENE_TIGR03629.nex+GENE_TIGR03676.nex	0h:1m:17s (0h:0m:-21s left)
1066 LG+F+I+G4    24414.123   3.870       GENE_arCOG01228.nex+GENE_arCOG01574.nex+GENE_TIGR00064.nex+GENE_TIGR03626.nex+GENE_TIGR03672.nex	0h:1m:19s (0h:0m:-22s left)
1067 RTREV+F+G4   12223.012   4.786       GENE_gtdb_PF00827.12.nex+GENE_gtdb_PF01200.13.nex+GENE_TIGR00982.nex+GENE_TIGR01025.nex+GENE_TIGR03673.nex	0h:1m:19s (0h:0m:-22s left)
1068 Q.PFAM+F+I+G4 12027.498   3.911       GENE_TIGR00134.nex+GENE_TIGR00448.nex+GENE_TIGR01018.nex	0h:1m:20s (0h:0m:-22s left)
1069 LG+G4        9559.953    4.786       GENE_TIGR02065.nex+GENE_TIGR02236.nex	0h:1m:22s (0h:0m:-23s left)
1070 RTREV+F+I+G4 25403.251   4.786       GENE_gtdb_PF00687.16.nex+GENE_gtdb_PF01157.13.nex+GENE_TIGR00037.nex+GENE_TIGR00279.nex+GENE_TIGR01028.nex+GENE_TIGR01038.nex+GENE_TIGR01171.nex+GENE_TIGR03627.nex	0h:1m:22s (0h:0m:-23s left)
1071 LG+F+I+G4    9980.382    2.936       GENE_TIGR01052.nex+GENE_TIGR02389.nex	0h:1m:22s (0h:0m:-23s left)
1072 LG+F+G4      12941.449   3.696       GENE_TIGR02390.nex	0h:1m:23s (0h:0m:-23s left)
1073 RTREV+F+G4   6256.367    4.026       GENE_gtdb_PF01798.13.nex+GENE_OG9906.nex	0h:1m:23s (0h:0m:-23s left)
1074 LG+F+I+G4    24361.310   4.786       GENE_gtdb_PF01000.21.nex+GENE_gtdb_PF04919.7.nex+GENE_gtdb_PF07541.7.nex+GENE_TIGR00291.nex+GENE_TIGR01046.nex+GENE_TIGR03636.nex+GENE_TIGR03665.nex	0h:1m:24s (0h:0m:-24s left)
1075 LG+F+G4      7330.543    2.883       GENE_TIGR00425.nex+GENE_TIGR03674.nex	0h:1m:24s (0h:0m:-24s left)
1076 Q.PFAM+F+I   8070.816    2.992       GENE_gtdb_PF01269.12.nex+GENE_TIGR00323.nex+GENE_TIGR00335.nex	0h:1m:25s (0h:0m:-24s left)
1077 CPREV+F+G4   5071.082    2.773       GENE_TIGR00373.nex+GENE_TIGR00522.nex	0h:1m:26s (0h:0m:-24s left)
1078 VT+F         5670.540    4.026       GENE_TIGR00111.nex	0h:1m:26s (0h:0m:-24s left)
1079 LG+F+G4      9637.886    3.862       GENE_gtdb_PF01092.14.nex+GENE_OG7638.nex+GENE_TIGR01020.nex+GENE_TIGR03628.nex	0h:1m:26s (0h:0m:-24s left)
1080 LG+G4        3360.900    3.911       GENE_TIGR03722.nex	0h:1m:27s (0h:0m:-25s left)
1081 BLOSUM62+F+G4 3261.344    2.781       GENE_OG5172.nex+GENE_TIGR01213.nex	0h:1m:28s (0h:0m:-25s left)
1082 RTREV+F+I    4757.688    3.862       GENE_TIGR03671.nex	0h:1m:28s (0h:0m:-25s left)
1083 LG+F+G4      5017.779    3.103       GENE_TIGR00967.nex	0h:1m:28s (0h:0m:-25s left)
1084 VT+F         3863.727    3.696       GENE_TIGR00293.nex+GENE_TIGR02338.nex	0h:1m:28s (0h:0m:-25s left)
1085 LG+F+G4      5787.323    4.026       GENE_TIGR00483.nex	0h:1m:57s (0h:0m:-33s left)
1086 BLOSUM62+F+I 5838.161    3.696       GENE_gtdb_PF01655.13.nex+GENE_gtdb_PF04104.9.nex+GENE_gtdb_PF13656.1.nex	0h:1m:57s (0h:0m:-33s left)
1087 CPREV        762.400     2.781       GENE_gtdb_PF02006.11.nex	0h:1m:57s (0h:0m:-34s left)
1088 Q.INSECT+I   746.676     2.773       GENE_gtdb_PF01984.15.nex	0h:1m:58s (0h:0m:-34s left)
1089 Q.PFAM+G4    1270.792    2.781       GENE_gtdb_PF01090.14.nex	0h:1m:58s (0h:0m:-34s left)
1090 WAG+F+G4     3923.723    3.151       GENE_TIGR00308.nex	0h:1m:58s (0h:0m:-34s left)
1091 WAG+F        1256.010    2.822       GENE_TIGR01952.nex	0h:1m:58s (0h:0m:-34s left)
Best partition model AIC score: 311966.650 (LnL: -155448.325  df:535)
Partition information was printed to archaea5_q_mf.best_scheme.nex
Partition information in Raxml format was printed to archaea5_q_mf.best_scheme

All model information printed to archaea5_q_mf.model.gz
CPU time for ModelFinder: 297.558 seconds (0h:4m:57s)
Wall-clock time for ModelFinder: 121.687 seconds (0h:2m:1s)
WARNING: States(s) C, W rarely appear in partition GENE_gtdb_PF01984.15.nex and may cause numerical problems
WARNING: States(s) W rarely appear in partition GENE_TIGR00293.nex+GENE_TIGR02338.nex and may cause numerical problems
WARNING: States(s) W rarely appear in partition GENE_TIGR01952.nex and may cause numerical problems

NOTE: 35 MB RAM (0 GB) is required!
Estimate model parameters (epsilon = 0.010)
Initial log-likelihood: -155453.510
Current log-likelihood at step 1: -155447.446
Current log-likelihood at step 2: -155447.123
Current log-likelihood at step 3: -155447.055
Current log-likelihood at step 4: -155447.020
Current log-likelihood at step 5: -155447.000
Current log-likelihood at step 6: -155446.988
Current log-likelihood at step 7: -155446.982
Parameters optimization took 6 rounds (1.823 sec)

Wrote distance file to... 
Partition information was printed to archaea5_q_mf.best_model.nex
BEST SCORE FOUND : -155446.982
Total tree length: 4.802

Total number of iterations: 0
CPU time used for tree search: 0.000 sec (0h:0m:0s)
Wall-clock time used for tree search: 0.000 sec (0h:0m:0s)
Total CPU time used: 306.841 sec (0h:5m:6s)
Total wall-clock time used: 124.123 sec (0h:2m:4s)
Identifying sites to remove: done in 0.00142115 secs using 286.5% CPU
Identifying sites to remove: done in 0.000766445 secs using 99.29% CPU
Identifying sites to remove: done in 0.00116301 secs using 326.3% CPU
Identifying sites to remove: done in 0.00149667 secs using 159% CPU
Identifying sites to remove: done in 0.000456024 secs using 522.6% CPU
Identifying sites to remove: done in 0.00074587 secs using 283.4% CPU
Identifying sites to remove: done in 0.000712875 secs using 157.4% CPU
Identifying sites to remove: done in 0.000780791 secs using 99.13% CPU
Identifying sites to remove: done in 0.00076643 secs using 1120% CPU
Identifying sites to remove: done in 0.000694126 secs using 99.55% CPU
Identifying sites to remove: done in 0.01447 secs using 350.9% CPU
Identifying sites to remove: done in 0.0150363 secs using 348.3% CPU
Identifying sites to remove: done in 0.0149732 secs using 336% CPU
Identifying sites to remove: done in 0.000368439 secs using 99.34% CPU
Identifying sites to remove: done in 0.00032023 secs using 99.3% CPU
Identifying sites to remove: done in 0.00036218 secs using 99.4% CPU
Identifying sites to remove: done in 0.000343561 secs using 70.15% CPU
Identifying sites to remove: done in 0.000364352 secs using 518.5% CPU
Identifying sites to remove: done in 0.000317138 secs using 220.1% CPU
Identifying sites to remove: done in 0.000603363 secs using 284.2% CPU
Identifying sites to remove: done in 0.000564884 secs using 99.14% CPU
Identifying sites to remove: done in 0.00041876 secs using 182.9% CPU
Identifying sites to remove: done in 0.000526577 secs using 187.6% CPU
Identifying sites to remove: done in 0.000271499 secs using 99.08% CPU
Identifying sites to remove: done in 0.00027135 secs using 98.77% CPU
Identifying sites to remove: done in 0.000273049 secs using 862.1% CPU
Identifying sites to remove: done in 0.000326529 secs using 181.6% CPU
Identifying sites to remove: done in 0.000413768 secs using 1136% CPU
Identifying sites to remove: done in 0.000267677 secs using 1500% CPU
Identifying sites to remove: done in 0.000590801 secs using 493.2% CPU
Identifying sites to remove: done in 0.000321209 secs using 387.9% CPU
Identifying sites to remove: done in 0.000296451 secs using 530.3% CPU
Identifying sites to remove: done in 0.000336822 secs using 109.3% CPU
Identifying sites to remove: done in 0.000265509 secs using 989.8% CPU
Identifying sites to remove: done in 0.000599515 secs using 143.3% CPU
Identifying sites to remove: done in 0.000459421 secs using 1298% CPU
Identifying sites to remove: done in 0.000511512 secs using 195.5% CPU
Identifying sites to remove: done in 0.00052838 secs using 721.5% CPU
Identifying sites to remove: done in 0.00161417 secs using 407.9% CPU
Identifying sites to remove: done in 0.00047287 secs using 562.1% CPU
Identifying sites to remove: done in 0.000418246 secs using 99.46% CPU
Identifying sites to remove: done in 0.000340261 secs using 99.34% CPU
Identifying sites to remove: done in 0.000333264 secs using 184.5% CPU
Identifying sites to remove: done in 0.000742462 secs using 302.1% CPU
Identifying sites to remove: done in 0.000878137 secs using 288.8% CPU
Identifying sites to remove: done in 0.00113266 secs using 254% CPU
Identifying sites to remove: done in 0.000705525 secs using 485.7% CPU
Identifying sites to remove: done in 0.00064899 secs using 393.7% CPU
Identifying sites to remove: done in 0.00101485 secs using 169.9% CPU
Identifying sites to remove: done in 0.000689473 secs using 99.21% CPU
Identifying sites to remove: done in 0.000803605 secs using 345.8% CPU
Identifying sites to remove: done in 0.000656981 secs using 1211% CPU
Identifying sites to remove: done in 0.000673819 secs using 99.73% CPU
Identifying sites to remove: done in 0.000644706 secs using 432.8% CPU
Identifying sites to remove: done in 0.000969645 secs using 131.6% CPU
Identifying sites to remove: done in 0.000715949 secs using 99.73% CPU
Identifying sites to remove: done in 0.000727225 secs using 615.9% CPU
Identifying sites to remove: done in 0.00066654 secs using 482.3% CPU
Identifying sites to remove: done in 0.00058246 secs using 145.4% CPU
Identifying sites to remove: done in 0.00051187 secs using 2171% CPU
Identifying sites to remove: done in 0.000631705 secs using 1987% CPU
Identifying sites to remove: done in 0.000479814 secs using 99.62% CPU
Identifying sites to remove: done in 0.000570331 secs using 308.9% CPU
Identifying sites to remove: done in 0.000522945 secs using 116.1% CPU
Identifying sites to remove: done in 0.000568103 secs using 99.63% CPU
Identifying sites to remove: done in 0.000639796 secs using 280.6% CPU
Identifying sites to remove: done in 0.000797614 secs using 505.8% CPU
Identifying sites to remove: done in 0.00115194 secs using 230.8% CPU
Identifying sites to remove: done in 0.00060891 secs using 99.52% CPU
Identifying sites to remove: done in 0.000622828 secs using 510.4% CPU
Identifying sites to remove: done in 0.00076478 secs using 158.5% CPU
Identifying sites to remove: done in 0.000551254 secs using 99.77% CPU
Identifying sites to remove: done in 0.000663478 secs using 99.63% CPU
Identifying sites to remove: done in 0.000547566 secs using 99.53% CPU
Identifying sites to remove: done in 0.000769485 secs using 99.55% CPU
Identifying sites to remove: done in 0.000614073 secs using 1401% CPU
Identifying sites to remove: done in 0.000674225 secs using 99.52% CPU
Identifying sites to remove: done in 0.000548948 secs using 99.65% CPU
Identifying sites to remove: done in 0.000487898 secs using 99.61% CPU
Identifying sites to remove: done in 0.000642989 secs using 99.69% CPU
Identifying sites to remove: done in 0.000474464 secs using 99.48% CPU
Identifying sites to remove: done in 0.000475179 secs using 99.75% CPU
Identifying sites to remove: done in 0.00048155 secs using 99.68% CPU
Identifying sites to remove: done in 0.012589 secs using 352.7% CPU
Identifying sites to remove: done in 0.000481583 secs using 99.46% CPU
Identifying sites to remove: done in 0.000547051 secs using 412.9% CPU
Identifying sites to remove: done in 0.000474531 secs using 99.68% CPU
Identifying sites to remove: done in 0.000304017 secs using 301.3% CPU
Identifying sites to remove: done in 0.000309106 secs using 330% CPU
Identifying sites to remove: done in 0.000391476 secs using 289.9% CPU
Identifying sites to remove: done in 0.000307452 secs using 99.2% CPU
Identifying sites to remove: done in 0.000232186 secs using 99.06% CPU
Identifying sites to remove: done in 0.00029495 secs using 99.34% CPU
Identifying sites to remove: done in 0.000228096 secs using 99.08% CPU
Identifying sites to remove: done in 0.000296727 secs using 311.4% CPU
Identifying sites to remove: done in 0.000248015 secs using 122.6% CPU
Identifying sites to remove: done in 0.000264347 secs using 99.49% CPU
Identifying sites to remove: done in 0.000318818 secs using 99.43% CPU
Identifying sites to remove: done in 0.000322271 secs using 99.3% CPU
Identifying sites to remove: done in 0.000266172 secs using 1533% CPU
Identifying sites to remove: done in 0.000302721 secs using 307.2% CPU
Identifying sites to remove: done in 0.00025937 secs using 182.8% CPU
Identifying sites to remove: done in 0.000294983 secs using 579.7% CPU
Identifying sites to remove: done in 0.000361901 secs using 158.1% CPU
Identifying sites to remove: done in 0.000302691 secs using 99.44% CPU
Identifying sites to remove: done in 0.000302486 secs using 99.18% CPU
Identifying sites to remove: done in 0.000285693 secs using 99.41% CPU
Identifying sites to remove: done in 0.000287671 secs using 99.42% CPU
Identifying sites to remove: done in 0.000248231 secs using 99.1% CPU
Identifying sites to remove: done in 0.000573006 secs using 301.7% CPU
Identifying sites to remove: done in 0.000578508 secs using 313.7% CPU
Identifying sites to remove: done in 0.000643592 secs using 297.1% CPU
Identifying sites to remove: done in 0.00046825 secs using 419.6% CPU
Identifying sites to remove: done in 0.000589907 secs using 161.9% CPU
Identifying sites to remove: done in 0.000452247 secs using 99.72% CPU
Identifying sites to remove: done in 0.000540685 secs using 99.69% CPU
Identifying sites to remove: done in 0.000456065 secs using 202.4% CPU
Identifying sites to remove: done in 0.000523485 secs using 384.5% CPU
Identifying sites to remove: done in 0.000520062 secs using 282.3% CPU
Identifying sites to remove: done in 0.000561792 secs using 149.2% CPU
Identifying sites to remove: done in 0.000627298 secs using 99.63% CPU
Identifying sites to remove: done in 0.000678841 secs using 99.73% CPU
Identifying sites to remove: done in 0.00061021 secs using 99.8% CPU
Identifying sites to remove: done in 0.000528011 secs using 99.62% CPU
Identifying sites to remove: done in 0.000529632 secs using 99.5% CPU
Identifying sites to remove: done in 0.000532776 secs using 99.67% CPU
Identifying sites to remove: done in 0.000526529 secs using 99.52% CPU
Identifying sites to remove: done in 0.000530697 secs using 99.49% CPU
Identifying sites to remove: done in 0.000542182 secs using 99.78% CPU
Identifying sites to remove: done in 0.000491034 secs using 99.59% CPU
Identifying sites to remove: done in 0.000439044 secs using 99.76% CPU
Identifying sites to remove: done in 3.8445e-05 secs using 96.24% CPU
Identifying sites to remove: done in 9.82098e-05 secs using 599.7% CPU
Identifying sites to remove: done in 7.36713e-05 secs using 646.1% CPU
Identifying sites to remove: done in 5.70379e-05 secs using 94.67% CPU
Identifying sites to remove: done in 5.07012e-05 secs using 96.64% CPU
Identifying sites to remove: done in 5.90049e-05 secs using 96.6% CPU
Identifying sites to remove: done in 3.76292e-05 secs using 95.67% CPU
Identifying sites to remove: done in 0.000119939 secs using 98.38% CPU
Identifying sites to remove: done in 4.79482e-05 secs using 95.94% CPU
Identifying sites to remove: done in 4.73373e-05 secs using 95.06% CPU
Identifying sites to remove: done in 5.85169e-05 secs using 97.41% CPU
Identifying sites to remove: done in 4.1157e-05 secs using 97.19% CPU
Identifying sites to remove: done in 0.000267826 secs using 307.7% CPU
Identifying sites to remove: done in 0.000282601 secs using 301.8% CPU
Identifying sites to remove: done in 0.000276759 secs using 289.1% CPU
Identifying sites to remove: done in 0.00015213 secs using 178.8% CPU
Identifying sites to remove: done in 0.000227079 secs using 371.7% CPU
Identifying sites to remove: done in 0.000220012 secs using 99.09% CPU
Identifying sites to remove: done in 0.00021879 secs using 99.18% CPU
Identifying sites to remove: done in 0.000347689 secs using 452.4% CPU
Identifying sites to remove: done in 0.000226125 secs using 400.7% CPU
Identifying sites to remove: done in 0.000141583 secs using 216.1% CPU
Identifying sites to remove: done in 0.00034697 secs using 552.2% CPU
Identifying sites to remove: done in 0.000281785 secs using 99.37% CPU
Identifying sites to remove: done in 0.000242468 secs using 1313% CPU
Identifying sites to remove: done in 0.000274081 secs using 138.3% CPU
Identifying sites to remove: done in 0.000288855 secs using 233% CPU
Identifying sites to remove: done in 0.000239335 secs using 146.2% CPU
Identifying sites to remove: done in 0.000200167 secs using 98.92% CPU
Identifying sites to remove: done in 0.000185501 secs using 99.19% CPU
Identifying sites to remove: done in 0.000140894 secs using 98.66% CPU
Identifying sites to remove: done in 0.000144698 secs using 98.83% CPU
Identifying sites to remove: done in 0.000220194 secs using 305.6% CPU
Identifying sites to remove: done in 0.000179704 secs using 344.5% CPU
Identifying sites to remove: done in 0.00019177 secs using 305.6% CPU
Identifying sites to remove: done in 0.000165068 secs using 98.75% CPU
Identifying sites to remove: done in 0.000148937 secs using 98.7% CPU
Identifying sites to remove: done in 0.00017887 secs using 98.95% CPU
Identifying sites to remove: done in 0.000153344 secs using 1122% CPU
Identifying sites to remove: done in 0.000178207 secs using 379.9% CPU
Identifying sites to remove: done in 0.000153352 secs using 183.9% CPU
Identifying sites to remove: done in 0.000170797 secs using 98.95% CPU
Identifying sites to remove: done in 0.000152491 secs using 99.02% CPU
Identifying sites to remove: done in 0.000143945 secs using 1052% CPU
Identifying sites to remove: done in 0.000143494 secs using 98.96% CPU
Identifying sites to remove: done in 0.000347577 secs using 449.1% CPU
Identifying sites to remove: done in 0.000342719 secs using 464.5% CPU
Identifying sites to remove: done in 0.000343129 secs using 468% CPU
Identifying sites to remove: done in 0.000692595 secs using 201.6% CPU
Identifying sites to remove: done in 0.000301193 secs using 562.1% CPU
Identifying sites to remove: done in 0.000327006 secs using 306.4% CPU
Identifying sites to remove: done in 0.000306591 secs using 99.15% CPU
Identifying sites to remove: done in 0.00024496 secs using 99.2% CPU
Identifying sites to remove: done in 0.000238948 secs using 476.3% CPU
Identifying sites to remove: done in 0.000302974 secs using 177.9% CPU
Identifying sites to remove: done in 0.000316888 secs using 99.4% CPU
Identifying sites to remove: done in 0.000276726 secs using 382% CPU
Identifying sites to remove: done in 0.000253402 secs using 150.4% CPU
Identifying sites to remove: done in 0.000277277 secs using 427% CPU
Identifying sites to remove: done in 0.000311173 secs using 187.7% CPU
Identifying sites to remove: done in 0.000293203 secs using 418.8% CPU
Identifying sites to remove: done in 0.000274826 secs using 167% CPU
Identifying sites to remove: done in 0.000285078 secs using 99.27% CPU
Identifying sites to remove: done in 0.000290215 secs using 99.24% CPU
Identifying sites to remove: done in 0.00028858 secs using 99.45% CPU
Identifying sites to remove: done in 0.000377644 secs using 869.3% CPU
Identifying sites to remove: done in 0.000311837 secs using 99.41% CPU
Identifying sites to remove: done in 0.000225633 secs using 99.28% CPU
Identifying sites to remove: done in 0.000117831 secs using 98.45% CPU
Identifying sites to remove: done in 0.000153922 secs using 502.2% CPU
Identifying sites to remove: done in 0.000152819 secs using 155.7% CPU
Identifying sites to remove: done in 0.000111844 secs using 479.2% CPU
Identifying sites to remove: done in 0.000202894 secs using 993.1% CPU
Identifying sites to remove: done in 0.000142291 secs using 99.09% CPU
Identifying sites to remove: done in 0.000140492 secs using 506.1% CPU
Identifying sites to remove: done in 0.000166316 secs using 182.2% CPU
Identifying sites to remove: done in 0.000192963 secs using 99.5% CPU
Identifying sites to remove: done in 0.000180144 secs using 209.3% CPU
Identifying sites to remove: done in 0.000191152 secs using 191.5% CPU
Identifying sites to remove: done in 0.000153895 secs using 98.77% CPU
Identifying sites to remove: done in 0.00018641 secs using 98.17% CPU
Identifying sites to remove: done in 0.000189047 secs using 98.92% CPU
Identifying sites to remove: done in 0.00016753 secs using 99.09% CPU
Identifying sites to remove: done in 0.00018036 secs using 99.25% CPU
Identifying sites to remove: done in 0.000145067 secs using 99.26% CPU
Identifying sites to remove: done in 0.000115622 secs using 98.6% CPU
Identifying sites to remove: done in 0.000266798 secs using 98.95% CPU
Identifying sites to remove: done in 0.000182215 secs using 767.2% CPU
Identifying sites to remove: done in 0.0002027 secs using 451.9% CPU
Identifying sites to remove: done in 0.000200551 secs using 262.8% CPU
Identifying sites to remove: done in 0.000188436 secs using 717.5% CPU
Identifying sites to remove: done in 0.000127815 secs using 199.5% CPU
Identifying sites to remove: done in 0.000219684 secs using 471.1% CPU
Identifying sites to remove: done in 0.00012831 secs using 789.5% CPU
Identifying sites to remove: done in 0.000127919 secs using 297.1% CPU
Identifying sites to remove: done in 0.000211373 secs using 401.2% CPU
Identifying sites to remove: done in 0.000195485 secs using 98.73% CPU
Identifying sites to remove: done in 0.000177894 secs using 867.4% CPU
Identifying sites to remove: done in 0.000120934 secs using 203.4% CPU
Identifying sites to remove: done in 0.000112489 secs using 98.68% CPU
Identifying sites to remove: done in 0.000115242 secs using 1170% CPU
Identifying sites to remove: done in 0.000201494 secs using 116.6% CPU
Identifying sites to remove: done in 0.000104055 secs using 98.99% CPU
Identifying sites to remove: done in 0.000160404 secs using 99.12% CPU
Identifying sites to remove: done in 0.000155497 secs using 99.04% CPU
Identifying sites to remove: done in 6.34566e-05 secs using 107.2% CPU
Identifying sites to remove: done in 6.06254e-05 secs using 197.9% CPU
Identifying sites to remove: done in 3.55206e-05 secs using 945.9% CPU
Identifying sites to remove: done in 2.75411e-05 secs using 1151% CPU
Identifying sites to remove: done in 3.47085e-05 secs using 167.1% CPU
Identifying sites to remove: done in 2.37487e-05 secs using 762.1% CPU
Identifying sites to remove: done in 3.41684e-05 secs using 161% CPU
Identifying sites to remove: done in 2.33576e-05 secs using 94.19% CPU
Identifying sites to remove: done in 3.1583e-05 secs using 94.99% CPU
Identifying sites to remove: done in 2.72505e-05 secs using 95.41% CPU
Identifying sites to remove: done in 2.14875e-05 secs using 93.08% CPU
Identifying sites to remove: done in 2.5034e-05 secs using 91.88% CPU
Identifying sites to remove: done in 2.13496e-05 secs using 93.68% CPU
Identifying sites to remove: done in 5.79022e-05 secs using 96.71% CPU
Identifying sites to remove: done in 4.60446e-05 secs
Identifying sites to remove: done in 4.53778e-05 secs
Identifying sites to remove: done in 4.55268e-05 secs
Identifying sites to remove: done in 5.31152e-05 secs
Identifying sites to remove: done in 4.35822e-05 secs
Identifying sites to remove: done in 4.41484e-05 secs using 97.4% CPU
Identifying sites to remove: done in 3.46042e-05 secs using 95.36% CPU
Identifying sites to remove: done in 5.39422e-05 secs using 96.4% CPU
Identifying sites to remove: done in 5.21056e-05 secs using 95.96% CPU
Identifying sites to remove: done in 3.69437e-05 secs using 97.45% CPU
Identifying sites to remove: done in 4.52548e-05 secs using 97.23% CPU
Identifying sites to remove: done in 0.000914749 secs using 248.6% CPU
Identifying sites to remove: done in 0.000917468 secs using 199.2% CPU
Identifying sites to remove: done in 0.000567771 secs using 99.69% CPU
Identifying sites to remove: done in 0.000578642 secs using 204.8% CPU
Identifying sites to remove: done in 0.001026 secs using 242.8% CPU
Identifying sites to remove: done in 0.000538271 secs using 99.58% CPU
Identifying sites to remove: done in 0.000866912 secs using 99.66% CPU
Identifying sites to remove: done in 0.000923313 secs using 99.75% CPU
Identifying sites to remove: done in 0.000715967 secs using 99.86% CPU
Identifying sites to remove: done in 0.000538487 secs using 99.72% CPU
Identifying sites to remove: done in 0.000717547 secs using 323.9% CPU
Identifying sites to remove: done in 0.000545282 secs using 165.4% CPU
Identifying sites to remove: done in 0.00054178 secs using 201.9% CPU
Identifying sites to remove: done in 0.000758015 secs using 574.3% CPU
Identifying sites to remove: done in 0.000889823 secs using 117.8% CPU
Identifying sites to remove: done in 0.00054628 secs using 304.2% CPU
Identifying sites to remove: done in 0.00094337 secs using 300.4% CPU
Identifying sites to remove: done in 0.000861574 secs using 304% CPU
Identifying sites to remove: done in 0.000716202 secs using 99.69% CPU
Identifying sites to remove: done in 0.0148779 secs using 309.1% CPU
Identifying sites to remove: done in 0.000541914 secs using 487.7% CPU
Identifying sites to remove: done in 0.000531506 secs using 99.72% CPU
Identifying sites to remove: done in 7.80076e-05 secs using 633.3% CPU
Identifying sites to remove: done in 8.27648e-05 secs using 705.6% CPU
Identifying sites to remove: done in 0.000147872 secs using 317.8% CPU
Identifying sites to remove: done in 8.89637e-05 secs using 257.4% CPU
Identifying sites to remove: done in 0.000129443 secs using 305.9% CPU
Identifying sites to remove: done in 8.89488e-05 secs using 97.81% CPU
Identifying sites to remove: done in 0.000121113 secs using 98.26% CPU
Identifying sites to remove: done in 0.000118181 secs using 98.15% CPU
Identifying sites to remove: done in 8.91685e-05 secs using 97.57% CPU
Identifying sites to remove: done in 7.3906e-05 secs using 97.42% CPU
Identifying sites to remove: done in 0.000131007 secs using 238.2% CPU
Identifying sites to remove: done in 7.03037e-05 secs using 943.1% CPU
Identifying sites to remove: done in 0.000449937 secs using 181.4% CPU
Identifying sites to remove: done in 0.000512753 secs using 189.6% CPU
Identifying sites to remove: done in 0.00032999 secs using 199.7% CPU
Identifying sites to remove: done in 0.000356942 secs using 593.7% CPU
Identifying sites to remove: done in 0.00032904 secs using 1297% CPU
Identifying sites to remove: done in 0.000498235 secs using 707.1% CPU
Identifying sites to remove: done in 0.000311352 secs using 99.57% CPU
Identifying sites to remove: done in 0.000324722 secs using 99.47% CPU
Identifying sites to remove: done in 0.000446737 secs using 99.61% CPU
Identifying sites to remove: done in 0.000494741 secs using 1055% CPU
Identifying sites to remove: done in 0.00034871 secs using 690% CPU
Identifying sites to remove: done in 0.000391081 secs using 283.1% CPU
Identifying sites to remove: done in 0.000299454 secs using 729.3% CPU
Identifying sites to remove: done in 0.000412028 secs using 390% CPU
Identifying sites to remove: done in 0.000284515 secs using 99.47% CPU
Identifying sites to remove: done in 0.000477236 secs using 318.7% CPU
Identifying sites to remove: done in 0.000279952 secs using 198.6% CPU
Identifying sites to remove: done in 0.000454925 secs using 1076% CPU
Identifying sites to remove: done in 0.000451662 secs using 157.9% CPU
Identifying sites to remove: done in 0.000383046 secs using 334.2% CPU
Identifying sites to remove: done in 0.000260722 secs using 99.34% CPU
Identifying sites to remove: done in 0.000255678 secs using 99.34% CPU
Identifying sites to remove: done in 0.000188537 secs using 99.18% CPU
Identifying sites to remove: done in 0.000131387 secs using 624.9% CPU
Identifying sites to remove: done in 0.000136759 secs using 193% CPU
Identifying sites to remove: done in 0.000161793 secs using 420.9% CPU
Identifying sites to remove: done in 0.000139561 secs using 213.5% CPU
Identifying sites to remove: done in 0.000136089 secs using 99.2% CPU
Identifying sites to remove: done in 0.000162348 secs using 98.55% CPU
Identifying sites to remove: done in 0.000104811 secs using 97.32% CPU
Identifying sites to remove: done in 0.000139497 secs using 98.93% CPU
Identifying sites to remove: done in 0.000128843 secs using 194.8% CPU
Identifying sites to remove: done in 0.000153664 secs using 844.7% CPU
Identifying sites to remove: done in 0.000152312 secs using 414.9% CPU
Identifying sites to remove: done in 0.000126638 secs using 171.4% CPU
Identifying sites to remove: done in 0.000120122 secs using 528.6% CPU
Identifying sites to remove: done in 0.000159912 secs using 118.8% CPU
Identifying sites to remove: done in 0.000136126 secs using 99.17% CPU
Identifying sites to remove: done in 0.000130281 secs using 99.02% CPU
Identifying sites to remove: done in 0.000102151 secs using 98.87% CPU
Identifying sites to remove: done in 0.000106908 secs using 98.21% CPU
Identifying sites to remove: done in 0.000403319 secs using 188.7% CPU
Identifying sites to remove: done in 0.000389349 secs using 202.6% CPU
Identifying sites to remove: done in 0.000192519 secs using 99.21% CPU
Identifying sites to remove: done in 0.00020694 secs using 99.06% CPU
Identifying sites to remove: done in 0.000321262 secs using 99.61% CPU
Identifying sites to remove: done in 0.000211511 secs using 99.29% CPU
Identifying sites to remove: done in 0.000231817 secs using 284.3% CPU
Identifying sites to remove: done in 0.000332948 secs using 168.8% CPU
Identifying sites to remove: done in 0.000294227 secs using 99.58% CPU
Identifying sites to remove: done in 0.000326272 secs using 270% CPU
Identifying sites to remove: done in 0.000370722 secs using 351.2% CPU
Identifying sites to remove: done in 0.000291243 secs using 131.2% CPU
Identifying sites to remove: done in 0.00021451 secs using 403.7% CPU
Identifying sites to remove: done in 0.000312634 secs using 481.1% CPU
Identifying sites to remove: done in 0.000344187 secs using 270.2% CPU
Identifying sites to remove: done in 0.000201214 secs using 188.9% CPU
Identifying sites to remove: done in 0.000173416 secs using 99.18% CPU
Identifying sites to remove: done in 0.000282716 secs using 99.39% CPU
Identifying sites to remove: done in 0.000189275 secs using 95.63% CPU
Identifying sites to remove: done in 0.000296213 secs using 99.59% CPU
Identifying sites to remove: done in 0.00019598 secs
Identifying sites to remove: done in 7.56904e-05 secs
Identifying sites to remove: done in 0.000106938 secs
Identifying sites to remove: done in 0.000110392 secs
Identifying sites to remove: done in 0.000104003 secs
Identifying sites to remove: done in 0.000113077 secs
Identifying sites to remove: done in 8.14646e-05 secs
Identifying sites to remove: done in 0.000123467 secs
Identifying sites to remove: done in 8.2653e-05 secs
Identifying sites to remove: done in 0.000129327 secs using 69.59% CPU
Identifying sites to remove: done in 0.000124827 secs using 96.13% CPU
Identifying sites to remove: done in 0.000107348 secs using 98.74% CPU
Identifying sites to remove: done in 0.000107251 secs using 97.9% CPU
Identifying sites to remove: done in 0.00011079 secs using 852.1% CPU
Identifying sites to remove: done in 0.000282288 secs using 505.9% CPU
Identifying sites to remove: done in 0.000123564 secs using 297.8% CPU
Identifying sites to remove: done in 0.0001272 secs using 98.27% CPU
Identifying sites to remove: done in 0.000242777 secs using 98.03% CPU
Identifying sites to remove: done in 0.000217922 secs using 98.2% CPU
Identifying sites to remove: done in 0.00014497 secs using 1502% CPU
Identifying sites to remove: done in 0.000260808 secs using 151.8% CPU
Identifying sites to remove: done in 0.00011348 secs using 97.81% CPU
Identifying sites to remove: done in 0.000108216 secs using 97.95% CPU
Identifying sites to remove: done in 0.000104818 secs using 98.27% CPU
Identifying sites to remove: done in 0.000121288 secs using 1763% CPU
Identifying sites to remove: done in 0.000113133 secs using 160.9% CPU
Identifying sites to remove: done in 0.00010135 secs using 97.68% CPU
Identifying sites to remove: done in 0.000113785 secs using 98.43% CPU
Identifying sites to remove: done in 9.77926e-05 secs using 428.5% CPU
Identifying sites to remove: done in 9.85824e-05 secs using 156.2% CPU
Identifying sites to remove: done in 0.000154343 secs using 293.5% CPU
Identifying sites to remove: done in 0.000175536 secs using 410.2% CPU
Identifying sites to remove: done in 0.000164382 secs using 297.5% CPU
Identifying sites to remove: done in 0.000232551 secs using 98.47% CPU
Identifying sites to remove: done in 0.00012235 secs using 98.9% CPU
Identifying sites to remove: done in 0.000132687 secs using 388.9% CPU
Identifying sites to remove: done in 0.000120372 secs using 167% CPU
Identifying sites to remove: done in 0.000140291 secs using 317.2% CPU
Identifying sites to remove: done in 0.000120565 secs using 138.5% CPU
Identifying sites to remove: done in 0.000114862 secs using 2588% CPU
Identifying sites to remove: done in 0.000124697 secs using 2104% CPU
Identifying sites to remove: done in 0.000218991 secs using 99.09% CPU
Identifying sites to remove: done in 0.000128567 secs using 98.78% CPU
Identifying sites to remove: done in 0.00019221 secs using 98.85% CPU
Identifying sites to remove: done in 0.000177454 secs using 99.18% CPU
Identifying sites to remove: done in 0.000150438 secs using 99.04% CPU
Identifying sites to remove: done in 0.000147302 secs using 1659% CPU
Identifying sites to remove: done in 0.000176057 secs using 165.9% CPU
Identifying sites to remove: done in 0.000155091 secs using 99.3% CPU
Identifying sites to remove: done in 0.000143453 secs using 380.6% CPU
Identifying sites to remove: done in 0.000177447 secs using 162.9% CPU
Identifying sites to remove: done in 0.000161629 secs using 98.99% CPU
Identifying sites to remove: done in 0.000165086 secs using 98.74% CPU
Identifying sites to remove: done in 0.000163585 secs using 99.64% CPU
Identifying sites to remove: done in 0.00015017 secs using 1258% CPU
Identifying sites to remove: done in 0.000209853 secs using 99.12% CPU
Identifying sites to remove: done in 0.000120539 secs using 623% CPU
Identifying sites to remove: done in 0.000161055 secs using 152.1% CPU
Identifying sites to remove: done in 0.000145208 secs using 99.17% CPU
Identifying sites to remove: done in 0.000112802 secs using 181.7% CPU
Identifying sites to remove: done in 0.00016642 secs using 745.7% CPU
Identifying sites to remove: done in 0.00013404 secs using 497.6% CPU
Identifying sites to remove: done in 0.000141121 secs using 192% CPU
Identifying sites to remove: done in 0.000111382 secs using 98.76% CPU
Identifying sites to remove: done in 0.000171393 secs using 468.5% CPU
Identifying sites to remove: done in 0.000146315 secs using 214.6% CPU
Identifying sites to remove: done in 0.000136103 secs using 98.45% CPU
Identifying sites to remove: done in 0.000136666 secs using 98.78% CPU
Identifying sites to remove: done in 0.000138376 secs using 99.01% CPU
Identifying sites to remove: done in 0.000178866 secs using 1284% CPU
Identifying sites to remove: done in 0.000148419 secs using 99.04% CPU
Identifying sites to remove: done in 0.000159036 secs using 99.35% CPU
Identifying sites to remove: done in 0.000107806 secs using 2583% CPU
Identifying sites to remove: done in 9.33371e-05 secs using 98.57% CPU
Identifying sites to remove: done in 0.000121795 secs using 98.53% CPU
Identifying sites to remove: done in 0.000118669 secs using 1076% CPU
Identifying sites to remove: done in 0.00013594 secs using 578.2% CPU
Identifying sites to remove: done in 0.000127953 secs using 232.9% CPU
Identifying sites to remove: done in 0.000146478 secs using 98.99% CPU
Identifying sites to remove: done in 0.000112012 secs using 1725% CPU
Identifying sites to remove: done in 0.000115886 secs using 98.37% CPU
Identifying sites to remove: done in 0.000114642 secs using 188.4% CPU
Identifying sites to remove: done in 0.000139367 secs using 379.6% CPU
Identifying sites to remove: done in 0.000114698 secs using 99.39% CPU
Identifying sites to remove: done in 0.000114899 secs using 1113% CPU
Identifying sites to remove: done in 0.00010246 secs using 98.57% CPU
Identifying sites to remove: done in 0.000226755 secs using 106.3% CPU
Identifying sites to remove: done in 0.000212863 secs using 427% CPU
Identifying sites to remove: done in 0.000189304 secs using 164.8% CPU
Identifying sites to remove: done in 0.000171922 secs using 414.7% CPU
Identifying sites to remove: done in 0.000203639 secs using 149.3% CPU
Identifying sites to remove: done in 0.000200652 secs using 98.68% CPU
Identifying sites to remove: done in 0.000174694 secs using 919.3% CPU
Identifying sites to remove: done in 0.000170585 secs using 99.07% CPU
Identifying sites to remove: done in 0.00017954 secs using 1464% CPU
Identifying sites to remove: done in 0.000201307 secs using 170.9% CPU
Identifying sites to remove: done in 0.000168711 secs using 98.99% CPU
Identifying sites to remove: done in 0.000201121 secs using 98.95% CPU
Identifying sites to remove: done in 0.000184149 secs using 98.83% CPU
Identifying sites to remove: done in 0.000164062 secs using 98.74% CPU
Identifying sites to remove: done in 3.5394e-05 secs using 93.24% CPU
Identifying sites to remove: done in 4.1306e-05 secs using 96.84% CPU
Identifying sites to remove: done in 5.67511e-05 secs using 96.91% CPU
Identifying sites to remove: done in 6.22086e-05 secs using 303.8% CPU
Identifying sites to remove: done in 6.81914e-05 secs using 186.2% CPU
Identifying sites to remove: done in 3.65824e-05 secs using 95.67% CPU
Identifying sites to remove: done in 4.5415e-05 secs using 222.4% CPU
Identifying sites to remove: done in 5.8163e-05 secs using 123.8% CPU
Identifying sites to remove: done in 3.23318e-05 secs using 95.88% CPU
Identifying sites to remove: done in 6.9242e-05 secs using 96.76% CPU
Identifying sites to remove: done in 3.78862e-05 secs using 95.02% CPU
Identifying sites to remove: done in 3.36133e-05 secs using 95.2% CPU
Identifying sites to remove: done in 5.50076e-05 secs using 96.35% CPU
Identifying sites to remove: done in 5.39348e-05 secs using 98.27% CPU
Identifying sites to remove: done in 0.000305902 secs using 99.71% CPU
Identifying sites to remove: done in 0.000245698 secs using 99.31% CPU
Identifying sites to remove: done in 0.000241026 secs using 642.7% CPU
Identifying sites to remove: done in 0.000241872 secs using 140.2% CPU
Identifying sites to remove: done in 0.000231192 secs using 367.2% CPU
Identifying sites to remove: done in 0.000252645 secs using 462.7% CPU
Identifying sites to remove: done in 0.000230335 secs using 112.4% CPU
Identifying sites to remove: done in 0.000218518 secs using 98.85% CPU
Identifying sites to remove: done in 0.000221774 secs using 99.2% CPU
Identifying sites to remove: done in 0.000233438 secs using 98.96% CPU
Identifying sites to remove: done in 0.000270609 secs using 306% CPU
Identifying sites to remove: done in 0.000229165 secs using 216.4% CPU
Identifying sites to remove: done in 0.000206303 secs using 99.37% CPU
Identifying sites to remove: done in 0.000243615 secs using 337.4% CPU
Identifying sites to remove: done in 0.000202354 secs using 133.4% CPU
Identifying sites to remove: done in 0.00020577 secs using 99.63% CPU
Identifying sites to remove: done in 0.000280246 secs using 1763% CPU
Identifying sites to remove: done in 0.0002921 secs using 99.28% CPU
Identifying sites to remove: done in 0.000228185 secs using 99.48% CPU
Identifying sites to remove: done in 0.000208165 secs using 98.96% CPU
Identifying sites to remove: done in 0.000206206 secs using 98.93% CPU
Identifying sites to remove: done in 0.000204016 secs using 99.5% CPU
Identifying sites to remove: done in 0.000367004 secs using 271.1% CPU
Identifying sites to remove: done in 0.00036196 secs using 282.6% CPU
Identifying sites to remove: done in 0.00031564 secs using 99.8% CPU
Identifying sites to remove: done in 0.000278547 secs using 99.44% CPU
Identifying sites to remove: done in 0.000337452 secs using 99.57% CPU
Identifying sites to remove: done in 0.00017843 secs using 99.2% CPU
Identifying sites to remove: done in 0.000323039 secs using 99.37% CPU
Identifying sites to remove: done in 0.000287317 secs using 1610% CPU
Identifying sites to remove: done in 0.000361614 secs using 99.55% CPU
Identifying sites to remove: done in 0.000217114 secs using 99.03% CPU
Identifying sites to remove: done in 0.000294268 secs using 477.1% CPU
Identifying sites to remove: done in 0.000369146 secs using 666.1% CPU
Identifying sites to remove: done in 0.000299621 secs using 99.46% CPU
Identifying sites to remove: done in 0.000353448 secs using 369.5% CPU
Identifying sites to remove: done in 0.000322022 secs using 354% CPU
Identifying sites to remove: done in 0.000292763 secs using 126.4% CPU
Identifying sites to remove: done in 0.00018448 secs using 1407% CPU
Identifying sites to remove: done in 0.000274189 secs using 99.2% CPU
Identifying sites to remove: done in 0.000196673 secs using 99.15% CPU
Identifying sites to remove: done in 0.000152536 secs using 279.3% CPU
Identifying sites to remove: done in 0.000159781 secs using 302.3% CPU
Identifying sites to remove: done in 0.000148315 secs using 294% CPU
Identifying sites to remove: done in 0.000105586 secs using 371.3% CPU
Identifying sites to remove: done in 0.000153538 secs using 166.7% CPU
Identifying sites to remove: done in 0.000119437 secs using 98.8% CPU
Identifying sites to remove: done in 0.000139453 secs using 98.96% CPU
Identifying sites to remove: done in 0.000123691 secs using 99.44% CPU
Identifying sites to remove: done in 0.000105299 secs using 98.77% CPU
Identifying sites to remove: done in 0.000156373 secs using 98.48% CPU
Identifying sites to remove: done in 0.000125241 secs using 99.01% CPU
Identifying sites to remove: done in 0.000148192 secs using 99.2% CPU
Identifying sites to remove: done in 0.000107028 secs using 600.8% CPU
Identifying sites to remove: done in 0.000126366 secs using 182% CPU
Identifying sites to remove: done in 8.7209e-05 secs using 98.61% CPU
Identifying sites to remove: done in 0.000119258 secs using 811.7% CPU
Identifying sites to remove: done in 0.000136204 secs using 185% CPU
Identifying sites to remove: done in 0.000146706 secs using 98.84% CPU
Identifying sites to remove: done in 8.40239e-05 secs using 97.59% CPU
Identifying sites to remove: done in 8.04402e-05 secs using 98.21% CPU
Identifying sites to remove: done in 9.96999e-05 secs using 204.6% CPU
Identifying sites to remove: done in 0.000148505 secs using 191.9% CPU
Identifying sites to remove: done in 8.33906e-05 secs using 146.3% CPU
Identifying sites to remove: done in 0.000141937 secs using 422.7% CPU
Identifying sites to remove: done in 0.000119541 secs using 97.87% CPU
Identifying sites to remove: done in 8.54656e-05 secs using 98.29% CPU
Identifying sites to remove: done in 8.60728e-05 secs using 385.7% CPU
Identifying sites to remove: done in 0.000115737 secs using 171.9% CPU
Identifying sites to remove: done in 0.000115041 secs using 98.23% CPU
Identifying sites to remove: done in 8.9284e-05 secs using 97.44% CPU
Identifying sites to remove: done in 9.25735e-05 secs using 98.3% CPU
Identifying sites to remove: done in 0.000110209 secs using 1640% CPU
Identifying sites to remove: done in 8.65869e-05 secs using 378.8% CPU
Identifying sites to remove: done in 9.24058e-05 secs using 127.7% CPU
Identifying sites to remove: done in 9.1318e-05 secs using 98.56% CPU
Identifying sites to remove: done in 0.000132013 secs using 99.23% CPU
Identifying sites to remove: done in 9.19625e-05 secs using 195.7% CPU
Identifying sites to remove: done in 0.000125129 secs using 99.1% CPU
Identifying sites to remove: done in 7.93263e-05 secs using 98.33% CPU
Identifying sites to remove: done in 6.80052e-05 secs using 97.05% CPU

Analysis results written to: 
  IQ-TREE report:                archaea5_q_mf.iqtree
  Tree used for ModelFinder:     archaea5_q_mf.treefile
  Best partitioning scheme:      archaea5_q_mf.best_scheme.nex
           in RAxML format:      archaea5_q_mf.best_scheme
  Screen log file:               archaea5_q_mf.log

Date and Time: Thu Jun 12 21:58:44 2025
