IQ-TREE multicore version 2.4.0 for Linux x86 64-bit built Mar 19 2025
Developed by Bui Quang Minh, Nguyen Lam Tung, Olga Chernomor, Heiko Schmidt,
Dominik Schrempf, Michael Woodhams, Ly Trong Nhan, Thomas Wong

Host:    wright.uds.anu.edu.au (AVX512, FMA3, 1007 GB RAM)
Command: ../../../iqtree2 -s 5_concated.nex -Q legume5_Q_mf.best_model.nex -t legume5_Q_mf.treefile -bb 1000 --wbtl -T 21 -pre legume5_Q_search
Seed:    546755 (Using SPRNG - Scalable Parallel Random Number Generator)
Time:    Fri May  9 13:04:53 2025
Kernel:  AVX+FMA - 21 threads (22 CPU cores detected)

Reading partition model file legume5_Q_mf.best_model.nex ...
Reading alignment file 5_concated.nex ... Nexus format detected
Skipping unknown block (sets)...
WARNING: 8 sites contain only gaps or ambiguous characters.
Alignment has 5 sequences with 116731 columns, 21255 distinct patterns
6150 parsimony-informative, 35364 singleton sites, 75217 constant sites
                     Gap/Ambiguity  Composition  p-value
Analyzing sequences: done in 0.000534482 secs using 97.48% CPU
   1  Fragaria_vesca        22.25%    passed     19.88%
   2  Lathyrus_sativus      24.04%    failed      0.32%
   3  Linum_usitatissimum   19.69%    failed      0.08%
   4  Lactuca_sativa        17.91%    failed      0.15%
   5  Mimulus_guttatus      14.21%    passed     94.74%
****  TOTAL                 19.62%  3 sequences failed composition chi2 test (p-value<5%; df=19)

Loading 105 partitions...
Identifying sites to remove: done in 0.000177011 secs using 97.17% CPU
Identifying sites to remove: done in 4.2893e-05 secs using 93.26% CPU
Identifying sites to remove: done in 0.000354312 secs using 99.35% CPU
Identifying sites to remove: done in 8.36402e-05 secs using 96.84% CPU
Identifying sites to remove: done in 7.62045e-05 secs using 97.11% CPU
Identifying sites to remove: done in 0.000321582 secs using 98.89% CPU
Identifying sites to remove: done in 6.69956e-05 secs using 95.53% CPU
Identifying sites to remove: done in 0.000411123 secs using 98.27% CPU
Identifying sites to remove: done in 0.000242516 secs using 98.14% CPU
Identifying sites to remove: done in 0.00013268 secs using 97.98% CPU
Identifying sites to remove: done in 0.000131689 secs using 97.96% CPU
Identifying sites to remove: done in 6.1132e-05 secs using 96.51% CPU
Identifying sites to remove: done in 0.000129633 secs using 97.97% CPU
Identifying sites to remove: done in 5.72652e-05 secs using 94.3% CPU
Identifying sites to remove: done in 0.000234082 secs using 97.83% CPU
Identifying sites to remove: done in 7.02143e-05 secs using 96.85% CPU
Identifying sites to remove: done in 5.81741e-05 secs using 96.26% CPU
Identifying sites to remove: done in 7.06613e-05 secs using 96.23% CPU
Identifying sites to remove: done in 7.68304e-05 secs using 97.62% CPU
Identifying sites to remove: done in 0.000107713 secs using 96.55% CPU
Identifying sites to remove: done in 7.2591e-05 secs using 96.43% CPU
Identifying sites to remove: done in 0.000107847 secs using 97.36% CPU
Identifying sites to remove: done in 0.0001093 secs using 97.9% CPU
Identifying sites to remove: done in 0.000118516 secs using 97.88% CPU
Identifying sites to remove: done in 8.2694e-05 secs using 96.74% CPU
Identifying sites to remove: done in 0.000197396 secs using 97.77% CPU
Identifying sites to remove: done in 0.00013838 secs using 97.56% CPU
Identifying sites to remove: done in 9.53823e-05 secs using 97.5% CPU
Identifying sites to remove: done in 7.68527e-05 secs using 97.59% CPU
Identifying sites to remove: done in 9.75728e-05 secs using 97.36% CPU
Subset	Type	Seqs	Sites	Infor	Invar	Model	Name
1	AA	3	672	0	482	Q.PLANT+I{0.31609}	GENE_cluster1132_2rr_1.nex_GENE_cluster2648_1rr_1.nex_GENE_cluster4303_1rr_1.nex
WARNING: No parsimony-informative sites in partition GENE_cluster1132_2rr_1.nex_GENE_cluster2648_1rr_1.nex_GENE_cluster4303_1rr_1.nex
2	AA	3	164	0	150	FLAVI	GENE_cluster115_5rr_1.nex
WARNING: No parsimony-informative sites in partition GENE_cluster115_5rr_1.nex
3	AA	5	1639	55	1138	Q.PLANT+G4{0.521515}	GENE_cluster1181_1rr_1.nex_GENE_cluster4331_1rr_1.nex_GENE_cluster4484_1rr_1.nex_GENE_cluster4827_1rr_1.nex_GENE_cluster5247_1rr_1.nex_GENE_cluster6612_1rr_1.nex
4	AA	5	4990	294	3653	Q.PLANT+F+I{0.410369}+G4{0.861002}	GENE_cluster1224_3rr_1.nex_GENE_cluster2748_2rr_1.nex_GENE_cluster281_1rr_1.nex_GENE_cluster3779_1rr_1.nex_GENE_cluster4277_1rr_1.nex_GENE_cluster4411_1rr_1.nex_GENE_cluster5086_1rr_1.nex_GENE_cluster5219_1rr_1.nex_GENE_cluster6310_1rr_1.nex_GENE_cluster6536_1rr_1.nex
5	AA	5	2627	145	1468	Q.PLANT+F+G4{0.874313}	GENE_cluster1247_1rr_1.nex_GENE_cluster1848_1rr_1.nex_GENE_cluster4142_1rr_1.nex_GENE_cluster4611_1rr_1.nex_GENE_cluster4725_1rr_1.nex_GENE_cluster4750_1rr_1.nex_GENE_cluster4921_1rr_1.nex_GENE_cluster4954_1rr_1.nex_GENE_cluster5193_1rr_1.nex_GENE_cluster5681_1rr_1.nex_GENE_cluster5860_1rr_1.nex
6	AA	5	2819	83	1924	Q.PLANT+G4{0.448749}	GENE_cluster1248_2rr_1.nex_GENE_cluster4345_1rr_1.nex_GENE_cluster5239_1rr_1.nex_GENE_cluster5610_1rr_1.nex_GENE_cluster5699_1rr_1.nex_GENE_cluster6176_1rr_1.nex_GENE_cluster6227_1rr_1.nex_GENE_cluster6424_1rr_1.nex
7	AA	5	938	49	582	JTTDCMUT+F+G4{0.577834}	GENE_cluster1309_1rr_1.nex_GENE_cluster3363_1rr_1.nex
8	AA	5	1330	55	1078	Q.PLANT+F+I{0.545688}+G4{0.901437}	GENE_cluster1438_1rr_1.nex_GENE_cluster4153_1rr_1.nex_GENE_cluster4590_1rr_1.nex_GENE_cluster4706_1rr_1.nex
9	AA	4	1517	0	1200	Q.PLANT+F+G4{0.689138}	GENE_cluster1450_1rr_1.nex_GENE_cluster5350_1rr_1.nex_GENE_cluster5537_1rr_1.nex_GENE_cluster5611_1rr_1.nex_GENE_cluster5956_1rr_1.nex_GENE_cluster5963_1rr_1.nex
WARNING: No parsimony-informative sites in partition GENE_cluster1450_1rr_1.nex_GENE_cluster5350_1rr_1.nex_GENE_cluster5537_1rr_1.nex_GENE_cluster5611_1rr_1.nex_GENE_cluster5956_1rr_1.nex_GENE_cluster5963_1rr_1.nex
10	AA	5	3120	241	1798	Q.PLANT+F+I{0.328044}+R2{0.528042,0.764981,0.143914,4.14177}	GENE_cluster1453_2rr_1.nex_GENE_cluster3932_1rr_1.nex_GENE_cluster4792_1rr_1.nex_GENE_cluster4853_1rr_1.nex_GENE_cluster4992_1rr_1.nex_GENE_cluster5055_1rr_1.nex_GENE_cluster5133_1rr_1.nex_GENE_cluster5515_1rr_1.nex_GENE_cluster5603_1rr_1.nex_GENE_cluster5889_1rr_1.nex_GENE_cluster6478_1rr_1.nex
11	AA	5	339	19	265	WAG+F+G4{0.188401}	GENE_cluster1523_2rr_1.nex
12	AA	5	466	33	269	JTT+F+I{0.306613}	GENE_cluster1539_2rr_1.nex_GENE_cluster4335_1rr_1.nex_GENE_cluster4664_1rr_1.nex
13	AA	5	2199	193	1286	Q.PLANT+F+I{0.416303}+R2{0.502521,1.19436,0.0811756,4.92526}	GENE_cluster1603_1rr_1.nex_GENE_cluster4437_1rr_1.nex_GENE_cluster5179_1rr_1.nex_GENE_cluster5220_1rr_1.nex_GENE_cluster5702_1rr_1.nex_GENE_cluster6302_1rr_1.nex_GENE_cluster6390_1rr_1.nex
14	AA	5	2450	147	1726	JTTDCMUT+G4{0.387625}	GENE_cluster1629_1rr_1.nex_GENE_cluster3127_1rr_1.nex_GENE_cluster4680_1rr_1.nex_GENE_cluster4695_1rr_1.nex_GENE_cluster5636_1rr_1.nex_GENE_cluster5972_1rr_1.nex_GENE_cluster6210_1rr_1.nex
15	AA	5	1953	123	1337	Q.PLANT+F+I{0.306352}+G4{0.780555}	GENE_cluster1668_1rr_1.nex_GENE_cluster4649_1rr_1.nex_GENE_cluster5019_1rr_1.nex_GENE_cluster5209_1rr_1.nex_GENE_cluster5556_1rr_1.nex_GENE_cluster5656_1rr_1.nex_GENE_cluster5808_1rr_1.nex
16	AA	4	354	9	315	Q.PLANT+I{0.784303}	GENE_cluster1678_1rr_1.nex
17	AA	5	1983	110	1558	Q.PLANT+F+G4{0.193467}	GENE_cluster168_5rr_1.nex_GENE_cluster3482_1rr_1.nex_GENE_cluster5214_1rr_1.nex_GENE_cluster5732_1rr_1.nex
18	AA	5	2206	124	1376	Q.PLANT+F+I{0.386707}+R2{0.526617,1.06991,0.0866757,5.03677}	GENE_cluster1698_1rr_1.nex_GENE_cluster4543_1rr_1.nex_GENE_cluster5393_1rr_1.nex_GENE_cluster5936_1rr_1.nex_GENE_cluster6195_1rr_1.nex_GENE_cluster6514_1rr_1.nex
19	AA	5	863	27	561	Q.PLANT+F+G4{0.53775}	GENE_cluster1721_1rr_1.nex_GENE_cluster5279_1rr_1.nex_GENE_cluster6378_1rr_1.nex
20	AA	4	208	17	117	LG+G4{1.12387}	GENE_cluster1794_1rr_1.nex
21	AA	5	1802	107	1206	Q.PLANT+I{0.373495}+G4{2.3368}	GENE_cluster1794_2rr_1.nex_GENE_cluster5095_1rr_1.nex_GENE_cluster5297_1rr_1.nex_GENE_cluster5378_1rr_1.nex_GENE_cluster5926_1rr_1.nex_GENE_cluster6026_1rr_1.nex_GENE_cluster6342_1rr_1.nex
22	AA	4	1130	0	581	JTT+F+G4{2.32276}	GENE_cluster1810_1rr_1.nex_GENE_cluster4791_1rr_1.nex_GENE_cluster4935_1rr_1.nex_GENE_cluster6111_1rr_1.nex
WARNING: No parsimony-informative sites in partition GENE_cluster1810_1rr_1.nex_GENE_cluster4791_1rr_1.nex_GENE_cluster4935_1rr_1.nex_GENE_cluster6111_1rr_1.nex
23	AA	5	2453	87	1672	Q.PLANT+F+G4{0.458583}	GENE_cluster1860_1rr_1.nex_GENE_cluster3522_1rr_1.nex_GENE_cluster3738_1rr_1.nex_GENE_cluster4508_1rr_1.nex_GENE_cluster5879_1rr_1.nex_GENE_cluster6063_1rr_1.nex_GENE_cluster6487_1rr_1.nex_GENE_cluster6508_1rr_1.nex
24	AA	5	703	42	305	Q.PLANT+G4{1.17868}	GENE_cluster1979_1rr_1.nex_GENE_cluster4588_1rr_1.nex_GENE_cluster5062_1rr_1.nex_GENE_cluster5951_1rr_1.nex
25	AA	5	1814	101	1153	Q.PLANT+F+G4{0.46167}	GENE_cluster2035_1rr_1.nex_GENE_cluster2068_1rr_1.nex_GENE_cluster4267_1rr_1.nex_GENE_cluster5312_1rr_1.nex_GENE_cluster5919_1rr_1.nex_GENE_cluster6474_1rr_1.nex
26	AA	5	2945	194	1758	Q.PLANT+I{0.265647}+G4{1.01862}	GENE_cluster2061_1rr_1.nex_GENE_cluster4622_1rr_1.nex_GENE_cluster4883_1rr_1.nex_GENE_cluster5145_1rr_1.nex_GENE_cluster5509_1rr_1.nex_GENE_cluster5550_1rr_1.nex_GENE_cluster5631_1rr_1.nex_GENE_cluster6112_1rr_1.nex_GENE_cluster6235_1rr_1.nex_GENE_cluster779_1rr_1.nex
27	AA	5	627	0	424	JTTDCMUT+F+R2{0.926455,0.57139,0.0735453,6.39923}	GENE_cluster2066_1rr_1.nex_GENE_cluster2336_1rr_1.nex_GENE_cluster6266_1rr_1.nex
WARNING: No parsimony-informative sites in partition GENE_cluster2066_1rr_1.nex_GENE_cluster2336_1rr_1.nex_GENE_cluster6266_1rr_1.nex
28	AA	5	515	54	338	Q.INSECT+G4{0.328007}	GENE_cluster2080_2rr_1.nex_GENE_cluster3842_1rr_1.nex
29	AA	5	1002	113	644	LG+F+G4{0.453625}	GENE_cluster2113_2rr_1.nex_GENE_cluster6120_1rr_1.nex
30	AA	3	332	0	332	Q.INSECT	GENE_cluster2128_2rr_1.nex
WARNING: No variant sites in partition GENE_cluster2128_2rr_1.nex
31	AA	5	994	139	390	Q.PLANT+G4{0.878243}	GENE_cluster2146_1rr_1.nex_GENE_cluster5815_1rr_1.nex_GENE_cluster5862_1rr_1.nex
32	AA	5	1610	150	951	Q.PLANT+F+G4{0.480706}	GENE_cluster2180_1rr_1.nex_GENE_cluster5155_1rr_1.nex_GENE_cluster5569_1rr_1.nex_GENE_cluster6421_1rr_1.nex
33	AA	5	1749	139	1230	Q.PLANT+F+I{0.314582}+G4{0.70123}	GENE_cluster2199_1rr_1.nex_GENE_cluster5166_1rr_1.nex_GENE_cluster5186_1rr_1.nex_GENE_cluster5410_1rr_1.nex
34	AA	5	1422	22	1087	Q.PLANT+F+G4{0.33415}	GENE_cluster2199_2rr_1.nex_GENE_cluster4895_1rr_1.nex_GENE_cluster5553_1rr_1.nex_GENE_cluster5571_1rr_1.nex
35	AA	5	2070	199	1133	Q.PLANT+F+G4{0.551853}	GENE_cluster2216_1rr_2.nex_GENE_cluster3907_1rr_1.nex_GENE_cluster4542_1rr_1.nex_GENE_cluster4982_1rr_1.nex_GENE_cluster5206_1rr_1.nex_GENE_cluster5422_1rr_1.nex_GENE_cluster5599_1rr_1.nex_GENE_cluster5604_1rr_1.nex
36	AA	4	1259	33	673	Q.PLANT+F+R2{0.795191,0.464248,0.204809,3.08012}	GENE_cluster226_2rr_1.nex_GENE_cluster397_1rr_1.nex_GENE_cluster6051_1rr_1.nex_GENE_cluster6425_1rr_1.nex
37	AA	5	378	51	177	Q.PLANT+G4{0.92547}	GENE_cluster2426_2rr_1.nex
38	AA	5	1005	61	710	Q.PLANT+F+I{0.394447}+G4{0.564943}	GENE_cluster2504_2rr_1.nex_GENE_cluster4562_1rr_1.nex_GENE_cluster6151_1rr_1.nex
39	AA	5	951	21	650	Q.PLANT+F+G4{0.378399}	GENE_cluster252_1rr_1.nex_GENE_cluster5036_1rr_1.nex_GENE_cluster5898_1rr_1.nex_GENE_cluster6281_1rr_1.nex
40	AA	4	1125	30	899	Q.PLANT+F+G4{0.228544}	GENE_cluster2674_1rr_1.nex_GENE_cluster5452_1rr_1.nex
41	AA	4	424	15	227	LG+F+I{0.266591}	GENE_cluster2747_1rr_1.nex_GENE_cluster4991_1rr_1.nex
42	AA	5	1058	56	646	Q.PLANT+F+G4{0.681623}	GENE_cluster274_4rr_1.nex_GENE_cluster3755_1rr_1.nex_GENE_cluster5831_1rr_1.nex_GENE_cluster5885_1rr_1.nex
43	AA	3	483	0	364	Q.PLANT+F+I{0.326144}	GENE_cluster3050_1rr_1.nex_GENE_cluster5216_1rr_1.nex
WARNING: No parsimony-informative sites in partition GENE_cluster3050_1rr_1.nex_GENE_cluster5216_1rr_1.nex
44	AA	5	307	45	113	Q.PLANT+F+I{0.18513}+G4{2.73434}	GENE_cluster327_2rr_1.nex
45	AA	3	178	0	112	WAG+F	GENE_cluster3296_1rr_1.nex
WARNING: No parsimony-informative sites in partition GENE_cluster3296_1rr_1.nex
46	AA	5	7832	215	5134	Q.PLANT+F+I{0.326012}+R3{0.302145,0.576552,0.323823,1.6324,0.0480202,6.18888}	GENE_cluster3301_1rr_1.nex_GENE_cluster3567_1rr_1.nex_GENE_cluster3894_1rr_1.nex_GENE_cluster3912_1rr_1.nex_GENE_cluster4240_1rr_1.nex_GENE_cluster4330_1rr_1.nex_GENE_cluster4560_1rr_1.nex_GENE_cluster4618_1rr_1.nex_GENE_cluster4700_1rr_1.nex_GENE_cluster5218_1rr_1.nex_GENE_cluster5250_1rr_1.nex_GENE_cluster5437_1rr_1.nex_GENE_cluster5529_1rr_1.nex_GENE_cluster5600_1rr_1.nex_GENE_cluster5678_1rr_1.nex_GENE_cluster5730_1rr_1.nex_GENE_cluster6152_1rr_1.nex_GENE_cluster6166_1rr_1.nex_GENE_cluster6320_1rr_1.nex_GENE_cluster6326_1rr_1.nex_GENE_cluster6455_1rr_1.nex_GENE_cluster6532_1rr_1.nex_GENE_cluster6591_1rr_1.nex
47	AA	5	3666	239	1908	Q.PLANT+F+I{0.279719}+G4{1.63559}	GENE_cluster3309_1rr_1.nex_GENE_cluster3707_1rr_1.nex_GENE_cluster4114_1rr_1.nex_GENE_cluster4419_1rr_1.nex_GENE_cluster4673_1rr_1.nex_GENE_cluster5400_1rr_1.nex_GENE_cluster5720_1rr_1.nex_GENE_cluster5787_1rr_1.nex_GENE_cluster5950_1rr_1.nex_GENE_cluster6248_1rr_1.nex_GENE_cluster6272_1rr_1.nex_GENE_cluster6472_1rr_1.nex_GENE_cluster6609_1rr_1.nex
48	AA	4	413	21	290	Q.PLANT+F+I{0.555169}	GENE_cluster3404_1rr_1.nex_GENE_cluster4886_1rr_1.nex
49	AA	5	977	16	561	Q.PLANT+G4{1.1646}	GENE_cluster3448_1rr_1.nex_GENE_cluster5194_1rr_1.nex_GENE_cluster5268_1rr_1.nex_GENE_cluster6033_1rr_1.nex
50	AA	5	3291	70	2181	Q.PLANT+F+G4{0.631137}	GENE_cluster349_2rr_1.nex_GENE_cluster3934_1rr_1.nex_GENE_cluster4208_1rr_1.nex_GENE_cluster4602_1rr_1.nex_GENE_cluster4990_1rr_1.nex_GENE_cluster5020_1rr_1.nex_GENE_cluster5184_1rr_1.nex_GENE_cluster5540_1rr_1.nex_GENE_cluster5552_1rr_1.nex_GENE_cluster5984_1rr_1.nex_GENE_cluster5999_1rr_1.nex_GENE_cluster6104_1rr_1.nex
51	AA	5	1136	82	736	Q.PLANT+F+G4{0.422695}	GENE_cluster3529_1rr_1.nex_GENE_cluster4854_1rr_1.nex_GENE_cluster51_3rr_1.nex_GENE_cluster5535_1rr_1.nex_GENE_cluster5659_1rr_1.nex
52	AA	5	907	64	563	Q.PLANT+I{0.459681}	GENE_cluster3635_1rr_1.nex_GENE_cluster4699_1rr_1.nex_GENE_cluster4736_1rr_1.nex_GENE_cluster5359_1rr_1.nex
53	AA	5	762	78	347	Q.PLANT+I{0.239521}+G4{2.69542}	GENE_cluster3749_1rr_1.nex_GENE_cluster4924_1rr_1.nex_GENE_cluster5050_1rr_1.nex_GENE_cluster5132_1rr_1.nex
54	AA	5	972	52	781	Q.PLANT+F+G4{0.208141}	GENE_cluster3797_1rr_1.nex_GENE_cluster4312_1rr_1.nex_GENE_cluster6020_1rr_1.nex
55	AA	5	1009	124	508	Q.PLANT+F+R3{0.500637,0.141922,0.463464,1.40322,0.0358996,7.76068}	GENE_cluster3869_1rr_1.nex_GENE_cluster4364_1rr_1.nex_GENE_cluster5059_1rr_1.nex_GENE_cluster663_1rr_1.nex
56	AA	5	1497	48	898	Q.PLANT+F+G4{0.594585}	GENE_cluster3908_1rr_1.nex_GENE_cluster4268_1rr_1.nex_GENE_cluster4497_1rr_1.nex_GENE_cluster4713_1rr_1.nex_GENE_cluster5269_1rr_1.nex_GENE_cluster5593_1rr_1.nex_GENE_cluster5886_1rr_1.nex_GENE_cluster6045_1rr_1.nex
57	AA	5	1149	31	910	LG+G4{0.321502}	GENE_cluster3928_1rr_1.nex_GENE_cluster4241_1rr_1.nex_GENE_cluster4414_1rr_1.nex_GENE_cluster5319_1rr_1.nex
58	AA	5	1847	119	1150	Q.INSECT+F+G4{0.700169}	GENE_cluster3941_1rr_1.nex_GENE_cluster5165_1rr_1.nex_GENE_cluster6039_1rr_1.nex_GENE_cluster6130_1rr_1.nex_GENE_cluster6201_1rr_1.nex
59	AA	5	579	82	300	Q.PLANT+I{0.426113}	GENE_cluster3976_1rr_1.nex_GENE_cluster5207_1rr_1.nex_GENE_cluster5370_1rr_1.nex_GENE_cluster6078_1rr_1.nex
60	AA	3	251	0	251	LG+F	GENE_cluster4032_1rr_1.nex
WARNING: No variant sites in partition GENE_cluster4032_1rr_1.nex
61	AA	5	490	48	274	Q.INSECT+F+I{0.408279}+G4{2.89157}	GENE_cluster4138_1rr_1.nex_GENE_cluster4269_1rr_1.nex_GENE_cluster5477_1rr_1.nex
62	AA	5	686	26	449	Q.INSECT+F+G4{0.476269}	GENE_cluster4168_1rr_1.nex_GENE_cluster4271_1rr_1.nex
63	AA	4	793	29	478	Q.PLANT+F+I{0.43149}	GENE_cluster4250_1rr_1.nex_GENE_cluster6049_1rr_1.nex
64	AA	5	810	25	599	Q.PLANT+I{0.512183}	GENE_cluster4300_1rr_1.nex_GENE_cluster4852_1rr_1.nex_GENE_cluster5976_1rr_1.nex_GENE_cluster6336_1rr_1.nex
65	AA	5	708	40	425	Q.PLANT+F+I{0.399183}+G4{2.93102}	GENE_cluster4356_1rr_1.nex_GENE_cluster6234_1rr_1.nex
66	AA	5	353	48	158	Q.INSECT+F+G4{0.843686}	GENE_cluster4490_1rr_1.nex_GENE_cluster4733_1rr_1.nex
67	AA	3	252	0	207	LG+I{0.626491}	GENE_cluster4570_1rr_1.nex
WARNING: No parsimony-informative sites in partition GENE_cluster4570_1rr_1.nex
68	AA	5	931	70	444	Q.PLANT+F+G4{1.35757}	GENE_cluster4579_1rr_1.nex_GENE_cluster4965_1rr_1.nex_GENE_cluster5147_1rr_1.nex_GENE_cluster6597_1rr_1.nex
69	AA	5	1834	137	1249	Q.PLANT+F+I{0.48884}+R2{0.410984,1.04878,0.100176,5.67967}	GENE_cluster4594_1rr_1.nex_GENE_cluster5083_1rr_1.nex_GENE_cluster5177_1rr_1.nex_GENE_cluster5560_1rr_1.nex_GENE_cluster5685_1rr_1.nex_GENE_cluster5857_1rr_1.nex_GENE_cluster6440_1rr_1.nex
70	AA	3	140	0	84	Q.YEAST+F+I{0.27267}	GENE_cluster4648_1rr_1.nex
WARNING: No parsimony-informative sites in partition GENE_cluster4648_1rr_1.nex
71	AA	4	220	12	133	Q.INSECT+F+G4{0.746158}	GENE_cluster4718_1rr_1.nex
72	AA	5	1286	35	831	Q.PLANT+F+G4{0.579757}	GENE_cluster4751_1rr_1.nex_GENE_cluster5830_1rr_1.nex_GENE_cluster6108_1rr_1.nex_GENE_cluster6297_1rr_1.nex
73	AA	3	380	0	380	Q.MAMMAL+F	GENE_cluster4758_1rr_1.nex_GENE_cluster5372_1rr_1.nex
WARNING: No variant sites in partition GENE_cluster4758_1rr_1.nex_GENE_cluster5372_1rr_1.nex
74	AA	5	981	39	616	Q.PLANT+F+G4{0.483133}	GENE_cluster4821_1rr_1.nex_GENE_cluster5734_1rr_1.nex_GENE_cluster6121_1rr_1.nex
75	AA	4	296	14	159	Q.PLANT+G4{0.875861}	GENE_cluster4833_1rr_1.nex
76	AA	3	273	0	207	Q.PLANT	GENE_cluster4846_1rr_1.nex_GENE_cluster5024_1rr_1.nex
WARNING: No parsimony-informative sites in partition GENE_cluster4846_1rr_1.nex_GENE_cluster5024_1rr_1.nex
77	AA	4	319	8	183	JTTDCMUT+I{0.204084}	GENE_cluster4850_1rr_1.nex_GENE_cluster5637_1rr_1.nex
78	AA	5	3393	263	2038	Q.PLANT+G4{0.55883}	GENE_cluster4851_1rr_1.nex_GENE_cluster4933_1rr_1.nex_GENE_cluster5362_1rr_1.nex_GENE_cluster5686_1rr_1.nex_GENE_cluster6136_1rr_1.nex_GENE_cluster6308_1rr_1.nex_GENE_cluster6404_1rr_1.nex_GENE_cluster751_2rr_1.nex
79	AA	5	328	37	152	Q.PLANT+G4{0.876704}	GENE_cluster4877_1rr_1.nex_GENE_cluster4889_1rr_1.nex
80	AA	5	409	26	268	JTT+F+G4{0.496102}	GENE_cluster4937_1rr_1.nex_GENE_cluster5811_1rr_1.nex
81	AA	4	270	7	151	Q.INSECT+F+G4{0.427029}	GENE_cluster4943_1rr_1.nex_GENE_cluster5038_1rr_1.nex
82	AA	5	335	54	156	Q.PLANT+F+R2{0.787255,0.424598,0.212745,3.12925}	GENE_cluster4950_1rr_1.nex
83	AA	5	426	22	266	MTINV+F+I{0.425209}+R2{0.46854,0.849734,0.106251,5.66457}	GENE_cluster5052_1rr_1.nex_GENE_cluster6400_1rr_1.nex
84	AA	4	387	0	271	MTZOA+F	GENE_cluster5085_1rr_1.nex_GENE_cluster5652_1rr_1.nex
WARNING: No parsimony-informative sites in partition GENE_cluster5085_1rr_1.nex_GENE_cluster5652_1rr_1.nex
85	AA	5	897	0	586	Q.PLANT+F+R3{0.487361,0.577486,0.454626,0.578967,0.0580128,7.849}	GENE_cluster5099_1rr_1.nex_GENE_cluster5938_1rr_1.nex_GENE_cluster6015_1rr_1.nex_GENE_cluster6305_1rr_1.nex
WARNING: No parsimony-informative sites in partition GENE_cluster5099_1rr_1.nex_GENE_cluster5938_1rr_1.nex_GENE_cluster6015_1rr_1.nex_GENE_cluster6305_1rr_1.nex
86	AA	5	631	71	291	Q.PLANT+F+G4{0.691397}	GENE_cluster5113_1rr_1.nex_GENE_cluster5858_1rr_1.nex
87	AA	5	327	15	150	Q.PLANT+F+G4{1.14436}	GENE_cluster5181_1rr_1.nex_GENE_cluster6021_1rr_1.nex
88	AA	5	610	57	360	Q.PLANT+G4{0.447673}	GENE_cluster518_2rr_1.nex_GENE_cluster5412_1rr_1.nex
89	AA	5	719	66	450	Q.PLANT+F+G4{0.429162}	GENE_cluster5212_1rr_1.nex_GENE_cluster5961_1rr_1.nex
90	AA	5	364	55	168	Q.INSECT+F+G4{0.811267}	GENE_cluster5222_1rr_1.nex_GENE_cluster5435_1rr_1.nex
91	AA	5	1036	39	583	Q.PLANT+F+G4{0.725971}	GENE_cluster5243_1rr_1.nex_GENE_cluster5436_1rr_1.nex_GENE_cluster6170_1rr_1.nex_GENE_cluster757_2rr_1.nex
92	AA	4	249	14	154	RTREV+F+G4{0.495588}	GENE_cluster5348_1rr_1.nex
93	AA	4	558	22	315	LG+F+G4{0.655725}	GENE_cluster5449_1rr_1.nex_GENE_cluster5725_1rr_1.nex
94	AA	5	649	29	396	LG+F+G4{0.582971}	GENE_cluster5516_1rr_1.nex_GENE_cluster6348_1rr_1.nex
95	AA	5	900	26	592	LG+F+I{0.433727}	GENE_cluster5530_1rr_1.nex_GENE_cluster6516_1rr_1.nex_GENE_cluster719_2rr_1.nex
96	AA	5	636	13	556	Q.INSECT+F+I{0.759189}	GENE_cluster5579_1rr_1.nex_GENE_cluster5602_1rr_1.nex
97	AA	3	383	0	201	Q.PLANT+F+G4{0.971051}	GENE_cluster5622_1rr_1.nex
WARNING: No parsimony-informative sites in partition GENE_cluster5622_1rr_1.nex
98	AA	5	206	25	110	JTT+F+G4{0.801265}	GENE_cluster5627_1rr_1.nex
99	AA	5	1009	102	524	Q.PLANT+I{0.23181}+G4{2.30847}	GENE_cluster5635_1rr_1.nex_GENE_cluster5736_1rr_1.nex_GENE_cluster5967_1rr_1.nex_GENE_cluster6546_1rr_1.nex
100	AA	3	388	0	320	Q.INSECT+F	GENE_cluster5718_1rr_1.nex_GENE_cluster6296_1rr_1.nex
WARNING: No parsimony-informative sites in partition GENE_cluster5718_1rr_1.nex_GENE_cluster6296_1rr_1.nex
101	AA	5	1797	0	1437	Q.PLANT+F+G4{0.37763}	GENE_cluster5743_1rr_1.nex_GENE_cluster5754_1rr_1.nex_GENE_cluster5818_1rr_1.nex_GENE_cluster6573_1rr_1.nex_GENE_cluster692_1rr_1.nex
WARNING: No parsimony-informative sites in partition GENE_cluster5743_1rr_1.nex_GENE_cluster5754_1rr_1.nex_GENE_cluster5818_1rr_1.nex_GENE_cluster6573_1rr_1.nex_GENE_cluster692_1rr_1.nex
102	AA	3	200	0	156	JTTDCMUT	GENE_cluster5869_1rr_1.nex_GENE_cluster6447_1rr_1.nex
WARNING: No parsimony-informative sites in partition GENE_cluster5869_1rr_1.nex_GENE_cluster6447_1rr_1.nex
103	AA	3	345	0	274	Q.PLANT+I{0.441712}	GENE_cluster682_1rr_1.nex
WARNING: No parsimony-informative sites in partition GENE_cluster682_1rr_1.nex
104	AA	5	416	21	326	Q.PLANT+F+I{0.663227}	GENE_cluster716_1rr_1.nex
105	AA	5	650	31	514	Q.PLANT+I{0.609103}+R2{0.381544,1.96238,0.00935288,26.8651}	GENE_cluster895_2rr_1.nex
Degree of missing data: 0.032
Info: multi-threading strategy over partitions
WARNING: States(s) W rarely appear in partition GENE_cluster1794_1rr_1.nex and may cause numerical problems
NOTE: State(s) H, W not present in partition GENE_cluster4648_1rr_1.nex and thus removed from Markov process to prevent numerical problems
NOTE: State(s) C not present in partition GENE_cluster4718_1rr_1.nex and thus removed from Markov process to prevent numerical problems
WARNING: States(s) C rarely appear in partition GENE_cluster4943_1rr_1.nex_GENE_cluster5038_1rr_1.nex and may cause numerical problems
WARNING: States(s) C rarely appear in partition GENE_cluster5348_1rr_1.nex and may cause numerical problems
NOTE: 3 states (see above) are not present and thus removed from Markov process to prevent numerical problems
Reading input tree file legume5_Q_mf.treefile ...
Generating 1000 samples for ultrafast bootstrap (seed: 546755)...
WARNING: Normalizing category proportions so that sum of them equals to 1
WARNING: Normalizing category proportions so that sum of them equals to 1
WARNING: Normalizing category proportions so that sum of them equals to 1
WARNING: Normalizing category proportions so that sum of them equals to 1
WARNING: Normalizing category proportions so that sum of them equals to 1
WARNING: Normalizing category proportions so that sum of them equals to 1
WARNING: Normalizing category proportions so that sum of them equals to 1

NOTE: 287 MB RAM (0 GB) is required!
Estimate model parameters (epsilon = 0.100)
Partition GENE_cluster4594_1rr_1.nex_GENE_cluster5083_1rr_1.nex_GENE_cluster5177_1rr_1.nex_GENE_cluster5560_1rr_1.nex_GENE_cluster5685_1rr_1.nex_GENE_cluster5857_1rr_1.nex_GENE_cluster6440_1rr_1.nex / Model: Q.PLANT+F+I+R2 / df: 26 / LogL: -10063.917
Partition GENE_cluster3941_1rr_1.nex_GENE_cluster5165_1rr_1.nex_GENE_cluster6039_1rr_1.nex_GENE_cluster6130_1rr_1.nex_GENE_cluster6201_1rr_1.nex / Model: Q.INSECT+F+G4 / df: 26 / LogL: -10345.640
Partition GENE_cluster1698_1rr_1.nex_GENE_cluster4543_1rr_1.nex_GENE_cluster5393_1rr_1.nex_GENE_cluster5936_1rr_1.nex_GENE_cluster6195_1rr_1.nex_GENE_cluster6514_1rr_1.nex / Model: Q.PLANT+F+I+R2 / df: 26 / LogL: -12592.310
Partition GENE_cluster1668_1rr_1.nex_GENE_cluster4649_1rr_1.nex_GENE_cluster5019_1rr_1.nex_GENE_cluster5209_1rr_1.nex_GENE_cluster5556_1rr_1.nex_GENE_cluster5656_1rr_1.nex_GENE_cluster5808_1rr_1.nex / Model: Q.PLANT+F+I+G4 / df: 26 / LogL: -10626.200
Partition GENE_cluster1603_1rr_1.nex_GENE_cluster4437_1rr_1.nex_GENE_cluster5179_1rr_1.nex_GENE_cluster5220_1rr_1.nex_GENE_cluster5702_1rr_1.nex_GENE_cluster6302_1rr_1.nex_GENE_cluster6390_1rr_1.nex / Model: Q.PLANT+F+I+R2 / df: 26 / LogL: -13613.610
Partition GENE_cluster1629_1rr_1.nex_GENE_cluster3127_1rr_1.nex_GENE_cluster4680_1rr_1.nex_GENE_cluster4695_1rr_1.nex_GENE_cluster5636_1rr_1.nex_GENE_cluster5972_1rr_1.nex_GENE_cluster6210_1rr_1.nex / Model: JTTDCMUT+G4 / df: 7 / LogL: -12876.221
Partition GENE_cluster1860_1rr_1.nex_GENE_cluster3522_1rr_1.nex_GENE_cluster3738_1rr_1.nex_GENE_cluster4508_1rr_1.nex_GENE_cluster5879_1rr_1.nex_GENE_cluster6063_1rr_1.nex_GENE_cluster6487_1rr_1.nex_GENE_cluster6508_1rr_1.nex / Model: Q.PLANT+F+G4 / df: 26 / LogL: -12371.580
Partition GENE_cluster1248_2rr_1.nex_GENE_cluster4345_1rr_1.nex_GENE_cluster5239_1rr_1.nex_GENE_cluster5610_1rr_1.nex_GENE_cluster5699_1rr_1.nex_GENE_cluster6176_1rr_1.nex_GENE_cluster6227_1rr_1.nex_GENE_cluster6424_1rr_1.nex / Model: Q.PLANT+G4 / df: 7 / LogL: -14203.245
Partition GENE_cluster2180_1rr_1.nex_GENE_cluster5155_1rr_1.nex_GENE_cluster5569_1rr_1.nex_GENE_cluster6421_1rr_1.nex / Model: Q.PLANT+F+G4 / df: 26 / LogL: -9800.498
Partition GENE_cluster1794_2rr_1.nex_GENE_cluster5095_1rr_1.nex_GENE_cluster5297_1rr_1.nex_GENE_cluster5378_1rr_1.nex_GENE_cluster5926_1rr_1.nex_GENE_cluster6026_1rr_1.nex_GENE_cluster6342_1rr_1.nex / Model: Q.PLANT+I+G4 / df: 7 / LogL: -9375.784
Partition GENE_cluster2035_1rr_1.nex_GENE_cluster2068_1rr_1.nex_GENE_cluster4267_1rr_1.nex_GENE_cluster5312_1rr_1.nex_GENE_cluster5919_1rr_1.nex_GENE_cluster6474_1rr_1.nex / Model: Q.PLANT+F+G4 / df: 26 / LogL: -10083.012
Partition GENE_cluster1453_2rr_1.nex_GENE_cluster3932_1rr_1.nex_GENE_cluster4792_1rr_1.nex_GENE_cluster4853_1rr_1.nex_GENE_cluster4992_1rr_1.nex_GENE_cluster5055_1rr_1.nex_GENE_cluster5133_1rr_1.nex_GENE_cluster5515_1rr_1.nex_GENE_cluster5603_1rr_1.nex_GENE_cluster5889_1rr_1.nex_GENE_cluster6478_1rr_1.nex / Model: Q.PLANT+F+I+R2 / df: 26 / LogL: -19903.935
Partition GENE_cluster3908_1rr_1.nex_GENE_cluster4268_1rr_1.nex_GENE_cluster4497_1rr_1.nex_GENE_cluster4713_1rr_1.nex_GENE_cluster5269_1rr_1.nex_GENE_cluster5593_1rr_1.nex_GENE_cluster5886_1rr_1.nex_GENE_cluster6045_1rr_1.nex / Model: Q.PLANT+F+G4 / df: 26 / LogL: -8153.629
Partition GENE_cluster4579_1rr_1.nex_GENE_cluster4965_1rr_1.nex_GENE_cluster5147_1rr_1.nex_GENE_cluster6597_1rr_1.nex / Model: Q.PLANT+F+G4 / df: 26 / LogL: -5934.643
Partition GENE_cluster2199_1rr_1.nex_GENE_cluster5166_1rr_1.nex_GENE_cluster5186_1rr_1.nex_GENE_cluster5410_1rr_1.nex / Model: Q.PLANT+F+I+G4 / df: 26 / LogL: -9124.865
Partition GENE_cluster226_2rr_1.nex_GENE_cluster397_1rr_1.nex_GENE_cluster6051_1rr_1.nex_GENE_cluster6425_1rr_1.nex / Model: Q.PLANT+F+R2 / df: 24 / LogL: -7308.225
Partition GENE_cluster2146_1rr_1.nex_GENE_cluster5815_1rr_1.nex_GENE_cluster5862_1rr_1.nex / Model: Q.PLANT+G4 / df: 7 / LogL: -7901.873
Partition GENE_cluster1224_3rr_1.nex_GENE_cluster2748_2rr_1.nex_GENE_cluster281_1rr_1.nex_GENE_cluster3779_1rr_1.nex_GENE_cluster4277_1rr_1.nex_GENE_cluster4411_1rr_1.nex_GENE_cluster5086_1rr_1.nex_GENE_cluster5219_1rr_1.nex_GENE_cluster6310_1rr_1.nex_GENE_cluster6536_1rr_1.nex / Model: Q.PLANT+F+I+G4 / df: 26 / LogL: -25048.409
Partition GENE_cluster2061_1rr_1.nex_GENE_cluster4622_1rr_1.nex_GENE_cluster4883_1rr_1.nex_GENE_cluster5145_1rr_1.nex_GENE_cluster5509_1rr_1.nex_GENE_cluster5550_1rr_1.nex_GENE_cluster5631_1rr_1.nex_GENE_cluster6112_1rr_1.nex_GENE_cluster6235_1rr_1.nex_GENE_cluster779_1rr_1.nex / Model: Q.PLANT+I+G4 / df: 7 / LogL: -17781.732
Partition GENE_cluster2216_1rr_2.nex_GENE_cluster3907_1rr_1.nex_GENE_cluster4542_1rr_1.nex_GENE_cluster4982_1rr_1.nex_GENE_cluster5206_1rr_1.nex_GENE_cluster5422_1rr_1.nex_GENE_cluster5599_1rr_1.nex_GENE_cluster5604_1rr_1.nex / Model: Q.PLANT+F+G4 / df: 26 / LogL: -13454.673
Partition GENE_cluster1181_1rr_1.nex_GENE_cluster4331_1rr_1.nex_GENE_cluster4484_1rr_1.nex_GENE_cluster4827_1rr_1.nex_GENE_cluster5247_1rr_1.nex_GENE_cluster6612_1rr_1.nex / Model: Q.PLANT+G4 / df: 7 / LogL: -8117.494
Partition GENE_cluster3869_1rr_1.nex_GENE_cluster4364_1rr_1.nex_GENE_cluster5059_1rr_1.nex_GENE_cluster663_1rr_1.nex / Model: Q.PLANT+F+R3 / df: 26 / LogL: -6938.174
Partition GENE_cluster5635_1rr_1.nex_GENE_cluster5736_1rr_1.nex_GENE_cluster5967_1rr_1.nex_GENE_cluster6546_1rr_1.nex / Model: Q.PLANT+I+G4 / df: 7 / LogL: -6686.564
Partition GENE_cluster4751_1rr_1.nex_GENE_cluster5830_1rr_1.nex_GENE_cluster6108_1rr_1.nex_GENE_cluster6297_1rr_1.nex / Model: Q.PLANT+F+G4 / df: 26 / LogL: -6507.083
Partition GENE_cluster349_2rr_1.nex_GENE_cluster3934_1rr_1.nex_GENE_cluster4208_1rr_1.nex_GENE_cluster4602_1rr_1.nex_GENE_cluster4990_1rr_1.nex_GENE_cluster5020_1rr_1.nex_GENE_cluster5184_1rr_1.nex_GENE_cluster5540_1rr_1.nex_GENE_cluster5552_1rr_1.nex_GENE_cluster5984_1rr_1.nex_GENE_cluster5999_1rr_1.nex_GENE_cluster6104_1rr_1.nex / Model: Q.PLANT+F+G4 / df: 26 / LogL: -16681.826
Partition GENE_cluster3635_1rr_1.nex_GENE_cluster4699_1rr_1.nex_GENE_cluster4736_1rr_1.nex_GENE_cluster5359_1rr_1.nex / Model: Q.PLANT+I / df: 7 / LogL: -5233.418
Partition GENE_cluster274_4rr_1.nex_GENE_cluster3755_1rr_1.nex_GENE_cluster5831_1rr_1.nex_GENE_cluster5885_1rr_1.nex / Model: Q.PLANT+F+G4 / df: 26 / LogL: -5750.037
Partition GENE_cluster3448_1rr_1.nex_GENE_cluster5194_1rr_1.nex_GENE_cluster5268_1rr_1.nex_GENE_cluster6033_1rr_1.nex / Model: Q.PLANT+G4 / df: 7 / LogL: -5264.189
Partition GENE_cluster1247_1rr_1.nex_GENE_cluster1848_1rr_1.nex_GENE_cluster4142_1rr_1.nex_GENE_cluster4611_1rr_1.nex_GENE_cluster4725_1rr_1.nex_GENE_cluster4750_1rr_1.nex_GENE_cluster4921_1rr_1.nex_GENE_cluster4954_1rr_1.nex_GENE_cluster5193_1rr_1.nex_GENE_cluster5681_1rr_1.nex_GENE_cluster5860_1rr_1.nex / Model: Q.PLANT+F+G4 / df: 26 / LogL: -15259.603
Partition GENE_cluster5243_1rr_1.nex_GENE_cluster5436_1rr_1.nex_GENE_cluster6170_1rr_1.nex_GENE_cluster757_2rr_1.nex / Model: Q.PLANT+F+G4 / df: 26 / LogL: -5891.630
Partition GENE_cluster3749_1rr_1.nex_GENE_cluster4924_1rr_1.nex_GENE_cluster5050_1rr_1.nex_GENE_cluster5132_1rr_1.nex / Model: Q.PLANT+I+G4 / df: 7 / LogL: -5443.146
Partition GENE_cluster2113_2rr_1.nex_GENE_cluster6120_1rr_1.nex / Model: LG+F+G4 / df: 26 / LogL: -5823.786
Partition GENE_cluster4821_1rr_1.nex_GENE_cluster5734_1rr_1.nex_GENE_cluster6121_1rr_1.nex / Model: Q.PLANT+F+G4 / df: 26 / LogL: -5371.688
Partition GENE_cluster4851_1rr_1.nex_GENE_cluster4933_1rr_1.nex_GENE_cluster5362_1rr_1.nex_GENE_cluster5686_1rr_1.nex_GENE_cluster6136_1rr_1.nex_GENE_cluster6308_1rr_1.nex_GENE_cluster6404_1rr_1.nex_GENE_cluster751_2rr_1.nex / Model: Q.PLANT+G4 / df: 7 / LogL: -19977.040
Partition GENE_cluster5530_1rr_1.nex_GENE_cluster6516_1rr_1.nex_GENE_cluster719_2rr_1.nex / Model: LG+F+I / df: 26 / LogL: -4492.309
Partition GENE_cluster168_5rr_1.nex_GENE_cluster3482_1rr_1.nex_GENE_cluster5214_1rr_1.nex_GENE_cluster5732_1rr_1.nex / Model: Q.PLANT+F+G4 / df: 26 / LogL: -8993.719
Partition GENE_cluster3529_1rr_1.nex_GENE_cluster4854_1rr_1.nex_GENE_cluster51_3rr_1.nex_GENE_cluster5535_1rr_1.nex_GENE_cluster5659_1rr_1.nex / Model: Q.PLANT+F+G4 / df: 26 / LogL: -6134.847
Partition GENE_cluster2199_2rr_1.nex_GENE_cluster4895_1rr_1.nex_GENE_cluster5553_1rr_1.nex_GENE_cluster5571_1rr_1.nex / Model: Q.PLANT+F+G4 / df: 26 / LogL: -6274.610
Partition GENE_cluster4300_1rr_1.nex_GENE_cluster4852_1rr_1.nex_GENE_cluster5976_1rr_1.nex_GENE_cluster6336_1rr_1.nex / Model: Q.PLANT+I / df: 7 / LogL: -3713.763
Partition GENE_cluster5743_1rr_1.nex_GENE_cluster5754_1rr_1.nex_GENE_cluster5818_1rr_1.nex_GENE_cluster6573_1rr_1.nex_GENE_cluster692_1rr_1.nex / Model: Q.PLANT+F+G4 / df: 26 / LogL: -7333.954
Partition GENE_cluster1810_1rr_1.nex_GENE_cluster4791_1rr_1.nex_GENE_cluster4935_1rr_1.nex_GENE_cluster6111_1rr_1.nex / Model: JTT+F+G4 / df: 24 / LogL: -6234.314
Partition GENE_cluster5113_1rr_1.nex_GENE_cluster5858_1rr_1.nex / Model: Q.PLANT+F+G4 / df: 26 / LogL: -4475.268
Partition GENE_cluster3976_1rr_1.nex_GENE_cluster5207_1rr_1.nex_GENE_cluster5370_1rr_1.nex_GENE_cluster6078_1rr_1.nex / Model: Q.PLANT+I / df: 7 / LogL: -4070.275
Partition GENE_cluster4250_1rr_1.nex_GENE_cluster6049_1rr_1.nex / Model: Q.PLANT+F+I / df: 24 / LogL: -4248.442
Partition GENE_cluster1979_1rr_1.nex_GENE_cluster4588_1rr_1.nex_GENE_cluster5062_1rr_1.nex_GENE_cluster5951_1rr_1.nex / Model: Q.PLANT+G4 / df: 7 / LogL: -4807.374
Partition GENE_cluster1539_2rr_1.nex_GENE_cluster4335_1rr_1.nex_GENE_cluster4664_1rr_1.nex / Model: JTT+F+I / df: 26 / LogL: -2650.332
Partition GENE_cluster5099_1rr_1.nex_GENE_cluster5938_1rr_1.nex_GENE_cluster6015_1rr_1.nex_GENE_cluster6305_1rr_1.nex / Model: Q.PLANT+F+R3 / df: 26 / LogL: -4193.529
Partition GENE_cluster5212_1rr_1.nex_GENE_cluster5961_1rr_1.nex / Model: Q.PLANT+F+G4 / df: 26 / LogL: -4211.283
Partition GENE_cluster1721_1rr_1.nex_GENE_cluster5279_1rr_1.nex_GENE_cluster6378_1rr_1.nex / Model: Q.PLANT+F+G4 / df: 26 / LogL: -4461.778
Partition GENE_cluster2066_1rr_1.nex_GENE_cluster2336_1rr_1.nex_GENE_cluster6266_1rr_1.nex / Model: JTTDCMUT+F+R2 / df: 26 / LogL: -2927.016
Partition GENE_cluster1309_1rr_1.nex_GENE_cluster3363_1rr_1.nex / Model: JTTDCMUT+F+G4 / df: 26 / LogL: -5331.617
Partition GENE_cluster2504_2rr_1.nex_GENE_cluster4562_1rr_1.nex_GENE_cluster6151_1rr_1.nex / Model: Q.PLANT+F+I+G4 / df: 26 / LogL: -5341.002
Partition GENE_cluster3928_1rr_1.nex_GENE_cluster4241_1rr_1.nex_GENE_cluster4414_1rr_1.nex_GENE_cluster5319_1rr_1.nex / Model: LG+G4 / df: 7 / LogL: -4959.630
Partition GENE_cluster4168_1rr_1.nex_GENE_cluster4271_1rr_1.nex / Model: Q.INSECT+F+G4 / df: 26 / LogL: -3666.052
Partition GENE_cluster4138_1rr_1.nex_GENE_cluster4269_1rr_1.nex_GENE_cluster5477_1rr_1.nex / Model: Q.INSECT+F+I+G4 / df: 26 / LogL: -3222.026
Partition GENE_cluster2747_1rr_1.nex_GENE_cluster4991_1rr_1.nex / Model: LG+F+I / df: 24 / LogL: -2445.563
Partition GENE_cluster5516_1rr_1.nex_GENE_cluster6348_1rr_1.nex / Model: LG+F+G4 / df: 26 / LogL: -3617.175
Partition GENE_cluster5052_1rr_1.nex_GENE_cluster6400_1rr_1.nex / Model: MTINV+F+I+R2 / df: 26 / LogL: -2402.410
Partition GENE_cluster4356_1rr_1.nex_GENE_cluster6234_1rr_1.nex / Model: Q.PLANT+F+I+G4 / df: 26 / LogL: -4034.547
Partition GENE_cluster5222_1rr_1.nex_GENE_cluster5435_1rr_1.nex / Model: Q.INSECT+F+G4 / df: 26 / LogL: -2637.977
Partition GENE_cluster4850_1rr_1.nex_GENE_cluster5637_1rr_1.nex / Model: JTTDCMUT+I / df: 5 / LogL: -1679.293
Partition GENE_cluster1438_1rr_1.nex_GENE_cluster4153_1rr_1.nex_GENE_cluster4590_1rr_1.nex_GENE_cluster4706_1rr_1.nex / Model: Q.PLANT+F+I+G4 / df: 26 / LogL: -5637.056
Partition GENE_cluster3797_1rr_1.nex_GENE_cluster4312_1rr_1.nex_GENE_cluster6020_1rr_1.nex / Model: Q.PLANT+F+G4 / df: 26 / LogL: -4211.871
Partition GENE_cluster5449_1rr_1.nex_GENE_cluster5725_1rr_1.nex / Model: LG+F+G4 / df: 24 / LogL: -3272.442
Partition GENE_cluster252_1rr_1.nex_GENE_cluster5036_1rr_1.nex_GENE_cluster5898_1rr_1.nex_GENE_cluster6281_1rr_1.nex / Model: Q.PLANT+F+G4 / df: 26 / LogL: -4718.659
Partition GENE_cluster1450_1rr_1.nex_GENE_cluster5350_1rr_1.nex_GENE_cluster5537_1rr_1.nex_GENE_cluster5611_1rr_1.nex_GENE_cluster5956_1rr_1.nex_GENE_cluster5963_1rr_1.nex / Model: Q.PLANT+F+G4 / df: 24 / LogL: -6019.977
Partition GENE_cluster895_2rr_1.nex / Model: Q.PLANT+I+R2 / df: 7 / LogL: -2971.241
Partition GENE_cluster1132_2rr_1.nex_GENE_cluster2648_1rr_1.nex_GENE_cluster4303_1rr_1.nex / Model: Q.PLANT+I / df: 3 / LogL: -2999.019
Partition GENE_cluster4950_1rr_1.nex / Model: Q.PLANT+F+R2 / df: 26 / LogL: -2279.231
Partition GENE_cluster5085_1rr_1.nex_GENE_cluster5652_1rr_1.nex / Model: MTZOA+F / df: 24 / LogL: -1606.772
Partition GENE_cluster3404_1rr_1.nex_GENE_cluster4886_1rr_1.nex / Model: Q.PLANT+F+I / df: 24 / LogL: -2038.170
Partition GENE_cluster716_1rr_1.nex / Model: Q.PLANT+F+I / df: 26 / LogL: -1924.848
Partition GENE_cluster3050_1rr_1.nex_GENE_cluster5216_1rr_1.nex / Model: Q.PLANT+F+I / df: 22 / LogL: -1945.563
Partition GENE_cluster5579_1rr_1.nex_GENE_cluster5602_1rr_1.nex / Model: Q.INSECT+F+I / df: 26 / LogL: -2456.474
Partition GENE_cluster682_1rr_1.nex / Model: Q.PLANT+I / df: 3 / LogL: -1402.803
Partition GENE_cluster2426_2rr_1.nex / Model: Q.PLANT+G4 / df: 7 / LogL: -2654.501
Partition GENE_cluster5718_1rr_1.nex_GENE_cluster6296_1rr_1.nex / Model: Q.INSECT+F / df: 22 / LogL: -1374.530
Partition GENE_cluster5869_1rr_1.nex_GENE_cluster6447_1rr_1.nex / Model: JTTDCMUT / df: 3 / LogL: -779.867
Partition GENE_cluster5622_1rr_1.nex / Model: Q.PLANT+F+G4 / df: 22 / LogL: -2098.013
Partition GENE_cluster4833_1rr_1.nex / Model: Q.PLANT+G4 / df: 5 / LogL: -1811.090
Partition GENE_cluster2080_2rr_1.nex_GENE_cluster3842_1rr_1.nex / Model: Q.INSECT+G4 / df: 7 / LogL: -3003.865
Partition GENE_cluster4846_1rr_1.nex_GENE_cluster5024_1rr_1.nex / Model: Q.PLANT / df: 3 / LogL: -1078.272
Partition GENE_cluster3296_1rr_1.nex / Model: WAG+F / df: 22 / LogL: -755.494
Partition GENE_cluster4648_1rr_1.nex / Model: Q.YEAST+F+I / df: 22 / LogL: -666.798
Partition GENE_cluster1678_1rr_1.nex / Model: Q.PLANT+I / df: 5 / LogL: -1303.888
Partition GENE_cluster518_2rr_1.nex_GENE_cluster5412_1rr_1.nex / Model: Q.PLANT+G4 / df: 7 / LogL: -3814.484
Partition GENE_cluster4758_1rr_1.nex_GENE_cluster5372_1rr_1.nex / Model: Q.MAMMAL+F / df: 22 / LogL: -1079.531
Partition GENE_cluster4032_1rr_1.nex / Model: LG+F / df: 22 / LogL: -696.505
Partition GENE_cluster4570_1rr_1.nex / Model: LG+I / df: 3 / LogL: -1009.909
Partition GENE_cluster2128_2rr_1.nex / Model: Q.INSECT / df: 3 / LogL: -950.444
Partition GENE_cluster115_5rr_1.nex / Model: FLAVI / df: 3 / LogL: -541.085
Partition GENE_cluster2674_1rr_1.nex_GENE_cluster5452_1rr_1.nex / Model: Q.PLANT+F+G4 / df: 24 / LogL: -4832.616
Partition GENE_cluster3309_1rr_1.nex_GENE_cluster3707_1rr_1.nex_GENE_cluster4114_1rr_1.nex_GENE_cluster4419_1rr_1.nex_GENE_cluster4673_1rr_1.nex_GENE_cluster5400_1rr_1.nex_GENE_cluster5720_1rr_1.nex_GENE_cluster5787_1rr_1.nex_GENE_cluster5950_1rr_1.nex_GENE_cluster6248_1rr_1.nex_GENE_cluster6272_1rr_1.nex_GENE_cluster6472_1rr_1.nex_GENE_cluster6609_1rr_1.nex / Model: Q.PLANT+F+I+G4 / df: 26 / LogL: -23621.752
Partition GENE_cluster4718_1rr_1.nex / Model: Q.INSECT+F+G4 / df: 24 / LogL: -1148.507
Partition GENE_cluster1794_1rr_1.nex / Model: LG+G4 / df: 5 / LogL: -1244.200
Partition GENE_cluster327_2rr_1.nex / Model: Q.PLANT+F+I+G4 / df: 26 / LogL: -2524.324
Partition GENE_cluster5348_1rr_1.nex / Model: RTREV+F+G4 / df: 24 / LogL: -1351.086
Partition GENE_cluster5627_1rr_1.nex / Model: JTT+F+G4 / df: 26 / LogL: -1292.940
Partition GENE_cluster4877_1rr_1.nex_GENE_cluster4889_1rr_1.nex / Model: Q.PLANT+G4 / df: 7 / LogL: -2205.370
Partition GENE_cluster5181_1rr_1.nex_GENE_cluster6021_1rr_1.nex / Model: Q.PLANT+F+G4 / df: 26 / LogL: -2065.862
Partition GENE_cluster1523_2rr_1.nex / Model: WAG+F+G4 / df: 26 / LogL: -1594.064
Partition GENE_cluster4943_1rr_1.nex_GENE_cluster5038_1rr_1.nex / Model: Q.INSECT+F+G4 / df: 24 / LogL: -1550.293
Partition GENE_cluster4937_1rr_1.nex_GENE_cluster5811_1rr_1.nex / Model: JTT+F+G4 / df: 26 / LogL: -2218.511
Partition GENE_cluster4490_1rr_1.nex_GENE_cluster4733_1rr_1.nex / Model: Q.INSECT+F+G4 / df: 26 / LogL: -2514.781
Partition GENE_cluster3301_1rr_1.nex_GENE_cluster3567_1rr_1.nex_GENE_cluster3894_1rr_1.nex_GENE_cluster3912_1rr_1.nex_GENE_cluster4240_1rr_1.nex_GENE_cluster4330_1rr_1.nex_GENE_cluster4560_1rr_1.nex_GENE_cluster4618_1rr_1.nex_GENE_cluster4700_1rr_1.nex_GENE_cluster5218_1rr_1.nex_GENE_cluster5250_1rr_1.nex_GENE_cluster5437_1rr_1.nex_GENE_cluster5529_1rr_1.nex_GENE_cluster5600_1rr_1.nex_GENE_cluster5678_1rr_1.nex_GENE_cluster5730_1rr_1.nex_GENE_cluster6152_1rr_1.nex_GENE_cluster6166_1rr_1.nex_GENE_cluster6320_1rr_1.nex_GENE_cluster6326_1rr_1.nex_GENE_cluster6455_1rr_1.nex_GENE_cluster6532_1rr_1.nex_GENE_cluster6591_1rr_1.nex / Model: Q.PLANT+F+I+R3 / df: 26 / LogL: -40899.922
Optimal log-likelihood: -634236.409
Wrote distance file to... 

Do NNI search on 1 best initial trees
Optimizing NNI: done in 0.107713 secs using 1683% CPU
Finish initializing candidate tree set (1)
Current best tree score: -634236.409 / CPU time: 0.133
Number of iterations: 1
--------------------------------------------------------------------
|               OPTIMIZING CANDIDATE TREE SET                      |
--------------------------------------------------------------------
Optimizing NNI: done in 0.136332 secs using 2069% CPU
Optimizing NNI: done in 0.133524 secs using 2107% CPU
Optimizing NNI: done in 0.133921 secs using 2122% CPU
Optimizing NNI: done in 0.133573 secs using 2118% CPU
Optimizing NNI: done in 0.137751 secs using 2045% CPU
Optimizing NNI: done in 0.135698 secs using 2078% CPU
Optimizing NNI: done in 0.134461 secs using 2108% CPU
Optimizing NNI: done in 0.137481 secs using 2128% CPU
Optimizing NNI: done in 0.132624 secs using 2081% CPU
Iteration 10 / LogL: -634268.771 / Time: 9390h:11m:19s
Optimizing NNI: done in 0.143631 secs using 2066% CPU
Optimizing NNI: done in 0.151956 secs using 2013% CPU
Optimizing NNI: done in 0.130993 secs using 2042% CPU
Optimizing NNI: done in 0.134445 secs using 2043% CPU
Optimizing NNI: done in 0.150131 secs using 2042% CPU
Optimizing NNI: done in 0.139725 secs using 2044% CPU
Optimizing NNI: done in 0.135404 secs using 2097% CPU
Optimizing NNI: done in 0.136564 secs using 2077% CPU
Optimizing NNI: done in 0.140624 secs using 2062% CPU
Optimizing NNI: done in 0.139222 secs using 2105% CPU
Iteration 20 / LogL: -634268.771 / Time: 9390h:11m:20s
Optimizing NNI: done in 0.138555 secs using 2109% CPU
Optimizing NNI: done in 0.141571 secs using 2109% CPU
Optimizing NNI: done in 0.139223 secs using 2088% CPU
Optimizing NNI: done in 0.140771 secs using 2058% CPU
Optimizing NNI: done in 0.135457 secs using 2090% CPU
Optimizing NNI: done in 0.139803 secs using 2022% CPU
Optimizing NNI: done in 0.129324 secs using 2064% CPU
Optimizing NNI: done in 0.138946 secs using 2049% CPU
Optimizing NNI: done in 0.138144 secs using 2046% CPU
Optimizing NNI: done in 0.138292 secs using 2116% CPU
Iteration 30 / LogL: -634343.546 / Time: 9390h:11m:22s (0h:0m:16s left)
Optimizing NNI: done in 0.141957 secs using 2064% CPU
Optimizing NNI: done in 0.13131 secs using 2092% CPU
Optimizing NNI: done in 0.141555 secs using 2126% CPU
Optimizing NNI: done in 0.138304 secs using 2095% CPU
Optimizing NNI: done in 0.141479 secs using 2056% CPU
Optimizing NNI: done in 0.134482 secs using 2107% CPU
Optimizing NNI: done in 0.133874 secs using 2060% CPU
Optimizing NNI: done in 0.134786 secs using 2100% CPU
Optimizing NNI: done in 0.137615 secs using 2059% CPU
Optimizing NNI: done in 0.156665 secs using 2021% CPU
Iteration 40 / LogL: -634268.771 / Time: 9390h:11m:23s (0h:0m:12s left)
Optimizing NNI: done in 0.134388 secs using 2043% CPU
Optimizing NNI: done in 0.139159 secs using 2028% CPU
Optimizing NNI: done in 0.137626 secs using 2062% CPU
Optimizing NNI: done in 0.133072 secs using 2063% CPU
Optimizing NNI: done in 0.137886 secs using 2064% CPU
Optimizing NNI: done in 0.136721 secs using 2139% CPU
Optimizing NNI: done in 0.151478 secs using 2064% CPU
Optimizing NNI: done in 0.137159 secs using 2042% CPU
Optimizing NNI: done in 0.13282 secs using 2136% CPU
Optimizing NNI: done in 0.138296 secs using 2104% CPU
Iteration 50 / LogL: -634268.771 / Time: 9390h:11m:25s (0h:0m:9s left)
Log-likelihood cutoff on original alignment: -634336.249
UFBoot trees printed to legume5_Q_search.ufboot
Optimizing NNI: done in 0.141792 secs using 2117% CPU
Optimizing NNI: done in 0.140315 secs using 2087% CPU
Optimizing NNI: done in 0.136407 secs using 2091% CPU
Optimizing NNI: done in 0.131057 secs using 2099% CPU
Optimizing NNI: done in 0.136611 secs using 2138% CPU
Optimizing NNI: done in 0.13723 secs using 2073% CPU
Optimizing NNI: done in 0.136055 secs using 2090% CPU
Optimizing NNI: done in 0.13865 secs using 2093% CPU
Optimizing NNI: done in 0.135446 secs using 2099% CPU
Optimizing NNI: done in 0.13457 secs using 2047% CPU
Iteration 60 / LogL: -634344.678 / Time: 9390h:11m:26s (0h:0m:7s left)
Optimizing NNI: done in 0.140026 secs using 2079% CPU
Optimizing NNI: done in 0.13458 secs using 2109% CPU
Optimizing NNI: done in 0.137389 secs using 2056% CPU
Optimizing NNI: done in 0.133713 secs using 2059% CPU
Optimizing NNI: done in 0.135934 secs using 2083% CPU
Optimizing NNI: done in 0.140442 secs using 2070% CPU
Optimizing NNI: done in 0.131781 secs using 2064% CPU
Optimizing NNI: done in 0.131974 secs using 2073% CPU
Optimizing NNI: done in 0.136749 secs using 2071% CPU
Optimizing NNI: done in 0.129115 secs using 2061% CPU
Iteration 70 / LogL: -634343.546 / Time: 9390h:11m:28s (0h:0m:5s left)
Optimizing NNI: done in 0.135785 secs using 2085% CPU
Optimizing NNI: done in 0.138646 secs using 2096% CPU
Optimizing NNI: done in 0.137785 secs using 2109% CPU
Optimizing NNI: done in 0.132948 secs using 2131% CPU
Optimizing NNI: done in 0.136917 secs using 2063% CPU
Optimizing NNI: done in 0.13863 secs using 2039% CPU
Optimizing NNI: done in 0.141202 secs using 2071% CPU
Optimizing NNI: done in 0.13947 secs using 2036% CPU
Optimizing NNI: done in 0.137069 secs using 2067% CPU
Optimizing NNI: done in 0.135475 secs using 2031% CPU
Iteration 80 / LogL: -634268.771 / Time: 9390h:11m:29s (0h:0m:3s left)
Optimizing NNI: done in 0.134833 secs using 2108% CPU
Optimizing NNI: done in 0.131834 secs using 2087% CPU
Optimizing NNI: done in 0.135037 secs using 2099% CPU
Optimizing NNI: done in 0.135289 secs using 2090% CPU
Optimizing NNI: done in 0.130737 secs using 2107% CPU
Optimizing NNI: done in 0.131697 secs using 2092% CPU
Optimizing NNI: done in 0.147969 secs using 2060% CPU
Optimizing NNI: done in 0.129117 secs using 2070% CPU
Optimizing NNI: done in 0.135378 secs using 2076% CPU
Optimizing NNI: done in 0.136212 secs using 2058% CPU
Iteration 90 / LogL: -634343.546 / Time: 9390h:11m:31s (0h:0m:1s left)
Optimizing NNI: done in 0.141851 secs using 2051% CPU
Optimizing NNI: done in 0.222974 secs using 1893% CPU
Optimizing NNI: done in 0.332879 secs using 1429% CPU
Optimizing NNI: done in 0.442909 secs using 1197% CPU
Optimizing NNI: done in 0.406761 secs using 1142% CPU
Optimizing NNI: done in 58.5983 secs using 8.551% CPU
Optimizing NNI: done in 0.673162 secs using 786.8% CPU
Optimizing NNI: done in 0.577785 secs using 723.9% CPU
Optimizing NNI: done in 0.141831 secs using 2103% CPU
Optimizing NNI: done in 0.132031 secs using 2096% CPU
Iteration 100 / LogL: -634344.678 / Time: 9390h:12m:33s (0h:0m:0s left)
Log-likelihood cutoff on original alignment: -634336.249
NOTE: Bootstrap correlation coefficient of split occurrence frequencies: 1.000
UFBoot trees printed to legume5_Q_search.ufboot
Optimizing NNI: done in 0.139743 secs using 2086% CPU
TREE SEARCH COMPLETED AFTER 101 ITERATIONS / Time: 9390h:12m:33s

--------------------------------------------------------------------
|                    FINALIZING TREE SEARCH                        |
--------------------------------------------------------------------
Performs final model parameters optimization
Estimate model parameters (epsilon = 0.010)
Partition GENE_cluster4594_1rr_1.nex_GENE_cluster5083_1rr_1.nex_GENE_cluster5177_1rr_1.nex_GENE_cluster5560_1rr_1.nex_GENE_cluster5685_1rr_1.nex_GENE_cluster5857_1rr_1.nex_GENE_cluster6440_1rr_1.nex / Model: Q.PLANT+F+I+R2 / df: 26 / LogL: -10063.917
Partition GENE_cluster1698_1rr_1.nex_GENE_cluster4543_1rr_1.nex_GENE_cluster5393_1rr_1.nex_GENE_cluster5936_1rr_1.nex_GENE_cluster6195_1rr_1.nex_GENE_cluster6514_1rr_1.nex / Model: Q.PLANT+F+I+R2 / df: 26 / LogL: -12592.310
Partition GENE_cluster1603_1rr_1.nex_GENE_cluster4437_1rr_1.nex_GENE_cluster5179_1rr_1.nex_GENE_cluster5220_1rr_1.nex_GENE_cluster5702_1rr_1.nex_GENE_cluster6302_1rr_1.nex_GENE_cluster6390_1rr_1.nex / Model: Q.PLANT+F+I+R2 / df: 26 / LogL: -13613.610
Partition GENE_cluster1453_2rr_1.nex_GENE_cluster3932_1rr_1.nex_GENE_cluster4792_1rr_1.nex_GENE_cluster4853_1rr_1.nex_GENE_cluster4992_1rr_1.nex_GENE_cluster5055_1rr_1.nex_GENE_cluster5133_1rr_1.nex_GENE_cluster5515_1rr_1.nex_GENE_cluster5603_1rr_1.nex_GENE_cluster5889_1rr_1.nex_GENE_cluster6478_1rr_1.nex / Model: Q.PLANT+F+I+R2 / df: 26 / LogL: -19903.935
Partition GENE_cluster1794_2rr_1.nex_GENE_cluster5095_1rr_1.nex_GENE_cluster5297_1rr_1.nex_GENE_cluster5378_1rr_1.nex_GENE_cluster5926_1rr_1.nex_GENE_cluster6026_1rr_1.nex_GENE_cluster6342_1rr_1.nex / Model: Q.PLANT+I+G4 / df: 7 / LogL: -9375.784
Partition GENE_cluster1668_1rr_1.nex_GENE_cluster4649_1rr_1.nex_GENE_cluster5019_1rr_1.nex_GENE_cluster5209_1rr_1.nex_GENE_cluster5556_1rr_1.nex_GENE_cluster5656_1rr_1.nex_GENE_cluster5808_1rr_1.nex / Model: Q.PLANT+F+I+G4 / df: 26 / LogL: -10626.200
Partition GENE_cluster3941_1rr_1.nex_GENE_cluster5165_1rr_1.nex_GENE_cluster6039_1rr_1.nex_GENE_cluster6130_1rr_1.nex_GENE_cluster6201_1rr_1.nex / Model: Q.INSECT+F+G4 / df: 26 / LogL: -10345.640
Partition GENE_cluster1860_1rr_1.nex_GENE_cluster3522_1rr_1.nex_GENE_cluster3738_1rr_1.nex_GENE_cluster4508_1rr_1.nex_GENE_cluster5879_1rr_1.nex_GENE_cluster6063_1rr_1.nex_GENE_cluster6487_1rr_1.nex_GENE_cluster6508_1rr_1.nex / Model: Q.PLANT+F+G4 / df: 26 / LogL: -12371.580
Partition GENE_cluster349_2rr_1.nex_GENE_cluster3934_1rr_1.nex_GENE_cluster4208_1rr_1.nex_GENE_cluster4602_1rr_1.nex_GENE_cluster4990_1rr_1.nex_GENE_cluster5020_1rr_1.nex_GENE_cluster5184_1rr_1.nex_GENE_cluster5540_1rr_1.nex_GENE_cluster5552_1rr_1.nex_GENE_cluster5984_1rr_1.nex_GENE_cluster5999_1rr_1.nex_GENE_cluster6104_1rr_1.nex / Model: Q.PLANT+F+G4 / df: 26 / LogL: -16681.826
Partition GENE_cluster2146_1rr_1.nex_GENE_cluster5815_1rr_1.nex_GENE_cluster5862_1rr_1.nex / Model: Q.PLANT+G4 / df: 7 / LogL: -7901.873
Partition GENE_cluster4851_1rr_1.nex_GENE_cluster4933_1rr_1.nex_GENE_cluster5362_1rr_1.nex_GENE_cluster5686_1rr_1.nex_GENE_cluster6136_1rr_1.nex_GENE_cluster6308_1rr_1.nex_GENE_cluster6404_1rr_1.nex_GENE_cluster751_2rr_1.nex / Model: Q.PLANT+G4 / df: 7 / LogL: -19977.040
Partition GENE_cluster3908_1rr_1.nex_GENE_cluster4268_1rr_1.nex_GENE_cluster4497_1rr_1.nex_GENE_cluster4713_1rr_1.nex_GENE_cluster5269_1rr_1.nex_GENE_cluster5593_1rr_1.nex_GENE_cluster5886_1rr_1.nex_GENE_cluster6045_1rr_1.nex / Model: Q.PLANT+F+G4 / df: 26 / LogL: -8153.629
Partition GENE_cluster1629_1rr_1.nex_GENE_cluster3127_1rr_1.nex_GENE_cluster4680_1rr_1.nex_GENE_cluster4695_1rr_1.nex_GENE_cluster5636_1rr_1.nex_GENE_cluster5972_1rr_1.nex_GENE_cluster6210_1rr_1.nex / Model: JTTDCMUT+G4 / df: 7 / LogL: -12876.221
Partition GENE_cluster2035_1rr_1.nex_GENE_cluster2068_1rr_1.nex_GENE_cluster4267_1rr_1.nex_GENE_cluster5312_1rr_1.nex_GENE_cluster5919_1rr_1.nex_GENE_cluster6474_1rr_1.nex / Model: Q.PLANT+F+G4 / df: 26 / LogL: -10083.012
Partition GENE_cluster4751_1rr_1.nex_GENE_cluster5830_1rr_1.nex_GENE_cluster6108_1rr_1.nex_GENE_cluster6297_1rr_1.nex / Model: Q.PLANT+F+G4 / df: 26 / LogL: -6507.082
Partition GENE_cluster1224_3rr_1.nex_GENE_cluster2748_2rr_1.nex_GENE_cluster281_1rr_1.nex_GENE_cluster3779_1rr_1.nex_GENE_cluster4277_1rr_1.nex_GENE_cluster4411_1rr_1.nex_GENE_cluster5086_1rr_1.nex_GENE_cluster5219_1rr_1.nex_GENE_cluster6310_1rr_1.nex_GENE_cluster6536_1rr_1.nex / Model: Q.PLANT+F+I+G4 / df: 26 / LogL: -25048.409
Partition GENE_cluster226_2rr_1.nex_GENE_cluster397_1rr_1.nex_GENE_cluster6051_1rr_1.nex_GENE_cluster6425_1rr_1.nex / Model: Q.PLANT+F+R2 / df: 24 / LogL: -7308.225
Partition GENE_cluster2180_1rr_1.nex_GENE_cluster5155_1rr_1.nex_GENE_cluster5569_1rr_1.nex_GENE_cluster6421_1rr_1.nex / Model: Q.PLANT+F+G4 / df: 26 / LogL: -9800.498
Partition GENE_cluster3869_1rr_1.nex_GENE_cluster4364_1rr_1.nex_GENE_cluster5059_1rr_1.nex_GENE_cluster663_1rr_1.nex / Model: Q.PLANT+F+R3 / df: 26 / LogL: -6938.174
Partition GENE_cluster5243_1rr_1.nex_GENE_cluster5436_1rr_1.nex_GENE_cluster6170_1rr_1.nex_GENE_cluster757_2rr_1.nex / Model: Q.PLANT+F+G4 / df: 26 / LogL: -5891.630
Partition GENE_cluster274_4rr_1.nex_GENE_cluster3755_1rr_1.nex_GENE_cluster5831_1rr_1.nex_GENE_cluster5885_1rr_1.nex / Model: Q.PLANT+F+G4 / df: 26 / LogL: -5750.037
Partition GENE_cluster1181_1rr_1.nex_GENE_cluster4331_1rr_1.nex_GENE_cluster4484_1rr_1.nex_GENE_cluster4827_1rr_1.nex_GENE_cluster5247_1rr_1.nex_GENE_cluster6612_1rr_1.nex / Model: Q.PLANT+G4 / df: 7 / LogL: -8117.494
Partition GENE_cluster3749_1rr_1.nex_GENE_cluster4924_1rr_1.nex_GENE_cluster5050_1rr_1.nex_GENE_cluster5132_1rr_1.nex / Model: Q.PLANT+I+G4 / df: 7 / LogL: -5443.146
Partition GENE_cluster3635_1rr_1.nex_GENE_cluster4699_1rr_1.nex_GENE_cluster4736_1rr_1.nex_GENE_cluster5359_1rr_1.nex / Model: Q.PLANT+I / df: 7 / LogL: -5233.418
Partition GENE_cluster3309_1rr_1.nex_GENE_cluster3707_1rr_1.nex_GENE_cluster4114_1rr_1.nex_GENE_cluster4419_1rr_1.nex_GENE_cluster4673_1rr_1.nex_GENE_cluster5400_1rr_1.nex_GENE_cluster5720_1rr_1.nex_GENE_cluster5787_1rr_1.nex_GENE_cluster5950_1rr_1.nex_GENE_cluster6248_1rr_1.nex_GENE_cluster6272_1rr_1.nex_GENE_cluster6472_1rr_1.nex_GENE_cluster6609_1rr_1.nex / Model: Q.PLANT+F+I+G4 / df: 26 / LogL: -23621.752
Partition GENE_cluster1248_2rr_1.nex_GENE_cluster4345_1rr_1.nex_GENE_cluster5239_1rr_1.nex_GENE_cluster5610_1rr_1.nex_GENE_cluster5699_1rr_1.nex_GENE_cluster6176_1rr_1.nex_GENE_cluster6227_1rr_1.nex_GENE_cluster6424_1rr_1.nex / Model: Q.PLANT+G4 / df: 7 / LogL: -14203.245
Partition GENE_cluster2216_1rr_2.nex_GENE_cluster3907_1rr_1.nex_GENE_cluster4542_1rr_1.nex_GENE_cluster4982_1rr_1.nex_GENE_cluster5206_1rr_1.nex_GENE_cluster5422_1rr_1.nex_GENE_cluster5599_1rr_1.nex_GENE_cluster5604_1rr_1.nex / Model: Q.PLANT+F+G4 / df: 26 / LogL: -13454.673
Partition GENE_cluster2061_1rr_1.nex_GENE_cluster4622_1rr_1.nex_GENE_cluster4883_1rr_1.nex_GENE_cluster5145_1rr_1.nex_GENE_cluster5509_1rr_1.nex_GENE_cluster5550_1rr_1.nex_GENE_cluster5631_1rr_1.nex_GENE_cluster6112_1rr_1.nex_GENE_cluster6235_1rr_1.nex_GENE_cluster779_1rr_1.nex / Model: Q.PLANT+I+G4 / df: 7 / LogL: -17781.732
Partition GENE_cluster3448_1rr_1.nex_GENE_cluster5194_1rr_1.nex_GENE_cluster5268_1rr_1.nex_GENE_cluster6033_1rr_1.nex / Model: Q.PLANT+G4 / df: 7 / LogL: -5264.189
Partition GENE_cluster2199_1rr_1.nex_GENE_cluster5166_1rr_1.nex_GENE_cluster5186_1rr_1.nex_GENE_cluster5410_1rr_1.nex / Model: Q.PLANT+F+I+G4 / df: 26 / LogL: -9124.865
Partition GENE_cluster4821_1rr_1.nex_GENE_cluster5734_1rr_1.nex_GENE_cluster6121_1rr_1.nex / Model: Q.PLANT+F+G4 / df: 26 / LogL: -5371.688
Partition GENE_cluster4579_1rr_1.nex_GENE_cluster4965_1rr_1.nex_GENE_cluster5147_1rr_1.nex_GENE_cluster6597_1rr_1.nex / Model: Q.PLANT+F+G4 / df: 26 / LogL: -5934.643
Partition GENE_cluster5635_1rr_1.nex_GENE_cluster5736_1rr_1.nex_GENE_cluster5967_1rr_1.nex_GENE_cluster6546_1rr_1.nex / Model: Q.PLANT+I+G4 / df: 7 / LogL: -6686.564
Partition GENE_cluster5099_1rr_1.nex_GENE_cluster5938_1rr_1.nex_GENE_cluster6015_1rr_1.nex_GENE_cluster6305_1rr_1.nex / Model: Q.PLANT+F+R3 / df: 26 / LogL: -4193.529
Partition GENE_cluster4300_1rr_1.nex_GENE_cluster4852_1rr_1.nex_GENE_cluster5976_1rr_1.nex_GENE_cluster6336_1rr_1.nex / Model: Q.PLANT+I / df: 7 / LogL: -3713.763
Partition GENE_cluster1810_1rr_1.nex_GENE_cluster4791_1rr_1.nex_GENE_cluster4935_1rr_1.nex_GENE_cluster6111_1rr_1.nex / Model: JTT+F+G4 / df: 24 / LogL: -6234.313
Partition GENE_cluster5743_1rr_1.nex_GENE_cluster5754_1rr_1.nex_GENE_cluster5818_1rr_1.nex_GENE_cluster6573_1rr_1.nex_GENE_cluster692_1rr_1.nex / Model: Q.PLANT+F+G4 / df: 26 / LogL: -7333.954
Partition GENE_cluster5530_1rr_1.nex_GENE_cluster6516_1rr_1.nex_GENE_cluster719_2rr_1.nex / Model: LG+F+I / df: 26 / LogL: -4492.309
Partition GENE_cluster252_1rr_1.nex_GENE_cluster5036_1rr_1.nex_GENE_cluster5898_1rr_1.nex_GENE_cluster6281_1rr_1.nex / Model: Q.PLANT+F+G4 / df: 26 / LogL: -4718.657
Partition GENE_cluster168_5rr_1.nex_GENE_cluster3482_1rr_1.nex_GENE_cluster5214_1rr_1.nex_GENE_cluster5732_1rr_1.nex / Model: Q.PLANT+F+G4 / df: 26 / LogL: -8993.719
Partition GENE_cluster3976_1rr_1.nex_GENE_cluster5207_1rr_1.nex_GENE_cluster5370_1rr_1.nex_GENE_cluster6078_1rr_1.nex / Model: Q.PLANT+I / df: 7 / LogL: -4070.275
Partition GENE_cluster2113_2rr_1.nex_GENE_cluster6120_1rr_1.nex / Model: LG+F+G4 / df: 26 / LogL: -5823.786
Partition GENE_cluster1979_1rr_1.nex_GENE_cluster4588_1rr_1.nex_GENE_cluster5062_1rr_1.nex_GENE_cluster5951_1rr_1.nex / Model: Q.PLANT+G4 / df: 7 / LogL: -4807.373
Partition GENE_cluster2199_2rr_1.nex_GENE_cluster4895_1rr_1.nex_GENE_cluster5553_1rr_1.nex_GENE_cluster5571_1rr_1.nex / Model: Q.PLANT+F+G4 / df: 26 / LogL: -6274.610
Partition GENE_cluster1309_1rr_1.nex_GENE_cluster3363_1rr_1.nex / Model: JTTDCMUT+F+G4 / df: 26 / LogL: -5331.617
Partition GENE_cluster4356_1rr_1.nex_GENE_cluster6234_1rr_1.nex / Model: Q.PLANT+F+I+G4 / df: 26 / LogL: -4034.547
Partition GENE_cluster2066_1rr_1.nex_GENE_cluster2336_1rr_1.nex_GENE_cluster6266_1rr_1.nex / Model: JTTDCMUT+F+R2 / df: 26 / LogL: -2927.016
Partition GENE_cluster1721_1rr_1.nex_GENE_cluster5279_1rr_1.nex_GENE_cluster6378_1rr_1.nex / Model: Q.PLANT+F+G4 / df: 26 / LogL: -4461.778
Partition GENE_cluster5113_1rr_1.nex_GENE_cluster5858_1rr_1.nex / Model: Q.PLANT+F+G4 / df: 26 / LogL: -4475.268
Partition GENE_cluster1247_1rr_1.nex_GENE_cluster1848_1rr_1.nex_GENE_cluster4142_1rr_1.nex_GENE_cluster4611_1rr_1.nex_GENE_cluster4725_1rr_1.nex_GENE_cluster4750_1rr_1.nex_GENE_cluster4921_1rr_1.nex_GENE_cluster4954_1rr_1.nex_GENE_cluster5193_1rr_1.nex_GENE_cluster5681_1rr_1.nex_GENE_cluster5860_1rr_1.nex / Model: Q.PLANT+F+G4 / df: 26 / LogL: -15259.603
Partition GENE_cluster4250_1rr_1.nex_GENE_cluster6049_1rr_1.nex / Model: Q.PLANT+F+I / df: 24 / LogL: -4248.442
Partition GENE_cluster3928_1rr_1.nex_GENE_cluster4241_1rr_1.nex_GENE_cluster4414_1rr_1.nex_GENE_cluster5319_1rr_1.nex / Model: LG+G4 / df: 7 / LogL: -4959.630
Partition GENE_cluster1539_2rr_1.nex_GENE_cluster4335_1rr_1.nex_GENE_cluster4664_1rr_1.nex / Model: JTT+F+I / df: 26 / LogL: -2650.332
Partition GENE_cluster5052_1rr_1.nex_GENE_cluster6400_1rr_1.nex / Model: MTINV+F+I+R2 / df: 26 / LogL: -2402.410
Partition GENE_cluster4168_1rr_1.nex_GENE_cluster4271_1rr_1.nex / Model: Q.INSECT+F+G4 / df: 26 / LogL: -3666.052
Partition GENE_cluster5516_1rr_1.nex_GENE_cluster6348_1rr_1.nex / Model: LG+F+G4 / df: 26 / LogL: -3617.175
Partition GENE_cluster5212_1rr_1.nex_GENE_cluster5961_1rr_1.nex / Model: Q.PLANT+F+G4 / df: 26 / LogL: -4211.283
Partition GENE_cluster2747_1rr_1.nex_GENE_cluster4991_1rr_1.nex / Model: LG+F+I / df: 24 / LogL: -2445.563
Partition GENE_cluster3797_1rr_1.nex_GENE_cluster4312_1rr_1.nex_GENE_cluster6020_1rr_1.nex / Model: Q.PLANT+F+G4 / df: 26 / LogL: -4211.871
Partition GENE_cluster327_2rr_1.nex / Model: Q.PLANT+F+I+G4 / df: 26 / LogL: -2524.324
Partition GENE_cluster4850_1rr_1.nex_GENE_cluster5637_1rr_1.nex / Model: JTTDCMUT+I / df: 5 / LogL: -1679.293
Partition GENE_cluster4950_1rr_1.nex / Model: Q.PLANT+F+R2 / df: 26 / LogL: -2279.231
Partition GENE_cluster4138_1rr_1.nex_GENE_cluster4269_1rr_1.nex_GENE_cluster5477_1rr_1.nex / Model: Q.INSECT+F+I+G4 / df: 26 / LogL: -3222.026
Partition GENE_cluster2504_2rr_1.nex_GENE_cluster4562_1rr_1.nex_GENE_cluster6151_1rr_1.nex / Model: Q.PLANT+F+I+G4 / df: 26 / LogL: -5341.002
Partition GENE_cluster3301_1rr_1.nex_GENE_cluster3567_1rr_1.nex_GENE_cluster3894_1rr_1.nex_GENE_cluster3912_1rr_1.nex_GENE_cluster4240_1rr_1.nex_GENE_cluster4330_1rr_1.nex_GENE_cluster4560_1rr_1.nex_GENE_cluster4618_1rr_1.nex_GENE_cluster4700_1rr_1.nex_GENE_cluster5218_1rr_1.nex_GENE_cluster5250_1rr_1.nex_GENE_cluster5437_1rr_1.nex_GENE_cluster5529_1rr_1.nex_GENE_cluster5600_1rr_1.nex_GENE_cluster5678_1rr_1.nex_GENE_cluster5730_1rr_1.nex_GENE_cluster6152_1rr_1.nex_GENE_cluster6166_1rr_1.nex_GENE_cluster6320_1rr_1.nex_GENE_cluster6326_1rr_1.nex_GENE_cluster6455_1rr_1.nex_GENE_cluster6532_1rr_1.nex_GENE_cluster6591_1rr_1.nex / Model: Q.PLANT+F+I+R3 / df: 26 / LogL: -40899.922
Partition GENE_cluster4877_1rr_1.nex_GENE_cluster4889_1rr_1.nex / Model: Q.PLANT+G4 / df: 7 / LogL: -2205.370
Partition GENE_cluster5222_1rr_1.nex_GENE_cluster5435_1rr_1.nex / Model: Q.INSECT+F+G4 / df: 26 / LogL: -2637.977
Partition GENE_cluster1132_2rr_1.nex_GENE_cluster2648_1rr_1.nex_GENE_cluster4303_1rr_1.nex / Model: Q.PLANT+I / df: 3 / LogL: -2999.019
Partition GENE_cluster3404_1rr_1.nex_GENE_cluster4886_1rr_1.nex / Model: Q.PLANT+F+I / df: 24 / LogL: -2038.170
Partition GENE_cluster518_2rr_1.nex_GENE_cluster5412_1rr_1.nex / Model: Q.PLANT+G4 / df: 7 / LogL: -3814.484
Partition GENE_cluster2426_2rr_1.nex / Model: Q.PLANT+G4 / df: 7 / LogL: -2654.501
Partition GENE_cluster5085_1rr_1.nex_GENE_cluster5652_1rr_1.nex / Model: MTZOA+F / df: 24 / LogL: -1606.771
Partition GENE_cluster3050_1rr_1.nex_GENE_cluster5216_1rr_1.nex / Model: Q.PLANT+F+I / df: 22 / LogL: -1945.563
Partition GENE_cluster5181_1rr_1.nex_GENE_cluster6021_1rr_1.nex / Model: Q.PLANT+F+G4 / df: 26 / LogL: -2065.862
Partition GENE_cluster2080_2rr_1.nex_GENE_cluster3842_1rr_1.nex / Model: Q.INSECT+G4 / df: 7 / LogL: -3003.865
Partition GENE_cluster895_2rr_1.nex / Model: Q.PLANT+I+R2 / df: 7 / LogL: -2971.241
Partition GENE_cluster4833_1rr_1.nex / Model: Q.PLANT+G4 / df: 5 / LogL: -1811.090
Partition GENE_cluster3529_1rr_1.nex_GENE_cluster4854_1rr_1.nex_GENE_cluster51_3rr_1.nex_GENE_cluster5535_1rr_1.nex_GENE_cluster5659_1rr_1.nex / Model: Q.PLANT+F+G4 / df: 26 / LogL: -6134.847
Partition GENE_cluster5718_1rr_1.nex_GENE_cluster6296_1rr_1.nex / Model: Q.INSECT+F / df: 22 / LogL: -1374.530
Partition GENE_cluster4846_1rr_1.nex_GENE_cluster5024_1rr_1.nex / Model: Q.PLANT / df: 3 / LogL: -1078.272
Partition GENE_cluster5622_1rr_1.nex / Model: Q.PLANT+F+G4 / df: 22 / LogL: -2098.013
Partition GENE_cluster682_1rr_1.nex / Model: Q.PLANT+I / df: 3 / LogL: -1402.803
Partition GENE_cluster5869_1rr_1.nex_GENE_cluster6447_1rr_1.nex / Model: JTTDCMUT / df: 3 / LogL: -779.867
Partition GENE_cluster3296_1rr_1.nex / Model: WAG+F / df: 22 / LogL: -755.494
Partition GENE_cluster115_5rr_1.nex / Model: FLAVI / df: 3 / LogL: -541.085
Partition GENE_cluster1678_1rr_1.nex / Model: Q.PLANT+I / df: 5 / LogL: -1303.888
Partition GENE_cluster4758_1rr_1.nex_GENE_cluster5372_1rr_1.nex / Model: Q.MAMMAL+F / df: 22 / LogL: -1079.531
Partition GENE_cluster4032_1rr_1.nex / Model: LG+F / df: 22 / LogL: -696.505
Partition GENE_cluster4490_1rr_1.nex_GENE_cluster4733_1rr_1.nex / Model: Q.INSECT+F+G4 / df: 26 / LogL: -2514.781
Partition GENE_cluster716_1rr_1.nex / Model: Q.PLANT+F+I / df: 26 / LogL: -1924.848
Partition GENE_cluster5579_1rr_1.nex_GENE_cluster5602_1rr_1.nex / Model: Q.INSECT+F+I / df: 26 / LogL: -2456.474
Partition GENE_cluster2128_2rr_1.nex / Model: Q.INSECT / df: 3 / LogL: -950.444
Partition GENE_cluster4570_1rr_1.nex / Model: LG+I / df: 3 / LogL: -1009.909
Partition GENE_cluster4943_1rr_1.nex_GENE_cluster5038_1rr_1.nex / Model: Q.INSECT+F+G4 / df: 24 / LogL: -1550.293
Partition GENE_cluster4648_1rr_1.nex / Model: Q.YEAST+F+I / df: 22 / LogL: -666.798
Partition GENE_cluster4718_1rr_1.nex / Model: Q.INSECT+F+G4 / df: 24 / LogL: -1148.507
Partition GENE_cluster1794_1rr_1.nex / Model: LG+G4 / df: 5 / LogL: -1244.200
Partition GENE_cluster5348_1rr_1.nex / Model: RTREV+F+G4 / df: 24 / LogL: -1351.086
Partition GENE_cluster5449_1rr_1.nex_GENE_cluster5725_1rr_1.nex / Model: LG+F+G4 / df: 24 / LogL: -3272.442
Partition GENE_cluster1450_1rr_1.nex_GENE_cluster5350_1rr_1.nex_GENE_cluster5537_1rr_1.nex_GENE_cluster5611_1rr_1.nex_GENE_cluster5956_1rr_1.nex_GENE_cluster5963_1rr_1.nex / Model: Q.PLANT+F+G4 / df: 24 / LogL: -6019.974
Partition GENE_cluster5627_1rr_1.nex / Model: JTT+F+G4 / df: 26 / LogL: -1292.940
Partition GENE_cluster1523_2rr_1.nex / Model: WAG+F+G4 / df: 26 / LogL: -1594.064
Partition GENE_cluster4937_1rr_1.nex_GENE_cluster5811_1rr_1.nex / Model: JTT+F+G4 / df: 26 / LogL: -2218.511
Partition GENE_cluster2674_1rr_1.nex_GENE_cluster5452_1rr_1.nex / Model: Q.PLANT+F+G4 / df: 24 / LogL: -4832.616
Partition GENE_cluster1438_1rr_1.nex_GENE_cluster4153_1rr_1.nex_GENE_cluster4590_1rr_1.nex_GENE_cluster4706_1rr_1.nex / Model: Q.PLANT+F+I+G4 / df: 26 / LogL: -5637.056
Optimal log-likelihood: -634236.402
Partition information was printed to legume5_Q_search.best_model.nex
BEST SCORE FOUND : -634236.402
Creating bootstrap support values...
Split supports printed to NEXUS file legume5_Q_search.splits.nex
Total tree length: 1.027

Total number of iterations: 101
CPU time used for tree search: 336.866 sec (0h:5m:36s)
Wall-clock time used for tree search: 76.348 sec (0h:1m:16s)
Total CPU time used: 348.142 sec (0h:5m:48s)
Total wall-clock time used: 33804753.995 sec (9390h:12m:33s)
UFBoot trees printed to legume5_Q_search.ufboot

Computing bootstrap consensus tree...
Reading input file legume5_Q_search.splits.nex...
5 taxa and 8 splits.
Consensus tree written to legume5_Q_search.contree
Reading input trees file legume5_Q_search.contree
Log-likelihood of consensus tree: -634236.401
Identifying sites to remove: done in 0.000418358 secs using 1119% CPU
Identifying sites to remove: done in 0.000425741 secs using 1017% CPU
Identifying sites to remove: done in 0.000464141 secs using 943.2% CPU
Identifying sites to remove: done in 0.00110191 secs using 762.1% CPU
Identifying sites to remove: done in 0.00116618 secs using 825.3% CPU
Identifying sites to remove: done in 0.000203364 secs using 757.8% CPU
Identifying sites to remove: done in 0.000183448 secs using 495.5% CPU
Identifying sites to remove: done in 0.000203483 secs using 1242% CPU
Identifying sites to remove: done in 0.000259012 secs using 1659% CPU
Identifying sites to remove: done in 0.000150383 secs using 1405% CPU
Identifying sites to remove: done in 0.000119813 secs using 758.7% CPU
Identifying sites to remove: done in 0.000147425 secs using 1070% CPU
Identifying sites to remove: done in 0.000148565 secs using 819.2% CPU
Identifying sites to remove: done in 0.000117153 secs using 714.5% CPU
Identifying sites to remove: done in 0.000186421 secs using 208.7% CPU
Identifying sites to remove: done in 0.000210375 secs using 111.2% CPU
Identifying sites to remove: done in 0.000164643 secs
Identifying sites to remove: done in 0.000134729 secs
Identifying sites to remove: done in 0.000139721 secs
Identifying sites to remove: done in 0.000143223 secs
Identifying sites to remove: done in 0.000142634 secs
Identifying sites to remove: done in 4.37573e-05 secs using 1.265e+04% CPU
Identifying sites to remove: done in 4.46364e-05 secs using 8372% CPU
Identifying sites to remove: done in 4.52176e-05 secs using 1.231e+04% CPU
Identifying sites to remove: done in 4.61712e-05 secs using 402.8% CPU
Identifying sites to remove: done in 8.97348e-05 secs using 5977% CPU
Identifying sites to remove: done in 5.78538e-05 secs using 6864% CPU
Identifying sites to remove: done in 6.02528e-05 secs using 9037% CPU
Identifying sites to remove: done in 7.54669e-05 secs using 2691% CPU
Identifying sites to remove: done in 8.57562e-05 secs using 2184% CPU
Identifying sites to remove: done in 4.23566e-05 secs using 226.6% CPU
Identifying sites to remove: done in 4.42117e-05 secs using 92.74% CPU
Identifying sites to remove: done in 3.75509e-05 secs using 1451% CPU
Identifying sites to remove: done in 5.2169e-05 secs using 1440% CPU
Identifying sites to remove: done in 4.5374e-05 secs using 1353% CPU
Identifying sites to remove: done in 5.4881e-05 secs using 1286% CPU
Identifying sites to remove: done in 5.37485e-05 secs using 928.4% CPU
Identifying sites to remove: done in 4.50313e-05 secs using 1061% CPU
Identifying sites to remove: done in 4.09335e-05 secs using 1940% CPU
Identifying sites to remove: done in 4.33996e-05 secs using 933.2% CPU
Identifying sites to remove: done in 4.17084e-05 secs using 227.8% CPU
Identifying sites to remove: done in 4.33326e-05 secs using 94.62% CPU
Identifying sites to remove: done in 0.000533432 secs using 3570% CPU
Identifying sites to remove: done in 0.000548273 secs using 3313% CPU
Identifying sites to remove: done in 0.000577554 secs using 3441% CPU
Identifying sites to remove: done in 0.000578679 secs using 3576% CPU
Identifying sites to remove: done in 0.000601314 secs using 3145% CPU
Identifying sites to remove: done in 0.000619911 secs using 2470% CPU
Identifying sites to remove: done in 0.000872999 secs using 1829% CPU
Identifying sites to remove: done in 0.000416733 secs using 32.63% CPU
Identifying sites to remove: done in 0.000479266 secs
Identifying sites to remove: done in 0.00054463 secs
Identifying sites to remove: done in 0.000345677 secs
Identifying sites to remove: done in 0.00040105 secs using 114.2% CPU
Identifying sites to remove: done in 0.00035131 secs using 1294% CPU
Identifying sites to remove: done in 0.000370234 secs using 1.009e+04% CPU
Identifying sites to remove: done in 0.000398628 secs using 9460% CPU
Identifying sites to remove: done in 0.00040517 secs using 8460% CPU
Identifying sites to remove: done in 0.000431582 secs using 245.8% CPU
Identifying sites to remove: done in 0.000338361 secs using 107% CPU
Identifying sites to remove: done in 0.00036902 secs using 521.1% CPU
Identifying sites to remove: done in 0.000470735 secs using 932.6% CPU
Identifying sites to remove: done in 0.000432007 secs using 1109% CPU
Identifying sites to remove: done in 0.00043916 secs using 723% CPU
Identifying sites to remove: done in 0.000434212 secs using 729.1% CPU
Identifying sites to remove: done in 0.000475578 secs using 674.3% CPU
Identifying sites to remove: done in 0.000467077 secs using 631.2% CPU
Identifying sites to remove: done in 0.000460602 secs using 133.1% CPU
Identifying sites to remove: done in 0.000427172 secs using 231.1% CPU
Identifying sites to remove: done in 0.000467114 secs using 157.6% CPU
Identifying sites to remove: done in 0.000468314 secs using 368.3% CPU
Identifying sites to remove: done in 0.000447214 secs using 146.5% CPU
Identifying sites to remove: done in 0.00112343 secs using 2453% CPU
Identifying sites to remove: done in 0.00112481 secs using 2106% CPU
Identifying sites to remove: done in 0.00122495 secs using 705.7% CPU
Identifying sites to remove: done in 0.00126753 secs using 1615% CPU
Identifying sites to remove: done in 0.00126843 secs using 2536% CPU
Identifying sites to remove: done in 0.00129575 secs using 1288% CPU
Identifying sites to remove: done in 0.00177002 secs using 2097% CPU
Identifying sites to remove: done in 0.00117308 secs using 1658% CPU
Identifying sites to remove: done in 0.00118454 secs using 2335% CPU
Identifying sites to remove: done in 0.0012558 secs using 1102% CPU
Identifying sites to remove: done in 0.000876285 secs
Identifying sites to remove: done in 0.00119011 secs using 900.3% CPU
Identifying sites to remove: done in 0.00108473 secs using 1157% CPU
Identifying sites to remove: done in 0.00117721 secs using 1071% CPU
Identifying sites to remove: done in 0.00103243 secs using 228.6% CPU
Identifying sites to remove: done in 0.00101951 secs using 118.1% CPU
Identifying sites to remove: done in 0.00105452 secs using 209.2% CPU
Identifying sites to remove: done in 0.00106388 secs using 174.1% CPU
Identifying sites to remove: done in 0.00114819 secs using 2457% CPU
Identifying sites to remove: done in 0.00110672 secs using 384% CPU
Identifying sites to remove: done in 0.00118069 secs using 477.9% CPU
Identifying sites to remove: done in 0.00136898 secs using 2479% CPU
Identifying sites to remove: done in 0.00105715 secs using 3632% CPU
Identifying sites to remove: done in 0.00114497 secs using 98.61% CPU
Identifying sites to remove: done in 0.00131868 secs using 4192% CPU
Identifying sites to remove: done in 0.00116638 secs using 402.1% CPU
Identifying sites to remove: done in 0.00118282 secs using 366.2% CPU
Identifying sites to remove: done in 0.00109848 secs using 414.9% CPU
Identifying sites to remove: done in 0.00116583 secs using 363% CPU
Identifying sites to remove: done in 0.00112468 secs using 127.3% CPU
Identifying sites to remove: done in 0.000868782 secs using 5313% CPU
Identifying sites to remove: done in 0.000947587 secs using 7403% CPU
Identifying sites to remove: done in 0.000973426 secs using 6418% CPU
Identifying sites to remove: done in 0.000996761 secs using 5887% CPU
Identifying sites to remove: done in 0.00100003 secs using 5477% CPU
Identifying sites to remove: done in 0.00100239 secs using 6636% CPU
Identifying sites to remove: done in 0.00158455 secs using 3342% CPU
Identifying sites to remove: done in 0.000647224 secs using 295.4% CPU
Identifying sites to remove: done in 0.00075791 secs using 276.3% CPU
Identifying sites to remove: done in 0.000893012 secs using 464.2% CPU
Identifying sites to remove: done in 0.000639312 secs using 175.5% CPU
Identifying sites to remove: done in 0.000832431 secs using 4459% CPU
Identifying sites to remove: done in 0.000681177 secs using 807.6% CPU
Identifying sites to remove: done in 0.000827096 secs using 858.2% CPU
Identifying sites to remove: done in 0.000655055 secs using 579% CPU
Identifying sites to remove: done in 0.00064189 secs using 220.6% CPU
Identifying sites to remove: done in 0.000601605 secs using 98.57% CPU
Identifying sites to remove: done in 0.000673205 secs using 8887% CPU
Identifying sites to remove: done in 0.000762455 secs using 396.6% CPU
Identifying sites to remove: done in 0.000710063 secs using 366.4% CPU
Identifying sites to remove: done in 0.000739083 secs using 267.6% CPU
Identifying sites to remove: done in 0.000790112 secs using 98.59% CPU
Identifying sites to remove: done in 0.000599645 secs using 98.56% CPU
Identifying sites to remove: done in 0.000795394 secs using 559.7% CPU
Identifying sites to remove: done in 0.000766829 secs using 531.3% CPU
Identifying sites to remove: done in 0.000721194 secs using 361.2% CPU
Identifying sites to remove: done in 0.000820339 secs using 427.5% CPU
Identifying sites to remove: done in 0.000731923 secs using 399.9% CPU
Identifying sites to remove: done in 0.000799261 secs using 183.2% CPU
Identifying sites to remove: done in 0.000748158 secs using 9456% CPU
Identifying sites to remove: done in 0.000733927 secs using 678.4% CPU
Identifying sites to remove: done in 0.000792705 secs using 2075% CPU
Identifying sites to remove: done in 0.000793636 secs using 2354% CPU
Identifying sites to remove: done in 0.000904039 secs using 1715% CPU
Identifying sites to remove: done in 0.000903063 secs using 1469% CPU
Identifying sites to remove: done in 0.000941753 secs using 1896% CPU
Identifying sites to remove: done in 0.00121123 secs using 968.6% CPU
Identifying sites to remove: done in 0.000704572 secs using 290.5% CPU
Identifying sites to remove: done in 0.000758857 secs using 7245% CPU
Identifying sites to remove: done in 0.000716746 secs using 234% CPU
Identifying sites to remove: done in 0.00060828 secs using 316% CPU
Identifying sites to remove: done in 0.000798821 secs using 574.2% CPU
Identifying sites to remove: done in 0.000717685 secs using 452.7% CPU
Identifying sites to remove: done in 0.000793017 secs using 240.3% CPU
Identifying sites to remove: done in 0.000619136 secs using 1298% CPU
Identifying sites to remove: done in 0.000637889 secs using 1190% CPU
Identifying sites to remove: done in 0.000626668 secs using 778.6% CPU
Identifying sites to remove: done in 0.00068257 secs using 176.1% CPU
Identifying sites to remove: done in 0.000791885 secs using 315.4% CPU
Identifying sites to remove: done in 0.000652239 secs using 331.3% CPU
Identifying sites to remove: done in 0.000724435 secs using 367.3% CPU
Identifying sites to remove: done in 0.000516854 secs using 446.9% CPU
Identifying sites to remove: done in 0.00063131 secs using 124.8% CPU
Identifying sites to remove: done in 0.000645854 secs using 529.7% CPU
Identifying sites to remove: done in 0.000769034 secs using 562.7% CPU
Identifying sites to remove: done in 0.000656478 secs using 688.1% CPU
Identifying sites to remove: done in 0.000665762 secs using 9652% CPU
Identifying sites to remove: done in 0.000763759 secs using 348.5% CPU
Identifying sites to remove: done in 0.000638172 secs using 350.4% CPU
Identifying sites to remove: done in 0.000827096 secs using 202.9% CPU
Identifying sites to remove: done in 0.000346057 secs using 611.7% CPU
Identifying sites to remove: done in 0.000368789 secs using 1968% CPU
Identifying sites to remove: done in 0.000385962 secs using 1679% CPU
Identifying sites to remove: done in 0.000402287 secs using 1551% CPU
Identifying sites to remove: done in 0.000417404 secs using 1111% CPU
Identifying sites to remove: done in 0.000420019 secs using 1695% CPU
Identifying sites to remove: done in 0.000699431 secs using 867.4% CPU
Identifying sites to remove: done in 0.000333734 secs using 324.8% CPU
Identifying sites to remove: done in 0.000357822 secs using 633% CPU
Identifying sites to remove: done in 0.000266179 secs using 1103% CPU
Identifying sites to remove: done in 0.000390992 secs using 1315% CPU
Identifying sites to remove: done in 0.000292987 secs using 1007% CPU
Identifying sites to remove: done in 0.000343546 secs using 174.6% CPU
Identifying sites to remove: done in 0.000295855 secs using 2049% CPU
Identifying sites to remove: done in 0.000331528 secs using 1070% CPU
Identifying sites to remove: done in 0.000251904 secs using 945.2% CPU
Identifying sites to remove: done in 0.000261277 secs using 123.2% CPU
Identifying sites to remove: done in 0.000313096 secs using 3205% CPU
Identifying sites to remove: done in 0.000248075 secs using 1.972e+04% CPU
Identifying sites to remove: done in 0.000343718 secs using 1.401e+04% CPU
Identifying sites to remove: done in 0.000294276 secs using 1.412e+04% CPU
Identifying sites to remove: done in 0.000358626 secs using 1.236e+04% CPU
Identifying sites to remove: done in 0.000259697 secs using 225.3% CPU
Identifying sites to remove: done in 0.000313319 secs using 97.98% CPU
Identifying sites to remove: done in 0.000255384 secs using 574.4% CPU
Identifying sites to remove: done in 0.000263274 secs using 662.8% CPU
Identifying sites to remove: done in 0.000300705 secs using 1190% CPU
Identifying sites to remove: done in 0.000287458 secs using 721.8% CPU
Identifying sites to remove: done in 0.000317723 secs using 761.7% CPU
Identifying sites to remove: done in 0.000262499 secs using 139.4% CPU
Identifying sites to remove: done in 0.000323407 secs using 1701% CPU
Identifying sites to remove: done in 0.000324532 secs using 1963% CPU
Identifying sites to remove: done in 0.000371568 secs using 1648% CPU
Identifying sites to remove: done in 0.000371739 secs using 1419% CPU
Identifying sites to remove: done in 0.000385672 secs using 945.9% CPU
Identifying sites to remove: done in 0.000411943 secs using 1104% CPU
Identifying sites to remove: done in 0.00063742 secs using 1474% CPU
Identifying sites to remove: done in 0.000351556 secs using 250.6% CPU
Identifying sites to remove: done in 0.000273496 secs using 2468% CPU
Identifying sites to remove: done in 0.000354409 secs using 2412% CPU
Identifying sites to remove: done in 0.000346102 secs using 560.8% CPU
Identifying sites to remove: done in 0.000381365 secs using 1040% CPU
Identifying sites to remove: done in 0.000425868 secs using 1379% CPU
Identifying sites to remove: done in 0.000521347 secs using 796.8% CPU
Identifying sites to remove: done in 0.000278704 secs using 264.1% CPU
Identifying sites to remove: done in 0.000323601 secs using 1108% CPU
Identifying sites to remove: done in 0.000266969 secs using 1861% CPU
Identifying sites to remove: done in 0.00031139 secs using 2001% CPU
Identifying sites to remove: done in 0.000331052 secs using 1043% CPU
Identifying sites to remove: done in 0.00032106 secs using 302.7% CPU
Identifying sites to remove: done in 0.000342473 secs using 796% CPU
Identifying sites to remove: done in 0.000244543 secs using 1096% CPU
Identifying sites to remove: done in 0.000259407 secs using 156.9% CPU
Identifying sites to remove: done in 0.000318393 secs using 1.269e+04% CPU
Identifying sites to remove: done in 0.000373967 secs using 1.145e+04% CPU
Identifying sites to remove: done in 0.00032983 secs using 453.6% CPU
Identifying sites to remove: done in 0.000312746 secs using 771.2% CPU
Identifying sites to remove: done in 0.000328287 secs using 659.2% CPU
Identifying sites to remove: done in 0.000325292 secs using 458% CPU
Identifying sites to remove: done in 0.000339262 secs using 255% CPU
Identifying sites to remove: done in 0.000329137 secs using 2.033e+04% CPU
Identifying sites to remove: done in 0.000367336 secs using 1.933e+04% CPU
Identifying sites to remove: done in 0.000386879 secs using 1.381e+04% CPU
Identifying sites to remove: done in 0.000388555 secs using 1.475e+04% CPU
Identifying sites to remove: done in 0.000417396 secs using 1.54e+04% CPU
Identifying sites to remove: done in 0.000432789 secs using 1.419e+04% CPU
Identifying sites to remove: done in 0.000284187 secs using 594% CPU
Identifying sites to remove: done in 0.000631995 secs using 1.188e+04% CPU
Identifying sites to remove: done in 0.000328325 secs using 719.4% CPU
Identifying sites to remove: done in 0.000236422 secs using 705.1% CPU
Identifying sites to remove: done in 0.000356868 secs using 1009% CPU
Identifying sites to remove: done in 0.000394054 secs using 797.1% CPU
Identifying sites to remove: done in 0.000328474 secs using 764.4% CPU
Identifying sites to remove: done in 0.000270121 secs using 1485% CPU
Identifying sites to remove: done in 0.000489011 secs using 1010% CPU
Identifying sites to remove: done in 0.000311583 secs using 1216% CPU
Identifying sites to remove: done in 0.000277229 secs using 951.9% CPU
Identifying sites to remove: done in 0.000410073 secs using 987.6% CPU
Identifying sites to remove: done in 0.000369564 secs using 627.2% CPU
Identifying sites to remove: done in 0.000360839 secs using 298.7% CPU
Identifying sites to remove: done in 0.000272289 secs using 1599% CPU
Identifying sites to remove: done in 0.000301637 secs using 1992% CPU
Identifying sites to remove: done in 0.000268549 secs using 1888% CPU
Identifying sites to remove: done in 0.000359423 secs using 886.7% CPU
Identifying sites to remove: done in 0.000348359 secs using 1149% CPU
Identifying sites to remove: done in 0.000352763 secs using 813.9% CPU
Identifying sites to remove: done in 0.00036329 secs using 521.6% CPU
Identifying sites to remove: done in 0.000392608 secs using 181.4% CPU
Identifying sites to remove: done in 0.000919119 secs using 1950% CPU
Identifying sites to remove: done in 0.0009377 secs using 1719% CPU
Identifying sites to remove: done in 0.000951104 secs using 885.4% CPU
Identifying sites to remove: done in 0.00105359 secs using 656.1% CPU
Identifying sites to remove: done in 0.00105597 secs using 1390% CPU
Identifying sites to remove: done in 0.00108544 secs using 1003% CPU
Identifying sites to remove: done in 0.00169475 secs using 1005% CPU
Identifying sites to remove: done in 0.000835873 secs using 291.9% CPU
Identifying sites to remove: done in 0.000869103 secs using 6844% CPU
Identifying sites to remove: done in 0.00109132 secs using 257.7% CPU
Identifying sites to remove: done in 0.000740238 secs using 644.8% CPU
Identifying sites to remove: done in 0.000963382 secs using 642.9% CPU
Identifying sites to remove: done in 0.000956342 secs using 467.5% CPU
Identifying sites to remove: done in 0.000877693 secs using 235.7% CPU
Identifying sites to remove: done in 0.000712693 secs using 213.6% CPU
Identifying sites to remove: done in 0.000789501 secs using 8210% CPU
Identifying sites to remove: done in 0.000742495 secs using 8272% CPU
Identifying sites to remove: done in 0.000847548 secs using 113.7% CPU
Identifying sites to remove: done in 0.000807226 secs using 618.2% CPU
Identifying sites to remove: done in 0.000838086 secs using 452.1% CPU
Identifying sites to remove: done in 0.000889815 secs using 469.1% CPU
Identifying sites to remove: done in 0.000635624 secs using 121.1% CPU
Identifying sites to remove: done in 0.000747308 secs using 9070% CPU
Identifying sites to remove: done in 0.000899822 secs using 621.7% CPU
Identifying sites to remove: done in 0.000838481 secs using 480.9% CPU
Identifying sites to remove: done in 0.000882059 secs using 250.7% CPU
Identifying sites to remove: done in 0.000870772 secs using 936.1% CPU
Identifying sites to remove: done in 0.000836886 secs using 624% CPU
Identifying sites to remove: done in 0.000854619 secs using 7723% CPU
Identifying sites to remove: done in 0.000890315 secs using 99.74% CPU
Identifying sites to remove: done in 0.000117585 secs using 1095% CPU
Identifying sites to remove: done in 0.000120409 secs using 1187% CPU
Identifying sites to remove: done in 0.000152662 secs using 747.4% CPU
Identifying sites to remove: done in 0.000154227 secs using 505.7% CPU
Identifying sites to remove: done in 0.000151992 secs using 590.8% CPU
Identifying sites to remove: done in 0.000153661 secs using 850.6% CPU
Identifying sites to remove: done in 0.000108644 secs using 193.3% CPU
Identifying sites to remove: done in 0.000325613 secs using 548.5% CPU
Identifying sites to remove: done in 8.9623e-05 secs using 400.6% CPU
Identifying sites to remove: done in 0.000108771 secs using 1794% CPU
Identifying sites to remove: done in 0.000120714 secs using 1460% CPU
Identifying sites to remove: done in 0.000129975 secs using 922.5% CPU
Identifying sites to remove: done in 0.000142328 secs using 479.9% CPU
Identifying sites to remove: done in 0.000102758 secs using 181% CPU
Identifying sites to remove: done in 0.000223085 secs using 583.6% CPU
Identifying sites to remove: done in 9.00701e-05 secs using 2095% CPU
Identifying sites to remove: done in 0.000108935 secs using 2362% CPU
Identifying sites to remove: done in 0.00012026 secs using 1131% CPU
Identifying sites to remove: done in 0.000122249 secs using 523.5% CPU
Identifying sites to remove: done in 0.000108361 secs using 1555% CPU
Identifying sites to remove: done in 0.000107847 secs using 788.2% CPU
Identifying sites to remove: done in 8.89003e-05 secs using 1295% CPU
Identifying sites to remove: done in 9.34452e-05 secs using 158.4% CPU
Identifying sites to remove: done in 0.000110269 secs using 1044% CPU
Identifying sites to remove: done in 0.000119895 secs using 1459% CPU
Identifying sites to remove: done in 0.000121877 secs using 1953% CPU
Identifying sites to remove: done in 0.000113226 secs using 1655% CPU
Identifying sites to remove: done in 0.000115603 secs using 224.9% CPU
Identifying sites to remove: done in 0.000103615 secs using 1614% CPU
Identifying sites to remove: done in 0.00011465 secs using 184.9% CPU
Identifying sites to remove: done in 0.000208758 secs using 2003% CPU
Identifying sites to remove: done in 0.00022532 secs using 4882% CPU
Identifying sites to remove: done in 0.000223622 secs using 560.3% CPU
Identifying sites to remove: done in 0.000226192 secs using 1055% CPU
Identifying sites to remove: done in 0.000228442 secs using 3421% CPU
Identifying sites to remove: done in 0.000262611 secs using 3466% CPU
Identifying sites to remove: done in 0.000470489 secs using 1722% CPU
Identifying sites to remove: done in 0.00017561 secs using 228.3% CPU
Identifying sites to remove: done in 0.000190973 secs using 1302% CPU
Identifying sites to remove: done in 0.000156716 secs using 354.8% CPU
Identifying sites to remove: done in 0.000206724 secs using 2927% CPU
Identifying sites to remove: done in 0.000301689 secs using 3058% CPU
Identifying sites to remove: done in 0.000216685 secs using 1652% CPU
Identifying sites to remove: done in 0.000205927 secs using 396.7% CPU
Identifying sites to remove: done in 0.00014624 secs using 99.15% CPU
Identifying sites to remove: done in 0.000160225 secs using 330.8% CPU
Identifying sites to remove: done in 0.000169925 secs using 436.1% CPU
Identifying sites to remove: done in 0.000137813 secs using 156% CPU
Identifying sites to remove: done in 0.000179976 secs using 936.2% CPU
Identifying sites to remove: done in 0.000175819 secs using 648.4% CPU
Identifying sites to remove: done in 0.000174157 secs using 249.2% CPU
Identifying sites to remove: done in 0.000124358 secs using 919.1% CPU
Identifying sites to remove: done in 0.00013195 secs using 141.7% CPU
Identifying sites to remove: done in 0.000176549 secs using 1580% CPU
Identifying sites to remove: done in 0.000171818 secs using 840.4% CPU
Identifying sites to remove: done in 0.000168338 secs using 1182% CPU
Identifying sites to remove: done in 0.000161745 secs using 149.6% CPU
Identifying sites to remove: done in 0.000174545 secs using 1253% CPU
Identifying sites to remove: done in 0.000180639 secs using 1319% CPU
Identifying sites to remove: done in 0.000168018 secs using 126.8% CPU
Identifying sites to remove: done in 0.000724614 secs using 7269% CPU
Identifying sites to remove: done in 0.000763066 secs using 7789% CPU
Identifying sites to remove: done in 0.000765264 secs using 7418% CPU
Identifying sites to remove: done in 0.000893928 secs using 7582% CPU
Identifying sites to remove: done in 0.000893749 secs using 5823% CPU
Identifying sites to remove: done in 0.000911899 secs using 7633% CPU
Identifying sites to remove: done in 0.00133686 secs using 4900% CPU
Identifying sites to remove: done in 0.00062152 secs using 330.8% CPU
Identifying sites to remove: done in 0.000660762 secs using 228.7% CPU
Identifying sites to remove: done in 0.00075642 secs using 433.8% CPU
Identifying sites to remove: done in 0.000555836 secs using 648.6% CPU
Identifying sites to remove: done in 0.000631668 secs using 1088% CPU
Identifying sites to remove: done in 0.000725187 secs using 267.4% CPU
Identifying sites to remove: done in 0.00074514 secs using 622.6% CPU
Identifying sites to remove: done in 0.000542291 secs using 1.094e+04% CPU
Identifying sites to remove: done in 0.000572525 secs using 1.027e+04% CPU
Identifying sites to remove: done in 0.000522286 secs using 251.2% CPU
Identifying sites to remove: done in 0.000574492 secs using 152.3% CPU
Identifying sites to remove: done in 0.000627697 secs using 704.5% CPU
Identifying sites to remove: done in 0.000709273 secs using 468.9% CPU
Identifying sites to remove: done in 0.000580832 secs using 252.1% CPU
Identifying sites to remove: done in 0.000487156 secs using 658.1% CPU
Identifying sites to remove: done in 0.000520661 secs using 139.6% CPU
Identifying sites to remove: done in 0.000594616 secs using 1.12e+04% CPU
Identifying sites to remove: done in 0.000712313 secs using 8905% CPU
Identifying sites to remove: done in 0.000567615 secs using 286.3% CPU
Identifying sites to remove: done in 0.000567958 secs using 125.5% CPU
Identifying sites to remove: done in 0.000577822 secs using 428.2% CPU
Identifying sites to remove: done in 0.000692375 secs using 480.1% CPU
Identifying sites to remove: done in 0.000693679 secs using 117.5% CPU
Identifying sites to remove: done in 0.00068067 secs using 1250% CPU
Identifying sites to remove: done in 0.000681512 secs using 1134% CPU
Identifying sites to remove: done in 0.000681177 secs using 883.8% CPU
Identifying sites to remove: done in 0.000786737 secs using 1443% CPU
Identifying sites to remove: done in 0.000786372 secs using 942.2% CPU
Identifying sites to remove: done in 0.000820123 secs using 1107% CPU
Identifying sites to remove: done in 0.00117321 secs using 772.7% CPU
Identifying sites to remove: done in 0.000674605 secs using 343.3% CPU
Identifying sites to remove: done in 0.000710465 secs using 610.7% CPU
Identifying sites to remove: done in 0.000506997 secs using 1521% CPU
Identifying sites to remove: done in 0.00086984 secs using 1345% CPU
Identifying sites to remove: done in 0.000638746 secs using 360.7% CPU
Identifying sites to remove: done in 0.000750884 secs using 1140% CPU
Identifying sites to remove: done in 0.000749923 secs using 746.3% CPU
Identifying sites to remove: done in 0.00057213 secs using 8925% CPU
Identifying sites to remove: done in 0.000579655 secs using 257.7% CPU
Identifying sites to remove: done in 0.000548303 secs using 329.6% CPU
Identifying sites to remove: done in 0.000603937 secs using 794.8% CPU
Identifying sites to remove: done in 0.000718214 secs using 633.2% CPU
Identifying sites to remove: done in 0.000593908 secs using 304.3% CPU
Identifying sites to remove: done in 0.000654042 secs using 484.1% CPU
Identifying sites to remove: done in 0.000442505 secs using 638.9% CPU
Identifying sites to remove: done in 0.000523627 secs using 112.5% CPU
Identifying sites to remove: done in 0.00069537 secs using 1181% CPU
Identifying sites to remove: done in 0.000598907 secs using 825.8% CPU
Identifying sites to remove: done in 0.000606127 secs using 9788% CPU
Identifying sites to remove: done in 0.000590943 secs using 371.1% CPU
Identifying sites to remove: done in 0.000611961 secs using 474.2% CPU
Identifying sites to remove: done in 0.000689179 secs using 382% CPU
Identifying sites to remove: done in 0.000700891 secs using 150.1% CPU
Identifying sites to remove: done in 0.000605538 secs using 667.2% CPU
Identifying sites to remove: done in 0.000635952 secs using 3098% CPU
Identifying sites to remove: done in 0.000653394 secs using 3490% CPU
Identifying sites to remove: done in 0.000702716 secs using 3713% CPU
Identifying sites to remove: done in 0.00071831 secs using 1990% CPU
Identifying sites to remove: done in 0.000734925 secs using 2355% CPU
Identifying sites to remove: done in 0.0011537 secs using 5763% CPU
Identifying sites to remove: done in 0.000559494 secs using 9995% CPU
Identifying sites to remove: done in 0.000591673 secs using 326.5% CPU
Identifying sites to remove: done in 0.000463866 secs using 322.9% CPU
Identifying sites to remove: done in 0.00070706 secs using 729.8% CPU
Identifying sites to remove: done in 0.00054387 secs using 647.6% CPU
Identifying sites to remove: done in 0.000623308 secs using 929.2% CPU
Identifying sites to remove: done in 0.000639662 secs using 760.4% CPU
Identifying sites to remove: done in 0.000532657 secs using 221.3% CPU
Identifying sites to remove: done in 0.000507303 secs using 1123% CPU
Identifying sites to remove: done in 0.000496082 secs using 714.6% CPU
Identifying sites to remove: done in 0.000512861 secs using 232.4% CPU
Identifying sites to remove: done in 0.00055223 secs using 1405% CPU
Identifying sites to remove: done in 0.000492275 secs using 930% CPU
Identifying sites to remove: done in 0.000777178 secs using 599.2% CPU
Identifying sites to remove: done in 0.000471622 secs using 1.103e+04% CPU
Identifying sites to remove: done in 0.000521943 secs using 429.5% CPU
Identifying sites to remove: done in 0.000510864 secs using 613.3% CPU
Identifying sites to remove: done in 0.000613086 secs using 420.3% CPU
Identifying sites to remove: done in 0.000512816 secs using 491% CPU
Identifying sites to remove: done in 0.000496596 secs using 157.1% CPU
Identifying sites to remove: done in 0.000505306 secs using 600.2% CPU
Identifying sites to remove: done in 0.000596486 secs using 622.6% CPU
Identifying sites to remove: done in 0.000590473 secs using 124.8% CPU
Identifying sites to remove: done in 9.89363e-05 secs using 4120% CPU
Identifying sites to remove: done in 0.00010144 secs using 1.152e+04% CPU
Identifying sites to remove: done in 0.000115067 secs using 6953% CPU
Identifying sites to remove: done in 7.50199e-05 secs using 5437% CPU
Identifying sites to remove: done in 0.000258952 secs using 2.518e+04% CPU
Identifying sites to remove: done in 0.00012742 secs using 4.488e+04% CPU
Identifying sites to remove: done in 0.000122629 secs using 657.3% CPU
Identifying sites to remove: done in 0.000130393 secs using 685.6% CPU
Identifying sites to remove: done in 0.000146523 secs using 752.1% CPU
Identifying sites to remove: done in 0.000124797 secs using 600.2% CPU
Identifying sites to remove: done in 0.000127092 secs using 661.7% CPU
Identifying sites to remove: done in 0.000123307 secs using 695.8% CPU
Identifying sites to remove: done in 0.000110231 secs using 1216% CPU
Identifying sites to remove: done in 8.15615e-05 secs using 1428% CPU
Identifying sites to remove: done in 8.92878e-05 secs using 997.9% CPU
Identifying sites to remove: done in 0.000100978 secs using 962.6% CPU
Identifying sites to remove: done in 0.000179686 secs using 1126% CPU
Identifying sites to remove: done in 0.000118539 secs using 989.5% CPU
Identifying sites to remove: done in 0.000111893 secs using 1106% CPU
Identifying sites to remove: done in 9.8601e-05 secs using 1305% CPU
Identifying sites to remove: done in 9.22382e-05 secs using 1830% CPU
Identifying sites to remove: done in 9.75281e-05 secs using 1165% CPU
Identifying sites to remove: done in 9.01893e-05 secs using 272.8% CPU
Identifying sites to remove: done in 0.000108309 secs using 584.4% CPU
Identifying sites to remove: done in 9.48533e-05 secs using 96.99% CPU
Identifying sites to remove: done in 0.000447147 secs using 2493% CPU
Identifying sites to remove: done in 0.000463776 secs using 2133% CPU
Identifying sites to remove: done in 0.00046359 secs using 1488% CPU
Identifying sites to remove: done in 0.000500277 secs using 1709% CPU
Identifying sites to remove: done in 0.000498824 secs using 974.3% CPU
Identifying sites to remove: done in 0.000520423 secs using 1173% CPU
Identifying sites to remove: done in 0.000730343 secs using 1835% CPU
Identifying sites to remove: done in 0.000473104 secs using 384.3% CPU
Identifying sites to remove: done in 0.000380859 secs using 2594% CPU
Identifying sites to remove: done in 0.000543483 secs using 2302% CPU
Identifying sites to remove: done in 0.000583567 secs using 1830% CPU
Identifying sites to remove: done in 0.000480309 secs using 1672% CPU
Identifying sites to remove: done in 0.000514343 secs using 1071% CPU
Identifying sites to remove: done in 0.000545472 secs using 2010% CPU
Identifying sites to remove: done in 0.000419676 secs using 1.03e+04% CPU
Identifying sites to remove: done in 0.000452682 secs using 9691% CPU
Identifying sites to remove: done in 0.000447996 secs using 297.3% CPU
Identifying sites to remove: done in 0.000401415 secs using 396.3% CPU
Identifying sites to remove: done in 0.000447929 secs using 315.2% CPU
Identifying sites to remove: done in 0.000500821 secs using 853.4% CPU
Identifying sites to remove: done in 0.000358053 secs using 889.3% CPU
Identifying sites to remove: done in 0.000391997 secs using 251.5% CPU
Identifying sites to remove: done in 0.000646099 secs using 673.6% CPU
Identifying sites to remove: done in 0.00051634 secs using 1213% CPU
Identifying sites to remove: done in 0.000432879 secs using 1061% CPU
Identifying sites to remove: done in 0.000459351 secs using 1115% CPU
Identifying sites to remove: done in 0.000451937 secs using 794.6% CPU
Identifying sites to remove: done in 0.000444621 secs using 585.7% CPU
Identifying sites to remove: done in 0.000489146 secs using 756% CPU
Identifying sites to remove: done in 0.000479348 secs using 143.5% CPU
Identifying sites to remove: done in 0.000599243 secs using 1729% CPU
Identifying sites to remove: done in 0.000661179 secs using 3070% CPU
Identifying sites to remove: done in 0.000685014 secs using 2521% CPU
Identifying sites to remove: done in 0.000727229 secs using 3266% CPU
Identifying sites to remove: done in 0.000770032 secs using 1870% CPU
Identifying sites to remove: done in 0.000770874 secs using 1045% CPU
Identifying sites to remove: done in 0.00112955 secs using 5525% CPU
Identifying sites to remove: done in 0.000574388 secs using 9458% CPU
Identifying sites to remove: done in 0.000651337 secs using 234.1% CPU
Identifying sites to remove: done in 0.000661068 secs using 343.8% CPU
Identifying sites to remove: done in 0.000481673 secs using 169.8% CPU
Identifying sites to remove: done in 0.000687763 secs using 809.1% CPU
Identifying sites to remove: done in 0.000606745 secs using 301.3% CPU
Identifying sites to remove: done in 0.000705183 secs using 541.4% CPU
Identifying sites to remove: done in 0.000517763 secs using 249.9% CPU
Identifying sites to remove: done in 0.000538409 secs using 1470% CPU
Identifying sites to remove: done in 0.000535183 secs using 863.6% CPU
Identifying sites to remove: done in 0.000584915 secs using 1.04e+04% CPU
Identifying sites to remove: done in 0.0006264 secs using 232.6% CPU
Identifying sites to remove: done in 0.000548467 secs using 191.3% CPU
Identifying sites to remove: done in 0.000427447 secs using 99.43% CPU
Identifying sites to remove: done in 0.000525504 secs using 502.9% CPU
Identifying sites to remove: done in 0.000899479 secs using 747.1% CPU
Identifying sites to remove: done in 0.00057514 secs using 697.9% CPU
Identifying sites to remove: done in 0.000681356 secs using 626.8% CPU
Identifying sites to remove: done in 0.000574425 secs using 790% CPU
Identifying sites to remove: done in 0.000577353 secs using 1.084e+04% CPU
Identifying sites to remove: done in 0.000684209 secs using 232.5% CPU
Identifying sites to remove: done in 0.000565231 secs using 139.4% CPU
Identifying sites to remove: done in 0.00069458 secs using 99.77% CPU
Identifying sites to remove: done in 0.000304662 secs using 612.5% CPU
Identifying sites to remove: done in 0.000346899 secs using 4210% CPU
Identifying sites to remove: done in 0.000366442 secs using 4866% CPU
Identifying sites to remove: done in 0.000369251 secs using 3178% CPU
Identifying sites to remove: done in 0.000368744 secs using 5689% CPU
Identifying sites to remove: done in 0.000366792 secs using 1478% CPU
Identifying sites to remove: done in 0.000589333 secs using 2173% CPU
Identifying sites to remove: done in 0.000274673 secs using 297.4% CPU
Identifying sites to remove: done in 0.0002947 secs using 124.5% CPU
Identifying sites to remove: done in 0.000324234 secs using 1.741e+04% CPU
Identifying sites to remove: done in 0.000250705 secs using 586.3% CPU
Identifying sites to remove: done in 0.000261016 secs using 368.9% CPU
Identifying sites to remove: done in 0.000331312 secs using 437.4% CPU
Identifying sites to remove: done in 0.000354744 secs using 477.8% CPU
Identifying sites to remove: done in 0.000248887 secs using 507.1% CPU
Identifying sites to remove: done in 0.000271164 secs using 580.8% CPU
Identifying sites to remove: done in 0.000253931 secs using 656.1% CPU
Identifying sites to remove: done in 0.000227518 secs using 1170% CPU
Identifying sites to remove: done in 0.000292256 secs using 725% CPU
Identifying sites to remove: done in 0.000247814 secs using 227.6% CPU
Identifying sites to remove: done in 0.000304349 secs using 687.4% CPU
Identifying sites to remove: done in 0.000218213 secs using 1197% CPU
Identifying sites to remove: done in 0.000221372 secs using 2296% CPU
Identifying sites to remove: done in 0.000263013 secs using 1119% CPU
Identifying sites to remove: done in 0.00029511 secs using 1094% CPU
Identifying sites to remove: done in 0.000253238 secs using 749.5% CPU
Identifying sites to remove: done in 0.000258267 secs using 180% CPU
Identifying sites to remove: done in 0.000242598 secs using 721.8% CPU
Identifying sites to remove: done in 0.000284985 secs using 1346% CPU
Identifying sites to remove: done in 0.000297152 secs using 122.8% CPU
Identifying sites to remove: done in 9.20966e-05 secs using 6847% CPU
Identifying sites to remove: done in 9.33036e-05 secs using 8903% CPU
Identifying sites to remove: done in 0.00011947 secs using 387.5% CPU
Identifying sites to remove: done in 0.000121623 secs using 8623% CPU
Identifying sites to remove: done in 0.00012023 secs using 3725% CPU
Identifying sites to remove: done in 7.9371e-05 secs using 287.3% CPU
Identifying sites to remove: done in 0.000251748 secs using 2853% CPU
Identifying sites to remove: done in 6.95884e-05 secs using 801.9% CPU
Identifying sites to remove: done in 0.00010062 secs using 504.9% CPU
Identifying sites to remove: done in 0.000124164 secs using 4311% CPU
Identifying sites to remove: done in 0.000107184 secs using 2670% CPU
Identifying sites to remove: done in 0.000126474 secs using 6068% CPU
Identifying sites to remove: done in 0.000111751 secs using 393.7% CPU
Identifying sites to remove: done in 0.000160374 secs using 461.4% CPU
Identifying sites to remove: done in 7.23153e-05 secs using 2211% CPU
Identifying sites to remove: done in 0.000103712 secs using 4191% CPU
Identifying sites to remove: done in 0.000101514 secs using 4121% CPU
Identifying sites to remove: done in 9.84147e-05 secs using 3674% CPU
Identifying sites to remove: done in 0.000122212 secs using 2959% CPU
Identifying sites to remove: done in 6.83144e-05 secs using 150.8% CPU
Identifying sites to remove: done in 0.000173159 secs using 2204% CPU
Identifying sites to remove: done in 9.41753e-05 secs using 127.4% CPU
Identifying sites to remove: done in 7.99373e-05 secs using 4798% CPU
Identifying sites to remove: done in 7.80821e-05 secs using 4001% CPU
Identifying sites to remove: done in 8.06227e-05 secs using 194.7% CPU
Identifying sites to remove: done in 7.33584e-05 secs using 696.6% CPU
Identifying sites to remove: done in 8.25673e-05 secs using 182.9% CPU
Identifying sites to remove: done in 0.000527225 secs
Identifying sites to remove: done in 0.000600003 secs
Identifying sites to remove: done in 0.000615627 secs using 2884% CPU
Identifying sites to remove: done in 0.000611812 secs using 6.701% CPU
Identifying sites to remove: done in 0.00064081 secs using 18.57% CPU
Identifying sites to remove: done in 0.000640832 secs using 1858% CPU
Identifying sites to remove: done in 0.00102364 secs using 2359% CPU
Identifying sites to remove: done in 0.000522591 secs using 293.3% CPU
Identifying sites to remove: done in 0.000620306 secs using 475.1% CPU
Identifying sites to remove: done in 0.000417545 secs using 346.5% CPU
Identifying sites to remove: done in 0.000700735 secs using 1108% CPU
Identifying sites to remove: done in 0.00049746 secs using 349.4% CPU
Identifying sites to remove: done in 0.00060875 secs using 956.9% CPU
Identifying sites to remove: done in 0.000591449 secs using 657.7% CPU
Identifying sites to remove: done in 0.000462465 secs using 224.7% CPU
Identifying sites to remove: done in 0.000466451 secs using 1302% CPU
Identifying sites to remove: done in 0.00048402 secs using 756.8% CPU
Identifying sites to remove: done in 0.000446253 secs using 181.3% CPU
Identifying sites to remove: done in 0.000488892 secs using 1.101e+04% CPU
Identifying sites to remove: done in 0.000583433 secs using 8999% CPU
Identifying sites to remove: done in 0.000440039 secs using 575.6% CPU
Identifying sites to remove: done in 0.000534311 secs using 397% CPU
Identifying sites to remove: done in 0.000470482 secs using 240% CPU
Identifying sites to remove: done in 0.000466198 secs using 664.3% CPU
Identifying sites to remove: done in 0.000571959 secs using 860.4% CPU
Identifying sites to remove: done in 0.00047259 secs using 677.8% CPU
Identifying sites to remove: done in 0.000479423 secs using 1232% CPU
Identifying sites to remove: done in 0.00048326 secs using 692.2% CPU
Identifying sites to remove: done in 0.000500053 secs using 841.3% CPU
Identifying sites to remove: done in 0.000492819 secs using 104.9% CPU
Identifying sites to remove: done in 0.000373818 secs using 754.6% CPU
Identifying sites to remove: done in 0.000392519 secs using 767.9% CPU
Identifying sites to remove: done in 0.00039418 secs using 763.6% CPU
Identifying sites to remove: done in 0.000397399 secs using 781.8% CPU
Identifying sites to remove: done in 0.000399888 secs using 771.2% CPU
Identifying sites to remove: done in 0.000473872 secs using 702.3% CPU
Identifying sites to remove: done in 0.000286683 secs using 413.3% CPU
Identifying sites to remove: done in 0.000794142 secs using 512.5% CPU
Identifying sites to remove: done in 0.000350669 secs using 1096% CPU
Identifying sites to remove: done in 0.000408046 secs using 968.8% CPU
Identifying sites to remove: done in 0.000311933 secs using 549.5% CPU
Identifying sites to remove: done in 0.000403829 secs using 731% CPU
Identifying sites to remove: done in 0.000521958 secs using 599.5% CPU
Identifying sites to remove: done in 0.000302263 secs using 339.1% CPU
Identifying sites to remove: done in 0.000231117 secs using 888.3% CPU
Identifying sites to remove: done in 0.000291951 secs using 1365% CPU
Identifying sites to remove: done in 0.000229515 secs using 611.3% CPU
Identifying sites to remove: done in 0.000357248 secs using 758.6% CPU
Identifying sites to remove: done in 0.000368267 secs using 260.4% CPU
Identifying sites to remove: done in 0.000359014 secs using 524.5% CPU
Identifying sites to remove: done in 0.00027778 secs using 1923% CPU
Identifying sites to remove: done in 0.000185631 secs using 242.4% CPU
Identifying sites to remove: done in 0.00031247 secs using 923% CPU
Identifying sites to remove: done in 0.00033842 secs using 1930% CPU
Identifying sites to remove: done in 0.000349835 secs using 1622% CPU
Identifying sites to remove: done in 0.000335947 secs using 661.4% CPU
Identifying sites to remove: done in 0.000346303 secs using 252.4% CPU
Identifying sites to remove: done in 0.000385456 secs using 1.091e+04% CPU
Identifying sites to remove: done in 0.000624985 secs using 1952% CPU
Identifying sites to remove: done in 0.000684991 secs using 3055% CPU
Identifying sites to remove: done in 0.00071083 secs using 2184% CPU
Identifying sites to remove: done in 0.000791937 secs using 1086% CPU
Identifying sites to remove: done in 0.00079336 secs using 1747% CPU
Identifying sites to remove: done in 0.000819489 secs using 1405% CPU
Identifying sites to remove: done in 0.00111844 secs using 2088% CPU
Identifying sites to remove: done in 0.000644952 secs using 8222% CPU
Identifying sites to remove: done in 0.000704959 secs using 7457% CPU
Identifying sites to remove: done in 0.000675656 secs using 285.5% CPU
Identifying sites to remove: done in 0.000494495 secs using 180.4% CPU
Identifying sites to remove: done in 0.000615634 secs using 294.3% CPU
Identifying sites to remove: done in 0.000743464 secs using 624.4% CPU
Identifying sites to remove: done in 0.000725791 secs using 466.4% CPU
Identifying sites to remove: done in 0.000645444 secs using 699.5% CPU
Identifying sites to remove: done in 0.000596188 secs using 1197% CPU
Identifying sites to remove: done in 0.000602052 secs using 729.8% CPU
Identifying sites to remove: done in 0.000556163 secs using 178% CPU
Identifying sites to remove: done in 0.000674792 secs using 9398% CPU
Identifying sites to remove: done in 0.000614397 secs using 9708% CPU
Identifying sites to remove: done in 0.000730418 secs using 291.8% CPU
Identifying sites to remove: done in 0.000529051 secs using 126.1% CPU
Identifying sites to remove: done in 0.000626244 secs using 415% CPU
Identifying sites to remove: done in 0.000600658 secs using 531.9% CPU
Identifying sites to remove: done in 0.000706635 secs using 532.9% CPU
Identifying sites to remove: done in 0.000613369 secs using 669.9% CPU
Identifying sites to remove: done in 0.000593022 secs using 631.7% CPU
Identifying sites to remove: done in 0.000740543 secs using 8731% CPU
Identifying sites to remove: done in 0.000639848 secs using 9525% CPU
Identifying sites to remove: done in 0.000726648 secs using 132% CPU
Identifying sites to remove: done in 0.000278719 secs using 620% CPU
Identifying sites to remove: done in 0.00030303 secs using 3956% CPU
Identifying sites to remove: done in 0.000323206 secs using 5389% CPU
Identifying sites to remove: done in 0.00035093 secs using 2065% CPU
Identifying sites to remove: done in 0.000368483 secs using 1297% CPU
Identifying sites to remove: done in 0.000369817 secs using 2678% CPU
Identifying sites to remove: done in 0.000571825 secs using 3213% CPU
Identifying sites to remove: done in 0.000242271 secs using 313.3% CPU
Identifying sites to remove: done in 0.000289507 secs using 135.1% CPU
Identifying sites to remove: done in 0.000293791 secs using 1352% CPU
Identifying sites to remove: done in 0.000257179 secs using 1627% CPU
Identifying sites to remove: done in 0.000278607 secs using 1.86e+04% CPU
Identifying sites to remove: done in 0.000324622 secs using 1.483e+04% CPU
Identifying sites to remove: done in 0.000339031 secs using 1.308e+04% CPU
Identifying sites to remove: done in 0.000226185 secs using 300.6% CPU
Identifying sites to remove: done in 0.000226401 secs using 198.3% CPU
Identifying sites to remove: done in 0.000214681 secs using 508.7% CPU
Identifying sites to remove: done in 0.000231445 secs using 160.7% CPU
Identifying sites to remove: done in 0.0002684 secs using 1120% CPU
Identifying sites to remove: done in 0.000305668 secs using 650.7% CPU
Identifying sites to remove: done in 0.000226803 secs using 227.1% CPU
Identifying sites to remove: done in 0.000206202 secs using 99.42% CPU
Identifying sites to remove: done in 0.000211038 secs using 99.03% CPU
Identifying sites to remove: done in 0.000267737 secs using 1019% CPU
Identifying sites to remove: done in 0.000298575 secs using 703.3% CPU
Identifying sites to remove: done in 0.000223011 secs using 165.9% CPU
Identifying sites to remove: done in 0.000227347 secs using 775.9% CPU
Identifying sites to remove: done in 0.000280395 secs using 1302% CPU
Identifying sites to remove: done in 0.000225946 secs using 197.8% CPU
Identifying sites to remove: done in 0.000270054 secs using 99.24% CPU
Identifying sites to remove: done in 0.000569649 secs using 1363% CPU
Identifying sites to remove: done in 0.000623509 secs using 2298% CPU
Identifying sites to remove: done in 0.000626057 secs using 977.4% CPU
Identifying sites to remove: done in 0.000698328 secs using 1915% CPU
Identifying sites to remove: done in 0.000714786 secs using 2169% CPU
Identifying sites to remove: done in 0.000716738 secs using 1017% CPU
Identifying sites to remove: done in 0.0010373 secs using 2002% CPU
Identifying sites to remove: done in 0.000527628 secs using 333% CPU
Identifying sites to remove: done in 0.000587918 secs using 229.8% CPU
Identifying sites to remove: done in 0.00059846 secs using 9509% CPU
Identifying sites to remove: done in 0.000416271 secs using 1.27e+04% CPU
Identifying sites to remove: done in 0.000518978 secs using 291% CPU
Identifying sites to remove: done in 0.000585571 secs using 377.9% CPU
Identifying sites to remove: done in 0.000603527 secs using 327.6% CPU
Identifying sites to remove: done in 0.000448778 secs using 220.8% CPU
Identifying sites to remove: done in 0.000496313 secs using 832.5% CPU
Identifying sites to remove: done in 0.000456437 secs using 585.4% CPU
Identifying sites to remove: done in 0.000485241 secs using 202.4% CPU
Identifying sites to remove: done in 0.000456877 secs using 1105% CPU
Identifying sites to remove: done in 0.000594363 secs using 515.8% CPU
Identifying sites to remove: done in 0.000578456 secs using 248.4% CPU
Identifying sites to remove: done in 0.000356719 secs using 1045% CPU
Identifying sites to remove: done in 0.000440016 secs using 109.8% CPU
Identifying sites to remove: done in 0.00047455 secs using 265.1% CPU
Identifying sites to remove: done in 0.000581272 secs using 336% CPU
Identifying sites to remove: done in 0.000483625 secs using 388.5% CPU
Identifying sites to remove: done in 0.000487626 secs using 792.8% CPU
Identifying sites to remove: done in 0.000568576 secs using 481.6% CPU
Identifying sites to remove: done in 0.000470586 secs using 190% CPU
Identifying sites to remove: done in 0.000586085 secs using 99.81% CPU
Identifying sites to remove: done in 0.000909753 secs using 7542% CPU
Identifying sites to remove: done in 0.000909887 secs using 8632% CPU
Identifying sites to remove: done in 0.000964567 secs using 6474% CPU
Identifying sites to remove: done in 0.00105532 secs using 7205% CPU
Identifying sites to remove: done in 0.00105538 secs using 6266% CPU
Identifying sites to remove: done in 0.00109502 secs using 6683% CPU
Identifying sites to remove: done in 0.00159065 secs using 5288% CPU
Identifying sites to remove: done in 0.000814632 secs using 283.1% CPU
Identifying sites to remove: done in 0.000824586 secs using 236% CPU
Identifying sites to remove: done in 0.000714771 secs using 198.4% CPU
Identifying sites to remove: done in 0.000991195 secs using 379.2% CPU
Identifying sites to remove: done in 0.000878334 secs using 912.5% CPU
Identifying sites to remove: done in 0.00083857 secs using 629.5% CPU
Identifying sites to remove: done in 0.00089334 secs using 256.5% CPU
Identifying sites to remove: done in 0.000697866 secs using 201% CPU
Identifying sites to remove: done in 0.000753641 secs using 302.9% CPU
Identifying sites to remove: done in 0.00069195 secs using 369.8% CPU
Identifying sites to remove: done in 0.000807442 secs using 147.1% CPU
Identifying sites to remove: done in 0.000783861 secs using 895.7% CPU
Identifying sites to remove: done in 0.000808895 secs using 1010% CPU
Identifying sites to remove: done in 0.000888646 secs using 611.5% CPU
Identifying sites to remove: done in 0.000680991 secs using 9599% CPU
Identifying sites to remove: done in 0.000711039 secs using 8560% CPU
Identifying sites to remove: done in 0.00081104 secs using 99.63% CPU
Identifying sites to remove: done in 0.000844009 secs using 449.2% CPU
Identifying sites to remove: done in 0.000810817 secs using 564.6% CPU
Identifying sites to remove: done in 0.000794858 secs using 642.4% CPU
Identifying sites to remove: done in 0.00088945 secs using 7343% CPU
Identifying sites to remove: done in 0.00086949 secs using 260.2% CPU
Identifying sites to remove: done in 0.000795789 secs using 219.8% CPU
Identifying sites to remove: done in 0.00021226 secs using 1946% CPU
Identifying sites to remove: done in 0.000239961 secs using 1151% CPU
Identifying sites to remove: done in 0.00026352 secs using 2935% CPU
Identifying sites to remove: done in 0.00026425 secs using 3508% CPU
Identifying sites to remove: done in 0.00029286 secs using 2149% CPU
Identifying sites to remove: done in 0.000305928 secs using 566.5% CPU
Identifying sites to remove: done in 0.000197679 secs using 226.1% CPU
Identifying sites to remove: done in 0.000538662 secs using 2454% CPU
Identifying sites to remove: done in 0.000199325 secs using 1233% CPU
Identifying sites to remove: done in 0.000166297 secs using 310.9% CPU
Identifying sites to remove: done in 0.000307553 secs using 2690% CPU
Identifying sites to remove: done in 0.000254363 secs using 2281% CPU
Identifying sites to remove: done in 0.000242233 secs using 1412% CPU
Identifying sites to remove: done in 0.000243224 secs using 402.1% CPU
Identifying sites to remove: done in 0.000189275 secs using 239.3% CPU
Identifying sites to remove: done in 0.000196874 secs using 1482% CPU
Identifying sites to remove: done in 0.000159375 secs using 275.5% CPU
Identifying sites to remove: done in 0.000203602 secs using 864.9% CPU
Identifying sites to remove: done in 0.000193276 secs using 2764% CPU
Identifying sites to remove: done in 0.000195503 secs using 271.6% CPU
Identifying sites to remove: done in 0.000232324 secs using 933.2% CPU
Identifying sites to remove: done in 0.000141799 secs using 1519% CPU
Identifying sites to remove: done in 0.000177376 secs using 121.8% CPU
Identifying sites to remove: done in 0.000168763 secs using 305.2% CPU
Identifying sites to remove: done in 0.000209719 secs using 359.5% CPU
Identifying sites to remove: done in 0.00018435 secs using 399.2% CPU
Identifying sites to remove: done in 0.000209801 secs using 453.8% CPU
Identifying sites to remove: done in 0.000211298 secs using 550.9% CPU
Identifying sites to remove: done in 0.000200957 secs using 625.5% CPU
Identifying sites to remove: done in 0.000221305 secs using 128.3% CPU
Identifying sites to remove: done in 0.000192694 secs using 4504% CPU
Identifying sites to remove: done in 0.000209376 secs using 5681% CPU
Identifying sites to remove: done in 0.000226289 secs using 647.4% CPU
Identifying sites to remove: done in 0.000229664 secs using 1972% CPU
Identifying sites to remove: done in 0.000230856 secs using 6634% CPU
Identifying sites to remove: done in 0.000228576 secs using 3069% CPU
Identifying sites to remove: done in 0.000188105 secs using 204.7% CPU
Identifying sites to remove: done in 0.000459187 secs using 4530% CPU
Identifying sites to remove: done in 0.000174314 secs using 2224% CPU
Identifying sites to remove: done in 0.00013043 secs using 8677% CPU
Identifying sites to remove: done in 0.000193179 secs using 4299% CPU
Identifying sites to remove: done in 0.000209913 secs using 2249% CPU
Identifying sites to remove: done in 0.000205323 secs using 493.9% CPU
Identifying sites to remove: done in 0.000272281 secs using 1.461e+04% CPU
Identifying sites to remove: done in 0.000162795 secs using 2.162e+04% CPU
Identifying sites to remove: done in 0.000178032 secs using 458.3% CPU
Identifying sites to remove: done in 0.000151664 secs using 418.7% CPU
Identifying sites to remove: done in 0.000179112 secs using 452.2% CPU
Identifying sites to remove: done in 0.000183977 secs using 724.5% CPU
Identifying sites to remove: done in 0.000170037 secs using 535.8% CPU
Identifying sites to remove: done in 0.000167638 secs using 282.2% CPU
Identifying sites to remove: done in 0.000120483 secs using 737.9% CPU
Identifying sites to remove: done in 0.000132799 secs using 149.9% CPU
Identifying sites to remove: done in 0.000174619 secs using 767.4% CPU
Identifying sites to remove: done in 0.000170738 secs using 881.5% CPU
Identifying sites to remove: done in 0.000174806 secs using 1451% CPU
Identifying sites to remove: done in 0.000165075 secs using 1026% CPU
Identifying sites to remove: done in 0.000169329 secs using 691.6% CPU
Identifying sites to remove: done in 0.000169657 secs using 1096% CPU
Identifying sites to remove: done in 0.000170618 secs using 113.1% CPU
Identifying sites to remove: done in 0.000309005 secs using 4775% CPU
Identifying sites to remove: done in 0.000339322 secs using 1081% CPU
Identifying sites to remove: done in 0.000340641 secs using 2267% CPU
Identifying sites to remove: done in 0.000376612 secs using 3464% CPU
Identifying sites to remove: done in 0.000378124 secs using 1234% CPU
Identifying sites to remove: done in 0.000378989 secs using 2252% CPU
Identifying sites to remove: done in 0.000291586 secs using 349.5% CPU
Identifying sites to remove: done in 0.000641316 secs using 2401% CPU
Identifying sites to remove: done in 0.000336103 secs using 1.455e+04% CPU
Identifying sites to remove: done in 0.000253707 secs using 1.811e+04% CPU
Identifying sites to remove: done in 0.000403062 secs using 501.4% CPU
Identifying sites to remove: done in 0.000289522 secs using 403.4% CPU
Identifying sites to remove: done in 0.000347793 secs using 513.8% CPU
Identifying sites to remove: done in 0.000350147 secs using 613.7% CPU
Identifying sites to remove: done in 0.000264116 secs using 218.8% CPU
Identifying sites to remove: done in 0.000260472 secs using 956.3% CPU
Identifying sites to remove: done in 0.000248127 secs using 1143% CPU
Identifying sites to remove: done in 0.000268772 secs using 690.5% CPU
Identifying sites to remove: done in 0.000332244 secs using 897.5% CPU
Identifying sites to remove: done in 0.00031542 secs using 1154% CPU
Identifying sites to remove: done in 0.000274934 secs using 781.3% CPU
Identifying sites to remove: done in 0.000212647 secs using 134% CPU
Identifying sites to remove: done in 0.000248358 secs using 99.05% CPU
Identifying sites to remove: done in 0.000264816 secs using 188.8% CPU
Identifying sites to remove: done in 0.000313476 secs using 919.7% CPU
Identifying sites to remove: done in 0.00026492 secs using 2270% CPU
Identifying sites to remove: done in 0.00026688 secs using 1285% CPU
Identifying sites to remove: done in 0.000283815 secs using 632.8% CPU
Identifying sites to remove: done in 0.000316709 secs using 1190% CPU
Identifying sites to remove: done in 0.000314757 secs using 130.3% CPU
Identifying sites to remove: done in 6.39632e-05 secs using 9182% CPU
Identifying sites to remove: done in 6.77481e-05 secs using 398.5% CPU
Identifying sites to remove: done in 6.55353e-05 secs using 3267% CPU
Identifying sites to remove: done in 6.50957e-05 secs using 6156% CPU
Identifying sites to remove: done in 0.000114739 secs using 1.545e+04% CPU
Identifying sites to remove: done in 9.64329e-05 secs using 6532% CPU
Identifying sites to remove: done in 0.000101469 secs using 6384% CPU
Identifying sites to remove: done in 8.21725e-05 secs using 3064% CPU
Identifying sites to remove: done in 0.000123046 secs using 8450% CPU
Identifying sites to remove: done in 8.41692e-05 secs using 5331% CPU
Identifying sites to remove: done in 9.05544e-05 secs using 160.1% CPU
Identifying sites to remove: done in 5.35324e-05 secs using 1395% CPU
Identifying sites to remove: done in 7.1384e-05 secs using 1255% CPU
Identifying sites to remove: done in 7.651e-05 secs using 1171% CPU
Identifying sites to remove: done in 6.98715e-05 secs using 883% CPU
Identifying sites to remove: done in 5.98207e-05 secs using 419.6% CPU
Identifying sites to remove: done in 9.24468e-05 secs using 527.9% CPU
Identifying sites to remove: done in 5.15357e-05 secs using 1418% CPU
Identifying sites to remove: done in 5.503e-05 secs using 537.9% CPU
Identifying sites to remove: done in 6.21453e-05 secs using 980% CPU
Identifying sites to remove: done in 6.81281e-05 secs using 149.7% CPU
Identifying sites to remove: done in 0.000398993 secs using 1114% CPU
Identifying sites to remove: done in 0.00040146 secs using 2306% CPU
Identifying sites to remove: done in 0.000448331 secs using 1204% CPU
Identifying sites to remove: done in 0.000495084 secs using 626.4% CPU
Identifying sites to remove: done in 0.000508845 secs using 857.4% CPU
Identifying sites to remove: done in 0.000586845 secs using 867.4% CPU
Identifying sites to remove: done in 0.000789486 secs using 1082% CPU
Identifying sites to remove: done in 0.000345342 secs using 318.2% CPU
Identifying sites to remove: done in 0.000381216 secs using 1.218e+04% CPU
Identifying sites to remove: done in 0.000457287 secs using 256.1% CPU
Identifying sites to remove: done in 0.000329733 secs using 183.8% CPU
Identifying sites to remove: done in 0.000370644 secs using 750.3% CPU
Identifying sites to remove: done in 0.000381738 secs using 516.1% CPU
Identifying sites to remove: done in 0.000392817 secs using 289.7% CPU
Identifying sites to remove: done in 0.00027971 secs using 266.3% CPU
Identifying sites to remove: done in 0.000324674 secs using 735.8% CPU
Identifying sites to remove: done in 0.000281051 secs using 200.7% CPU
Identifying sites to remove: done in 0.000334695 secs using 765.2% CPU
Identifying sites to remove: done in 0.000352055 secs using 1722% CPU
Identifying sites to remove: done in 0.000371478 secs using 980.9% CPU
Identifying sites to remove: done in 0.000336207 secs using 246.9% CPU
Identifying sites to remove: done in 0.000259377 secs using 1434% CPU
Identifying sites to remove: done in 0.000323445 secs using 115.9% CPU
Identifying sites to remove: done in 0.000331953 secs using 99.41% CPU
Identifying sites to remove: done in 0.000327587 secs using 200.9% CPU
Identifying sites to remove: done in 0.000359401 secs using 311.9% CPU
Identifying sites to remove: done in 0.000331357 secs using 462.6% CPU
Identifying sites to remove: done in 0.000358582 secs using 542.1% CPU
Identifying sites to remove: done in 0.000340477 secs using 162.1% CPU
Identifying sites to remove: done in 0.000404529 secs using 99.62% CPU
Identifying sites to remove: done in 0.000520036 secs using 1308% CPU
Identifying sites to remove: done in 0.000538759 secs using 1722% CPU
Identifying sites to remove: done in 0.000568449 secs using 1047% CPU
Identifying sites to remove: done in 0.000633322 secs using 1621% CPU
Identifying sites to remove: done in 0.000634566 secs using 921.4% CPU
Identifying sites to remove: done in 0.000660375 secs using 1081% CPU
Identifying sites to remove: done in 0.000934653 secs using 1430% CPU
Identifying sites to remove: done in 0.000459611 secs using 336.4% CPU
Identifying sites to remove: done in 0.000484675 secs using 756.2% CPU
Identifying sites to remove: done in 0.000411168 secs using 213.8% CPU
Identifying sites to remove: done in 0.000631616 secs using 2075% CPU
Identifying sites to remove: done in 0.000495322 secs using 1557% CPU
Identifying sites to remove: done in 0.000499763 secs using 934.6% CPU
Identifying sites to remove: done in 0.000485644 secs using 310.3% CPU
Identifying sites to remove: done in 0.000385396 secs using 1.298e+04% CPU
Identifying sites to remove: done in 0.000433907 secs using 328.6% CPU
Identifying sites to remove: done in 0.000371546 secs using 320.6% CPU
Identifying sites to remove: done in 0.000435315 secs using 149.8% CPU
Identifying sites to remove: done in 0.000463605 secs using 493.3% CPU
Identifying sites to remove: done in 0.000447787 secs using 308.9% CPU
Identifying sites to remove: done in 0.000528239 secs using 629.5% CPU
Identifying sites to remove: done in 0.000337832 secs using 643.8% CPU
Identifying sites to remove: done in 0.00039681 secs using 127.3% CPU
Identifying sites to remove: done in 0.000430845 secs using 771% CPU
Identifying sites to remove: done in 0.000470549 secs using 629.5% CPU
Identifying sites to remove: done in 0.000434928 secs using 952.1% CPU
Identifying sites to remove: done in 0.000452049 secs using 1521% CPU
Identifying sites to remove: done in 0.000524648 secs using 1.13e+04% CPU
Identifying sites to remove: done in 0.000457734 secs using 1.21e+04% CPU
Identifying sites to remove: done in 0.000514187 secs using 99.57% CPU
Identifying sites to remove: done in 0.000468709 secs using 1171% CPU
Identifying sites to remove: done in 0.000473619 secs using 1083% CPU
Identifying sites to remove: done in 0.000500046 secs using 851.3% CPU
Identifying sites to remove: done in 0.000528157 secs using 1109% CPU
Identifying sites to remove: done in 0.00055629 secs using 985.3% CPU
Identifying sites to remove: done in 0.000558846 secs using 896% CPU
Identifying sites to remove: done in 0.000885352 secs using 922.1% CPU
Identifying sites to remove: done in 0.000474527 secs using 337.8% CPU
Identifying sites to remove: done in 0.000480995 secs using 600.2% CPU
Identifying sites to remove: done in 0.000397898 secs using 1899% CPU
Identifying sites to remove: done in 0.000641912 secs using 1288% CPU
Identifying sites to remove: done in 0.000504315 secs using 1199% CPU
Identifying sites to remove: done in 0.000504047 secs using 785.2% CPU
Identifying sites to remove: done in 0.000509217 secs using 366.4% CPU
Identifying sites to remove: done in 0.000385612 secs using 205.9% CPU
Identifying sites to remove: done in 0.000432022 secs using 1213% CPU
Identifying sites to remove: done in 0.000380069 secs using 819.6% CPU
Identifying sites to remove: done in 0.00045041 secs using 244.9% CPU
Identifying sites to remove: done in 0.000494346 secs using 1.04e+04% CPU
Identifying sites to remove: done in 0.000470571 secs using 1.068e+04% CPU
Identifying sites to remove: done in 0.000450775 secs using 1.051e+04% CPU
Identifying sites to remove: done in 0.000351258 secs using 279.3% CPU
Identifying sites to remove: done in 0.000375375 secs using 153.7% CPU
Identifying sites to remove: done in 0.000442162 secs using 417.3% CPU
Identifying sites to remove: done in 0.00048957 secs using 489.6% CPU
Identifying sites to remove: done in 0.000442773 secs using 547.7% CPU
Identifying sites to remove: done in 0.000453837 secs using 632.6% CPU
Identifying sites to remove: done in 0.000457302 secs using 1161% CPU
Identifying sites to remove: done in 0.000476941 secs using 727.6% CPU
Identifying sites to remove: done in 0.000479907 secs using 163.2% CPU
Identifying sites to remove: done in 0.00037238 secs using 2119% CPU
Identifying sites to remove: done in 0.00039573 secs using 4098% CPU
Identifying sites to remove: done in 0.000418156 secs using 3264% CPU
Identifying sites to remove: done in 0.000461213 secs using 3090% CPU
Identifying sites to remove: done in 0.000481732 secs using 1847% CPU
Identifying sites to remove: done in 0.000496089 secs using 1247% CPU
Identifying sites to remove: done in 0.000752963 secs using 3113% CPU
Identifying sites to remove: done in 0.000367463 secs using 349.2% CPU
Identifying sites to remove: done in 0.000425234 secs using 1115% CPU
Identifying sites to remove: done in 0.000321276 secs using 1.683e+04% CPU
Identifying sites to remove: done in 0.000501819 secs using 1.087e+04% CPU
Identifying sites to remove: done in 0.000390284 secs using 389.7% CPU
Identifying sites to remove: done in 0.000437193 secs using 1.156e+04% CPU
Identifying sites to remove: done in 0.000433244 secs using 310.9% CPU
Identifying sites to remove: done in 0.00031694 secs using 253% CPU
Identifying sites to remove: done in 0.000346571 secs using 463.4% CPU
Identifying sites to remove: done in 0.000317506 secs using 536.4% CPU
Identifying sites to remove: done in 0.000339612 secs using 598.3% CPU
Identifying sites to remove: done in 0.000410296 secs using 855.2% CPU
Identifying sites to remove: done in 0.000343114 secs using 809.9% CPU
Identifying sites to remove: done in 0.000402145 secs using 1101% CPU
Identifying sites to remove: done in 0.000277914 secs using 119.1% CPU
Identifying sites to remove: done in 0.000310093 secs using 99.32% CPU
Identifying sites to remove: done in 0.000346661 secs using 934.3% CPU
Identifying sites to remove: done in 0.000400044 secs using 576.7% CPU
Identifying sites to remove: done in 0.000341088 secs using 1104% CPU
Identifying sites to remove: done in 0.000344545 secs using 1642% CPU
Identifying sites to remove: done in 0.000338413 secs using 219.3% CPU
Identifying sites to remove: done in 0.000408038 secs using 1045% CPU
Identifying sites to remove: done in 0.00040894 secs using 1.08e+04% CPU
Identifying sites to remove: done in 0.000662819 secs using 2080% CPU
Identifying sites to remove: done in 0.000696801 secs using 2472% CPU
Identifying sites to remove: done in 0.000734098 secs using 3239% CPU
Identifying sites to remove: done in 0.00081256 secs using 8302% CPU
Identifying sites to remove: done in 0.000845544 secs using 7271% CPU
Identifying sites to remove: done in 0.000848114 secs using 7631% CPU
Identifying sites to remove: done in 0.00119797 secs using 6518% CPU
Identifying sites to remove: done in 0.000581175 secs using 303.5% CPU
Identifying sites to remove: done in 0.000691563 secs using 226% CPU
Identifying sites to remove: done in 0.000664741 secs using 378.3% CPU
Identifying sites to remove: done in 0.000540353 secs using 861.7% CPU
Identifying sites to remove: done in 0.000694647 secs using 581.7% CPU
Identifying sites to remove: done in 0.000702657 secs using 850.5% CPU
Identifying sites to remove: done in 0.000682391 secs using 250.9% CPU
Identifying sites to remove: done in 0.000512913 secs using 218.6% CPU
Identifying sites to remove: done in 0.000543259 secs using 1526% CPU
Identifying sites to remove: done in 0.000544406 secs using 1.152e+04% CPU
Identifying sites to remove: done in 0.000594914 secs using 9912% CPU
Identifying sites to remove: done in 0.000624157 secs using 472% CPU
Identifying sites to remove: done in 0.000547677 secs using 413.4% CPU
Identifying sites to remove: done in 0.000702456 secs using 218.5% CPU
Identifying sites to remove: done in 0.000449449 secs using 99.68% CPU
Identifying sites to remove: done in 0.000516415 secs using 99.73% CPU
Identifying sites to remove: done in 0.000630021 secs using 680.9% CPU
Identifying sites to remove: done in 0.000712849 secs using 9536% CPU
Identifying sites to remove: done in 0.000578441 secs using 1.115e+04% CPU
Identifying sites to remove: done in 0.000578985 secs using 135.6% CPU
Identifying sites to remove: done in 0.000679418 secs using 305.3% CPU
Identifying sites to remove: done in 0.000567012 secs using 148% CPU
Identifying sites to remove: done in 0.000689648 secs using 99.76% CPU
Identifying sites to remove: done in 0.000350751 secs using 1.321e+04% CPU
Identifying sites to remove: done in 0.000415444 secs using 1.503e+04% CPU
Identifying sites to remove: done in 0.000417247 secs using 1.404e+04% CPU
Identifying sites to remove: done in 0.000485577 secs using 1.053e+04% CPU
Identifying sites to remove: done in 0.000486068 secs using 1.133e+04% CPU
Identifying sites to remove: done in 0.000323057 secs using 302.1% CPU
Identifying sites to remove: done in 0.000732161 secs using 9229% CPU
Identifying sites to remove: done in 0.000214607 secs using 260.9% CPU
Identifying sites to remove: done in 0.000431366 secs using 1161% CPU
Identifying sites to remove: done in 0.000486724 secs using 1366% CPU
Identifying sites to remove: done in 0.000448629 secs using 1009% CPU
Identifying sites to remove: done in 0.000467673 secs using 744.8% CPU
Identifying sites to remove: done in 0.000498995 secs using 1158% CPU
Identifying sites to remove: done in 0.000382066 secs using 638.9% CPU
Identifying sites to remove: done in 0.000358477 secs using 635.5% CPU
Identifying sites to remove: done in 0.000290461 secs using 2059% CPU
Identifying sites to remove: done in 0.000282161 secs using 1982% CPU
Identifying sites to remove: done in 0.000294752 secs using 371.8% CPU
Identifying sites to remove: done in 0.000388354 secs using 1764% CPU
Identifying sites to remove: done in 0.000424907 secs using 1120% CPU
Identifying sites to remove: done in 0.000213996 secs using 162.6% CPU
Identifying sites to remove: done in 0.000283226 secs using 212.2% CPU
Identifying sites to remove: done in 0.000395142 secs using 832.1% CPU
Identifying sites to remove: done in 0.000294618 secs using 1944% CPU
Identifying sites to remove: done in 0.000258364 secs using 2234% CPU
Identifying sites to remove: done in 0.000316814 secs using 1.389e+04% CPU
Identifying sites to remove: done in 0.000400923 secs using 1.057e+04% CPU
Identifying sites to remove: done in 0.000172444 secs using 6394% CPU
Identifying sites to remove: done in 0.000174157 secs using 8313% CPU
Identifying sites to remove: done in 0.000202343 secs using 8865% CPU
Identifying sites to remove: done in 0.000201881 secs using 3812% CPU
Identifying sites to remove: done in 0.00020355 secs using 612.6% CPU
Identifying sites to remove: done in 0.000202544 secs using 2284% CPU
Identifying sites to remove: done in 0.000367917 secs using 6919% CPU
Identifying sites to remove: done in 0.00015711 secs using 234.9% CPU
Identifying sites to remove: done in 0.000174746 secs using 3.118e+04% CPU
Identifying sites to remove: done in 0.000146404 secs using 3.458e+04% CPU
Identifying sites to remove: done in 0.0002755 secs using 473% CPU
Identifying sites to remove: done in 0.000177771 secs using 466.3% CPU
Identifying sites to remove: done in 0.000197887 secs using 531.1% CPU
Identifying sites to remove: done in 0.000173889 secs using 428.4% CPU
Identifying sites to remove: done in 0.000139713 secs using 98.06% CPU
Identifying sites to remove: done in 0.000144757 secs using 1070% CPU
Identifying sites to remove: done in 0.000116013 secs using 829.2% CPU
Identifying sites to remove: done in 0.000143766 secs using 203.8% CPU
Identifying sites to remove: done in 0.000141717 secs using 904.6% CPU
Identifying sites to remove: done in 0.000160784 secs using 1158% CPU
Identifying sites to remove: done in 0.000146218 secs using 302.3% CPU
Identifying sites to remove: done in 0.000112355 secs using 97.9% CPU
Identifying sites to remove: done in 0.000125878 secs using 99.3% CPU
Identifying sites to remove: done in 0.000147805 secs using 1239% CPU
Identifying sites to remove: done in 0.000155993 secs using 768.6% CPU
Identifying sites to remove: done in 0.000121213 secs using 1599% CPU
Identifying sites to remove: done in 0.000151768 secs using 1402% CPU
Identifying sites to remove: done in 0.000152051 secs using 771.4% CPU
Identifying sites to remove: done in 0.000152893 secs using 168.1% CPU
Identifying sites to remove: done in 0.000152364 secs using 98.45% CPU
Identifying sites to remove: done in 0.000311054 secs using 3198% CPU
Identifying sites to remove: done in 0.000313796 secs using 3858% CPU
Identifying sites to remove: done in 0.000336923 secs using 1928% CPU
Identifying sites to remove: done in 0.00037308 secs using 1211% CPU
Identifying sites to remove: done in 0.000375263 secs using 1919% CPU
Identifying sites to remove: done in 0.000409402 secs using 1490% CPU
Identifying sites to remove: done in 0.000610895 secs using 9799% CPU
Identifying sites to remove: done in 0.000331856 secs using 1.289e+04% CPU
Identifying sites to remove: done in 0.000336945 secs using 378.4% CPU
Identifying sites to remove: done in 0.000252061 secs using 1106% CPU
Identifying sites to remove: done in 0.000296719 secs using 793.7% CPU
Identifying sites to remove: done in 0.000490025 secs using 711.6% CPU
Identifying sites to remove: done in 0.000349186 secs using 561.9% CPU
Identifying sites to remove: done in 0.000357009 secs using 647.6% CPU
Identifying sites to remove: done in 0.000260107 secs using 256% CPU
Identifying sites to remove: done in 0.000276417 secs using 1159% CPU
Identifying sites to remove: done in 0.000249043 secs using 779% CPU
Identifying sites to remove: done in 0.000280447 secs using 774.8% CPU
Identifying sites to remove: done in 0.000320688 secs using 1028% CPU
Identifying sites to remove: done in 0.000277415 secs using 555.5% CPU
Identifying sites to remove: done in 0.000312679 secs using 254.3% CPU
Identifying sites to remove: done in 0.000207759 secs using 1213% CPU
Identifying sites to remove: done in 0.000246875 secs using 126% CPU
Identifying sites to remove: done in 0.000265487 secs using 1313% CPU
Identifying sites to remove: done in 0.000311181 secs using 2373% CPU
Identifying sites to remove: done in 0.00027217 secs using 1880% CPU
Identifying sites to remove: done in 0.000278614 secs using 1392% CPU
Identifying sites to remove: done in 0.00028123 secs using 643.6% CPU
Identifying sites to remove: done in 0.000318237 secs using 1299% CPU
Identifying sites to remove: done in 0.000317015 secs using 123.7% CPU
Identifying sites to remove: done in 0.000300676 secs using 4475% CPU
Identifying sites to remove: done in 0.000314951 secs using 1387% CPU
Identifying sites to remove: done in 0.000329524 secs using 2041% CPU
Identifying sites to remove: done in 0.000330441 secs using 2746% CPU
Identifying sites to remove: done in 0.000370532 secs using 3846% CPU
Identifying sites to remove: done in 0.00037054 secs using 1337% CPU
Identifying sites to remove: done in 0.00055737 secs using 3465% CPU
Identifying sites to remove: done in 0.000269122 secs using 331.1% CPU
Identifying sites to remove: done in 0.000311181 secs using 1250% CPU
Identifying sites to remove: done in 0.000243127 secs using 3058% CPU
Identifying sites to remove: done in 0.000396341 secs using 3688% CPU
Identifying sites to remove: done in 0.000272557 secs using 1644% CPU
Identifying sites to remove: done in 0.000335023 secs using 2394% CPU
Identifying sites to remove: done in 0.000314899 secs using 310.3% CPU
Identifying sites to remove: done in 0.000253879 secs using 1.54e+04% CPU
Identifying sites to remove: done in 0.000272371 secs using 1.428e+04% CPU
Identifying sites to remove: done in 0.000241674 secs using 190.3% CPU
Identifying sites to remove: done in 0.000271074 secs using 484% CPU
Identifying sites to remove: done in 0.000316188 secs using 624.3% CPU
Identifying sites to remove: done in 0.000310771 secs using 467.9% CPU
Identifying sites to remove: done in 0.000282519 secs using 565.6% CPU
Identifying sites to remove: done in 0.000215411 secs using 669.9% CPU
Identifying sites to remove: done in 0.00021714 secs using 117.9% CPU
Identifying sites to remove: done in 0.000261389 secs using 789.2% CPU
Identifying sites to remove: done in 0.000309594 secs using 608.2% CPU
Identifying sites to remove: done in 0.000262879 secs using 936.6% CPU
Identifying sites to remove: done in 0.000271827 secs using 997.7% CPU
Identifying sites to remove: done in 0.000277683 secs using 1576% CPU
Identifying sites to remove: done in 0.000317842 secs using 1000% CPU
Identifying sites to remove: done in 0.000269309 secs using 225.8% CPU
Identifying sites to remove: done in 0.000220634 secs using 2320% CPU
Identifying sites to remove: done in 0.000254743 secs using 2623% CPU
Identifying sites to remove: done in 0.000274308 secs using 2936% CPU
Identifying sites to remove: done in 0.000300936 secs using 1031% CPU
Identifying sites to remove: done in 0.000301644 secs using 1453% CPU
Identifying sites to remove: done in 0.000448592 secs using 2550% CPU
Identifying sites to remove: done in 0.000281505 secs using 1072% CPU
Identifying sites to remove: done in 0.000183329 secs using 3314% CPU
Identifying sites to remove: done in 0.000296861 secs using 2813% CPU
Identifying sites to remove: done in 0.000302002 secs using 2223% CPU
Identifying sites to remove: done in 0.000329226 secs using 1660% CPU
Identifying sites to remove: done in 0.00032521 secs using 1132% CPU
Identifying sites to remove: done in 0.000270046 secs using 482.5% CPU
Identifying sites to remove: done in 0.000348926 secs using 1413% CPU
Identifying sites to remove: done in 0.000245221 secs using 1300% CPU
Identifying sites to remove: done in 0.000288405 secs using 1421% CPU
Identifying sites to remove: done in 0.000229828 secs using 1095% CPU
Identifying sites to remove: done in 0.000242189 secs using 1252% CPU
Identifying sites to remove: done in 0.000243261 secs using 876.4% CPU
Identifying sites to remove: done in 0.000296049 secs using 1534% CPU
Identifying sites to remove: done in 0.000180684 secs using 1770% CPU
Identifying sites to remove: done in 0.000286862 secs using 2593% CPU
Identifying sites to remove: done in 0.000213258 secs using 2176% CPU
Identifying sites to remove: done in 0.000219524 secs using 817.7% CPU
Identifying sites to remove: done in 0.000207789 secs using 233.4% CPU
Identifying sites to remove: done in 0.000198737 secs using 462.9% CPU
Identifying sites to remove: done in 0.000279099 secs using 115% CPU
Identifying sites to remove: done in 0.000120826 secs using 334.4% CPU
Identifying sites to remove: done in 0.000153445 secs using 1544% CPU
Identifying sites to remove: done in 0.000171788 secs using 2516% CPU
Identifying sites to remove: done in 0.000262238 secs using 3196% CPU
Identifying sites to remove: done in 0.00011728 secs using 178.2% CPU
Identifying sites to remove: done in 0.000145964 secs using 5572% CPU
Identifying sites to remove: done in 0.000128143 secs using 534.6% CPU
Identifying sites to remove: done in 0.000198171 secs using 6618% CPU
Identifying sites to remove: done in 0.00018438 secs using 4556% CPU
Identifying sites to remove: done in 0.000203304 secs using 5340% CPU
Identifying sites to remove: done in 0.000156775 secs using 2121% CPU
Identifying sites to remove: done in 0.000302084 secs using 2156% CPU
Identifying sites to remove: done in 0.000205681 secs using 451.2% CPU
Identifying sites to remove: done in 0.000121929 secs using 800.5% CPU
Identifying sites to remove: done in 0.000138469 secs using 2470% CPU
Identifying sites to remove: done in 0.000115253 secs using 3062% CPU
Identifying sites to remove: done in 0.000154279 secs using 2140% CPU
Identifying sites to remove: done in 0.000125825 secs using 192.3% CPU
Identifying sites to remove: done in 0.000121258 secs using 98.96% CPU
Identifying sites to remove: done in 0.000113405 secs using 1325% CPU
Identifying sites to remove: done in 0.000165142 secs using 3383% CPU
Identifying sites to remove: done in 0.000155501 secs using 2477% CPU
Identifying sites to remove: done in 0.00010974 secs using 197.7% CPU
Identifying sites to remove: done in 0.000109546 secs using 96.76% CPU
Identifying sites to remove: done in 0.00015872 secs using 97.66% CPU
Identifying sites to remove: done in 0.000311702 secs using 1794% CPU
Identifying sites to remove: done in 0.000365138 secs using 1153% CPU
Identifying sites to remove: done in 0.000366159 secs using 1405% CPU
Identifying sites to remove: done in 0.000415929 secs using 853.3% CPU
Identifying sites to remove: done in 0.000417665 secs using 1734% CPU
Identifying sites to remove: done in 0.000431865 secs using 615.9% CPU
Identifying sites to remove: done in 0.00066939 secs using 1548% CPU
Identifying sites to remove: done in 0.000344731 secs using 302.6% CPU
Identifying sites to remove: done in 0.000360519 secs using 166.1% CPU
Identifying sites to remove: done in 0.000258893 secs using 196.6% CPU
Identifying sites to remove: done in 0.000385992 secs using 685.2% CPU
Identifying sites to remove: done in 0.00033062 secs using 1672% CPU
Identifying sites to remove: done in 0.000357822 secs using 938.7% CPU
Identifying sites to remove: done in 0.000346296 secs using 275.5% CPU
Identifying sites to remove: done in 0.000274502 secs using 290.7% CPU
Identifying sites to remove: done in 0.0003272 secs using 173.6% CPU
Identifying sites to remove: done in 0.00027518 secs using 910.7% CPU
Identifying sites to remove: done in 0.000328943 secs using 182.4% CPU
Identifying sites to remove: done in 0.00035274 secs using 1.377e+04% CPU
Identifying sites to remove: done in 0.000299931 secs using 1.539e+04% CPU
Identifying sites to remove: done in 0.000374094 secs using 1.133e+04% CPU
Identifying sites to remove: done in 0.000224315 secs using 98.08% CPU
Identifying sites to remove: done in 0.000265427 secs using 97.58% CPU
Identifying sites to remove: done in 0.000321314 secs using 477.4% CPU
Identifying sites to remove: done in 0.000335723 secs using 559.7% CPU
Identifying sites to remove: done in 0.000325106 secs using 1181% CPU
Identifying sites to remove: done in 0.000281997 secs using 1448% CPU
Identifying sites to remove: done in 0.000343896 secs using 772% CPU
Identifying sites to remove: done in 0.000298202 secs using 147.9% CPU
Identifying sites to remove: done in 0.000347137 secs using 98.23% CPU
Identifying sites to remove: done in 0.000121281 secs using 537.6% CPU
Identifying sites to remove: done in 0.000124678 secs using 5335% CPU
Identifying sites to remove: done in 0.000137225 secs using 1592% CPU
Identifying sites to remove: done in 0.000149757 secs using 2484% CPU
Identifying sites to remove: done in 0.000158936 secs using 3309% CPU
Identifying sites to remove: done in 0.000301711 secs using 3980% CPU
Identifying sites to remove: done in 0.000128239 secs using 1595% CPU
Identifying sites to remove: done in 0.000126883 secs using 294.8% CPU
Identifying sites to remove: done in 0.000117458 secs using 97.06% CPU
Identifying sites to remove: done in 0.00011567 secs using 4704% CPU
Identifying sites to remove: done in 0.000112422 secs using 6363% CPU
Identifying sites to remove: done in 0.000101835 secs using 2597% CPU
Identifying sites to remove: done in 0.000127114 secs using 4151% CPU
Identifying sites to remove: done in 0.000135973 secs using 2812% CPU
Identifying sites to remove: done in 0.000205517 secs using 4149% CPU
Identifying sites to remove: done in 0.000137933 secs using 918.6% CPU
Identifying sites to remove: done in 0.000124693 secs using 736.2% CPU
Identifying sites to remove: done in 0.00012324 secs using 137.9% CPU
Identifying sites to remove: done in 0.000108823 secs using 97.41% CPU
Identifying sites to remove: done in 0.000152066 secs using 3138% CPU
Identifying sites to remove: done in 0.000167944 secs using 3798% CPU
Identifying sites to remove: done in 0.000181302 secs using 634.3% CPU
Identifying sites to remove: done in 0.000181243 secs using 1298% CPU
Identifying sites to remove: done in 0.000184692 secs using 6499% CPU
Identifying sites to remove: done in 0.000182085 secs using 2040% CPU
Identifying sites to remove: done in 0.000330992 secs using 1.486e+04% CPU
Identifying sites to remove: done in 0.000155963 secs using 285.3% CPU
Identifying sites to remove: done in 0.000149734 secs using 492.2% CPU
Identifying sites to remove: done in 0.000135288 secs using 362.2% CPU
Identifying sites to remove: done in 0.000223741 secs using 872% CPU
Identifying sites to remove: done in 0.000148244 secs using 983.5% CPU
Identifying sites to remove: done in 0.000154153 secs using 663% CPU
Identifying sites to remove: done in 0.000165172 secs using 322.1% CPU
Identifying sites to remove: done in 0.0001195 secs using 268.6% CPU
Identifying sites to remove: done in 0.000132412 secs using 1622% CPU
Identifying sites to remove: done in 0.000110984 secs using 1101% CPU
Identifying sites to remove: done in 0.00014127 secs using 203.2% CPU
Identifying sites to remove: done in 0.000132807 secs using 1599% CPU
Identifying sites to remove: done in 0.000139184 secs using 284.5% CPU
Identifying sites to remove: done in 0.000140525 secs using 680.3% CPU
Identifying sites to remove: done in 0.00010784 secs using 1518% CPU
Identifying sites to remove: done in 0.000111498 secs using 127.4% CPU
Identifying sites to remove: done in 0.000139393 secs using 1392% CPU
Identifying sites to remove: done in 0.000132203 secs using 889.5% CPU
Identifying sites to remove: done in 0.000134125 secs using 129% CPU
Identifying sites to remove: done in 0.000137895 secs using 761.4% CPU
Identifying sites to remove: done in 0.000139013 secs using 1866% CPU
Identifying sites to remove: done in 0.00013645 secs using 1944% CPU
Identifying sites to remove: done in 0.000140086 secs using 127.8% CPU
Identifying sites to remove: done in 4.94123e-05 secs using 1.388e+04% CPU
Identifying sites to remove: done in 4.93601e-05 secs using 403.2% CPU
Identifying sites to remove: done in 7.8477e-05 secs using 1.555e+04% CPU
Identifying sites to remove: done in 7.99e-05 secs using 8320% CPU
Identifying sites to remove: done in 8.01384e-05 secs using 1.708e+04% CPU
Identifying sites to remove: done in 6.44103e-05 secs using 4075% CPU
Identifying sites to remove: done in 0.000196315 secs using 2.304e+04% CPU
Identifying sites to remove: done in 7.49379e-05 secs using 5.256e+04% CPU
Identifying sites to remove: done in 5.202e-05 secs using 386.4% CPU
Identifying sites to remove: done in 4.65885e-05 secs using 201.8% CPU
Identifying sites to remove: done in 7.91326e-05 secs using 97.31% CPU
Identifying sites to remove: done in 4.50537e-05 secs using 743.6% CPU
Identifying sites to remove: done in 8.53017e-05 secs using 1007% CPU
Identifying sites to remove: done in 5.46947e-05 secs using 799% CPU
Identifying sites to remove: done in 6.13332e-05 secs using 1153% CPU
Identifying sites to remove: done in 4.27514e-05 secs using 1527% CPU
Identifying sites to remove: done in 5.16325e-05 secs using 933.5% CPU
Identifying sites to remove: done in 8.03024e-05 secs using 1093% CPU
Identifying sites to remove: done in 5.24744e-05 secs using 226.8% CPU
Identifying sites to remove: done in 6.87093e-05 secs using 96.06% CPU
Identifying sites to remove: done in 0.00180938 secs using 901.1% CPU
Identifying sites to remove: done in 0.00193769 secs using 1031% CPU
Identifying sites to remove: done in 0.00193953 secs using 1066% CPU
Identifying sites to remove: done in 0.00214457 secs using 1082% CPU
Identifying sites to remove: done in 0.00216777 secs using 1025% CPU
Identifying sites to remove: done in 0.00218813 secs using 1041% CPU
Identifying sites to remove: done in 0.00266688 secs using 806.5% CPU
Identifying sites to remove: done in 0.00163185 secs using 728.6% CPU
Identifying sites to remove: done in 0.00185123 secs using 636.3% CPU
Identifying sites to remove: done in 0.00167558 secs using 152.2% CPU
Identifying sites to remove: done in 0.00136433 secs using 97.7% CPU
Identifying sites to remove: done in 0.00152428 secs using 254.4% CPU
Identifying sites to remove: done in 0.0015485 secs using 517.5% CPU
Identifying sites to remove: done in 0.00188427 secs using 1097% CPU
Identifying sites to remove: done in 0.00184184 secs using 1020% CPU
Identifying sites to remove: done in 0.00151883 secs using 941.6% CPU
Identifying sites to remove: done in 0.00170086 secs using 2129% CPU
Identifying sites to remove: done in 0.00162968 secs using 1151% CPU
Identifying sites to remove: done in 0.00175439 secs using 1778% CPU
Identifying sites to remove: done in 0.00157523 secs using 2038% CPU
Identifying sites to remove: done in 0.00190754 secs using 326% CPU
Identifying sites to remove: done in 0.00157492 secs using 2524% CPU
Identifying sites to remove: done in 0.00137832 secs using 2481% CPU
Identifying sites to remove: done in 0.00160283 secs using 108.6% CPU
Identifying sites to remove: done in 0.00161782 secs using 701.6% CPU
Identifying sites to remove: done in 0.00185182 secs using 2386% CPU
Identifying sites to remove: done in 0.00190337 secs using 176.4% CPU
Identifying sites to remove: done in 0.00182918 secs using 3404% CPU
Identifying sites to remove: done in 0.00154899 secs using 175.3% CPU
Identifying sites to remove: done in 0.00153712 secs using 3221% CPU
Identifying sites to remove: done in 0.00119397 secs using 730.2% CPU
Identifying sites to remove: done in 0.00144713 secs using 701.1% CPU
Identifying sites to remove: done in 0.00146526 secs using 684.5% CPU
Identifying sites to remove: done in 0.00169377 secs using 638% CPU
Identifying sites to remove: done in 0.00189618 secs using 613.1% CPU
Identifying sites to remove: done in 0.00200022 secs using 599.4% CPU
Identifying sites to remove: done in 0.00214103 secs using 597.5% CPU
Identifying sites to remove: done in 0.00115062 secs using 466% CPU
Identifying sites to remove: done in 0.00115112 secs using 4807% CPU
Identifying sites to remove: done in 0.00115648 secs using 4674% CPU
Identifying sites to remove: done in 0.00120299 secs using 2607% CPU
Identifying sites to remove: done in 0.000806041 secs using 4594% CPU
Identifying sites to remove: done in 0.00101802 secs using 600.8% CPU
Identifying sites to remove: done in 0.00125253 secs using 489.5% CPU
Identifying sites to remove: done in 0.000956587 secs using 420% CPU
Identifying sites to remove: done in 0.000984244 secs using 333.4% CPU
Identifying sites to remove: done in 0.00086721 secs using 99.17% CPU
Identifying sites to remove: done in 0.00114783 secs using 204.6% CPU
Identifying sites to remove: done in 0.000984587 secs using 133.6% CPU
Identifying sites to remove: done in 0.00104748 secs using 671.9% CPU
Identifying sites to remove: done in 0.000983983 secs using 501.1% CPU
Identifying sites to remove: done in 0.00100537 secs using 194.2% CPU
Identifying sites to remove: done in 0.000797056 secs using 195.8% CPU
Identifying sites to remove: done in 0.00120249 secs using 5434% CPU
Identifying sites to remove: done in 0.00100049 secs using 255.8% CPU
Identifying sites to remove: done in 0.000987366 secs using 172.3% CPU
Identifying sites to remove: done in 0.000964381 secs using 506.3% CPU
Identifying sites to remove: done in 0.00120424 secs using 623.1% CPU
Identifying sites to remove: done in 0.0011636 secs using 203.2% CPU
Identifying sites to remove: done in 0.000943132 secs using 97.76% CPU
Identifying sites to remove: done in 0.00014507 secs using 3116% CPU
Identifying sites to remove: done in 0.000174426 secs using 2.847e+04% CPU
Identifying sites to remove: done in 0.000181988 secs using 3.563e+04% CPU
Identifying sites to remove: done in 0.000180125 secs using 3.18e+04% CPU
Identifying sites to remove: done in 0.000181213 secs using 3.785e+04% CPU
Identifying sites to remove: done in 0.000247084 secs using 2.478e+04% CPU
Identifying sites to remove: done in 0.000181913 secs using 382% CPU
Identifying sites to remove: done in 0.000418663 secs using 1.764e+04% CPU
Identifying sites to remove: done in 0.000140078 secs using 737.4% CPU
Identifying sites to remove: done in 0.000173867 secs using 677% CPU
Identifying sites to remove: done in 0.000184923 secs using 425.6% CPU
Identifying sites to remove: done in 0.000138573 secs using 268.4% CPU
Identifying sites to remove: done in 0.000167377 secs using 1038% CPU
Identifying sites to remove: done in 0.00017494 secs using 660.8% CPU
Identifying sites to remove: done in 0.000235669 secs using 786.3% CPU
Identifying sites to remove: done in 0.000132404 secs using 553.6% CPU
Identifying sites to remove: done in 0.000137798 secs using 365% CPU
Identifying sites to remove: done in 8.65757e-05 secs using 3108% CPU
Identifying sites to remove: done in 0.000139378 secs using 2153% CPU
Identifying sites to remove: done in 0.000136919 secs using 1888% CPU
Identifying sites to remove: done in 0.00017406 secs using 1659% CPU
Identifying sites to remove: done in 0.000119813 secs using 2378% CPU
Identifying sites to remove: done in 0.000128187 secs using 1924% CPU
Identifying sites to remove: done in 0.000140771 secs using 1743% CPU
Identifying sites to remove: done in 0.000153907 secs using 860.9% CPU
Identifying sites to remove: done in 0.000149883 secs using 186.8% CPU
Identifying sites to remove: done in 0.00012739 secs using 1006% CPU
Identifying sites to remove: done in 0.000108458 secs using 299.7% CPU
Identifying sites to remove: done in 0.000133917 secs using 659.4% CPU
Identifying sites to remove: done in 0.000339672 secs using 2058% CPU
Identifying sites to remove: done in 0.000356145 secs using 1565% CPU
Identifying sites to remove: done in 0.000388853 secs using 2903% CPU
Identifying sites to remove: done in 0.000403859 secs using 1175% CPU
Identifying sites to remove: done in 0.000404239 secs using 634.5% CPU
Identifying sites to remove: done in 0.000425749 secs using 876.1% CPU
Identifying sites to remove: done in 0.000650771 secs using 1808% CPU
Identifying sites to remove: done in 0.000275992 secs using 180.1% CPU
Identifying sites to remove: done in 0.000338368 secs using 221.4% CPU
Identifying sites to remove: done in 0.000396669 secs using 1.188e+04% CPU
Identifying sites to remove: done in 0.000286989 secs using 503.5% CPU
Identifying sites to remove: done in 0.000321984 secs using 401.3% CPU
Identifying sites to remove: done in 0.000416435 secs using 429.4% CPU
Identifying sites to remove: done in 0.000385463 secs using 311.3% CPU
Identifying sites to remove: done in 0.000265919 secs using 520.5% CPU
Identifying sites to remove: done in 0.0002665 secs using 621% CPU
Identifying sites to remove: done in 0.000279576 secs using 130.9% CPU
Identifying sites to remove: done in 0.000315145 secs using 1307% CPU
Identifying sites to remove: done in 0.000349507 secs using 743.6% CPU
Identifying sites to remove: done in 0.000293218 secs using 900.7% CPU
Identifying sites to remove: done in 0.000331029 secs using 851% CPU
Identifying sites to remove: done in 0.000271849 secs using 197.9% CPU
Identifying sites to remove: done in 0.000245489 secs using 97.36% CPU
Identifying sites to remove: done in 0.000288934 secs using 1157% CPU
Identifying sites to remove: done in 0.000373885 secs using 142.8% CPU
Identifying sites to remove: done in 0.000334881 secs using 97.05% CPU
Identifying sites to remove: done in 0.000326551 secs using 499.5% CPU
Identifying sites to remove: done in 0.000338696 secs using 407.1% CPU
Identifying sites to remove: done in 0.00034114 secs using 265.6% CPU
Identifying sites to remove: done in 0.000325702 secs using 97.33% CPU
Identifying sites to remove: done in 0.000862524 secs using 1125% CPU
Identifying sites to remove: done in 0.000881232 secs using 1209% CPU
Identifying sites to remove: done in 0.000956826 secs using 655.7% CPU
Identifying sites to remove: done in 0.00100512 secs using 881.1% CPU
Identifying sites to remove: done in 0.00101938 secs using 793.7% CPU
Identifying sites to remove: done in 0.00101969 secs using 718.8% CPU
Identifying sites to remove: done in 0.00150879 secs using 825.7% CPU
Identifying sites to remove: done in 0.000860341 secs using 254.2% CPU
Identifying sites to remove: done in 0.000906467 secs using 267.1% CPU
Identifying sites to remove: done in 0.000993207 secs using 4716% CPU
Identifying sites to remove: done in 0.000690348 secs using 6227% CPU
Identifying sites to remove: done in 0.00095813 secs using 4150% CPU
Identifying sites to remove: done in 0.000802979 secs using 309.1% CPU
Identifying sites to remove: done in 0.000897825 secs using 402.3% CPU
Identifying sites to remove: done in 0.00079295 secs using 733% CPU
Identifying sites to remove: done in 0.00073918 secs using 522.7% CPU
Identifying sites to remove: done in 0.000728138 secs using 228.8% CPU
Identifying sites to remove: done in 0.000852071 secs using 97.64% CPU
Identifying sites to remove: done in 0.000838906 secs using 592.3% CPU
Identifying sites to remove: done in 0.000915043 secs using 597.1% CPU
Identifying sites to remove: done in 0.000642627 secs using 571.6% CPU
Identifying sites to remove: done in 0.000850491 secs using 560.7% CPU
Identifying sites to remove: done in 0.000742972 secs using 290.6% CPU
Identifying sites to remove: done in 0.000906035 secs using 99.66% CPU
Identifying sites to remove: done in 0.000793248 secs using 9012% CPU
Identifying sites to remove: done in 0.000864722 secs using 7838% CPU
Identifying sites to remove: done in 0.000873871 secs using 314.8% CPU
Identifying sites to remove: done in 0.000883773 secs using 415.2% CPU
Identifying sites to remove: done in 0.000849158 secs using 160.6% CPU
Identifying sites to remove: done in 0.000838108 secs using 99.75% CPU
Identifying sites to remove: done in 0.000377834 secs using 5055% CPU
Identifying sites to remove: done in 0.000380732 secs using 5906% CPU
Identifying sites to remove: done in 0.000435472 secs using 589% CPU
Identifying sites to remove: done in 0.000468977 secs using 3542% CPU
Identifying sites to remove: done in 0.000470966 secs using 2820% CPU
Identifying sites to remove: done in 0.000470728 secs using 4253% CPU
Identifying sites to remove: done in 0.000774935 secs using 7800% CPU
Identifying sites to remove: done in 0.000355586 secs using 1.428e+04% CPU
Identifying sites to remove: done in 0.000374638 secs using 342.2% CPU
Identifying sites to remove: done in 0.000325575 secs using 308.1% CPU
Identifying sites to remove: done in 0.000436515 secs using 790.1% CPU
Identifying sites to remove: done in 0.000402011 secs using 711.7% CPU
Identifying sites to remove: done in 0.000393771 secs using 532.8% CPU
Identifying sites to remove: done in 0.000419296 secs using 315.8% CPU
Identifying sites to remove: done in 0.000296965 secs using 227% CPU
Identifying sites to remove: done in 0.000309117 secs using 1310% CPU
Identifying sites to remove: done in 0.00028608 secs using 841.7% CPU
Identifying sites to remove: done in 0.000334978 secs using 197.9% CPU
Identifying sites to remove: done in 0.000393003 secs using 1061% CPU
Identifying sites to remove: done in 0.000366427 secs using 885.3% CPU
Identifying sites to remove: done in 0.000323571 secs using 797.7% CPU
Identifying sites to remove: done in 0.00026574 secs using 1219% CPU
Identifying sites to remove: done in 0.000281639 secs using 130.3% CPU
Identifying sites to remove: done in 0.00034789 secs using 1158% CPU
Identifying sites to remove: done in 0.000388846 secs using 611.8% CPU
Identifying sites to remove: done in 0.000320688 secs using 1.572e+04% CPU
Identifying sites to remove: done in 0.000325717 secs using 121.6% CPU
Identifying sites to remove: done in 0.000330031 secs using 412.1% CPU
Identifying sites to remove: done in 0.000358209 secs using 520.1% CPU
Identifying sites to remove: done in 0.000360981 secs using 164.3% CPU
Identifying sites to remove: done in 0.000308417 secs using 2.197e+04% CPU
Identifying sites to remove: done in 0.000327982 secs using 2.182e+04% CPU
Identifying sites to remove: done in 0.000341088 secs using 1.576e+04% CPU
Identifying sites to remove: done in 0.000390694 secs using 1.938e+04% CPU
Identifying sites to remove: done in 0.000406757 secs using 1.511e+04% CPU
Identifying sites to remove: done in 0.00040704 secs using 1.421e+04% CPU
Identifying sites to remove: done in 0.000612132 secs using 1.063e+04% CPU
Identifying sites to remove: done in 0.000268064 secs using 302.2% CPU
Identifying sites to remove: done in 0.000314966 secs using 439.7% CPU
Identifying sites to remove: done in 0.000295438 secs using 636.7% CPU
Identifying sites to remove: done in 0.000413321 secs using 720% CPU
Identifying sites to remove: done in 0.000341661 secs using 544.7% CPU
Identifying sites to remove: done in 0.000292458 secs using 236.3% CPU
Identifying sites to remove: done in 0.000250652 secs using 232.6% CPU
Identifying sites to remove: done in 0.000270657 secs using 2069% CPU
Identifying sites to remove: done in 0.000241973 secs using 1707% CPU
Identifying sites to remove: done in 0.000279553 secs using 1602% CPU
Identifying sites to remove: done in 0.000276141 secs using 1295% CPU
Identifying sites to remove: done in 0.000335626 secs using 1114% CPU
Identifying sites to remove: done in 0.000300065 secs using 956.1% CPU
Identifying sites to remove: done in 0.00027144 secs using 175.4% CPU
Identifying sites to remove: done in 0.000233658 secs using 1283% CPU
Identifying sites to remove: done in 0.000247419 secs using 135% CPU
Identifying sites to remove: done in 0.000265151 secs using 193.9% CPU
Identifying sites to remove: done in 0.000315495 secs using 1510% CPU
Identifying sites to remove: done in 0.00027021 secs using 1497% CPU
Identifying sites to remove: done in 0.000295162 secs using 1.567e+04% CPU
Identifying sites to remove: done in 0.00031653 secs using 306.8% CPU
Identifying sites to remove: done in 0.00026913 secs using 340% CPU
Identifying sites to remove: done in 0.000314556 secs using 201.9% CPU
Identifying sites to remove: done in 0.000327602 secs using 680.4% CPU
Identifying sites to remove: done in 0.000345491 secs using 701.6% CPU
Identifying sites to remove: done in 0.000372335 secs using 666.9% CPU
Identifying sites to remove: done in 0.000419535 secs using 588.3% CPU
Identifying sites to remove: done in 0.000420518 secs using 619.2% CPU
Identifying sites to remove: done in 0.000443228 secs using 695.6% CPU
Identifying sites to remove: done in 0.000671342 secs using 576.2% CPU
Identifying sites to remove: done in 0.000293061 secs using 244.3% CPU
Identifying sites to remove: done in 0.000303216 secs using 99.27% CPU
Identifying sites to remove: done in 0.000265338 secs using 1235% CPU
Identifying sites to remove: done in 0.000400588 secs using 1175% CPU
Identifying sites to remove: done in 0.000320181 secs using 689% CPU
Identifying sites to remove: done in 0.000330538 secs using 256.2% CPU
Identifying sites to remove: done in 0.000301249 secs using 956.7% CPU
Identifying sites to remove: done in 0.000253044 secs using 391.2% CPU
Identifying sites to remove: done in 0.000276029 secs using 208.3% CPU
Identifying sites to remove: done in 0.000232801 secs using 1041% CPU
Identifying sites to remove: done in 0.000283778 secs using 180.4% CPU
Identifying sites to remove: done in 0.000292636 secs using 2014% CPU
Identifying sites to remove: done in 0.000308469 secs using 1020% CPU
Identifying sites to remove: done in 0.000279561 secs using 236.4% CPU
Identifying sites to remove: done in 0.000215247 secs using 98.96% CPU
Identifying sites to remove: done in 0.000229008 secs using 99.56% CPU
Identifying sites to remove: done in 0.000279546 secs using 208.2% CPU
Identifying sites to remove: done in 0.000300549 secs using 315.4% CPU
Identifying sites to remove: done in 0.000278555 secs using 388.8% CPU
Identifying sites to remove: done in 0.000289291 secs using 469.1% CPU
Identifying sites to remove: done in 0.000301048 secs using 513.5% CPU
Identifying sites to remove: done in 0.00028941 secs using 616.8% CPU
Identifying sites to remove: done in 0.000293858 secs using 122.8% CPU
Identifying sites to remove: done in 0.000255443 secs using 1731% CPU
Identifying sites to remove: done in 0.00025519 secs using 618.4% CPU
Identifying sites to remove: done in 0.000300415 secs using 1459% CPU
Identifying sites to remove: done in 0.000301898 secs using 1110% CPU
Identifying sites to remove: done in 0.000330716 secs using 1220% CPU
Identifying sites to remove: done in 0.000332408 secs using 1566% CPU
Identifying sites to remove: done in 0.000542492 secs using 1250% CPU
Identifying sites to remove: done in 0.000281185 secs using 271.4% CPU
Identifying sites to remove: done in 0.000211015 secs using 2360% CPU
Identifying sites to remove: done in 0.000293031 secs using 2159% CPU
Identifying sites to remove: done in 0.000296257 secs using 1448% CPU
Identifying sites to remove: done in 0.000328548 secs using 932.9% CPU
Identifying sites to remove: done in 0.000310689 secs using 417.1% CPU
Identifying sites to remove: done in 0.000397608 secs using 1162% CPU
Identifying sites to remove: done in 0.000226006 secs using 147.8% CPU
Identifying sites to remove: done in 0.00021378 secs using 837.8% CPU
Identifying sites to remove: done in 0.000249997 secs using 1227% CPU
Identifying sites to remove: done in 0.000246435 secs using 1447% CPU
Identifying sites to remove: done in 0.000277132 secs using 1061% CPU
Identifying sites to remove: done in 0.000272721 secs using 854% CPU
Identifying sites to remove: done in 0.000274628 secs using 1343% CPU
Identifying sites to remove: done in 0.000200376 secs using 1153% CPU
Identifying sites to remove: done in 0.000224821 secs using 144.6% CPU
Identifying sites to remove: done in 0.000245988 secs using 1469% CPU
Identifying sites to remove: done in 0.000257291 secs using 3279% CPU
Identifying sites to remove: done in 0.000270359 secs using 1939% CPU
Identifying sites to remove: done in 0.000253975 secs using 1640% CPU
Identifying sites to remove: done in 0.000287987 secs using 588.2% CPU
Identifying sites to remove: done in 0.000290558 secs using 1.24e+04% CPU
Identifying sites to remove: done in 0.000282824 secs using 1.17e+04% CPU
Identifying sites to remove: done in 0.000394098 secs using 2186% CPU
Identifying sites to remove: done in 0.000412643 secs using 2604% CPU
Identifying sites to remove: done in 0.000414357 secs using 1606% CPU
Identifying sites to remove: done in 0.000448085 secs using 2927% CPU
Identifying sites to remove: done in 0.000448652 secs using 1083% CPU
Identifying sites to remove: done in 0.000481173 secs using 1127% CPU
Identifying sites to remove: done in 0.000798807 secs using 2335% CPU
Identifying sites to remove: done in 0.000351675 secs using 319.6% CPU
Identifying sites to remove: done in 0.000354141 secs using 129.9% CPU
Identifying sites to remove: done in 0.00031586 secs using 198.5% CPU
Identifying sites to remove: done in 0.000531793 secs using 2847% CPU
Identifying sites to remove: done in 0.000357933 secs using 1332% CPU
Identifying sites to remove: done in 0.00039915 secs using 1.359e+04% CPU
Identifying sites to remove: done in 0.000375196 secs using 1.255e+04% CPU
Identifying sites to remove: done in 0.000275329 secs using 293.5% CPU
Identifying sites to remove: done in 0.000324331 secs using 579% CPU
Identifying sites to remove: done in 0.000271782 secs using 449.6% CPU
Identifying sites to remove: done in 0.000322223 secs using 216% CPU
Identifying sites to remove: done in 0.000354633 secs using 807.3% CPU
Identifying sites to remove: done in 0.00033538 secs using 587.7% CPU
Identifying sites to remove: done in 0.000324659 secs using 199% CPU
Identifying sites to remove: done in 0.000252247 secs using 99.11% CPU
Identifying sites to remove: done in 0.000322647 secs using 907.5% CPU
Identifying sites to remove: done in 0.000272445 secs using 831.4% CPU
Identifying sites to remove: done in 0.000316009 secs using 1063% CPU
Identifying sites to remove: done in 0.000325933 secs using 644.9% CPU
Identifying sites to remove: done in 0.000350483 secs using 2171% CPU
Identifying sites to remove: done in 0.000335097 secs using 2381% CPU
Identifying sites to remove: done in 0.0003644 secs using 1263% CPU
Identifying sites to remove: done in 0.000361294 secs using 1.411e+04% CPU
Identifying sites to remove: done in 0.000518084 secs using 1.485e+04% CPU
Identifying sites to remove: done in 0.000536971 secs using 1.241e+04% CPU
Identifying sites to remove: done in 0.000581227 secs using 1.268e+04% CPU
Identifying sites to remove: done in 0.000633001 secs using 1.116e+04% CPU
Identifying sites to remove: done in 0.000664942 secs using 9593% CPU
Identifying sites to remove: done in 0.000689276 secs using 8758% CPU
Identifying sites to remove: done in 0.000940688 secs using 8703% CPU
Identifying sites to remove: done in 0.000466451 secs using 334.4% CPU
Identifying sites to remove: done in 0.000458814 secs using 232.1% CPU
Identifying sites to remove: done in 0.000535294 secs using 368.4% CPU
Identifying sites to remove: done in 0.000387087 secs using 931.6% CPU
Identifying sites to remove: done in 0.000482664 secs using 508.4% CPU
Identifying sites to remove: done in 0.000451908 secs using 213.8% CPU
Identifying sites to remove: done in 0.000413567 secs using 929.5% CPU
Identifying sites to remove: done in 0.000421509 secs using 1493% CPU
Identifying sites to remove: done in 0.000371031 secs using 999.9% CPU
Identifying sites to remove: done in 0.000513785 secs using 1323% CPU
Identifying sites to remove: done in 0.000437804 secs using 503.2% CPU
Identifying sites to remove: done in 0.000444584 secs using 917.9% CPU
Identifying sites to remove: done in 0.000434823 secs using 1.313e+04% CPU
Identifying sites to remove: done in 0.000330955 secs using 99.11% CPU
Identifying sites to remove: done in 0.000390626 secs using 510% CPU
Identifying sites to remove: done in 0.000441216 secs using 170.7% CPU
Identifying sites to remove: done in 0.000407353 secs using 99.42% CPU
Identifying sites to remove: done in 0.000436224 secs using 2567% CPU
Identifying sites to remove: done in 0.000556596 secs using 1721% CPU
Identifying sites to remove: done in 0.000526875 secs using 1355% CPU
Identifying sites to remove: done in 0.000535183 secs using 882.5% CPU
Identifying sites to remove: done in 0.000462539 secs using 1021% CPU
Identifying sites to remove: done in 0.000495888 secs using 107.7% CPU
Identifying sites to remove: done in 0.000313364 secs using 2003% CPU
Identifying sites to remove: done in 0.000315927 secs using 1664% CPU
Identifying sites to remove: done in 0.000314765 secs using 1322% CPU
Identifying sites to remove: done in 0.000359729 secs using 2797% CPU
Identifying sites to remove: done in 0.000405952 secs using 1175% CPU
Identifying sites to remove: done in 0.000406526 secs using 927.9% CPU
Identifying sites to remove: done in 0.000632934 secs using 1585% CPU
Identifying sites to remove: done in 0.00032565 secs using 367% CPU
Identifying sites to remove: done in 0.000244692 secs using 1958% CPU
Identifying sites to remove: done in 0.000363715 secs using 1872% CPU
Identifying sites to remove: done in 0.000311345 secs using 1056% CPU
Identifying sites to remove: done in 0.000395454 secs using 2058% CPU
Identifying sites to remove: done in 0.000331946 secs using 1080% CPU
Identifying sites to remove: done in 0.000449002 secs using 1785% CPU
Identifying sites to remove: done in 0.000270821 secs using 280.6% CPU
Identifying sites to remove: done in 0.000285208 secs using 123.8% CPU
Identifying sites to remove: done in 0.000263304 secs using 703.4% CPU
Identifying sites to remove: done in 0.000301577 secs using 435.7% CPU
Identifying sites to remove: done in 0.000276305 secs using 724.6% CPU
Identifying sites to remove: done in 0.000331543 secs using 1146% CPU
Identifying sites to remove: done in 0.000247508 secs using 2553% CPU
Identifying sites to remove: done in 0.000236094 secs using 1727% CPU
Identifying sites to remove: done in 0.000358388 secs using 181.6% CPU
Identifying sites to remove: done in 0.00030639 secs using 312.7% CPU
Identifying sites to remove: done in 0.000297777 secs using 312.3% CPU
Identifying sites to remove: done in 0.000282519 secs using 549.7% CPU
Identifying sites to remove: done in 0.00028675 secs using 929.7% CPU
Identifying sites to remove: done in 0.000289127 secs using 745.7% CPU
Identifying sites to remove: done in 0.000296108 secs using 213.1% CPU
Identifying sites to remove: done in 0.000354953 secs using 421.2% CPU
Identifying sites to remove: done in 0.000593364 secs using 1.192e+04% CPU
Identifying sites to remove: done in 0.000610717 secs using 1.038e+04% CPU
Identifying sites to remove: done in 0.000631824 secs using 1.064e+04% CPU
Identifying sites to remove: done in 0.000706948 secs using 1.121e+04% CPU
Identifying sites to remove: done in 0.000732712 secs using 8049% CPU
Identifying sites to remove: done in 0.000733607 secs using 8441% CPU
Identifying sites to remove: done in 0.00110814 secs using 6944% CPU
Identifying sites to remove: done in 0.000520773 secs using 336.6% CPU
Identifying sites to remove: done in 0.000587232 secs using 213% CPU
Identifying sites to remove: done in 0.000446208 secs using 200.6% CPU
Identifying sites to remove: done in 0.000655457 secs using 718.4% CPU
Identifying sites to remove: done in 0.000526011 secs using 688% CPU
Identifying sites to remove: done in 0.000608899 secs using 959.4% CPU
Identifying sites to remove: done in 0.000599101 secs using 279.8% CPU
Identifying sites to remove: done in 0.000461943 secs using 237.7% CPU
Identifying sites to remove: done in 0.000498585 secs using 1383% CPU
Identifying sites to remove: done in 0.000471354 secs using 851% CPU
Identifying sites to remove: done in 0.000516139 secs using 1.04e+04% CPU
Identifying sites to remove: done in 0.000560515 secs using 365.6% CPU
Identifying sites to remove: done in 0.000490829 secs using 294.8% CPU
Identifying sites to remove: done in 0.000623815 secs using 446.3% CPU
Identifying sites to remove: done in 0.000385016 secs using 117.9% CPU
Identifying sites to remove: done in 0.000450253 secs using 541.7% CPU
Identifying sites to remove: done in 0.000513814 secs using 113.9% CPU
Identifying sites to remove: done in 0.000474125 secs using 1410% CPU
Identifying sites to remove: done in 0.000508837 secs using 807.5% CPU
Identifying sites to remove: done in 0.000595272 secs using 1253% CPU
Identifying sites to remove: done in 0.000608958 secs using 1.035e+04% CPU
Identifying sites to remove: done in 0.000531271 secs using 1.117e+04% CPU
Identifying sites to remove: done in 0.000593223 secs using 117.7% CPU
Identifying sites to remove: done in 0.000212751 secs using 3186% CPU
Identifying sites to remove: done in 0.000229649 secs using 3601% CPU
Identifying sites to remove: done in 0.000255167 secs using 589% CPU
Identifying sites to remove: done in 0.000256374 secs using 2204% CPU
Identifying sites to remove: done in 0.000271939 secs using 1590% CPU
Identifying sites to remove: done in 0.000281557 secs using 1061% CPU
Identifying sites to remove: done in 0.000466578 secs using 2556% CPU
Identifying sites to remove: done in 0.000206545 secs using 173.8% CPU
Identifying sites to remove: done in 0.000211589 secs using 1234% CPU
Identifying sites to remove: done in 0.000190221 secs using 354.9% CPU
Identifying sites to remove: done in 0.000314593 secs using 2449% CPU
Identifying sites to remove: done in 0.000237219 secs using 2296% CPU
Identifying sites to remove: done in 0.000244893 secs using 334% CPU
Identifying sites to remove: done in 0.000270396 secs using 1186% CPU
Identifying sites to remove: done in 0.000184663 secs using 239.9% CPU
Identifying sites to remove: done in 0.000190102 secs using 1536% CPU
Identifying sites to remove: done in 0.000160046 secs using 246.2% CPU
Identifying sites to remove: done in 0.000220686 secs using 812% CPU
Identifying sites to remove: done in 0.000194386 secs using 628.6% CPU
Identifying sites to remove: done in 0.000234626 secs using 1249% CPU
Identifying sites to remove: done in 0.000220947 secs using 265.2% CPU
Identifying sites to remove: done in 0.000155047 secs using 96.75% CPU
Identifying sites to remove: done in 0.00015869 secs using 97.04% CPU
Identifying sites to remove: done in 0.000198595 secs using 207% CPU
Identifying sites to remove: done in 0.000246227 secs using 306.6% CPU
Identifying sites to remove: done in 0.00020688 secs using 411.8% CPU
Identifying sites to remove: done in 0.000214569 secs using 124.9% CPU
Identifying sites to remove: done in 0.000204802 secs using 528.3% CPU
Identifying sites to remove: done in 0.000218354 secs using 191.9% CPU
Identifying sites to remove: done in 0.000208057 secs using 99.01% CPU
Identifying sites to remove: done in 4.23715e-05 secs using 7630% CPU
Identifying sites to remove: done in 6.79642e-05 secs using 4585% CPU
Identifying sites to remove: done in 6.97374e-05 secs using 1.333e+04% CPU
Identifying sites to remove: done in 7.05123e-05 secs using 1.993e+04% CPU
Identifying sites to remove: done in 7.10934e-05 secs using 1.621e+04% CPU
Identifying sites to remove: done in 6.42389e-05 secs using 2.004e+04% CPU
Identifying sites to remove: done in 6.0685e-05 secs using 1.079e+04% CPU
Identifying sites to remove: done in 7.2293e-05 secs using 1.347e+04% CPU
Identifying sites to remove: done in 6.99982e-05 secs using 254.3% CPU
Identifying sites to remove: done in 9.8452e-05 secs using 6863% CPU
Identifying sites to remove: done in 6.32033e-05 secs using 519% CPU
Identifying sites to remove: done in 3.7998e-05 secs using 118.4% CPU
Identifying sites to remove: done in 4.36753e-05 secs using 1964% CPU
Identifying sites to remove: done in 4.28483e-05 secs using 1491% CPU
Identifying sites to remove: done in 7.79256e-05 secs using 840.5% CPU
Identifying sites to remove: done in 7.74711e-05 secs using 1012% CPU
Identifying sites to remove: done in 7.57724e-05 secs using 646.7% CPU
Identifying sites to remove: done in 6.35833e-05 secs using 1426% CPU
Identifying sites to remove: done in 6.24284e-05 secs using 834.6% CPU
Identifying sites to remove: done in 6.43209e-05 secs using 202.1% CPU
Identifying sites to remove: done in 4.03002e-05 secs using 94.29% CPU
Identifying sites to remove: done in 0.000193305 secs using 1183% CPU
Identifying sites to remove: done in 0.000212476 secs using 1361% CPU
Identifying sites to remove: done in 0.000214249 secs using 2109% CPU
Identifying sites to remove: done in 0.000226028 secs using 849.9% CPU
Identifying sites to remove: done in 0.000225626 secs using 1550% CPU
Identifying sites to remove: done in 0.000254475 secs using 565.5% CPU
Identifying sites to remove: done in 0.000434689 secs using 1222% CPU
Identifying sites to remove: done in 0.000184178 secs using 239.4% CPU
Identifying sites to remove: done in 0.000189781 secs using 98.53% CPU
Identifying sites to remove: done in 0.000162177 secs using 350.9% CPU
Identifying sites to remove: done in 0.000290915 secs using 1688% CPU
Identifying sites to remove: done in 0.000198379 secs using 1061% CPU
Identifying sites to remove: done in 0.000217095 secs using 1647% CPU
Identifying sites to remove: done in 0.000214718 secs using 344.6% CPU
Identifying sites to remove: done in 0.000168644 secs using 1616% CPU
Identifying sites to remove: done in 0.000175163 secs using 954.5% CPU
Identifying sites to remove: done in 0.000156783 secs using 219.4% CPU
Identifying sites to remove: done in 0.000147872 secs using 2725% CPU
Identifying sites to remove: done in 0.000172906 secs using 1994% CPU
Identifying sites to remove: done in 0.000187695 secs using 651.1% CPU
Identifying sites to remove: done in 0.00018508 secs using 268% CPU
Identifying sites to remove: done in 0.000137009 secs using 98.53% CPU
Identifying sites to remove: done in 0.000145808 secs using 98.76% CPU
Identifying sites to remove: done in 0.00016766 secs using 1981% CPU
Identifying sites to remove: done in 0.00018809 secs using 751.8% CPU
Identifying sites to remove: done in 0.000184409 secs using 173% CPU
Identifying sites to remove: done in 0.000175171 secs using 762.1% CPU
Identifying sites to remove: done in 0.000179522 secs using 2174% CPU
Identifying sites to remove: done in 0.000183962 secs using 168% CPU
Identifying sites to remove: done in 0.000193194 secs using 1.944e+04% CPU
Identifying sites to remove: done in 0.00021968 secs using 3674% CPU
Identifying sites to remove: done in 0.000236414 secs using 4218% CPU
Identifying sites to remove: done in 0.00023745 secs using 2095% CPU
Identifying sites to remove: done in 0.000260621 secs using 1266% CPU
Identifying sites to remove: done in 0.000260778 secs using 622.8% CPU
Identifying sites to remove: done in 0.000312328 secs using 2827% CPU
Identifying sites to remove: done in 0.000419259 secs using 3385% CPU
Identifying sites to remove: done in 0.000210971 secs using 340.8% CPU
Identifying sites to remove: done in 0.000210874 secs using 217.2% CPU
Identifying sites to remove: done in 0.000184335 secs using 2983% CPU
Identifying sites to remove: done in 0.000321694 secs using 3364% CPU
Identifying sites to remove: done in 0.000238203 secs using 2519% CPU
Identifying sites to remove: done in 0.000238687 secs using 1418% CPU
Identifying sites to remove: done in 0.000228763 secs using 325.7% CPU
Identifying sites to remove: done in 0.000190631 secs using 3097% CPU
Identifying sites to remove: done in 0.000173546 secs using 1655% CPU
Identifying sites to remove: done in 0.000164993 secs using 986.1% CPU
Identifying sites to remove: done in 0.000200361 secs using 198.1% CPU
Identifying sites to remove: done in 0.000216424 secs using 1243% CPU
Identifying sites to remove: done in 0.000217751 secs using 972.2% CPU
Identifying sites to remove: done in 0.000204153 secs using 288% CPU
Identifying sites to remove: done in 0.000159554 secs using 1376% CPU
Identifying sites to remove: done in 0.000207111 secs using 1.935e+04% CPU
Identifying sites to remove: done in 0.000207886 secs using 275.6% CPU
Identifying sites to remove: done in 0.000212938 secs using 176.6% CPU
Identifying sites to remove: done in 0.000195153 secs using 419.2% CPU
Identifying sites to remove: done in 0.000198312 secs using 540.1% CPU
Identifying sites to remove: done in 0.000195399 secs using 573.2% CPU
Identifying sites to remove: done in 0.000213675 secs using 171.3% CPU
Identifying sites to remove: done in 0.000252247 secs using 99.11% CPU
Identifying sites to remove: done in 0.000162758 secs using 3217% CPU
Identifying sites to remove: done in 0.000217214 secs using 1129% CPU
Identifying sites to remove: done in 0.000256248 secs using 1442% CPU
Identifying sites to remove: done in 0.000342406 secs using 3391% CPU
Identifying sites to remove: done in 0.000178315 secs using 196.8% CPU
Identifying sites to remove: done in 0.000264637 secs using 5839% CPU
Identifying sites to remove: done in 0.00022357 secs using 5363% CPU
Identifying sites to remove: done in 0.000234038 secs using 3407% CPU
Identifying sites to remove: done in 0.000365846 secs using 4291% CPU
Identifying sites to remove: done in 0.000291944 secs using 4064% CPU
Identifying sites to remove: done in 0.000296503 secs using 1534% CPU
Identifying sites to remove: done in 0.000194632 secs using 2.279e+04% CPU
Identifying sites to remove: done in 0.000208855 secs using 368.7% CPU
Identifying sites to remove: done in 0.000203125 secs using 336.7% CPU
Identifying sites to remove: done in 0.000177443 secs using 263.7% CPU
Identifying sites to remove: done in 0.000163198 secs using 683.8% CPU
Identifying sites to remove: done in 0.000235334 secs using 413% CPU
Identifying sites to remove: done in 0.000198521 secs using 209% CPU
Identifying sites to remove: done in 0.000190683 secs using 550.1% CPU
Identifying sites to remove: done in 0.000158601 secs using 1471% CPU
Identifying sites to remove: done in 0.000237711 secs using 1155% CPU
Identifying sites to remove: done in 0.000249676 secs using 736.6% CPU
Identifying sites to remove: done in 0.000167333 secs using 964.5% CPU
Identifying sites to remove: done in 0.000162244 secs using 105.4% CPU
Identifying sites to remove: done in 0.00023672 secs using 99.27% CPU
Identifying sites to remove: done in 0.000226237 secs using 2511% CPU
Identifying sites to remove: done in 0.000243552 secs using 3566% CPU
Identifying sites to remove: done in 0.000261702 secs using 4705% CPU
Identifying sites to remove: done in 0.000261731 secs using 601.4% CPU
Identifying sites to remove: done in 0.000285409 secs using 5428% CPU
Identifying sites to remove: done in 0.000312276 secs using 1383% CPU
Identifying sites to remove: done in 0.000505321 secs using 1.362e+04% CPU
Identifying sites to remove: done in 0.000245742 secs using 1.932e+04% CPU
Identifying sites to remove: done in 0.000286862 secs using 220% CPU
Identifying sites to remove: done in 0.000197656 secs using 193.3% CPU
Identifying sites to remove: done in 0.000341997 secs using 849.4% CPU
Identifying sites to remove: done in 0.000231028 secs using 347.6% CPU
Identifying sites to remove: done in 0.000291198 secs using 515.1% CPU
Identifying sites to remove: done in 0.000299357 secs using 692.2% CPU
Identifying sites to remove: done in 0.000195697 secs using 238.6% CPU
Identifying sites to remove: done in 0.000230134 secs using 667.9% CPU
Identifying sites to remove: done in 0.000246868 secs using 714.1% CPU
Identifying sites to remove: done in 0.000219308 secs using 853.1% CPU
Identifying sites to remove: done in 0.000221148 secs using 1244% CPU
Identifying sites to remove: done in 0.000237294 secs using 548.3% CPU
Identifying sites to remove: done in 0.000296198 secs using 186.7% CPU
Identifying sites to remove: done in 0.000174917 secs using 1298% CPU
Identifying sites to remove: done in 0.000195682 secs using 146.7% CPU
Identifying sites to remove: done in 0.000213176 secs using 1951% CPU
Identifying sites to remove: done in 0.000289112 secs using 1604% CPU
Identifying sites to remove: done in 0.000232749 secs using 1941% CPU
Identifying sites to remove: done in 0.000221707 secs using 766.8% CPU
Identifying sites to remove: done in 0.000237115 secs using 1493% CPU
Identifying sites to remove: done in 0.000220254 secs using 111.7% CPU
Identifying sites to remove: done in 0.000237487 secs using 99.37% CPU
Identifying sites to remove: done in 0.000248916 secs using 642% CPU
Identifying sites to remove: done in 0.000287473 secs using 611.5% CPU
Identifying sites to remove: done in 0.000311971 secs using 613.2% CPU
Identifying sites to remove: done in 0.0003291 secs using 612.6% CPU
Identifying sites to remove: done in 0.0003336 secs using 650.2% CPU
Identifying sites to remove: done in 0.000330731 secs using 641.6% CPU
Identifying sites to remove: done in 0.000522114 secs using 618.1% CPU
Identifying sites to remove: done in 0.000224538 secs using 322.9% CPU
Identifying sites to remove: done in 0.00029438 secs using 213.3% CPU
Identifying sites to remove: done in 0.000210069 secs using 1202% CPU
Identifying sites to remove: done in 0.000304691 secs using 1559% CPU
Identifying sites to remove: done in 0.000239536 secs using 1197% CPU
Identifying sites to remove: done in 0.000269346 secs using 699.8% CPU
Identifying sites to remove: done in 0.000270702 secs using 308.8% CPU
Identifying sites to remove: done in 0.000207968 secs using 275% CPU
Identifying sites to remove: done in 0.000200853 secs using 167.3% CPU
Identifying sites to remove: done in 0.00020951 secs using 882.1% CPU
Identifying sites to remove: done in 0.00020504 secs using 200.4% CPU
Identifying sites to remove: done in 0.000263304 secs using 1213% CPU
Identifying sites to remove: done in 0.000258513 secs using 970.9% CPU
Identifying sites to remove: done in 0.000218004 secs using 276.6% CPU
Identifying sites to remove: done in 0.000173971 secs using 1450% CPU
Identifying sites to remove: done in 0.000204578 secs using 115.8% CPU
Identifying sites to remove: done in 0.000209123 secs using 98.98% CPU
Identifying sites to remove: done in 0.000259027 secs using 619.2% CPU
Identifying sites to remove: done in 0.000224479 secs using 1695% CPU
Identifying sites to remove: done in 0.000217691 secs using 163.1% CPU
Identifying sites to remove: done in 0.000214748 secs using 193.7% CPU
Identifying sites to remove: done in 0.000261329 secs using 1581% CPU
Identifying sites to remove: done in 0.00026869 secs using 1.345e+04% CPU
Identifying sites to remove: done in 0.000170022 secs using 645.8% CPU
Identifying sites to remove: done in 0.000172116 secs using 658.9% CPU
Identifying sites to remove: done in 0.000184752 secs using 665.8% CPU
Identifying sites to remove: done in 0.000194728 secs using 658.4% CPU
Identifying sites to remove: done in 0.000226773 secs using 561.8% CPU
Identifying sites to remove: done in 0.000226542 secs using 557.1% CPU
Identifying sites to remove: done in 0.000367299 secs using 541.2% CPU
Identifying sites to remove: done in 0.000152409 secs using 178.5% CPU
Identifying sites to remove: done in 0.000147492 secs using 98.99% CPU
Identifying sites to remove: done in 0.000181466 secs using 1369% CPU
Identifying sites to remove: done in 0.000134699 secs using 905.7% CPU
Identifying sites to remove: done in 0.000162475 secs using 1209% CPU
Identifying sites to remove: done in 0.000150606 secs using 306.8% CPU
Identifying sites to remove: done in 0.000136554 secs using 814.3% CPU
Identifying sites to remove: done in 0.00014165 secs using 1046% CPU
Identifying sites to remove: done in 0.000143193 secs using 1957% CPU
Identifying sites to remove: done in 0.000157692 secs using 1083% CPU
Identifying sites to remove: done in 0.000153735 secs using 234.2% CPU
Identifying sites to remove: done in 0.000138313 secs using 162% CPU
Identifying sites to remove: done in 0.000176243 secs using 922% CPU
Identifying sites to remove: done in 0.000148512 secs using 1287% CPU
Identifying sites to remove: done in 0.000139475 secs using 2224% CPU
Identifying sites to remove: done in 0.000146985 secs using 1796% CPU
Identifying sites to remove: done in 0.000155002 secs using 2968% CPU
Identifying sites to remove: done in 0.000151113 secs using 2379% CPU
Identifying sites to remove: done in 0.000143901 secs using 812.4% CPU
Identifying sites to remove: done in 0.000154071 secs using 225.9% CPU
Identifying sites to remove: done in 0.000144258 secs using 98.43% CPU
Identifying sites to remove: done in 0.000138313 secs using 639.1% CPU
Identifying sites to remove: done in 0.000102103 secs using 1928% CPU
Identifying sites to remove: done in 7.14511e-05 secs using 1.008e+04% CPU
Identifying sites to remove: done in 7.81119e-05 secs using 4768% CPU
Identifying sites to remove: done in 0.00010775 secs using 296.1% CPU
Identifying sites to remove: done in 0.0001904 secs using 7719% CPU
Identifying sites to remove: done in 9.2797e-05 secs using 4391% CPU
Identifying sites to remove: done in 7.23451e-05 secs using 5689% CPU
Identifying sites to remove: done in 7.4707e-05 secs using 5337% CPU
Identifying sites to remove: done in 7.82385e-05 secs using 278.6% CPU
Identifying sites to remove: done in 6.90594e-05 secs using 6282% CPU
Identifying sites to remove: done in 7.31945e-05 secs using 1.185e+04% CPU
Identifying sites to remove: done in 7.64132e-05 secs using 1.119e+04% CPU
Identifying sites to remove: done in 8.92431e-05 secs using 4.288e+04% CPU
Identifying sites to remove: done in 9.87798e-05 secs using 3.841e+04% CPU
Identifying sites to remove: done in 0.000109613 secs using 3.109e+04% CPU
Identifying sites to remove: done in 0.000157967 secs using 2.94e+04% CPU
Identifying sites to remove: done in 6.84634e-05 secs using 97.86% CPU
Identifying sites to remove: done in 7.10115e-05 secs using 97.17% CPU
Identifying sites to remove: done in 0.000364594 secs using 1208% CPU
Identifying sites to remove: done in 0.000384092 secs using 2285% CPU
Identifying sites to remove: done in 0.000370532 secs using 721.4% CPU
Identifying sites to remove: done in 0.000425436 secs using 637% CPU
Identifying sites to remove: done in 0.000427157 secs using 1134% CPU
Identifying sites to remove: done in 0.00042735 secs using 1610% CPU
Identifying sites to remove: done in 0.000732161 secs using 1932% CPU
Identifying sites to remove: done in 0.000341013 secs using 299.7% CPU
Identifying sites to remove: done in 0.00035239 secs using 138.8% CPU
Identifying sites to remove: done in 0.000386052 secs using 467.8% CPU
Identifying sites to remove: done in 0.000281952 secs using 154.6% CPU
Identifying sites to remove: done in 0.000347085 secs using 1.178e+04% CPU
Identifying sites to remove: done in 0.00038372 secs using 1.165e+04% CPU
Identifying sites to remove: done in 0.000391074 secs using 9537% CPU
Identifying sites to remove: done in 0.000312485 secs using 99.2% CPU
Identifying sites to remove: done in 0.000321947 secs using 99.4% CPU
Identifying sites to remove: done in 0.000322349 secs using 1770% CPU
Identifying sites to remove: done in 0.000317857 secs using 1574% CPU
Identifying sites to remove: done in 0.000292376 secs using 385.5% CPU
Identifying sites to remove: done in 0.000365421 secs using 1092% CPU
Identifying sites to remove: done in 0.000379369 secs using 703.8% CPU
Identifying sites to remove: done in 0.000239998 secs using 1100% CPU
Identifying sites to remove: done in 0.000262707 secs using 124.9% CPU
Identifying sites to remove: done in 0.00030411 secs using 1068% CPU
Identifying sites to remove: done in 0.000339687 secs using 768.1% CPU
Identifying sites to remove: done in 0.000324726 secs using 174.9% CPU
Identifying sites to remove: done in 0.000335641 secs using 1200% CPU
Identifying sites to remove: done in 0.000313029 secs using 187.8% CPU
Identifying sites to remove: done in 0.000329398 secs using 1.419e+04% CPU
Identifying sites to remove: done in 0.000331707 secs using 99.18% CPU
Identifying sites to remove: done in 0.000510834 secs using 701% CPU
Identifying sites to remove: done in 0.000555553 secs using 685.8% CPU
Identifying sites to remove: done in 0.000562504 secs using 1048% CPU
Identifying sites to remove: done in 0.000602476 secs using 1096% CPU
Identifying sites to remove: done in 0.000603482 secs using 1775% CPU
Identifying sites to remove: done in 0.000634409 secs using 2026% CPU
Identifying sites to remove: done in 0.000971526 secs using 1606% CPU
Identifying sites to remove: done in 0.000531159 secs using 314% CPU
Identifying sites to remove: done in 0.000529543 secs using 224.2% CPU
Identifying sites to remove: done in 0.000589132 secs using 8135% CPU
Identifying sites to remove: done in 0.000546187 secs using 8153% CPU
Identifying sites to remove: done in 0.000535481 secs using 6845% CPU
Identifying sites to remove: done in 0.000627674 secs using 6499% CPU
Identifying sites to remove: done in 0.00049293 secs using 928.5% CPU
Identifying sites to remove: done in 0.000494264 secs using 759.3% CPU
Identifying sites to remove: done in 0.000507906 secs using 836.8% CPU
Identifying sites to remove: done in 0.000438623 secs using 934.1% CPU
Identifying sites to remove: done in 0.000536531 secs using 860% CPU
Identifying sites to remove: done in 0.00051488 secs using 627.7% CPU
Identifying sites to remove: done in 0.000488952 secs using 256.7% CPU
Identifying sites to remove: done in 0.000404038 secs using 97.52% CPU
Identifying sites to remove: done in 0.000472665 secs using 1385% CPU
Identifying sites to remove: done in 0.000582315 secs using 9673% CPU
Identifying sites to remove: done in 0.000500955 secs using 1.078e+04% CPU
Identifying sites to remove: done in 0.000509739 secs using 429.8% CPU
Identifying sites to remove: done in 0.000496425 secs using 341.4% CPU
Identifying sites to remove: done in 0.000516437 secs using 400% CPU
Identifying sites to remove: done in 0.000526749 secs using 127.6% CPU
Identifying sites to remove: done in 0.000377849 secs using 99.51% CPU
Identifying sites to remove: done in 0.000421852 secs using 340.9% CPU
Identifying sites to remove: done in 5.82933e-05 secs using 1.063e+04% CPU
Identifying sites to remove: done in 8.47504e-05 secs using 3821% CPU
Identifying sites to remove: done in 8.79094e-05 secs using 251.4% CPU
Identifying sites to remove: done in 0.000171155 secs using 2074% CPU
Identifying sites to remove: done in 5.80773e-05 secs using 179.1% CPU
Identifying sites to remove: done in 5.80773e-05 secs using 6063% CPU
Identifying sites to remove: done in 5.44861e-05 secs using 6101% CPU
Identifying sites to remove: done in 5.84126e-05 secs using 207.1% CPU
Identifying sites to remove: done in 4.59179e-05 secs using 1.527e+04% CPU
Identifying sites to remove: done in 6.8374e-05 secs using 1.096e+04% CPU
Identifying sites to remove: done in 6.94841e-05 secs using 6057% CPU
Identifying sites to remove: done in 5.55739e-05 secs using 6973% CPU
Identifying sites to remove: done in 7.62641e-05 secs using 9243% CPU
Identifying sites to remove: done in 6.16908e-05 secs using 5933% CPU
Identifying sites to remove: done in 0.000140451 secs using 5505% CPU
Identifying sites to remove: done in 8.9474e-05 secs using 356.5% CPU
Identifying sites to remove: done in 5.13867e-05 secs using 93.41% CPU
Identifying sites to remove: done in 8.19862e-05 secs using 2793% CPU
Identifying sites to remove: done in 9.97484e-05 secs using 335.8% CPU
Identifying sites to remove: done in 0.000119671 secs using 2082% CPU
Identifying sites to remove: done in 0.000172421 secs using 3864% CPU
Identifying sites to remove: done in 7.60257e-05 secs using 297.3% CPU
Identifying sites to remove: done in 8.92878e-05 secs using 8069% CPU
Identifying sites to remove: done in 0.00010401 secs using 7216% CPU
Identifying sites to remove: done in 0.00011114 secs using 3142% CPU
Identifying sites to remove: done in 0.000127703 secs using 2943% CPU
Identifying sites to remove: done in 0.000128992 secs using 4683% CPU
Identifying sites to remove: done in 0.000103258 secs using 963.6% CPU
Identifying sites to remove: done in 0.000106238 secs using 331.3% CPU
Identifying sites to remove: done in 0.000158831 secs using 2202% CPU
Identifying sites to remove: done in 9.0979e-05 secs using 3562% CPU
Identifying sites to remove: done in 8.89152e-05 secs using 798.5% CPU
Identifying sites to remove: done in 7.94232e-05 secs using 562.8% CPU
Identifying sites to remove: done in 8.38861e-05 secs using 197.9% CPU
Identifying sites to remove: done in 0.000104792 secs using 795.9% CPU
Identifying sites to remove: done in 7.15554e-05 secs using 4056% CPU
Identifying sites to remove: done in 9.79826e-05 secs using 549.1% CPU
Identifying sites to remove: done in 6.7994e-05 secs using 5540% CPU
Identifying sites to remove: done in 7.65398e-05 secs using 4074% CPU
Identifying sites to remove: done in 0.000100158 secs using 6047% CPU
Identifying sites to remove: done in 8.01459e-05 secs using 209.6% CPU
Identifying sites to remove: done in 8.9772e-05 secs using 95.8% CPU
Identifying sites to remove: done in 0.000421427 secs using 2208% CPU
Identifying sites to remove: done in 0.000424832 secs using 1186% CPU
Identifying sites to remove: done in 0.000435397 secs using 1668% CPU
Identifying sites to remove: done in 0.000454143 secs using 644.1% CPU
Identifying sites to remove: done in 0.000437289 secs using 672.1% CPU
Identifying sites to remove: done in 0.000419647 secs using 1263% CPU
Identifying sites to remove: done in 0.000777453 secs using 1936% CPU
Identifying sites to remove: done in 0.000410467 secs using 284.3% CPU
Identifying sites to remove: done in 0.000404812 secs using 225.3% CPU
Identifying sites to remove: done in 0.00029359 secs using 4079% CPU
Identifying sites to remove: done in 0.000516936 secs using 2662% CPU
Identifying sites to remove: done in 0.000439592 secs using 9824% CPU
Identifying sites to remove: done in 0.000408374 secs using 9605% CPU
Identifying sites to remove: done in 0.000423662 secs using 8370% CPU
Identifying sites to remove: done in 0.000367031 secs using 604.9% CPU
Identifying sites to remove: done in 0.000390455 secs using 444.9% CPU
Identifying sites to remove: done in 0.000322349 secs using 575.8% CPU
Identifying sites to remove: done in 0.000387892 secs using 842.2% CPU
Identifying sites to remove: done in 0.000391275 secs using 589.9% CPU
Identifying sites to remove: done in 0.000399239 secs using 228.2% CPU
Identifying sites to remove: done in 0.000251345 secs using 956.5% CPU
Identifying sites to remove: done in 0.000305675 secs using 109.3% CPU
Identifying sites to remove: done in 0.000366561 secs using 893.7% CPU
Identifying sites to remove: done in 0.000389189 secs using 667% CPU
Identifying sites to remove: done in 0.000325561 secs using 1181% CPU
Identifying sites to remove: done in 0.000380084 secs using 674.9% CPU
Identifying sites to remove: done in 0.000385761 secs using 1125% CPU
Identifying sites to remove: done in 0.000401594 secs using 1.236e+04% CPU
Identifying sites to remove: done in 0.000388831 secs using 119.3% CPU
Identifying sites to remove: done in 0.000315458 secs using 99.22% CPU
Identifying sites to remove: done in 6.49914e-05 secs using 3967% CPU
Identifying sites to remove: done in 9.60231e-05 secs using 7673% CPU
Identifying sites to remove: done in 9.42051e-05 secs using 2898% CPU
Identifying sites to remove: done in 0.000121132 secs using 8485% CPU
Identifying sites to remove: done in 0.000120759 secs using 6544% CPU
Identifying sites to remove: done in 8.62926e-05 secs using 522.6% CPU
Identifying sites to remove: done in 8.99285e-05 secs using 3398% CPU
Identifying sites to remove: done in 8.83788e-05 secs using 663.1% CPU
Identifying sites to remove: done in 0.000132523 secs using 4195% CPU
Identifying sites to remove: done in 0.000110373 secs using 98.76% CPU
Identifying sites to remove: done in 8.23885e-05 secs using 933.4% CPU
Identifying sites to remove: done in 8.23811e-05 secs using 790.2% CPU
Identifying sites to remove: done in 8.45864e-05 secs using 775.5% CPU
Identifying sites to remove: done in 6.8225e-05 secs using 1499% CPU
Identifying sites to remove: done in 9.14708e-05 secs using 1439% CPU
Identifying sites to remove: done in 7.46921e-05 secs using 1241% CPU
Identifying sites to remove: done in 0.000104226 secs using 575.7% CPU
Identifying sites to remove: done in 8.67397e-05 secs using 249% CPU
Identifying sites to remove: done in 7.78437e-05 secs using 97.63% CPU
Identifying sites to remove: done in 6.05211e-05 secs using 1.27e+04% CPU
Identifying sites to remove: done in 5.64232e-05 secs using 95.71% CPU
Identifying sites to remove: done in 0.000345729 secs using 1007% CPU
Identifying sites to remove: done in 0.000382602 secs using 2060% CPU
Identifying sites to remove: done in 0.000397809 secs using 1655% CPU
Identifying sites to remove: done in 0.000400275 secs using 1321% CPU
Identifying sites to remove: done in 0.000367634 secs using 687.4% CPU
Identifying sites to remove: done in 0.000418484 secs using 628% CPU
Identifying sites to remove: done in 0.000773668 secs using 1576% CPU
Identifying sites to remove: done in 0.000355862 secs using 311.1% CPU
Identifying sites to remove: done in 0.000332296 secs using 107.4% CPU
Identifying sites to remove: done in 0.000381343 secs using 2316% CPU
Identifying sites to remove: done in 0.000344343 secs using 1890% CPU
Identifying sites to remove: done in 0.000337481 secs using 340.5% CPU
Identifying sites to remove: done in 0.000359505 secs using 1081% CPU
Identifying sites to remove: done in 0.000267029 secs using 251.7% CPU
Identifying sites to remove: done in 0.000311375 secs using 734.8% CPU
Identifying sites to remove: done in 0.000258632 secs using 197.2% CPU
Identifying sites to remove: done in 0.000350624 secs using 1.267e+04% CPU
Identifying sites to remove: done in 0.000319995 secs using 304.4% CPU
Identifying sites to remove: done in 0.000336997 secs using 319.3% CPU
Identifying sites to remove: done in 0.000320554 secs using 247.4% CPU
Identifying sites to remove: done in 0.000250772 secs using 99.29% CPU
Identifying sites to remove: done in 0.000306092 secs using 606.4% CPU
Identifying sites to remove: done in 0.000332661 secs using 667.3% CPU
Identifying sites to remove: done in 0.000312284 secs using 749% CPU
Identifying sites to remove: done in 0.000321336 secs using 683.4% CPU
Identifying sites to remove: done in 0.000327721 secs using 1561% CPU
Identifying sites to remove: done in 0.000323474 secs using 942.6% CPU
Identifying sites to remove: done in 0.000338614 secs using 145% CPU
Identifying sites to remove: done in 0.000247657 secs using 99.33% CPU
Identifying sites to remove: done in 0.000242442 secs using 99.41% CPU
Identifying sites to remove: done in 0.000113107 secs using 286.5% CPU
Identifying sites to remove: done in 0.000127755 secs using 351.5% CPU
Identifying sites to remove: done in 0.000149369 secs using 352.1% CPU
Identifying sites to remove: done in 0.000248633 secs using 373.2% CPU
Identifying sites to remove: done in 0.000110015 secs using 206.3% CPU
Identifying sites to remove: done in 0.000109121 secs using 1624% CPU
Identifying sites to remove: done in 0.00011228 secs using 1318% CPU
Identifying sites to remove: done in 0.000109516 secs using 926.8% CPU
Identifying sites to remove: done in 0.000133216 secs using 1106% CPU
Identifying sites to remove: done in 0.000146687 secs using 880.8% CPU
Identifying sites to remove: done in 9.43914e-05 secs using 306.2% CPU
Identifying sites to remove: done in 0.000183456 secs using 575.6% CPU
Identifying sites to remove: done in 9.12994e-05 secs using 1215% CPU
Identifying sites to remove: done in 9.74685e-05 secs using 1233% CPU
Identifying sites to remove: done in 0.000103049 secs using 1300% CPU
Identifying sites to remove: done in 0.000113584 secs using 970.2% CPU
Identifying sites to remove: done in 0.000114501 secs using 172.1% CPU
Identifying sites to remove: done in 9.92045e-05 secs using 1228% CPU
Identifying sites to remove: done in 8.62628e-05 secs using 1287% CPU
Identifying sites to remove: done in 0.00013084 secs using 1289% CPU
Identifying sites to remove: done in 0.000128202 secs using 2225% CPU
Identifying sites to remove: done in 0.000102721 secs using 1521% CPU
Identifying sites to remove: done in 9.63509e-05 secs using 200.3% CPU
Identifying sites to remove: done in 0.00012739 secs using 98.91% CPU
Identifying sites to remove: done in 0.000108607 secs using 97.6% CPU
Identifying sites to remove: done in 5.81145e-05 secs using 483.5% CPU
Identifying sites to remove: done in 5.83306e-05 secs using 469.7% CPU
Identifying sites to remove: done in 6.00368e-05 secs using 519.7% CPU
Identifying sites to remove: done in 9.66117e-05 secs using 526.9% CPU
Identifying sites to remove: done in 0.000119008 secs using 491.6% CPU
Identifying sites to remove: done in 0.000115275 secs using 796.4% CPU
Identifying sites to remove: done in 0.000104837 secs using 832.7% CPU
Identifying sites to remove: done in 8.76561e-05 secs using 387.9% CPU
Identifying sites to remove: done in 9.79453e-05 secs using 724.9% CPU
Identifying sites to remove: done in 0.000128217 secs using 684% CPU
Identifying sites to remove: done in 6.67125e-05 secs using 179.9% CPU
Identifying sites to remove: done in 7.90954e-05 secs using 510.8% CPU
Identifying sites to remove: done in 8.7522e-05 secs using 539.3% CPU
Identifying sites to remove: done in 7.00802e-05 secs using 1398% CPU
Identifying sites to remove: done in 6.2041e-05 secs using 1467% CPU
Identifying sites to remove: done in 8.38116e-05 secs using 1580% CPU
Identifying sites to remove: done in 7.13393e-05 secs using 1620% CPU
Identifying sites to remove: done in 7.07954e-05 secs using 998.7% CPU
Identifying sites to remove: done in 6.63251e-05 secs using 839.8% CPU
Identifying sites to remove: done in 5.72205e-05 secs using 534.8% CPU
Identifying sites to remove: done in 7.73519e-05 secs using 109.9% CPU
Identifying sites to remove: done in 0.000103444 secs using 8928% CPU
Identifying sites to remove: done in 0.00010325 secs using 493.9% CPU
Identifying sites to remove: done in 0.000123613 secs using 2827% CPU
Identifying sites to remove: done in 0.000141345 secs using 4577% CPU
Identifying sites to remove: done in 0.000114009 secs using 3158% CPU
Identifying sites to remove: done in 0.000250086 secs using 6265% CPU
Identifying sites to remove: done in 0.000143595 secs using 239.6% CPU
Identifying sites to remove: done in 7.69272e-05 secs using 8750% CPU
Identifying sites to remove: done in 0.00010962 secs using 467.1% CPU
Identifying sites to remove: done in 0.000140235 secs using 2769% CPU
Identifying sites to remove: done in 0.00018575 secs using 799.5% CPU
Identifying sites to remove: done in 0.000142016 secs using 1156% CPU
Identifying sites to remove: done in 0.000150412 secs using 3215% CPU
Identifying sites to remove: done in 0.00010886 secs using 3719% CPU
Identifying sites to remove: done in 0.000145383 secs using 3216% CPU
Identifying sites to remove: done in 0.000128232 secs using 249.5% CPU
Identifying sites to remove: done in 6.07371e-05 secs using 1485% CPU
Identifying sites to remove: done in 0.000116602 secs using 2.444e+04% CPU
Identifying sites to remove: done in 0.000114001 secs using 243% CPU
Identifying sites to remove: done in 0.000105396 secs using 352% CPU
Identifying sites to remove: done in 9.81018e-05 secs using 1047% CPU
Identifying sites to remove: done in 0.000114255 secs using 530.4% CPU
Identifying sites to remove: done in 0.000118986 secs using 748% CPU
Identifying sites to remove: done in 0.000108138 secs using 647.3% CPU
Identifying sites to remove: done in 0.000134118 secs using 126.8% CPU
Identifying sites to remove: done in 0.000873327 secs using 580.2% CPU
Identifying sites to remove: done in 0.000894286 secs using 579% CPU
Identifying sites to remove: done in 0.00100663 secs using 1037% CPU
Identifying sites to remove: done in 0.00101133 secs using 1271% CPU
Identifying sites to remove: done in 0.00103243 secs using 786.9% CPU
Identifying sites to remove: done in 0.00133464 secs using 1447% CPU
Identifying sites to remove: done in 0.000865668 secs using 5418% CPU
Identifying sites to remove: done in 0.000913128 secs using 5135% CPU
Identifying sites to remove: done in 0.000880763 secs using 295.1% CPU
Identifying sites to remove: done in 0.00072822 secs using 104.4% CPU
Identifying sites to remove: done in 0.00093554 secs using 747.6% CPU
Identifying sites to remove: done in 0.000877544 secs using 547.2% CPU
Identifying sites to remove: done in 0.000922434 secs using 220.8% CPU
Identifying sites to remove: done in 0.000827029 secs using 8118% CPU
Identifying sites to remove: done in 0.000750542 secs using 408% CPU
Identifying sites to remove: done in 0.000769906 secs using 294.3% CPU
Identifying sites to remove: done in 0.000910237 secs using 330.9% CPU
Identifying sites to remove: done in 0.000842601 secs using 382.7% CPU
Identifying sites to remove: done in 0.00084582 secs using 188.5% CPU
Identifying sites to remove: done in 0.000679031 secs using 609.5% CPU
Identifying sites to remove: done in 0.000953861 secs using 6780% CPU
Identifying sites to remove: done in 0.000865526 secs using 277.1% CPU
Identifying sites to remove: done in 0.000931457 secs using 629.9% CPU
Identifying sites to remove: done in 0.000878319 secs using 482.2% CPU
Identifying sites to remove: done in 0.000872627 secs using 536.3% CPU
Identifying sites to remove: done in 0.000947617 secs using 510.2% CPU
Identifying sites to remove: done in 0.000885218 secs using 7275% CPU
Identifying sites to remove: done in 0.000699043 secs using 254.8% CPU
Identifying sites to remove: done in 0.000944048 secs using 197.7% CPU
Identifying sites to remove: done in 0.000734061 secs using 97.81% CPU
Identifying sites to remove: done in 0.00017368 secs using 3592% CPU
Identifying sites to remove: done in 0.000188984 secs using 2634% CPU
Identifying sites to remove: done in 0.000191025 secs using 1942% CPU
Identifying sites to remove: done in 0.000217557 secs using 1126% CPU
Identifying sites to remove: done in 0.000216097 secs using 509.5% CPU
Identifying sites to remove: done in 0.000253104 secs using 565.4% CPU
Identifying sites to remove: done in 0.000152297 secs using 200.3% CPU
Identifying sites to remove: done in 0.000438862 secs using 2290% CPU
Identifying sites to remove: done in 0.000151426 secs using 523% CPU
Identifying sites to remove: done in 0.000134178 secs using 1840% CPU
Identifying sites to remove: done in 0.000199825 secs using 2412% CPU
Identifying sites to remove: done in 0.000240296 secs using 2902% CPU
Identifying sites to remove: done in 0.000196733 secs using 1451% CPU
Identifying sites to remove: done in 0.000200614 secs using 372.9% CPU
Identifying sites to remove: done in 0.000141941 secs using 97.22% CPU
Identifying sites to remove: done in 0.000142016 secs using 873.1% CPU
Identifying sites to remove: done in 0.000147268 secs using 944.5% CPU
Identifying sites to remove: done in 0.000118285 secs using 2462% CPU
Identifying sites to remove: done in 0.000141062 secs using 1166% CPU
Identifying sites to remove: done in 0.000135377 secs using 313.9% CPU
Identifying sites to remove: done in 0.000197522 secs using 1159% CPU
Identifying sites to remove: done in 0.000104994 secs using 1634% CPU
Identifying sites to remove: done in 0.000123486 secs using 123.9% CPU
Identifying sites to remove: done in 0.000159167 secs using 1184% CPU
Identifying sites to remove: done in 0.000148967 secs using 199.4% CPU
Identifying sites to remove: done in 0.000134714 secs using 2819% CPU
Identifying sites to remove: done in 0.000159703 secs using 152.8% CPU
Identifying sites to remove: done in 0.000172377 secs using 1.576e+04% CPU
Identifying sites to remove: done in 0.000159286 secs using 1.653e+04% CPU
Identifying sites to remove: done in 0.000150882 secs using 98.75% CPU
Identifying sites to remove: done in 0.00014969 secs using 1.021e+04% CPU
Identifying sites to remove: done in 0.000176542 secs using 580% CPU
Identifying sites to remove: done in 0.000187419 secs using 6465% CPU
Identifying sites to remove: done in 0.000187747 secs using 2522% CPU
Identifying sites to remove: done in 0.000187397 secs using 4496% CPU
Identifying sites to remove: done in 0.00034108 secs using 2.05e+04% CPU
Identifying sites to remove: done in 0.000156142 secs using 2.98e+04% CPU
Identifying sites to remove: done in 0.000163019 secs using 120.8% CPU
Identifying sites to remove: done in 0.000134721 secs using 1067% CPU
Identifying sites to remove: done in 0.000209741 secs using 771.9% CPU
Identifying sites to remove: done in 0.00015384 secs using 406.9% CPU
Identifying sites to remove: done in 0.000182085 secs using 577.8% CPU
Identifying sites to remove: done in 0.000196323 secs using 710.1% CPU
Identifying sites to remove: done in 0.000143334 secs using 240% CPU
Identifying sites to remove: done in 0.000149749 secs using 646.4% CPU
Identifying sites to remove: done in 0.000156857 secs using 724.2% CPU
Identifying sites to remove: done in 0.000162765 secs using 1107% CPU
Identifying sites to remove: done in 0.000138737 secs using 237.1% CPU
Identifying sites to remove: done in 0.00016614 secs using 836% CPU
Identifying sites to remove: done in 0.000106767 secs using 1389% CPU
Identifying sites to remove: done in 0.000118785 secs using 137.2% CPU
Identifying sites to remove: done in 0.000152819 secs using 1125% CPU
Identifying sites to remove: done in 0.000156865 secs using 1248% CPU
Identifying sites to remove: done in 0.000133283 secs using 773.5% CPU
Identifying sites to remove: done in 0.000147693 secs using 1429% CPU
Identifying sites to remove: done in 0.000130676 secs using 748.4% CPU
Identifying sites to remove: done in 0.000162512 secs using 1421% CPU
Identifying sites to remove: done in 0.000149406 secs using 149.3% CPU
Identifying sites to remove: done in 0.000146545 secs using 98.26% CPU
Identifying sites to remove: done in 0.000119314 secs using 98.06% CPU
Identifying sites to remove: done in 9.88618e-05 secs using 1.041e+04% CPU
Identifying sites to remove: done in 0.000117622 secs using 5977% CPU
Identifying sites to remove: done in 0.000120252 secs using 499.8% CPU
Identifying sites to remove: done in 0.000131421 secs using 527.3% CPU
Identifying sites to remove: done in 0.000131205 secs using 3004% CPU
Identifying sites to remove: done in 0.000112407 secs using 195.7% CPU
Identifying sites to remove: done in 0.000258587 secs using 6769% CPU
Identifying sites to remove: done in 8.34465e-05 secs using 8862% CPU
Identifying sites to remove: done in 0.000103593 secs using 213.3% CPU
Identifying sites to remove: done in 0.000132427 secs using 3153% CPU
Identifying sites to remove: done in 0.000100076 secs using 149.9% CPU
Identifying sites to remove: done in 0.000195354 secs using 1.537e+04% CPU
Identifying sites to remove: done in 0.000115462 secs using 2.54e+04% CPU
Identifying sites to remove: done in 0.000109196 secs using 348% CPU
Identifying sites to remove: done in 0.000143878 secs using 425.4% CPU
Identifying sites to remove: done in 9.18508e-05 secs using 322.3% CPU
Identifying sites to remove: done in 8.30889e-05 secs using 144.4% CPU
Identifying sites to remove: done in 0.00012286 secs using 1330% CPU
Identifying sites to remove: done in 9.50173e-05 secs using 1485% CPU
Identifying sites to remove: done in 0.000118412 secs using 1658% CPU
Identifying sites to remove: done in 9.93311e-05 secs using 876.9% CPU
Identifying sites to remove: done in 9.62913e-05 secs using 213.9% CPU
Identifying sites to remove: done in 0.000104606 secs using 1212% CPU
Identifying sites to remove: done in 0.000117324 secs using 255.7% CPU
Identifying sites to remove: done in 0.000119187 secs using 709.8% CPU
Identifying sites to remove: done in 0.000143111 secs using 5407% CPU
Identifying sites to remove: done in 0.000152886 secs using 591.3% CPU
Identifying sites to remove: done in 0.000152677 secs using 586.9% CPU
Identifying sites to remove: done in 0.000169247 secs using 3304% CPU
Identifying sites to remove: done in 0.000194423 secs using 592% CPU
Identifying sites to remove: done in 0.000167973 secs using 1940% CPU
Identifying sites to remove: done in 0.000329822 secs using 4073% CPU
Identifying sites to remove: done in 0.000139214 secs using 339% CPU
Identifying sites to remove: done in 0.000139445 secs using 138.4% CPU
Identifying sites to remove: done in 0.000136875 secs using 6642% CPU
Identifying sites to remove: done in 0.000214323 secs using 4683% CPU
Identifying sites to remove: done in 0.00017748 secs using 3749% CPU
Identifying sites to remove: done in 0.000158146 secs using 422.4% CPU
Identifying sites to remove: done in 0.000162207 secs using 2247% CPU
Identifying sites to remove: done in 0.000114478 secs using 872.7% CPU
Identifying sites to remove: done in 0.000121489 secs using 967.2% CPU
Identifying sites to remove: done in 0.000109628 secs using 207.1% CPU
Identifying sites to remove: done in 0.000136934 secs using 3654% CPU
Identifying sites to remove: done in 0.000144094 secs using 1046% CPU
Identifying sites to remove: done in 0.000127465 secs using 201.6% CPU
Identifying sites to remove: done in 0.000114366 secs using 2.442e+04% CPU
Identifying sites to remove: done in 0.000120759 secs using 2.197e+04% CPU
Identifying sites to remove: done in 0.000137158 secs using 519.8% CPU
Identifying sites to remove: done in 0.000141099 secs using 424.5% CPU
Identifying sites to remove: done in 0.000116207 secs using 512.9% CPU
Identifying sites to remove: done in 0.000128895 secs using 151.3% CPU
Identifying sites to remove: done in 0.000120752 secs using 610.3% CPU
Identifying sites to remove: done in 0.000140533 secs using 146.6% CPU
Identifying sites to remove: done in 0.000138596 secs using 96.68% CPU
Identifying sites to remove: done in 0.000121228 secs using 98.16% CPU
Identifying sites to remove: done in 0.000141501 secs using 7284% CPU
Identifying sites to remove: done in 0.000174291 secs using 4238% CPU
Identifying sites to remove: done in 0.000194602 secs using 591.5% CPU
Identifying sites to remove: done in 0.000195459 secs using 2226% CPU
Identifying sites to remove: done in 0.000186503 secs using 616.6% CPU
Identifying sites to remove: done in 0.000179343 secs using 636.2% CPU
Identifying sites to remove: done in 0.00029806 secs using 5869% CPU
Identifying sites to remove: done in 0.000132777 secs using 297.5% CPU
Identifying sites to remove: done in 0.000163652 secs using 121.6% CPU
Identifying sites to remove: done in 0.000152759 secs using 504.7% CPU
Identifying sites to remove: done in 0.000146672 secs using 8083% CPU
Identifying sites to remove: done in 0.000170276 secs using 2.024e+04% CPU
Identifying sites to remove: done in 0.000175625 secs using 1.747e+04% CPU
Identifying sites to remove: done in 0.000192657 secs using 1.394e+04% CPU
Identifying sites to remove: done in 0.000132844 secs using 276.3% CPU
Identifying sites to remove: done in 0.000132412 secs using 166.9% CPU
Identifying sites to remove: done in 0.000130303 secs using 502.7% CPU
Identifying sites to remove: done in 0.000131831 secs using 617.5% CPU
Identifying sites to remove: done in 0.000163279 secs using 956.6% CPU
Identifying sites to remove: done in 0.000161551 secs using 678.4% CPU
Identifying sites to remove: done in 0.000129811 secs using 276.6% CPU
Identifying sites to remove: done in 0.000122309 secs using 976.2% CPU
Identifying sites to remove: done in 0.000139579 secs using 964.3% CPU
Identifying sites to remove: done in 0.000163265 secs using 132.9% CPU
Identifying sites to remove: done in 0.000166364 secs using 660.6% CPU
Identifying sites to remove: done in 0.000129037 secs using 188.3% CPU
Identifying sites to remove: done in 0.000130132 secs using 756.2% CPU
Identifying sites to remove: done in 0.000127725 secs using 191.8% CPU
Identifying sites to remove: done in 0.000163525 secs using 1211% CPU
Identifying sites to remove: done in 0.000161909 secs using 96.97% CPU
Identifying sites to remove: done in 0.000104144 secs using 9399% CPU
Identifying sites to remove: done in 0.000103965 secs using 6428% CPU
Identifying sites to remove: done in 0.000117481 secs using 3058% CPU
Identifying sites to remove: done in 0.0001266 secs using 491.3% CPU
Identifying sites to remove: done in 0.000119753 secs using 544.5% CPU
Identifying sites to remove: done in 0.000240296 secs using 6914% CPU
Identifying sites to remove: done in 0.000141643 secs using 178.6% CPU
Identifying sites to remove: done in 8.17776e-05 secs using 8570% CPU
Identifying sites to remove: done in 0.000106849 secs using 395.9% CPU
Identifying sites to remove: done in 0.00015638 secs using 2857% CPU
Identifying sites to remove: done in 0.000126608 secs using 693.5% CPU
Identifying sites to remove: done in 0.000194006 secs using 798.4% CPU
Identifying sites to remove: done in 0.000126235 secs using 3826% CPU
Identifying sites to remove: done in 0.000137828 secs using 3420% CPU
Identifying sites to remove: done in 0.000104837 secs using 3918% CPU
Identifying sites to remove: done in 0.000122301 secs using 294.4% CPU
Identifying sites to remove: done in 7.82385e-05 secs using 497.2% CPU
Identifying sites to remove: done in 9.46298e-05 secs using 382.5% CPU
Identifying sites to remove: done in 0.000129342 secs using 384.3% CPU
Identifying sites to remove: done in 0.000108406 secs using 777.6% CPU
Identifying sites to remove: done in 9.15676e-05 secs using 1538% CPU
Identifying sites to remove: done in 0.000107184 secs using 1417% CPU
Identifying sites to remove: done in 0.000121608 secs using 687.5% CPU
Identifying sites to remove: done in 0.000133388 secs using 965.6% CPU
Identifying sites to remove: done in 0.000123128 secs using 275.3% CPU
Identifying sites to remove: done in 0.000255279 secs using 2029% CPU
Identifying sites to remove: done in 0.000256598 secs using 3413% CPU
Identifying sites to remove: done in 0.000284158 secs using 2516% CPU
Identifying sites to remove: done in 0.000299402 secs using 1207% CPU
Identifying sites to remove: done in 0.000301704 secs using 616.8% CPU
Identifying sites to remove: done in 0.00032606 secs using 2949% CPU
Identifying sites to remove: done in 0.000548385 secs using 2550% CPU
Identifying sites to remove: done in 0.00025022 secs using 211.8% CPU
Identifying sites to remove: done in 0.000260353 secs using 220.9% CPU
Identifying sites to remove: done in 0.000297502 secs using 3046% CPU
Identifying sites to remove: done in 0.00024388 secs using 2277% CPU
Identifying sites to remove: done in 0.000272214 secs using 1015% CPU
Identifying sites to remove: done in 0.000304535 secs using 2809% CPU
Identifying sites to remove: done in 0.000238277 secs using 241.7% CPU
Identifying sites to remove: done in 0.00024014 secs using 1452% CPU
Identifying sites to remove: done in 0.000218749 secs using 224% CPU
Identifying sites to remove: done in 0.000256747 secs using 811.7% CPU
Identifying sites to remove: done in 0.000265554 secs using 1.523e+04% CPU
Identifying sites to remove: done in 0.000265449 secs using 1.498e+04% CPU
Identifying sites to remove: done in 0.000269972 secs using 1.324e+04% CPU
Identifying sites to remove: done in 0.000198632 secs using 98.67% CPU
Identifying sites to remove: done in 0.000230417 secs using 582.9% CPU
Identifying sites to remove: done in 0.000296213 secs using 1001% CPU
Identifying sites to remove: done in 0.000247873 secs using 731% CPU
Identifying sites to remove: done in 0.000262991 secs using 1275% CPU
Identifying sites to remove: done in 0.000251368 secs using 206.9% CPU
Identifying sites to remove: done in 0.000254832 secs using 748.3% CPU
Identifying sites to remove: done in 0.000246681 secs using 99.32% CPU
Identifying sites to remove: done in 0.000191912 secs using 99% CPU
Identifying sites to remove: done in 0.000187442 secs using 1493% CPU
Identifying sites to remove: done in 0.000268407 secs using 1.7e+04% CPU
Identifying sites to remove: done in 0.000282913 secs using 1.341e+04% CPU
Identifying sites to remove: done in 0.000290483 secs using 1.313e+04% CPU
Identifying sites to remove: done in 0.00032977 secs using 1.52e+04% CPU
Identifying sites to remove: done in 0.000329517 secs using 1.161e+04% CPU
Identifying sites to remove: done in 0.000331409 secs using 1.275e+04% CPU
Identifying sites to remove: done in 0.00050766 secs using 1.08e+04% CPU
Identifying sites to remove: done in 0.000242993 secs using 321.4% CPU
Identifying sites to remove: done in 0.000263393 secs using 127.9% CPU
Identifying sites to remove: done in 0.000199713 secs using 688.5% CPU
Identifying sites to remove: done in 0.000322916 secs using 1407% CPU
Identifying sites to remove: done in 0.00021591 secs using 327.5% CPU
Identifying sites to remove: done in 0.00026802 secs using 1077% CPU
Identifying sites to remove: done in 0.000267044 secs using 699.5% CPU
Identifying sites to remove: done in 0.00019829 secs using 99.35% CPU
Identifying sites to remove: done in 0.000198752 secs using 200.2% CPU
Identifying sites to remove: done in 0.000226416 secs using 849.3% CPU
Identifying sites to remove: done in 0.000255242 secs using 1236% CPU
Identifying sites to remove: done in 0.000245266 secs using 997.7% CPU
Identifying sites to remove: done in 0.00021372 secs using 247.1% CPU
Identifying sites to remove: done in 0.000161655 secs using 98.36% CPU
Identifying sites to remove: done in 0.000200808 secs using 99.1% CPU
Identifying sites to remove: done in 0.000207558 secs using 1610% CPU
Identifying sites to remove: done in 0.000250772 secs using 181% CPU
Identifying sites to remove: done in 0.000208206 secs using 1771% CPU
Identifying sites to remove: done in 0.000204384 secs using 2531% CPU
Identifying sites to remove: done in 0.000214532 secs using 817.1% CPU
Identifying sites to remove: done in 0.00026384 secs using 1556% CPU
Identifying sites to remove: done in 0.000262171 secs using 1.467e+04% CPU
Identifying sites to remove: done in 0.000200652 secs using 99.18% CPU
Identifying sites to remove: done in 0.000158131 secs using 652.6% CPU
Identifying sites to remove: done in 0.000166461 secs using 698.7% CPU
Identifying sites to remove: done in 0.000164241 secs using 677.7% CPU
Identifying sites to remove: done in 0.000202157 secs using 585.2% CPU
Identifying sites to remove: done in 0.000201978 secs using 585.7% CPU
Identifying sites to remove: done in 0.000202447 secs using 593.7% CPU
Identifying sites to remove: done in 0.000332013 secs using 544.9% CPU
Identifying sites to remove: done in 0.000152528 secs using 227.5% CPU
Identifying sites to remove: done in 0.00015182 secs using 629% CPU
Identifying sites to remove: done in 0.000135057 secs using 867% CPU
Identifying sites to remove: done in 0.000242099 secs using 1151% CPU
Identifying sites to remove: done in 0.000121035 secs using 409% CPU
Identifying sites to remove: done in 0.000168465 secs using 1229% CPU
Identifying sites to remove: done in 0.000164554 secs using 818.6% CPU
Identifying sites to remove: done in 0.000130624 secs using 98.76% CPU
Identifying sites to remove: done in 0.000112742 secs using 176.5% CPU
Identifying sites to remove: done in 0.000146769 secs using 894.6% CPU
Identifying sites to remove: done in 0.000141911 secs using 1147% CPU
Identifying sites to remove: done in 0.000147842 secs using 1496% CPU
Identifying sites to remove: done in 0.000137128 secs using 234.1% CPU
Identifying sites to remove: done in 0.000113331 secs using 1489% CPU
Identifying sites to remove: done in 0.000110403 secs using 135.9% CPU
Identifying sites to remove: done in 0.000136591 secs using 2344% CPU
Identifying sites to remove: done in 0.00014542 secs using 775% CPU
Identifying sites to remove: done in 0.000142202 secs using 1812% CPU
Identifying sites to remove: done in 0.00014203 secs using 1869% CPU
Identifying sites to remove: done in 0.000137962 secs using 799.5% CPU
Identifying sites to remove: done in 0.000142023 secs using 166.2% CPU
Identifying sites to remove: done in 0.00013721 secs using 99.12% CPU
Identifying sites to remove: done in 0.000127107 secs using 4.415e+04% CPU
Identifying sites to remove: done in 0.000208586 secs using 6495% CPU
Identifying sites to remove: done in 0.000225164 secs using 4972% CPU
Identifying sites to remove: done in 0.000239603 secs using 2715% CPU
Identifying sites to remove: done in 0.000244327 secs using 3684% CPU
Identifying sites to remove: done in 0.000236213 secs using 1715% CPU
Identifying sites to remove: done in 0.000229098 secs using 684.4% CPU
Identifying sites to remove: done in 0.000437744 secs using 4504% CPU
Identifying sites to remove: done in 0.000203744 secs using 313.1% CPU
Identifying sites to remove: done in 0.000203438 secs using 126.3% CPU
Identifying sites to remove: done in 0.000243872 secs using 4243% CPU
Identifying sites to remove: done in 0.000193514 secs using 2045% CPU
Identifying sites to remove: done in 0.000222661 secs using 3270% CPU
Identifying sites to remove: done in 0.000214852 secs using 348.6% CPU
Identifying sites to remove: done in 0.000172406 secs using 240.7% CPU
Identifying sites to remove: done in 0.000193156 secs using 706.2% CPU
Identifying sites to remove: done in 0.000203341 secs using 1.646e+04% CPU
Identifying sites to remove: done in 0.000164472 secs using 293.7% CPU
Identifying sites to remove: done in 0.000212684 secs using 399.7% CPU
Identifying sites to remove: done in 0.000213891 secs using 351.6% CPU
Identifying sites to remove: done in 0.000188686 secs using 259.2% CPU
Identifying sites to remove: done in 0.000158586 secs using 97.11% CPU
Identifying sites to remove: done in 0.000201084 secs using 1169% CPU
Identifying sites to remove: done in 0.000191428 secs using 753.3% CPU
Identifying sites to remove: done in 0.000190757 secs using 801% CPU
Identifying sites to remove: done in 0.000190839 secs using 143.1% CPU
Identifying sites to remove: done in 0.000193246 secs using 1461% CPU
Identifying sites to remove: done in 0.000216529 secs using 893.2% CPU
Identifying sites to remove: done in 0.000206061 secs using 269.8% CPU
Identifying sites to remove: done in 0.000158593 secs using 99% CPU
Identifying sites to remove: done in 0.000151753 secs using 2805% CPU
Identifying sites to remove: done in 0.000220433 secs using 5032% CPU
Identifying sites to remove: done in 0.000229031 secs using 668% CPU
Identifying sites to remove: done in 0.000274815 secs using 1810% CPU
Identifying sites to remove: done in 0.000274859 secs using 618.9% CPU
Identifying sites to remove: done in 0.000311553 secs using 3843% CPU
Identifying sites to remove: done in 0.000300705 secs using 1802% CPU
Identifying sites to remove: done in 0.000469223 secs using 4031% CPU
Identifying sites to remove: done in 0.000246637 secs using 361.7% CPU
Identifying sites to remove: done in 0.000278249 secs using 1.459e+04% CPU
Identifying sites to remove: done in 0.000214837 secs using 383.1% CPU
Identifying sites to remove: done in 0.000339553 secs using 546.6% CPU
Identifying sites to remove: done in 0.000288732 secs using 540.6% CPU
Identifying sites to remove: done in 0.000258602 secs using 464.8% CPU
Identifying sites to remove: done in 0.000223123 secs using 320.9% CPU
Identifying sites to remove: done in 0.000187628 secs using 99.13% CPU
Identifying sites to remove: done in 0.000210516 secs using 601.4% CPU
Identifying sites to remove: done in 0.00021521 secs using 178.4% CPU
Identifying sites to remove: done in 0.000207447 secs using 1711% CPU
Identifying sites to remove: done in 0.00023742 secs using 1134% CPU
Identifying sites to remove: done in 0.00022094 secs using 302.8% CPU
Identifying sites to remove: done in 0.000274241 secs using 741.7% CPU
Identifying sites to remove: done in 0.000175364 secs using 99.22% CPU
Identifying sites to remove: done in 0.000207871 secs using 99.1% CPU
Identifying sites to remove: done in 0.000213586 secs using 1774% CPU
Identifying sites to remove: done in 0.000230707 secs using 740.3% CPU
Identifying sites to remove: done in 0.000230193 secs using 1269% CPU
Identifying sites to remove: done in 0.00021109 secs using 1932% CPU
Identifying sites to remove: done in 0.000220187 secs using 750.7% CPU
Identifying sites to remove: done in 0.000231497 secs using 203.9% CPU
Identifying sites to remove: done in 0.000263534 secs using 99.42% CPU
Identifying sites to remove: done in 0.000167072 secs using 8207% CPU
Identifying sites to remove: done in 0.000168458 secs using 2491% CPU
Identifying sites to remove: done in 0.000182435 secs using 5849% CPU
Identifying sites to remove: done in 0.00019107 secs using 3941% CPU
Identifying sites to remove: done in 0.000209168 secs using 605.7% CPU
Identifying sites to remove: done in 0.000243038 secs using 566.2% CPU
Identifying sites to remove: done in 0.000334747 secs using 6231% CPU
Identifying sites to remove: done in 0.000152469 secs using 286.6% CPU
Identifying sites to remove: done in 0.000160851 secs using 135.5% CPU
Identifying sites to remove: done in 0.000164352 secs using 99.18% CPU
Identifying sites to remove: done in 0.000160433 secs using 2.801e+04% CPU
Identifying sites to remove: done in 0.000167109 secs using 2.23e+04% CPU
Identifying sites to remove: done in 0.000171356 secs using 2.4e+04% CPU
Identifying sites to remove: done in 0.000133269 secs using 518.5% CPU
Identifying sites to remove: done in 0.000141591 secs using 417.4% CPU
Identifying sites to remove: done in 0.000161126 secs using 189.3% CPU
Identifying sites to remove: done in 0.000121444 secs using 1630% CPU
Identifying sites to remove: done in 0.000155844 secs using 1008% CPU
Identifying sites to remove: done in 0.000165232 secs using 622.2% CPU
Identifying sites to remove: done in 0.000164881 secs using 271.1% CPU
Identifying sites to remove: done in 0.000121787 secs using 98.53% CPU
Identifying sites to remove: done in 0.000151277 secs using 1614% CPU
Identifying sites to remove: done in 0.000142768 secs using 864.3% CPU
Identifying sites to remove: done in 0.000143968 secs using 206.3% CPU
Identifying sites to remove: done in 0.000141434 secs using 728.3% CPU
Identifying sites to remove: done in 0.000149667 secs using 1324% CPU
Identifying sites to remove: done in 0.000143081 secs using 169.8% CPU
Identifying sites to remove: done in 0.000149325 secs using 98.44% CPU
Identifying sites to remove: done in 0.000119686 secs using 98.59% CPU
Identifying sites to remove: done in 0.000111148 secs using 98.07% CPU
Identifying sites to remove: done in 0.000296608 secs using 3614% CPU
Identifying sites to remove: done in 0.000355408 secs using 583.8% CPU
Identifying sites to remove: done in 0.000395656 secs using 2085% CPU
Identifying sites to remove: done in 0.000396803 secs using 1318% CPU
Identifying sites to remove: done in 0.000426032 secs using 528.4% CPU
Identifying sites to remove: done in 0.000544325 secs using 3317% CPU
Identifying sites to remove: done in 0.00033319 secs using 276.1% CPU
Identifying sites to remove: done in 0.000375271 secs using 1.077e+04% CPU
Identifying sites to remove: done in 0.000337668 secs using 1.187e+04% CPU
Identifying sites to remove: done in 0.000295095 secs using 129.8% CPU
Identifying sites to remove: done in 0.000293195 secs using 481.2% CPU
Identifying sites to remove: done in 0.000362627 secs using 571.9% CPU
Identifying sites to remove: done in 0.000365213 secs using 277.9% CPU
Identifying sites to remove: done in 0.000285774 secs using 283.8% CPU
Identifying sites to remove: done in 0.000324763 secs using 172.4% CPU
Identifying sites to remove: done in 0.000278324 secs using 739.1% CPU
Identifying sites to remove: done in 0.000330381 secs using 182.8% CPU
Identifying sites to remove: done in 0.000344932 secs using 1430% CPU
Identifying sites to remove: done in 0.000373818 secs using 819.9% CPU
Identifying sites to remove: done in 0.000294574 secs using 282.4% CPU
Identifying sites to remove: done in 0.000258856 secs using 99.28% CPU
Identifying sites to remove: done in 0.000330947 secs using 1210% CPU
Identifying sites to remove: done in 0.000354767 secs using 702.7% CPU
Identifying sites to remove: done in 0.000324786 secs using 1.638e+04% CPU
Identifying sites to remove: done in 0.000309654 secs using 1.592e+04% CPU
Identifying sites to remove: done in 0.000359565 secs using 260.6% CPU
Identifying sites to remove: done in 0.00031174 secs using 386.2% CPU
Identifying sites to remove: done in 0.00033927 secs using 101.4% CPU
Identifying sites to remove: done in 0.000265278 secs using 99.52% CPU
Identifying sites to remove: done in 0.000270166 secs using 99.2% CPU
Identifying sites to remove: done in 9.92343e-05 secs using 7679% CPU
Identifying sites to remove: done in 0.000100486 secs using 9412% CPU
Identifying sites to remove: done in 0.000117101 secs using 5028% CPU
Identifying sites to remove: done in 0.000117965 secs using 1951% CPU
Identifying sites to remove: done in 0.000137091 secs using 1877% CPU
Identifying sites to remove: done in 9.36314e-05 secs using 244.6% CPU
Identifying sites to remove: done in 0.000239454 secs using 2670% CPU
Identifying sites to remove: done in 8.28505e-05 secs using 5247% CPU
Identifying sites to remove: done in 9.57102e-05 secs using 240.3% CPU
Identifying sites to remove: done in 0.000127435 secs using 2043% CPU
Identifying sites to remove: done in 9.44287e-05 secs using 181.1% CPU
Identifying sites to remove: done in 0.000165418 secs using 524.7% CPU
Identifying sites to remove: done in 0.000107467 secs using 2875% CPU
Identifying sites to remove: done in 9.73418e-05 secs using 803.4% CPU
Identifying sites to remove: done in 0.000106625 secs using 1220% CPU
Identifying sites to remove: done in 9.42871e-05 secs using 196.2% CPU
Identifying sites to remove: done in 6.6936e-05 secs using 1107% CPU
Identifying sites to remove: done in 0.000104301 secs using 1247% CPU
Identifying sites to remove: done in 7.46548e-05 secs using 3887% CPU
Identifying sites to remove: done in 9.48757e-05 secs using 3927% CPU
Identifying sites to remove: done in 9.01297e-05 secs using 3354% CPU
Identifying sites to remove: done in 0.000104956 secs using 221% CPU
Identifying sites to remove: done in 9.44585e-05 secs using 1481% CPU
Identifying sites to remove: done in 9.40189e-05 secs using 674.3% CPU
Identifying sites to remove: done in 9.39444e-05 secs using 235.2% CPU
Identifying sites to remove: done in 0.000177965 secs using 3234% CPU
Identifying sites to remove: done in 0.000210874 secs using 2025% CPU
Identifying sites to remove: done in 0.000214055 secs using 1264% CPU
Identifying sites to remove: done in 0.000222608 secs using 1385% CPU
Identifying sites to remove: done in 0.000233158 secs using 1327% CPU
Identifying sites to remove: done in 0.000388518 secs using 2559% CPU
Identifying sites to remove: done in 0.000228435 secs using 209.3% CPU
Identifying sites to remove: done in 0.000158422 secs using 2928% CPU
Identifying sites to remove: done in 0.000142686 secs using 480.8% CPU
Identifying sites to remove: done in 0.000222668 secs using 1362% CPU
Identifying sites to remove: done in 0.000218779 secs using 214.4% CPU
Identifying sites to remove: done in 0.0001968 secs using 535.6% CPU
Identifying sites to remove: done in 0.000195049 secs using 2129% CPU
Identifying sites to remove: done in 0.000155434 secs using 2053% CPU
Identifying sites to remove: done in 0.000194572 secs using 228.2% CPU
Identifying sites to remove: done in 0.000126109 secs using 1153% CPU
Identifying sites to remove: done in 0.000153348 secs using 2265% CPU
Identifying sites to remove: done in 0.000196554 secs using 1856% CPU
Identifying sites to remove: done in 0.000159234 secs using 3242% CPU
Identifying sites to remove: done in 0.000169724 secs using 3203% CPU
Identifying sites to remove: done in 0.000176065 secs using 2194% CPU
Identifying sites to remove: done in 0.000202484 secs using 1645% CPU
Identifying sites to remove: done in 0.000191607 secs using 1324% CPU
Identifying sites to remove: done in 0.000187464 secs using 223.5% CPU
Identifying sites to remove: done in 0.00018993 secs using 627.1% CPU
Identifying sites to remove: done in 0.000242859 secs using 573.2% CPU
Identifying sites to remove: done in 0.000269443 secs using 545.2% CPU
Identifying sites to remove: done in 0.000305377 secs using 522.3% CPU
Identifying sites to remove: done in 0.00030522 secs using 534.7% CPU
Identifying sites to remove: done in 0.00036335 secs using 560.1% CPU
Identifying sites to remove: done in 0.000466563 secs using 520.6% CPU
Identifying sites to remove: done in 0.00023441 secs using 336.2% CPU
Identifying sites to remove: done in 0.000259958 secs using 221.6% CPU
Identifying sites to remove: done in 0.000239089 secs using 931.9% CPU
Identifying sites to remove: done in 0.000202134 secs using 862.8% CPU
Identifying sites to remove: done in 0.000294492 secs using 1354% CPU
Identifying sites to remove: done in 0.00022538 secs using 398% CPU
Identifying sites to remove: done in 0.00027445 secs using 1089% CPU
Identifying sites to remove: done in 0.000200592 secs using 96.71% CPU
Identifying sites to remove: done in 0.000197843 secs using 835% CPU
Identifying sites to remove: done in 0.00022392 secs using 182.2% CPU
Identifying sites to remove: done in 0.000209391 secs using 1473% CPU
Identifying sites to remove: done in 0.000259399 secs using 1867% CPU
Identifying sites to remove: done in 0.00020387 secs using 388.5% CPU
Identifying sites to remove: done in 0.000265948 secs using 937% CPU
Identifying sites to remove: done in 0.000161856 secs using 97% CPU
Identifying sites to remove: done in 0.000196569 secs using 188.7% CPU
Identifying sites to remove: done in 0.000251658 secs using 1067% CPU
Identifying sites to remove: done in 0.000211529 secs using 1621% CPU
Identifying sites to remove: done in 0.000214681 secs using 174.7% CPU
Identifying sites to remove: done in 0.000210002 secs using 2296% CPU
Identifying sites to remove: done in 0.000247791 secs using 1517% CPU
Identifying sites to remove: done in 0.000210777 secs using 155.1% CPU
Identifying sites to remove: done in 0.00023558 secs using 99.33% CPU
Identifying sites to remove: done in 0.000152647 secs using 98.92% CPU
Identifying sites to remove: done in 0.000262678 secs using 682.2% CPU
Identifying sites to remove: done in 0.000280395 secs using 647.7% CPU
Identifying sites to remove: done in 0.000279829 secs using 640% CPU
Identifying sites to remove: done in 0.000281841 secs using 663.9% CPU
Identifying sites to remove: done in 0.000328682 secs using 621.6% CPU
Identifying sites to remove: done in 0.000402011 secs using 613.7% CPU
Identifying sites to remove: done in 0.000545099 secs using 550.5% CPU
Identifying sites to remove: done in 0.000265792 secs using 350.3% CPU
Identifying sites to remove: done in 0.000296198 secs using 213.7% CPU
Identifying sites to remove: done in 0.000278875 secs using 1304% CPU
Identifying sites to remove: done in 0.000221193 secs using 318.3% CPU
Identifying sites to remove: done in 0.000317983 secs using 957% CPU
Identifying sites to remove: done in 0.000308618 secs using 626.3% CPU
Identifying sites to remove: done in 0.000239722 secs using 1426% CPU
Identifying sites to remove: done in 0.000241071 secs using 802.3% CPU
Identifying sites to remove: done in 0.000252582 secs using 201.9% CPU
Identifying sites to remove: done in 0.000267379 secs using 1878% CPU
Identifying sites to remove: done in 0.000235438 secs using 1132% CPU
Identifying sites to remove: done in 0.000296794 secs using 1498% CPU
Identifying sites to remove: done in 0.000274308 secs using 367.5% CPU
Identifying sites to remove: done in 0.000194892 secs using 99.03% CPU
Identifying sites to remove: done in 0.000244029 secs using 718.4% CPU
Identifying sites to remove: done in 0.000305116 secs using 1405% CPU
Identifying sites to remove: done in 0.000251658 secs using 172.1% CPU
Identifying sites to remove: done in 0.000251733 secs using 3610% CPU
Identifying sites to remove: done in 0.000266716 secs using 2990% CPU
Identifying sites to remove: done in 0.00025966 secs using 1670% CPU
Identifying sites to remove: done in 0.000270434 secs using 1.409e+04% CPU
Identifying sites to remove: done in 0.000233009 secs using 1166% CPU
Identifying sites to remove: done in 0.000196174 secs using 1504% CPU
Identifying sites to remove: done in 0.000149682 secs using 681.4% CPU
Identifying sites to remove: done in 0.000173338 secs using 639.2% CPU
Identifying sites to remove: done in 0.000175916 secs using 748.7% CPU
Identifying sites to remove: done in 0.000174262 secs using 658.8% CPU
Identifying sites to remove: done in 0.000230446 secs using 676.5% CPU
Identifying sites to remove: done in 0.000231512 secs using 694.6% CPU
Identifying sites to remove: done in 0.000337198 secs using 618.3% CPU
Identifying sites to remove: done in 0.000190422 secs using 410.7% CPU
Identifying sites to remove: done in 0.000185184 secs using 1236% CPU
Identifying sites to remove: done in 0.000158623 secs using 1445% CPU
Identifying sites to remove: done in 0.000167385 secs using 866.3% CPU
Identifying sites to remove: done in 0.000190042 secs using 1045% CPU
Identifying sites to remove: done in 0.000211731 secs using 527.1% CPU
Identifying sites to remove: done in 0.000259742 secs using 309.2% CPU
Identifying sites to remove: done in 0.000169761 secs using 1301% CPU
Identifying sites to remove: done in 0.00016284 secs using 1261% CPU
Identifying sites to remove: done in 0.000165932 secs using 873.9% CPU
Identifying sites to remove: done in 0.000179589 secs using 964.4% CPU
Identifying sites to remove: done in 0.000159338 secs using 1043% CPU
Identifying sites to remove: done in 0.000174455 secs using 739.4% CPU
Identifying sites to remove: done in 0.000146173 secs using 194.3% CPU
Identifying sites to remove: done in 0.000170253 secs using 2222% CPU
Identifying sites to remove: done in 0.000134811 secs using 3091% CPU
Identifying sites to remove: done in 0.000159144 secs using 2970% CPU
Identifying sites to remove: done in 0.000164047 secs using 2377% CPU
Identifying sites to remove: done in 0.000169553 secs using 1653% CPU
Identifying sites to remove: done in 0.000172578 secs using 632.8% CPU
Identifying sites to remove: done in 0.000169441 secs using 1515% CPU
Identifying sites to remove: done in 0.000174433 secs using 1123% CPU
Identifying sites to remove: done in 0.000168867 secs using 205.5% CPU
Identifying sites to remove: done in 0.000109911 secs using 3353% CPU
Identifying sites to remove: done in 0.000111736 secs using 4753% CPU
Identifying sites to remove: done in 0.000111267 secs using 1884% CPU
Identifying sites to remove: done in 0.000135757 secs using 528.1% CPU
Identifying sites to remove: done in 0.000191182 secs using 2221% CPU
Identifying sites to remove: done in 0.000318572 secs using 3550% CPU
Identifying sites to remove: done in 0.000144638 secs using 1591% CPU
Identifying sites to remove: done in 0.000142127 secs using 354.6% CPU
Identifying sites to remove: done in 0.000114396 secs using 97.91% CPU
Identifying sites to remove: done in 0.000115126 secs using 6681% CPU
Identifying sites to remove: done in 0.000117302 secs using 6078% CPU
Identifying sites to remove: done in 0.000174955 secs using 4802% CPU
Identifying sites to remove: done in 0.000124276 secs using 4555% CPU
Identifying sites to remove: done in 0.000122406 secs using 2771% CPU
Identifying sites to remove: done in 9.42647e-05 secs using 429.6% CPU
Identifying sites to remove: done in 0.000128113 secs using 906.2% CPU
Identifying sites to remove: done in 0.000102989 secs using 191.3% CPU
Identifying sites to remove: done in 0.000116564 secs using 699.2% CPU
Identifying sites to remove: done in 0.000106052 secs using 98.07% CPU
Identifying sites to remove: done in 0.000102609 secs using 471.7% CPU
Identifying sites to remove: done in 0.000103861 secs using 468.9% CPU
Identifying sites to remove: done in 0.000115953 secs using 549.4% CPU
Identifying sites to remove: done in 0.000129037 secs using 637.8% CPU
Identifying sites to remove: done in 0.000135548 secs using 566.6% CPU
Identifying sites to remove: done in 0.00015118 secs using 604.6% CPU
Identifying sites to remove: done in 0.000226103 secs using 519.2% CPU
Identifying sites to remove: done in 9.28268e-05 secs using 372.7% CPU
Identifying sites to remove: done in 0.000115342 secs using 134.4% CPU
Identifying sites to remove: done in 8.40798e-05 secs using 162.9% CPU
Identifying sites to remove: done in 0.000119887 secs using 499.6% CPU
Identifying sites to remove: done in 9.21264e-05 secs using 248.6% CPU
Identifying sites to remove: done in 9.67905e-05 secs using 1286% CPU
Identifying sites to remove: done in 0.000122659 secs using 662% CPU
Identifying sites to remove: done in 8.0198e-05 secs using 1030% CPU
Identifying sites to remove: done in 8.28281e-05 secs using 412.9% CPU
Identifying sites to remove: done in 9.23872e-05 secs using 190.5% CPU
Identifying sites to remove: done in 7.37831e-05 secs using 1403% CPU
Identifying sites to remove: done in 9.63733e-05 secs using 1502% CPU
Identifying sites to remove: done in 8.46684e-05 secs using 703.9% CPU
Identifying sites to remove: done in 9.60305e-05 secs using 282.2% CPU
Identifying sites to remove: done in 6.93798e-05 secs using 1698% CPU
Identifying sites to remove: done in 7.46101e-05 secs using 832.3% CPU
Identifying sites to remove: done in 6.71074e-05 secs using 152% CPU
Identifying sites to remove: done in 8.63373e-05 secs using 1794% CPU
Identifying sites to remove: done in 9.93907e-05 secs using 183.1% CPU
Identifying sites to remove: done in 8.7291e-05 secs using 97.38% CPU
Identifying sites to remove: done in 9.31546e-05 secs using 1953% CPU
Identifying sites to remove: done in 9.59188e-05 secs using 193.9% CPU
Identifying sites to remove: done in 9.55239e-05 secs using 97.36% CPU
Identifying sites to remove: done in 0.00040701 secs using 2008% CPU
Identifying sites to remove: done in 0.00041873 secs using 986.3% CPU
Identifying sites to remove: done in 0.000422329 secs using 983.8% CPU
Identifying sites to remove: done in 0.000454694 secs using 657.8% CPU
Identifying sites to remove: done in 0.000502452 secs using 1826% CPU
Identifying sites to remove: done in 0.000504665 secs using 1545% CPU
Identifying sites to remove: done in 0.000772446 secs using 1666% CPU
Identifying sites to remove: done in 0.000344597 secs using 333.1% CPU
Identifying sites to remove: done in 0.000360779 secs using 138.9% CPU
Identifying sites to remove: done in 0.000372075 secs using 99.44% CPU
Identifying sites to remove: done in 0.000354625 secs using 1138% CPU
Identifying sites to remove: done in 0.000374593 secs using 1882% CPU
Identifying sites to remove: done in 0.000384867 secs using 282.2% CPU
Identifying sites to remove: done in 0.000261247 secs using 1216% CPU
Identifying sites to remove: done in 0.000285804 secs using 362.1% CPU
Identifying sites to remove: done in 0.000342682 secs using 1.217e+04% CPU
Identifying sites to remove: done in 0.000273958 secs using 99.29% CPU
Identifying sites to remove: done in 0.000347599 secs using 607.3% CPU
Identifying sites to remove: done in 0.000373244 secs using 436.2% CPU
Identifying sites to remove: done in 0.000348821 secs using 238.2% CPU
Identifying sites to remove: done in 0.000279859 secs using 705.4% CPU
Identifying sites to remove: done in 0.000255734 secs using 207.6% CPU
Identifying sites to remove: done in 0.000334784 secs using 775.1% CPU
Identifying sites to remove: done in 0.000362076 secs using 107.4% CPU
Identifying sites to remove: done in 0.000328563 secs using 99.52% CPU
Identifying sites to remove: done in 0.000361569 secs using 1052% CPU
Identifying sites to remove: done in 0.000342153 secs using 190.6% CPU
Identifying sites to remove: done in 0.000359677 secs using 99.53% CPU
Identifying sites to remove: done in 0.000264533 secs using 99.42% CPU
Identifying sites to remove: done in 0.000261165 secs using 99.55% CPU
Identifying sites to remove: done in 9.34452e-05 secs using 3984% CPU
Identifying sites to remove: done in 9.45851e-05 secs using 7425% CPU
Identifying sites to remove: done in 0.000125736 secs using 2997% CPU
Identifying sites to remove: done in 0.000120819 secs using 9093% CPU
Identifying sites to remove: done in 9.16645e-05 secs using 8143% CPU
Identifying sites to remove: done in 0.000241309 secs using 8881% CPU
Identifying sites to remove: done in 0.000104718 secs using 891% CPU
Identifying sites to remove: done in 0.000104487 secs using 4095% CPU
Identifying sites to remove: done in 0.000138916 secs using 8202% CPU
Identifying sites to remove: done in 0.000119865 secs using 3249% CPU
Identifying sites to remove: done in 0.000165507 secs using 2639% CPU
Identifying sites to remove: done in 0.000116318 secs using 342.2% CPU
Identifying sites to remove: done in 8.97646e-05 secs using 5746% CPU
Identifying sites to remove: done in 0.000103541 secs using 5359% CPU
Identifying sites to remove: done in 8.89003e-05 secs using 1046% CPU
Identifying sites to remove: done in 0.000103801 secs using 4803% CPU
Identifying sites to remove: done in 9.17017e-05 secs using 1379% CPU
Identifying sites to remove: done in 8.33347e-05 secs using 789.6% CPU
Identifying sites to remove: done in 0.000182949 secs using 3310% CPU
Identifying sites to remove: done in 0.000124283 secs using 774% CPU
Identifying sites to remove: done in 8.83192e-05 secs using 142.7% CPU
Identifying sites to remove: done in 7.11605e-05 secs using 96.96% CPU
Identifying sites to remove: done in 0.0003374 secs using 1046% CPU
Identifying sites to remove: done in 0.000399508 secs using 1062% CPU
Identifying sites to remove: done in 0.000449933 secs using 995% CPU
Identifying sites to remove: done in 0.000488706 secs using 1617% CPU
Identifying sites to remove: done in 0.000503473 secs using 945.8% CPU
Identifying sites to remove: done in 0.000577375 secs using 1680% CPU
Identifying sites to remove: done in 0.000366472 secs using 391.8% CPU
Identifying sites to remove: done in 0.000479959 secs using 454.4% CPU
Identifying sites to remove: done in 0.000418447 secs using 2469% CPU
Identifying sites to remove: done in 0.000358693 secs using 2623% CPU
Identifying sites to remove: done in 0.00041233 secs using 390% CPU
Identifying sites to remove: done in 0.000441097 secs using 1639% CPU
Identifying sites to remove: done in 0.000448465 secs using 1360% CPU
Identifying sites to remove: done in 0.000331454 secs using 216.3% CPU
Identifying sites to remove: done in 0.000357188 secs using 632.2% CPU
Identifying sites to remove: done in 0.000359811 secs using 1260% CPU
Identifying sites to remove: done in 0.000497393 secs using 6523% CPU
Identifying sites to remove: done in 0.000443667 secs using 292.3% CPU
Identifying sites to remove: done in 0.00035248 secs using 389% CPU
Identifying sites to remove: done in 0.000330076 secs using 357.5% CPU
Identifying sites to remove: done in 0.000365429 secs using 701.6% CPU
Identifying sites to remove: done in 0.000407025 secs using 545.9% CPU
Identifying sites to remove: done in 0.000441916 secs using 737.2% CPU
Identifying sites to remove: done in 0.000355512 secs using 601.4% CPU
Identifying sites to remove: done in 0.000346318 secs using 525.2% CPU
Identifying sites to remove: done in 0.00047116 secs using 603% CPU
Identifying sites to remove: done in 0.000470057 secs using 136.6% CPU
Identifying sites to remove: done in 0.000346579 secs using 99.54% CPU
Identifying sites to remove: done in 0.000273287 secs using 99.53% CPU
Identifying sites to remove: done in 0.000270329 secs using 97.29% CPU
Identifying sites to remove: done in 6.5729e-05 secs using 314.9% CPU
Identifying sites to remove: done in 6.85081e-05 secs using 423.3% CPU
Identifying sites to remove: done in 6.67796e-05 secs using 329.4% CPU
Identifying sites to remove: done in 0.000107847 secs using 412.6% CPU
Identifying sites to remove: done in 8.028e-05 secs using 568% CPU
Identifying sites to remove: done in 0.000193678 secs using 595.8% CPU
Identifying sites to remove: done in 6.81579e-05 secs using 867.1% CPU
Identifying sites to remove: done in 8.46758e-05 secs using 976.7% CPU
Identifying sites to remove: done in 8.73357e-05 secs using 967.5% CPU
Identifying sites to remove: done in 7.69049e-05 secs using 660.6% CPU
Identifying sites to remove: done in 7.77692e-05 secs using 542.6% CPU
Identifying sites to remove: done in 6.36578e-05 secs using 164.9% CPU
Identifying sites to remove: done in 6.11618e-05 secs using 1934% CPU
Identifying sites to remove: done in 5.72056e-05 secs using 1372% CPU
Identifying sites to remove: done in 6.72191e-05 secs using 1061% CPU
Identifying sites to remove: done in 9.65968e-05 secs using 1243% CPU
Identifying sites to remove: done in 0.000148192 secs using 1234% CPU
Identifying sites to remove: done in 6.93947e-05 secs using 396.3% CPU
Identifying sites to remove: done in 6.17951e-05 secs using 97.1% CPU
Identifying sites to remove: done in 6.03348e-05 secs using 96.13% CPU
Identifying sites to remove: done in 6.8076e-05 secs using 4740% CPU
Identifying sites to remove: done in 5.4203e-05 secs using 97.78% CPU
Identifying sites to remove: done in 8.90642e-05 secs using 4206% CPU
Identifying sites to remove: done in 9.22158e-05 secs using 4064% CPU
Identifying sites to remove: done in 0.000108048 secs using 6540% CPU
Identifying sites to remove: done in 0.000106759 secs using 506.7% CPU
Identifying sites to remove: done in 0.000143968 secs using 5163% CPU
Identifying sites to remove: done in 0.000179745 secs using 9649% CPU
Identifying sites to remove: done in 8.7209e-05 secs using 319.9% CPU
Identifying sites to remove: done in 0.000107773 secs using 3442% CPU
Identifying sites to remove: done in 8.71643e-05 secs using 96.37% CPU
Identifying sites to remove: done in 8.98764e-05 secs using 1.312e+04% CPU
Identifying sites to remove: done in 0.000137039 secs using 8968% CPU
Identifying sites to remove: done in 0.000106953 secs using 8091% CPU
Identifying sites to remove: done in 0.000107445 secs using 4611% CPU
Identifying sites to remove: done in 9.9279e-05 secs using 5061% CPU
Identifying sites to remove: done in 0.000112809 secs using 1195% CPU
Identifying sites to remove: done in 9.67309e-05 secs using 895.3% CPU
Identifying sites to remove: done in 9.23574e-05 secs using 778.5% CPU
Identifying sites to remove: done in 9.11355e-05 secs using 1.899e+04% CPU
Identifying sites to remove: done in 8.25897e-05 secs using 95.65% CPU
Identifying sites to remove: done in 0.00012175 secs using 4655% CPU
Identifying sites to remove: done in 0.000121757 secs using 2614% CPU
Identifying sites to remove: done in 0.000139654 secs using 524.2% CPU
Identifying sites to remove: done in 0.000141956 secs using 518.5% CPU
Identifying sites to remove: done in 0.000151716 secs using 2305% CPU
Identifying sites to remove: done in 0.000230864 secs using 4891% CPU
Identifying sites to remove: done in 0.000131465 secs using 276.9% CPU
Identifying sites to remove: done in 0.000125654 secs using 252.3% CPU
Identifying sites to remove: done in 0.000121921 secs using 5248% CPU
Identifying sites to remove: done in 0.000179946 secs using 5257% CPU
Identifying sites to remove: done in 0.000132099 secs using 2622% CPU
Identifying sites to remove: done in 0.00014174 secs using 364% CPU
Identifying sites to remove: done in 0.000114076 secs using 249.8% CPU
Identifying sites to remove: done in 0.000125766 secs using 136% CPU
Identifying sites to remove: done in 0.000102066 secs using 4641% CPU
Identifying sites to remove: done in 0.000132829 secs using 1117% CPU
Identifying sites to remove: done in 0.000130028 secs using 889% CPU
Identifying sites to remove: done in 0.000129871 secs using 244.1% CPU
Identifying sites to remove: done in 0.000102393 secs using 3800% CPU
Identifying sites to remove: done in 0.000142388 secs using 1.887e+04% CPU
Identifying sites to remove: done in 0.000128277 secs using 2.015e+04% CPU
Identifying sites to remove: done in 0.000122063 secs using 274.4% CPU
Identifying sites to remove: done in 0.000122622 secs using 570% CPU
Identifying sites to remove: done in 0.000127628 secs using 427.8% CPU
Identifying sites to remove: done in 0.000127353 secs using 201% CPU
Identifying sites to remove: done in 0.000107393 secs using 98.7% CPU
Identifying sites to remove: done in 0.000110902 secs using 98.29% CPU
Identifying sites to remove: done in 9.27895e-05 secs using 98.07% CPU
Identifying sites to remove: done in 9.58368e-05 secs using 270.3% CPU
Identifying sites to remove: done in 0.000107937 secs using 1304% CPU
Identifying sites to remove: done in 0.000184827 secs using 3306% CPU
Identifying sites to remove: done in 0.00019744 secs using 4358% CPU
Identifying sites to remove: done in 0.000184044 secs using 2141% CPU
Identifying sites to remove: done in 0.000180088 secs using 2190% CPU
Identifying sites to remove: done in 0.000240676 secs using 2742% CPU
Identifying sites to remove: done in 0.000240929 secs using 1720% CPU
Identifying sites to remove: done in 0.000371531 secs using 3871% CPU
Identifying sites to remove: done in 0.000199497 secs using 313.3% CPU
Identifying sites to remove: done in 0.000197947 secs using 6409% CPU
Identifying sites to remove: done in 0.000146553 secs using 6624% CPU
Identifying sites to remove: done in 0.00018353 secs using 3828% CPU
Identifying sites to remove: done in 0.000212528 secs using 1959% CPU
Identifying sites to remove: done in 0.000232369 secs using 476.4% CPU
Identifying sites to remove: done in 0.000251919 secs using 349.3% CPU
Identifying sites to remove: done in 0.000143394 secs using 284.5% CPU
Identifying sites to remove: done in 0.000175595 secs using 656.6% CPU
Identifying sites to remove: done in 0.000148371 secs using 2605% CPU
Identifying sites to remove: done in 0.000196055 secs using 981.4% CPU
Identifying sites to remove: done in 0.000191376 secs using 773.3% CPU
Identifying sites to remove: done in 0.000178389 secs using 252.8% CPU
Identifying sites to remove: done in 0.000145473 secs using 1.851e+04% CPU
Identifying sites to remove: done in 0.000140205 secs using 338.1% CPU
Identifying sites to remove: done in 0.000159957 secs using 367% CPU
Identifying sites to remove: done in 0.000206403 secs using 507.7% CPU
Identifying sites to remove: done in 0.000175953 secs using 418.9% CPU
Identifying sites to remove: done in 0.000178486 secs using 458.9% CPU
Identifying sites to remove: done in 0.000185095 secs using 493.3% CPU
Identifying sites to remove: done in 0.000190973 secs using 552.4% CPU
Identifying sites to remove: done in 0.000198506 secs using 172.3% CPU
Identifying sites to remove: done in 0.000162058 secs using 98.73% CPU

Analysis results written to: 
  IQ-TREE report:                legume5_Q_search.iqtree
  Maximum-likelihood tree:       legume5_Q_search.treefile
  Partition trees:               legume5_Q_search.parttrees

Ultrafast bootstrap approximation results written to:
  Split support values:          legume5_Q_search.splits.nex
  Consensus tree:                legume5_Q_search.contree
  UFBoot trees:                  legume5_Q_search.ufboot
  Screen log file:               legume5_Q_search.log

Date and Time: Fri May  9 13:06:14 2025
