IQ-TREE multicore version 2.3.5.1.mixfinder for Windows 64-bit built Aug 21 2024
Developed by Bui Quang Minh, Nguyen Lam Tung, Olga Chernomor, Heiko Schmidt,
Dominik Schrempf, Michael Woodhams, Ly Trong Nhan, Thomas Wong

Host:    Asuka (AVX2, FMA3, 15 GB RAM)
Command: C:\Windows\system32\iqtree2.exe --alisim try --seqtype AA -Q d:\BIOL8701\BACKUP\dataset_result\Ascomycota\partition\Q_unlinked\Ascomycota20_Q_mf.best_model.nex -t d:\BIOL8701\BACKUP\dataset_result\Ascomycota\partition\Q_unlinked\Ascomycota20_Q_mf.parttrees --length 270328 --out-format fasta --num-alignments 2
Seed:    594679 (Using SPRNG - Scalable Parallel Random Number Generator)
Time:    Thu Jun 12 13:00:18 2025
Kernel:  AVX+FMA - 1 threads (16 CPU cores detected)

Reading partition model file d:\BIOL8701\BACKUP\dataset_result\Ascomycota\partition\Q_unlinked\Ascomycota20_Q_mf.best_model.nex ...

Loading 361 partitions...
Subset	Type	Model	Name
1	AA	Q.YEAST+I{0.029647}+R6{0.0803553,0.0957998,0.166079,0.294093,0.247187,0.624022,0.15927,0.929807,0.231881,1.56036,0.08558,3.26363}	GENE_EOG092D0072.nex
2	AA	Q.YEAST+F+R5{0.213968,0.0276924,0.277022,0.315321,0.279863,0.913641,0.173352,2.14738,0.0557952,4.99643}	GENE_EOG092D00LL.nex
3	AA	Q.YEAST+F+R4{0.0622927,0.0750411,0.184753,0.352331,0.342815,0.791316,0.410139,1.60666}	GENE_EOG092D0124.nex
4	AA	Q.YEAST+F+R5{0.0199762,0.0177582,0.0803252,0.190198,0.285014,0.480926,0.319811,0.906204,0.294873,1.89059}	GENE_EOG092D01J4.nex
5	AA	Q.YEAST+F+R4{0.0897797,0.099916,0.239349,0.407309,0.383606,0.914662,0.287266,1.88909}	GENE_EOG092D01QP.nex
6	AA	Q.YEAST+F+R4{0.0302506,0.102569,0.294665,0.467994,0.486727,0.998863,0.188358,1.97933}	GENE_EOG092D01WH.nex
7	AA	Q.YEAST+R4{0.204887,0.0594176,0.40231,0.527022,0.301586,1.53296,0.0912175,3.43663}	GENE_EOG092D01YA.nex
8	AA	Q.YEAST+F+R5{0.0512975,0.0595702,0.141519,0.264948,0.327471,0.565147,0.347328,1.26398,0.132385,2.53326}	GENE_EOG092D02MN.nex
9	AA	Q.INSECT+I{0.0942029}+R4{0.257215,0.202556,0.259806,0.679722,0.293008,1.42591,0.0957679,3.69121}	GENE_EOG092D02YC.nex
10	AA	LG+F+R5{0.211405,0.0306898,0.184244,0.288686,0.250715,0.745129,0.282112,1.80358,0.0715245,3.42118}	GENE_EOG092D03AT.nex
11	AA	Q.PFAM+F+I{0.0155882}+R4{0.130843,0.173121,0.340863,0.586481,0.43441,1.30582,0.0782952,2.6844}	GENE_EOG092D03HZ.nex
12	AA	LG+F+I{0.0114739}+R4{0.103708,0.180257,0.312596,0.572833,0.377897,1.0542,0.194325,2.07828}	GENE_EOG092D041E.nex
13	AA	Q.PFAM+F+I{0.0401888}+R4{0.103741,0.090711,0.154209,0.353203,0.303095,0.892048,0.398766,1.66952}	GENE_EOG092D042R.nex
14	AA	LG+F+G4{1.28657}	GENE_EOG092D0454.nex
15	AA	Q.YEAST+F+I{0.00710097}+R4{0.11123,0.16702,0.361803,0.527299,0.361259,1.16369,0.158607,2.33439}	GENE_EOG092D048Q.nex
16	AA	LG+F+I{0.0275262}+R4{0.128667,0.0954518,0.272293,0.431335,0.351724,1.0285,0.21979,2.31367}	GENE_EOG092D04CD.nex
17	AA	Q.YEAST+F+R4{0.0573492,0.0726131,0.257232,0.339624,0.460648,0.968095,0.22477,2.05776}	GENE_EOG092D054H.nex
18	AA	Q.PFAM+F+R4{0.0425728,0.101461,0.282968,0.466219,0.447263,1.02763,0.227196,1.77879}	GENE_EOG092D0564.nex
19	AA	Q.PFAM+F+I{0.0149897}+R4{0.0620001,0.161229,0.229195,0.478862,0.38283,0.9471,0.310985,1.66462}	GENE_EOG092D056B.nex
20	AA	Q.YEAST+F+R4{0.0717201,0.130147,0.236056,0.390586,0.469913,0.951333,0.222311,2.03059}	GENE_EOG092D0590.nex
21	AA	RTREV+F+R4{0.114642,0.0417789,0.172604,0.276141,0.353277,0.808374,0.359478,1.84147}	GENE_EOG092D05LP.nex
22	AA	Q.YEAST+F+R5{0.0776179,0.0219221,0.135894,0.200951,0.244018,0.566474,0.36652,1.12789,0.17595,2.38345}	GENE_EOG092D05X9.nex
23	AA	LG+F+I{0.145198}+R4{0.214787,0.157177,0.330414,0.769065,0.228206,1.83637,0.081395,3.60046}	GENE_EOG092D068O.nex_GENE_EOG092D3ALG.nex
24	AA	Q.YEAST+I{0.0763273}+G4{1.26188}	GENE_EOG092D069S.nex
25	AA	LG+F+R4{0.0625361,0.090442,0.220861,0.421028,0.361869,0.857305,0.354734,1.66639}	GENE_EOG092D06BS.nex
26	AA	LG+F+R4{0.0693447,0.0675537,0.234419,0.357488,0.422131,0.868873,0.274105,1.98732}	GENE_EOG092D06QZ.nex
27	AA	LG+F+I{0.0812471}+R3{0.207494,0.190116,0.394492,0.796295,0.316767,2.04068}	GENE_EOG092D06WH.nex_GENE_EOG092D3HVD.nex
28	AA	Q.YEAST+I{0.0935556}+R4{0.205146,0.109426,0.302583,0.562831,0.232185,1.45357,0.166531,2.82081}	GENE_EOG092D076U.nex
29	AA	Q.YEAST+I{0.110182}+G4{1.30935}	GENE_EOG092D07D8.nex
30	AA	Q.YEAST+F+I{0.127827}+R4{0.213052,0.107015,0.244223,0.627015,0.270663,1.51459,0.144235,2.87118}	GENE_EOG092D07JG.nex
31	AA	LG+F+R4{0.0425817,0.0726788,0.22542,0.373808,0.515574,0.908925,0.216425,2.05163}	GENE_EOG092D07ZP.nex
32	AA	LG+F+I{0.141578}+R4{0.181221,0.187326,0.241216,0.593609,0.328934,1.41348,0.107051,3.34348}	GENE_EOG092D080M.nex
33	AA	LG+F+I{0.0763447}+R4{0.110273,0.103457,0.199183,0.367853,0.334474,0.960374,0.279725,2.12387}	GENE_EOG092D08DO.nex_GENE_EOG092D29YU.nex
34	AA	Q.YEAST+F+R5{0.0517225,0.018054,0.133322,0.197473,0.29317,0.545009,0.37657,1.22738,0.145215,2.41548}	GENE_EOG092D08HR.nex
35	AA	Q.YEAST+R4{0.0837276,0.0836828,0.367253,0.475334,0.317435,1.08572,0.231585,2.04582}	GENE_EOG092D0905.nex
36	AA	Q.YEAST+F+I{0.109402}+G4{1.15092}	GENE_EOG092D092M.nex
37	AA	Q.YEAST+R5{0.260993,0.0238685,0.212865,0.231192,0.283712,0.920778,0.166999,2.11185,0.0754301,4.38346}	GENE_EOG092D0951.nex
38	AA	Q.YEAST+R4{0.315829,0.0316669,0.263585,0.42773,0.295176,1.39288,0.12541,3.7167}	GENE_EOG092D09N2.nex
39	AA	LG+F+I{0.0167789}+R4{0.0758322,0.108506,0.167337,0.411961,0.539737,0.961419,0.200315,2.01643}	GENE_EOG092D09PM.nex
40	AA	Q.YEAST+I{0.0665696}+R4{0.155093,0.140102,0.298204,0.490402,0.293162,1.22105,0.186971,2.53549}	GENE_EOG092D09R6.nex_GENE_EOG092D0HBI.nex
41	AA	Q.YEAST+F+I{0.00700691}+R4{0.145701,0.1952,0.403412,0.630383,0.408054,1.4679,0.0358266,3.30122}	GENE_EOG092D09SW.nex
42	AA	Q.YEAST+I{0.0897535}+G4{1.13935}	GENE_EOG092D09TB.nex
43	AA	Q.YEAST+I{0.00463489}+R4{0.127648,0.193835,0.410806,0.60839,0.434143,1.32404,0.0227681,6.61027}	GENE_EOG092D0AI2.nex
44	AA	Q.YEAST+F+R4{0.0205334,0.0681353,0.144515,0.295445,0.40928,0.700037,0.425672,1.57256}	GENE_EOG092D0ANR.nex
45	AA	Q.YEAST+R5{0.0716984,0.013558,0.150477,0.173793,0.23473,0.51261,0.248017,1.07856,0.295077,1.9827}	GENE_EOG092D0B03.nex_GENE_EOG092D1H9Y.nex
46	AA	Q.YEAST+F+R4{0.0970475,0.0523305,0.251736,0.353931,0.377745,0.941609,0.273471,2.01168}	GENE_EOG092D0BFU.nex
47	AA	LG+R4{0.257617,0.0241897,0.263961,0.371728,0.3051,1.31757,0.173322,2.8482}	GENE_EOG092D0BHJ.nex
48	AA	Q.YEAST+I{0.171188}+G4{0.931934}	GENE_EOG092D0BMY.nex
49	AA	Q.YEAST+F+I{0.111806}+R4{0.316685,0.0835049,0.294945,0.726037,0.212618,2.03454,0.0639454,5.11113}	GENE_EOG092D0BYJ.nex
50	AA	LG+F+I{0.00751398}+R3{0.13402,0.22735,0.446316,0.67878,0.41215,1.61733}	GENE_EOG092D0CTT.nex
51	AA	Q.YEAST+R4{0.115004,0.0134166,0.257638,0.284258,0.408228,0.974461,0.219129,2.40688}	GENE_EOG092D0CUX.nex
52	AA	Q.YEAST+I{0.0182581}+R4{0.0631131,0.124941,0.275335,0.463862,0.385365,0.977469,0.257929,1.89089}	GENE_EOG092D0DYZ.nex
53	AA	LG+F+R4{0.0696032,0.0491592,0.164146,0.266135,0.379584,0.772659,0.386666,1.70588}	GENE_EOG092D0E4N.nex_GENE_EOG092D3039.nex
54	AA	Q.YEAST+F+I{0.0112439}+R4{0.108211,0.114041,0.295261,0.457153,0.444791,1.10844,0.140493,2.55994}	GENE_EOG092D0EC9.nex
55	AA	Q.YEAST+R4{0.238905,0.0938501,0.294929,0.498584,0.297858,1.21511,0.168308,2.7842}	GENE_EOG092D0EGX.nex
56	AA	Q.YEAST+R4{0.0919605,0.128852,0.277324,0.449213,0.434008,1.04497,0.196708,2.08455}	GENE_EOG092D0EMK.nex
57	AA	Q.YEAST+F+R4{0.0650917,0.164648,0.239065,0.447261,0.442055,0.938514,0.253788,1.84202}	GENE_EOG092D0EUY.nex
58	AA	Q.YEAST+F+R4{0.0247177,0.0278956,0.171443,0.315605,0.488844,0.749181,0.314995,1.83803}	GENE_EOG092D0F10.nex
59	AA	Q.YEAST+R4{0.0777507,0.0567543,0.251947,0.345692,0.367937,0.898766,0.302365,1.91094}	GENE_EOG092D0FF8.nex
60	AA	Q.PFAM+F+I{0.067856}+R3{0.18935,0.207644,0.333442,0.722143,0.409352,1.75861}	GENE_EOG092D0FQ1.nex_GENE_EOG092D12AA.nex_GENE_EOG092D3R6Y.nex
61	AA	LG+F+R4{0.163553,0.0294191,0.133225,0.263111,0.266988,0.674969,0.436233,1.78787}	GENE_EOG092D0FXM.nex
62	AA	Q.YEAST+F+R5{0.0501543,0.0218412,0.156574,0.211995,0.364195,0.578155,0.383959,1.32018,0.0451186,5.50231}	GENE_EOG092D0GJX.nex
63	AA	Q.YEAST+R5{0.0609145,0.0431874,0.154429,0.199337,0.263798,0.514035,0.344329,1.1308,0.176529,2.50167}	GENE_EOG092D0GS4.nex
64	AA	LG+F+R4{0.117786,0.028769,0.201905,0.286873,0.327349,0.882569,0.35296,1.84095}	GENE_EOG092D0HE1.nex
65	AA	Q.YEAST+R5{0.173455,0.0528126,0.212323,0.366579,0.319805,0.852812,0.230518,1.81319,0.0638996,3.47892}	GENE_EOG092D0HKD.nex
66	AA	LG+F+R4{0.0253894,0.044543,0.123976,0.322116,0.443033,0.697272,0.407602,1.59474}	GENE_EOG092D0HR5.nex
67	AA	Q.YEAST+R4{0.150183,0.0592541,0.319722,0.427862,0.373011,1.20666,0.157085,2.57319}	GENE_EOG092D0HUI.nex_GENE_EOG092D0KIC.nex
68	AA	Q.YEAST+I{0.122106}+R4{0.240392,0.175674,0.195144,0.685409,0.29681,1.34155,0.145548,2.92571}	GENE_EOG092D0I6N.nex
69	AA	Q.YEAST+I{0.0544586}+R3{0.215991,0.163763,0.341656,0.652271,0.387894,1.91232}	GENE_EOG092D0IC1.nex
70	AA	Q.YEAST+F+R3{0.117351,0.151596,0.428154,0.664431,0.454496,1.53518}	GENE_EOG092D0ITM.nex
71	AA	Q.YEAST+I{0.233778}+R4{0.325187,0.270464,0.178251,0.996198,0.215123,2.3059,0.047661,5.00248}	GENE_EOG092D0IU7.nex
72	AA	Q.YEAST+I{0.148636}+G4{0.878816}	GENE_EOG092D0J6Y.nex
73	AA	LG+F+R4{0.0357471,0.0857627,0.182281,0.370052,0.266235,0.741436,0.515737,1.41949}	GENE_EOG092D0JFU.nex
74	AA	LG+F+I{0.0241153}+R3{0.163804,0.202202,0.385004,0.654459,0.427077,1.67396}	GENE_EOG092D0JYM.nex
75	AA	Q.YEAST+F+R5{0.0938889,0.0444879,0.153023,0.267706,0.266963,0.641367,0.428974,1.36239,0.0571514,3.48559}	GENE_EOG092D0KTI.nex
76	AA	Q.PFAM+F+R3{0.119977,0.167952,0.444907,0.653417,0.435115,1.58381}	GENE_EOG092D0L00.nex
77	AA	Q.YEAST+F+R4{0.280952,0.0189341,0.200534,0.29665,0.286961,1.04242,0.231553,2.74693}	GENE_EOG092D0LJK.nex
78	AA	Q.YEAST+I{0.0438691}+R4{0.109652,0.095318,0.244183,0.397276,0.376779,1.01379,0.225516,2.26399}	GENE_EOG092D0LJL.nex_GENE_EOG092D3ZQD.nex
79	AA	LG+F+I{0.132309}+R4{0.202121,0.11602,0.262406,0.50867,0.329296,1.41452,0.0738677,5.10743}	GENE_EOG092D0LL2.nex_GENE_EOG092D2M1W.nex
80	AA	LG+I{0.0389598}+R4{0.152093,0.162656,0.21008,0.497812,0.418287,1.02462,0.18058,2.44819}	GENE_EOG092D0LVZ.nex
81	AA	Q.YEAST+F+R5{0.0395856,0.0541981,0.12657,0.245282,0.374192,0.641738,0.394877,1.36226,0.0647753,2.91395}	GENE_EOG092D0M7O.nex
82	AA	Q.YEAST+R4{0.152218,0.0293982,0.250266,0.31256,0.354508,0.972409,0.243008,2.3562}	GENE_EOG092D0MFC.nex
83	AA	Q.PFAM+F+I{0.0119417}+R3{0.0958425,0.199576,0.367955,0.582104,0.524261,1.46241}	GENE_EOG092D0NEP.nex
84	AA	Q.YEAST+F+R5{0.136278,0.0165308,0.163321,0.185062,0.281974,0.607484,0.253738,1.35764,0.164689,2.743}	GENE_EOG092D0NJO.nex
85	AA	LG+F+R4{0.35455,0.0621999,0.314448,0.684988,0.250853,1.79049,0.0801503,3.91023}	GENE_EOG092D0NUZ.nex
86	AA	Q.YEAST+R4{0.317233,0.0670901,0.304241,0.543914,0.315959,1.65587,0.0625663,4.63584}	GENE_EOG092D0O5Q.nex
87	AA	Q.YEAST+F+R4{0.120521,0.0501723,0.271534,0.34077,0.353922,0.914649,0.254024,2.27423}	GENE_EOG092D0OAE.nex
88	AA	Q.YEAST+F+R4{0.0869407,0.0467402,0.264728,0.406874,0.471321,0.984591,0.177011,2.39628}	GENE_EOG092D0OJS.nex
89	AA	LG+F+I{0.0354272}+R3{0.201513,0.216866,0.443736,0.767662,0.319324,1.92801}	GENE_EOG092D0OMH.nex
90	AA	Q.YEAST+R4{0.383619,0.0357331,0.332977,0.578203,0.199457,1.89252,0.0839471,4.95892}	GENE_EOG092D0OOP.nex
91	AA	Q.YEAST+I{0.0518589}+R4{0.115292,0.0995282,0.177475,0.344552,0.373615,0.886444,0.281759,2.11595}	GENE_EOG092D0OYE.nex_GENE_EOG092D0YSG.nex
92	AA	Q.YEAST+F+I{0.00775797}+R4{0.0483719,0.103861,0.300037,0.411748,0.439984,0.984947,0.203849,2.14902}	GENE_EOG092D0P0O.nex
93	AA	Q.YEAST+F+R4{0.103522,0.0171374,0.178917,0.263318,0.338747,0.76792,0.378814,1.82407}	GENE_EOG092D0PER.nex
94	AA	Q.YEAST+I{0.0917973}+R4{0.126458,0.0761177,0.271652,0.434913,0.335221,1.20812,0.174871,2.67192}	GENE_EOG092D0PHK.nex
95	AA	Q.YEAST+F+R3{0.0979922,0.134043,0.579384,0.689896,0.322624,1.81992}	GENE_EOG092D0PK7.nex
96	AA	LG+F+I{0.0283685}+R4{0.0938956,0.10325,0.248837,0.426511,0.433937,1.07394,0.194961,2.14479}	GENE_EOG092D0PTK.nex_GENE_EOG092D1ZGE.nex
97	AA	Q.YEAST+F+I{0.0168185}+R4{0.0764795,0.093459,0.222138,0.388037,0.505245,1.03091,0.179319,2.15144}	GENE_EOG092D0Q00.nex_GENE_EOG092D3FYF.nex
98	AA	Q.YEAST+R4{0.12883,0.0489359,0.279494,0.389796,0.455039,1.11218,0.136637,2.77132}	GENE_EOG092D0Q8X.nex
99	AA	Q.YEAST+I{0.0502089}+G4{1.79684}	GENE_EOG092D0QW3.nex
100	AA	LG+F+R4{0.0641011,0.0243373,0.152124,0.288919,0.293231,0.709726,0.490544,1.52152}	GENE_EOG092D0R62.nex
101	AA	LG+F+I{0.0408603}+R3{0.135689,0.188529,0.401182,0.741463,0.422269,1.60314}	GENE_EOG092D0R9A.nex
102	AA	LG+F+R4{0.0688337,0.16867,0.336166,0.505037,0.529918,1.14854,0.065083,3.22637}	GENE_EOG092D0S5N.nex
103	AA	LG+I{0.182673}+G4{1.18291}	GENE_EOG092D0SNY.nex
104	AA	Q.YEAST+R4{0.370432,0.0704388,0.338584,0.639859,0.261594,2.15023,0.0293907,6.62709}	GENE_EOG092D0SSQ.nex
105	AA	Q.YEAST+R3{0.115778,0.134221,0.467862,0.615559,0.41636,1.67274}	GENE_EOG092D0T1H.nex
106	AA	LG+F+I{0.087795}+R4{0.140579,0.082204,0.281588,0.46918,0.384557,1.36033,0.105482,3.15889}	GENE_EOG092D0T75.nex
107	AA	Q.YEAST+I{0.0457572}+R4{0.10751,0.111944,0.371032,0.518107,0.373597,1.42093,0.102104,2.59416}	GENE_EOG092D0T8J.nex
108	AA	Q.YEAST+F+R5{0.168408,0.0925607,0.243586,0.400399,0.354174,0.913906,0.215522,2.06796,0.0183109,6.41738}	GENE_EOG092D0UBQ.nex
109	AA	LG+R4{0.173228,0.0373277,0.212885,0.386672,0.384825,1.02418,0.229062,2.25741}	GENE_EOG092D0UFO.nex
110	AA	LG+R4{0.159523,0.0215768,0.233067,0.260475,0.405671,0.984571,0.201739,2.65907}	GENE_EOG092D0UJA.nex
111	AA	Q.YEAST+F+I{0.0786032}+R4{0.0910205,0.0573675,0.145197,0.242824,0.311781,0.706479,0.373398,1.9798}	GENE_EOG092D0ULK.nex
112	AA	Q.YEAST+F+I{0.14868}+R4{0.245853,0.120638,0.319344,0.763311,0.219779,2.06716,0.0663434,4.10385}	GENE_EOG092D0UX9.nex
113	AA	Q.YEAST+R5{0.186234,0.050014,0.180195,0.341664,0.386393,0.85995,0.224061,1.95515,0.0231177,6.86788}	GENE_EOG092D0V4E.nex
114	AA	Q.PFAM+F+R4{0.167698,0.106964,0.25928,0.475171,0.346745,1.08199,0.226277,2.13758}	GENE_EOG092D0VF1.nex
115	AA	Q.YEAST+F+I{0.0210158}+R4{0.0865041,0.0897441,0.23123,0.398061,0.418156,0.981307,0.243094,2.01508}	GENE_EOG092D0VMZ.nex_GENE_EOG092D1R2W.nex
116	AA	Q.PFAM+F+I{0.0862706}+R4{0.161906,0.100196,0.196683,0.439434,0.356204,1.2495,0.198937,2.27345}	GENE_EOG092D0WLP.nex
117	AA	Q.YEAST+F+I{0.0342439}+G4{1.65103}	GENE_EOG092D0XB4.nex
118	AA	Q.YEAST+F+R4{0.0546139,0.119838,0.278125,0.492355,0.522211,1.07737,0.145051,2.02622}	GENE_EOG092D0XCU.nex
119	AA	Q.YEAST+R4{0.1332,0.0400712,0.342934,0.436392,0.455954,1.34482,0.0679123,3.41368}	GENE_EOG092D0XEW.nex_GENE_EOG092D3VHN.nex
120	AA	Q.YEAST+F+I{0.0459943}+G4{1.81449}	GENE_EOG092D0YQS.nex
121	AA	LG+F+I{0.03567}+R4{0.171262,0.0981662,0.23468,0.397599,0.3478,1.08709,0.210588,2.43028}	GENE_EOG092D0YYX.nex
122	AA	Q.YEAST+I{0.0442701}+R4{0.364047,0.389152,0.348482,0.808485,0.226835,2.06192,0.0163655,6.6525}	GENE_EOG092D0ZAJ.nex
123	AA	Q.YEAST+I{0.0345505}+R4{0.126098,0.144606,0.322925,0.498763,0.402439,1.2297,0.113988,2.85839}	GENE_EOG092D10DF.nex
124	AA	Q.YEAST+R4{0.142034,0.0407527,0.258066,0.325678,0.201513,0.7857,0.398387,1.8872}	GENE_EOG092D10GL.nex
125	AA	Q.YEAST+F+R4{0.0642652,0.0525577,0.216448,0.388954,0.422877,0.915124,0.296411,1.77271}	GENE_EOG092D10OW.nex
126	AA	Q.YEAST+F+R4{0.152514,0.0753307,0.431271,0.535932,0.339944,1.41911,0.0762709,3.60508}	GENE_EOG092D10UA.nex
127	AA	Q.YEAST+I{0.106427}+G4{1.08485}	GENE_EOG092D10XC.nex_GENE_EOG092D19T7.nex
128	AA	Q.YEAST+F+I{0.138976}+G4{1.25502}	GENE_EOG092D11OI.nex
129	AA	LG+F+R4{0.343244,0.04385,0.250945,0.534797,0.253108,1.43272,0.152704,3.19646}	GENE_EOG092D11XU.nex_GENE_EOG092D1JIT.nex
130	AA	Q.YEAST+I{0.351583}+R3{0.323716,0.364594,0.242835,1.94769,0.0818662,4.99606}	GENE_EOG092D12CU.nex
131	AA	LG+I{0.176823}+R3{0.307789,0.312418,0.434103,1.3039,0.0812859,4.1559}	GENE_EOG092D12N2.nex
132	AA	Q.PFAM+F+R4{0.0999994,0.0418323,0.330011,0.403661,0.382966,1.11177,0.187024,2.33572}	GENE_EOG092D12VX.nex
133	AA	Q.YEAST+F+I{0.0119228}+R4{0.214338,0.170906,0.339703,0.635804,0.371583,1.36303,0.0624531,3.85735}	GENE_EOG092D12Y0.nex
134	AA	LG+F+I{0.00544331}+R4{0.0851157,0.152633,0.199008,0.399325,0.502057,0.921898,0.208376,2.1341}	GENE_EOG092D13K4.nex
135	AA	LG+I{0.176995}+R3{0.325334,0.271728,0.368865,1.30393,0.128806,3.34319}	GENE_EOG092D13QH.nex
136	AA	Q.YEAST+I{0.132116}+G4{1.00334}	GENE_EOG092D13SA.nex
137	AA	Q.YEAST+F+R4{0.0669113,0.110971,0.303866,0.462252,0.536683,1.13901,0.09254,2.60237}	GENE_EOG092D13U3.nex
138	AA	Q.PFAM+F+I{0.00486859}+R3{0.0889793,0.192203,0.38912,0.618339,0.517033,1.43567}	GENE_EOG092D14CG.nex
139	AA	Q.YEAST+F+I{0.014916}+R4{0.109651,0.180495,0.297989,0.486173,0.37739,1.06738,0.200053,2.162}	GENE_EOG092D14XV.nex
140	AA	LG+F+I{0.0937017}+R3{0.15309,0.122475,0.361094,0.641621,0.392115,1.9116}	GENE_EOG092D164Q.nex
141	AA	Q.YEAST+F+I{0.0078486}+R3{0.18629,0.263614,0.426454,0.783732,0.379408,1.62534}	GENE_EOG092D16KC.nex
142	AA	Q.YEAST+F+I{0.0366433}+R5{0.0768109,0.0476638,0.11981,0.150995,0.222882,0.385053,0.470071,0.920992,0.073783,6.22766}	GENE_EOG092D16LD.nex
143	AA	LG+F+R6{0.0318426,0.00768859,0.136198,0.159962,0.216534,0.46162,0.301968,0.793596,0.296751,1.6603,0.0167066,8.71973}	GENE_EOG092D16QM.nex_GENE_EOG092D1I2I.nex_GENE_EOG092D2QYY.nex_GENE_EOG092D3V2Z.nex
144	AA	LG+I{0.146776}+G4{0.966749}	GENE_EOG092D16QX.nex
145	AA	Q.YEAST+F+I{0.0128904}+R4{0.0858461,0.151954,0.341858,0.518367,0.442518,1.16159,0.116887,2.52998}	GENE_EOG092D1718.nex
146	AA	Q.YEAST+R4{0.0822898,0.0816257,0.318894,0.435099,0.348196,0.951464,0.250621,2.08776}	GENE_EOG092D182U.nex
147	AA	Q.YEAST+F+I{0.0135792}+R4{0.130995,0.129684,0.267959,0.45034,0.424829,1.12268,0.162637,2.36965}	GENE_EOG092D18RK.nex
148	AA	Q.PFAM+F+I{0.0215842}+R3{0.208936,0.273403,0.535106,0.873101,0.234374,2.02955}	GENE_EOG092D18SO.nex
149	AA	Q.YEAST+I{0.257544}+R3{0.436023,0.406401,0.257569,2.10498,0.0488645,5.74289}	GENE_EOG092D19VF.nex
150	AA	LG+F+R5{0.106367,0.0243292,0.242381,0.345114,0.311429,0.742066,0.309231,1.7636,0.030592,4.48811}	GENE_EOG092D1A1J.nex_GENE_EOG092D2A7Q.nex
151	AA	LG+F+R4{0.123775,0.0216339,0.185032,0.315404,0.276566,0.776834,0.414627,1.74643}	GENE_EOG092D1AQR.nex
152	AA	Q.YEAST+F+R4{0.104406,0.0801806,0.280617,0.37619,0.392951,0.959592,0.222026,2.29248}	GENE_EOG092D1AZP.nex
153	AA	Q.YEAST+F+R3{0.025566,0.0601506,0.336946,0.422528,0.637488,1.34292}	GENE_EOG092D1B2T.nex
154	AA	Q.INSECT+I{0.0537677}+R4{0.312243,0.238585,0.433007,0.902496,0.181808,1.88377,0.0191751,10.0252}	GENE_EOG092D1BAU.nex
155	AA	Q.YEAST+R4{0.395737,0.063671,0.305592,0.61217,0.24907,2.07585,0.0496009,5.45749}	GENE_EOG092D1BH6.nex
156	AA	LG+G4{0.674728}	GENE_EOG092D1BU7.nex
157	AA	Q.YEAST+I{0.140721}+R3{0.370618,0.152278,0.283634,1.00222,0.205026,3.21569}	GENE_EOG092D1CJS.nex
158	AA	Q.PFAM+F+I{0.186756}+G4{1.12331}	GENE_EOG092D1CKF.nex
159	AA	Q.YEAST+R5{0.144797,0.029394,0.237634,0.334763,0.259296,0.800295,0.320885,1.65396,0.0373881,4.7595}	GENE_EOG092D1CLY.nex
160	AA	Q.PFAM+F+R4{0.0525641,0.118314,0.223008,0.450575,0.528241,0.855029,0.196187,2.25111}	GENE_EOG092D1CX4.nex
161	AA	LG+I{0.118778}+G4{1.27012}	GENE_EOG092D1EK2.nex
162	AA	Q.YEAST+I{0.18643}+G4{0.994406}	GENE_EOG092D1FGG.nex
163	AA	LG+F+I{0.0644623}+R4{0.147981,0.0964388,0.210769,0.448161,0.307346,1.03842,0.269441,2.12334}	GENE_EOG092D1G5D.nex
164	AA	Q.YEAST+R4{0.294657,0.0382664,0.351542,0.639336,0.287606,1.66887,0.0661946,4.29029}	GENE_EOG092D1GCX.nex
165	AA	Q.YEAST+R5{0.120596,0.0512577,0.210819,0.29275,0.363997,0.814484,0.291474,1.80907,0.0131138,8.26105}	GENE_EOG092D1GUU.nex
166	AA	Q.YEAST+R4{0.188183,0.0492279,0.237946,0.337719,0.398707,1.14279,0.175164,2.59607}	GENE_EOG092D1H8I.nex
167	AA	LG+F+R4{0.133155,0.100174,0.288537,0.466082,0.486237,1.21631,0.092071,2.83222}	GENE_EOG092D1HB6.nex
168	AA	Q.YEAST+R4{0.12671,0.0684962,0.32821,0.484864,0.381376,1.0683,0.163705,2.59467}	GENE_EOG092D1HN1.nex
169	AA	Q.YEAST+F+I{0.240761}+R4{0.316553,0.275334,0.266425,1.17797,0.147218,2.93221,0.0290427,5.76147}	GENE_EOG092D1HUK.nex_GENE_EOG092D22TL.nex
170	AA	LG+F+I{0.100616}+R4{0.101402,0.0645554,0.194291,0.372288,0.334278,0.986221,0.269413,2.19533}	GENE_EOG092D1HYF.nex
171	AA	Q.YEAST+R4{0.0618318,0.104924,0.308295,0.473453,0.550349,1.15666,0.0795247,2.65304}	GENE_EOG092D1I8J.nex
172	AA	Q.YEAST+R5{0.0864254,0.0407211,0.106933,0.181883,0.22945,0.458807,0.406474,0.963704,0.170717,2.81189}	GENE_EOG092D1J1B.nex
173	AA	Q.YEAST+R4{0.187982,0.0358934,0.280744,0.395292,0.312211,1.23274,0.219063,2.27059}	GENE_EOG092D1JY2.nex
174	AA	Q.INSECT+R4{0.438968,0.113578,0.407781,0.940498,0.14015,3.15773,0.013101,9.47025}	GENE_EOG092D1KRH.nex
175	AA	LG+I{0.10994}+R3{0.208156,0.249823,0.2857,0.819007,0.396204,1.80212}	GENE_EOG092D1KTN.nex
176	AA	LG+F+R4{0.218659,0.0635728,0.341411,0.586556,0.344566,1.50032,0.0953647,2.81953}	GENE_EOG092D1KWA.nex
177	AA	Q.YEAST+F+R4{0.0750868,0.112826,0.401627,0.529563,0.34308,1.12917,0.180207,2.17221}	GENE_EOG092D1LC1.nex_GENE_EOG092D3YU3.nex
178	AA	Q.YEAST+I{0.0326161}+R4{0.149155,0.13006,0.353716,0.497463,0.368961,1.35311,0.095552,3.19612}	GENE_EOG092D1LJK.nex
179	AA	LG+F+I{0.0596013}+R3{0.20975,0.193139,0.484393,0.838366,0.246256,2.24721}	GENE_EOG092D1LYU.nex
180	AA	Q.YEAST+F+R4{0.176487,0.0395809,0.229619,0.338045,0.377804,1.00534,0.216089,2.47848}	GENE_EOG092D1M7G.nex
181	AA	LG+R4{0.574609,0.0390702,0.214542,0.851532,0.160226,2.65082,0.0506227,7.31155}	GENE_EOG092D1MQ6.nex_GENE_EOG092D29KI.nex
182	AA	LG+F+I{0.136191}+G4{1.18592}	GENE_EOG092D1NDG.nex
183	AA	LG+F+I{0.0794674}+G4{0.990692}	GENE_EOG092D1NW2.nex
184	AA	Q.YEAST+F+I{0.0528641}+R4{0.186315,0.180629,0.303336,0.647807,0.341314,1.296,0.11617,2.81913}	GENE_EOG092D1NX0.nex_GENE_EOG092D41CK.nex
185	AA	Q.YEAST+I{0.0437616}+G4{1.2257}	GENE_EOG092D1ODS.nex
186	AA	Q.YEAST+I{0.0385229}+G4{1.15294}	GENE_EOG092D1ODU.nex
187	AA	Q.PFAM+F+R3{0.175949,0.184042,0.479952,0.698885,0.344099,1.83723}	GENE_EOG092D1OL9.nex
188	AA	Q.YEAST+I{0.115908}+G4{1.04931}	GENE_EOG092D1OV6.nex_GENE_EOG092D3D9K.nex
189	AA	LG+F+R3{0.182795,0.207398,0.476143,0.729689,0.341062,1.80217}	GENE_EOG092D1Q04.nex
190	AA	Q.YEAST+F+R4{0.0938401,0.0895374,0.307855,0.499698,0.492535,1.17985,0.10577,2.42647}	GENE_EOG092D1Q2Q.nex
191	AA	Q.INSECT+I{0.158888}+R3{0.449707,0.438174,0.328805,1.49605,0.0625998,4.96871}	GENE_EOG092D1Q5G.nex
192	AA	Q.YEAST+R4{0.19451,0.0376995,0.283553,0.411524,0.291018,1.07987,0.230919,2.43252}	GENE_EOG092D1Q7K.nex
193	AA	Q.YEAST+R4{0.0709088,0.106165,0.245399,0.390224,0.483341,0.964581,0.20035,2.14868}	GENE_EOG092D1Q94.nex
194	AA	Q.YEAST+F+R4{0.0771703,0.0411817,0.150141,0.262865,0.499761,0.855904,0.272928,1.94047}	GENE_EOG092D1QLG.nex
195	AA	Q.YEAST+R4{0.134532,0.128224,0.313131,0.50748,0.416813,1.11894,0.135524,2.63755}	GENE_EOG092D1QPX.nex
196	AA	Q.YEAST+F+I{0.111089}+G4{1.0486}	GENE_EOG092D1QZ9.nex
197	AA	Q.YEAST+I{0.0258174}+G4{2.68391}	GENE_EOG092D1RSN.nex
198	AA	Q.YEAST+F+I{0.011136}+R3{0.145195,0.210198,0.407081,0.693129,0.436588,1.5743}	GENE_EOG092D1RW7.nex
199	AA	Q.YEAST+R5{0.290584,0.0244059,0.254201,0.318933,0.202516,1.12994,0.216034,2.19254,0.0366656,5.7095}	GENE_EOG092D1SC1.nex
200	AA	LG+F+I{0.166922}+G4{1.25415}	GENE_EOG092D1SLW.nex
201	AA	LG+I{0.116852}+G4{1.40494}	GENE_EOG092D1SW4.nex
202	AA	Q.YEAST+R4{0.165558,0.0374746,0.240188,0.359036,0.337468,0.939815,0.256786,2.2992}	GENE_EOG092D1T7G.nex
203	AA	LG+F+I{0.051158}+G4{1.61357}	GENE_EOG092D1TC1.nex
204	AA	Q.YEAST+F+R5{0.0776858,0.0195937,0.164745,0.152824,0.304039,0.513162,0.385065,1.15223,0.0684652,5.45676}	GENE_EOG092D1TP5.nex
205	AA	Q.PFAM+F+R3{0.114145,0.1201,0.321929,0.612792,0.563926,1.39915}	GENE_EOG092D1UCZ.nex
206	AA	Q.YEAST+I{0.0201957}+G4{1.68693}	GENE_EOG092D1UL3.nex
207	AA	LG+R4{0.203051,0.0519499,0.304515,0.400467,0.372076,1.27828,0.120357,3.25603}	GENE_EOG092D1UOB.nex
208	AA	Q.YEAST+I{0.340705}+R3{0.316627,0.317088,0.278383,2.01388,0.0642849,5.27296}	GENE_EOG092D1UVP.nex
209	AA	LG+F+R4{0.0920283,0.017407,0.197507,0.226126,0.360523,0.711653,0.349942,1.99224}	GENE_EOG092D1VHG.nex_GENE_EOG092D24YM.nex
210	AA	LG+F+R3{0.051858,0.141381,0.478797,0.578635,0.469345,1.52472}	GENE_EOG092D1VHP.nex
211	AA	Q.YEAST+R4{0.10851,0.0823236,0.348526,0.454964,0.450187,1.18426,0.0927765,3.22668}	GENE_EOG092D1VKT.nex
212	AA	Q.INSECT+I{0.269582}+G4{1.16393}	GENE_EOG092D1VPG.nex
213	AA	Q.YEAST+I{0.107705}+G4{0.953374}	GENE_EOG092D1VPO.nex
214	AA	Q.YEAST+I{0.198564}+R3{0.410883,0.386401,0.293641,1.52818,0.0969129,4.05001}	GENE_EOG092D1VUE.nex
215	AA	LG+F+I{0.0563734}+R3{0.144941,0.101919,0.376643,0.693443,0.422043,1.71558}	GENE_EOG092D1W7D.nex
216	AA	LG+F+I{0.0960644}+G4{1.30409}	GENE_EOG092D1W8I.nex
217	AA	Q.YEAST+I{0.0769833}+G4{1.41402}	GENE_EOG092D1YB4.nex
218	AA	Q.YEAST+R3{0.536804,0.116585,0.336818,1.24891,0.126378,4.08901}	GENE_EOG092D1YWG.nex
219	AA	Q.YEAST+R4{0.46136,0.0653878,0.221225,0.660897,0.20995,1.79914,0.107464,4.14925}	GENE_EOG092D1YZO.nex
220	AA	Q.YEAST+I{0.0543265}+R3{0.0952975,0.138683,0.45216,0.662528,0.398216,1.72574}	GENE_EOG092D1Z45.nex
221	AA	Q.YEAST+I{0.197556}+G4{1.03305}	GENE_EOG092D1ZEJ.nex
222	AA	LG+F+I{0.0968748}+G4{1.39411}	GENE_EOG092D1ZEW.nex
223	AA	LG+I{0.145632}+R3{0.200797,0.168064,0.339628,0.797238,0.313943,2.21534}	GENE_EOG092D1ZWB.nex
224	AA	Q.PFAM+F+I{0.0184373}+R3{0.122265,0.274566,0.321183,0.630724,0.538114,1.4195}	GENE_EOG092D20CT.nex
225	AA	Q.PFAM+F+I{0.03666}+R4{0.103092,0.11341,0.203944,0.472419,0.366499,0.958818,0.289805,1.86524}	GENE_EOG092D20HF.nex
226	AA	Q.YEAST+F+R4{0.152235,0.0844294,0.378377,0.531545,0.456787,1.50122,0.0126016,7.95804}	GENE_EOG092D23EJ.nex
227	AA	Q.YEAST+R4{0.548931,0.060074,0.208394,0.790206,0.147434,1.90003,0.0952409,5.48315}	GENE_EOG092D23QW.nex_GENE_EOG092D27ZM.nex
228	AA	Q.YEAST+I{0.144032}+G4{1.00125}	GENE_EOG092D23UZ.nex
229	AA	LG+F+I{0.0460321}+R4{0.0663292,0.125127,0.195595,0.375862,0.551927,0.954767,0.140117,2.79211}	GENE_EOG092D23WM.nex
230	AA	LG+F+G4{0.836915}	GENE_EOG092D24ND.nex
231	AA	LG+F+R4{0.0532813,0.111271,0.212243,0.342956,0.475985,0.900181,0.258491,1.90648}	GENE_EOG092D24W9.nex_GENE_EOG092D2IG4.nex
232	AA	LG+I{0.052012}+R3{0.212259,0.193874,0.334217,0.636868,0.401512,1.85797}	GENE_EOG092D2502.nex
233	AA	LG+F+I{0.0426154}+G4{1.42005}	GENE_EOG092D25D9.nex
234	AA	Q.YEAST+G4{0.431649}	GENE_EOG092D25DG.nex
235	AA	LG+R4{0.100606,0.0375774,0.310637,0.375963,0.402498,1.08331,0.186259,2.38057}	GENE_EOG092D26GB.nex
236	AA	LG+I{0.286233}+G4{0.861174}	GENE_EOG092D27I5.nex
237	AA	LG+R5{0.135056,0.0334305,0.20074,0.299728,0.250809,0.836912,0.0886933,0.946225,0.324702,1.97562}	GENE_EOG092D27O3.nex
238	AA	Q.YEAST+I{0.104665}+R4{0.132157,0.109307,0.188973,0.418535,0.398434,1.09654,0.17577,2.67146}	GENE_EOG092D27RI.nex
239	AA	LG+F+R4{0.219034,0.0760604,0.324959,0.507828,0.358275,1.44387,0.0977324,3.08}	GENE_EOG092D27Y2.nex
240	AA	Q.YEAST+R4{0.491199,0.0415115,0.213345,0.658426,0.241841,2.14045,0.0536154,5.99624}	GENE_EOG092D28HS.nex
241	AA	Q.YEAST+F+I{0.100425}+R4{0.144392,0.105335,0.281197,0.456937,0.313281,1.31756,0.160704,2.75995}	GENE_EOG092D28JA.nex
242	AA	Q.YEAST+F+I{0.0545326}+G4{1.1515}	GENE_EOG092D29J0.nex
243	AA	LG+F+R4{0.206483,0.0254144,0.256155,0.356011,0.289403,1.06838,0.24796,2.39703}	GENE_EOG092D2A2K.nex_GENE_EOG092D2W4H.nex
244	AA	LG+F+I{0.013212}+R3{0.109384,0.143018,0.386601,0.605995,0.490803,1.52827}	GENE_EOG092D2A51.nex_GENE_EOG092D4D32.nex
245	AA	Q.YEAST+R4{0.114909,0.0717213,0.315872,0.486352,0.458778,1.21438,0.110442,2.54435}	GENE_EOG092D2AME.nex
246	AA	Q.YEAST+R4{0.113297,0.112512,0.264173,0.425525,0.418518,0.98939,0.204013,2.2585}	GENE_EOG092D2APH.nex
247	AA	LG+R4{0.419956,0.0721291,0.330835,0.657876,0.210269,2.16645,0.0389402,7.61483}	GENE_EOG092D2ASD.nex
248	AA	LG+F+R4{0.131734,0.110719,0.280063,0.476002,0.400339,1.1099,0.187864,2.17055}	GENE_EOG092D2AWS.nex
249	AA	Q.PFAM+F+R3{0.135481,0.091544,0.460013,0.617199,0.404506,1.7396}	GENE_EOG092D2AZW.nex
250	AA	LG+F+R4{0.226872,0.0554861,0.235947,0.321869,0.378512,1.21985,0.158669,2.83445}	GENE_EOG092D2B2Y.nex
251	AA	Q.YEAST+F+R4{0.209714,0.0664626,0.35353,0.515599,0.308427,1.34565,0.128329,3.02931}	GENE_EOG092D2B4A.nex
252	AA	Q.YEAST+F+R4{0.119648,0.0597486,0.201285,0.327585,0.434771,0.94464,0.244295,2.11306}	GENE_EOG092D2BH7.nex
253	AA	LG+F+I{0.191241}+G4{0.834323}	GENE_EOG092D2BJH.nex
254	AA	LG+F+R4{0.0798733,0.077679,0.259435,0.365591,0.509765,1.07019,0.150926,2.34157}	GENE_EOG092D2C76.nex
255	AA	LG+I{0.169952}+G4{0.816191}	GENE_EOG092D2CAF.nex
256	AA	Q.YEAST+F+R4{0.0529595,0.0981253,0.298918,0.441052,0.441448,1.01113,0.206674,2.01575}	GENE_EOG092D2COI.nex
257	AA	LG+I{0.253598}+G4{1.16681}	GENE_EOG092D2D7L.nex
258	AA	Q.YEAST+I{0.147363}+G4{1.14297}	GENE_EOG092D2DAM.nex
259	AA	LG+I{0.0872907}+R3{0.186988,0.226413,0.555457,0.997465,0.170264,2.37052}	GENE_EOG092D2DNW.nex
260	AA	Q.PFAM+F+R3{0.191774,0.092928,0.357135,0.580083,0.451091,1.71808}	GENE_EOG092D2DQ7.nex
261	AA	LG+F+I{0.0181662}+R3{0.235674,0.115281,0.298268,0.600975,0.447892,1.77181}	GENE_EOG092D2E2U.nex
262	AA	Q.PFAM+F+R4{0.0630044,0.105401,0.310971,0.484144,0.553312,1.15737,0.0727129,2.78378}	GENE_EOG092D2ERC.nex
263	AA	LG+I{0.237303}+G4{0.89501}	GENE_EOG092D2G5H.nex
264	AA	LG+R5{0.0971485,0.0162431,0.125131,0.187999,0.304096,0.523402,0.297417,1.37061,0.176207,2.31597}	GENE_EOG092D2GPJ.nex
265	AA	Q.YEAST+F+R4{0.0921313,0.0510283,0.162168,0.261721,0.502061,0.792585,0.243639,2.27767}	GENE_EOG092D2GVZ.nex
266	AA	Q.YEAST+I{0.0550673}+R3{0.250758,0.224237,0.441772,0.925174,0.252402,2.11985}	GENE_EOG092D2HI6.nex
267	AA	LG+I{0.0927379}+R3{0.352432,0.325018,0.398028,1.02426,0.156802,3.04696}	GENE_EOG092D2IC5.nex
268	AA	LG+R4{0.35535,0.0257523,0.225772,0.425576,0.163915,1.22093,0.254963,2.72447}	GENE_EOG092D2ICY.nex
269	AA	Q.PFAM+F+I{0.0103398}+R4{0.0508241,0.119193,0.286915,0.356338,0.574335,0.840124,0.0775859,5.27403}	GENE_EOG092D2KKF.nex
270	AA	LG+I{0.0850252}+R4{0.141536,0.123913,0.265577,0.507284,0.379314,1.37493,0.128548,2.53763}	GENE_EOG092D2KS9.nex
271	AA	Q.YEAST+R3{0.539414,0.14264,0.374676,1.36642,0.0859103,4.78516}	GENE_EOG092D2LER.nex
272	AA	Q.YEAST+F+I{0.0284071}+R4{0.170416,0.178368,0.410549,0.559427,0.354042,1.58846,0.036586,4.85296}	GENE_EOG092D2LES.nex
273	AA	Q.YEAST+R3{0.335247,0.070612,0.408207,0.740744,0.256546,2.62701}	GENE_EOG092D2LX2.nex
274	AA	LG+I{0.065255}+G4{1.48152}	GENE_EOG092D2MH0.nex
275	AA	Q.YEAST+I{0.0541625}+G4{1.66257}	GENE_EOG092D2MZB.nex
276	AA	LG+I{0.287997}+G4{0.610776}	GENE_EOG092D2NES.nex
277	AA	LG+F+I{0.0264683}+R3{0.079996,0.118236,0.346758,0.605767,0.546778,1.42743}	GENE_EOG092D2O0K.nex
278	AA	Q.PFAM+F+R4{0.111216,0.0471882,0.187773,0.354029,0.369897,0.809179,0.331113,1.89954}	GENE_EOG092D2O8B.nex
279	AA	Q.INSECT+R4{0.0817906,0.0517634,0.198162,0.3212,0.450396,0.8079,0.269652,2.10732}	GENE_EOG092D2OSF.nex
280	AA	Q.PFAM+F+R4{0.136504,0.0225408,0.23063,0.304611,0.367057,1.0009,0.265809,2.10408}	GENE_EOG092D2PJJ.nex_GENE_EOG092D38RE.nex
281	AA	RTREV+F+I{0.191363}+G4{1.02638}	GENE_EOG092D2Q04.nex
282	AA	Q.YEAST+F+R4{0.143678,0.0891777,0.396361,0.364518,0.411957,1.05282,0.0480043,8.51988}	GENE_EOG092D2QY5.nex
283	AA	LG+F+I{0.0923213}+G4{0.9423}	GENE_EOG092D2R1Y.nex
284	AA	Q.INSECT+I{0.110987}+R3{0.358008,0.287809,0.400401,1.07476,0.130604,3.57284}	GENE_EOG092D2RAL.nex
285	AA	LG+I{0.116261}+G4{1.19018}	GENE_EOG092D2RBH.nex
286	AA	LG+R4{0.34487,0.0572605,0.349001,0.624289,0.211624,1.75718,0.0945051,4.1322}	GENE_EOG092D2RFR.nex
287	AA	Q.YEAST+I{0.090912}+R3{0.375804,0.320591,0.326547,0.972,0.206737,2.71899}	GENE_EOG092D2RFS.nex
288	AA	LG+F+R4{0.246498,0.0304618,0.30738,0.465166,0.221041,1.28508,0.225081,2.51222}	GENE_EOG092D2RJ9.nex_GENE_EOG092D3EJG.nex
289	AA	Q.YEAST+F+I{0.133523}+R4{0.184049,0.157154,0.286609,0.567597,0.306417,1.58975,0.0894021,3.59355}	GENE_EOG092D2RJR.nex
290	AA	Q.YEAST+G4{0.812039}	GENE_EOG092D2RP6.nex
291	AA	Q.YEAST+F+R4{0.0797163,0.0637159,0.217871,0.322791,0.453977,0.848142,0.248436,2.17182}	GENE_EOG092D2SZZ.nex
292	AA	LG+F+R3{0.292902,0.100927,0.388151,0.721384,0.318947,2.16472}	GENE_EOG092D2U1L.nex
293	AA	LG+F+I{0.128222}+G4{1.30781}	GENE_EOG092D2UBG.nex
294	AA	LG+I{0.106411}+R4{0.167803,0.129432,0.349116,0.574845,0.258672,1.35946,0.117999,3.60969}	GENE_EOG092D2UGI.nex
295	AA	LG+I{0.0235354}+G4{1.69681}	GENE_EOG092D2VBX.nex
296	AA	Q.YEAST+I{0.0749907}+R4{0.142192,0.155133,0.397793,0.517953,0.353216,1.45382,0.0318074,8.12353}	GENE_EOG092D2VEY.nex
297	AA	Q.YEAST+F+R3{0.111553,0.085128,0.535238,0.6059,0.353209,1.88615}	GENE_EOG092D2VYQ.nex
298	AA	Q.YEAST+I{0.143174}+R4{0.303305,0.217482,0.347438,1.00089,0.196517,2.38142,0.00956611,12.3666}	GENE_EOG092D2W7U.nex
299	AA	Q.YEAST+F+R3{0.0792694,0.0930389,0.259972,0.4535,0.660759,1.32382}	GENE_EOG092D2WL3.nex
300	AA	Q.YEAST+F+I{0.0415045}+R4{0.0889955,0.0993563,0.25273,0.405201,0.542072,1.23274,0.0746985,2.95212}	GENE_EOG092D2X9K.nex
301	AA	Q.PFAM+F+I{0.0261559}+R3{0.17157,0.201929,0.518343,0.81791,0.283931,1.90679}	GENE_EOG092D2XBR.nex
302	AA	LG+R4{0.146496,0.0259968,0.218317,0.325053,0.384808,0.958171,0.250379,2.22269}	GENE_EOG092D2XOE.nex
303	AA	Q.YEAST+F+R4{0.0521114,0.0527221,0.16304,0.296595,0.354989,0.790781,0.42986,1.55441}	GENE_EOG092D2XS7.nex
304	AA	Q.PFAM+F+I{0.0112524}+R4{0.0988976,0.105675,0.250189,0.442753,0.555344,1.10435,0.0843169,3.14861}	GENE_EOG092D2YAG.nex
305	AA	Q.YEAST+F+R4{0.0526252,0.10326,0.183346,0.391582,0.601348,0.908326,0.16268,2.31467}	GENE_EOG092D2YOQ.nex
306	AA	Q.YEAST+I{0.0575569}+R5{0.146843,0.0876228,0.291213,0.58107,0.317814,1.0173,0.175364,2.19887,0.0112091,9.72437}	GENE_EOG092D2YQC.nex
307	AA	LG+F+I{0.0114347}+R4{0.102798,0.129591,0.196438,0.411462,0.255671,0.794437,0.433658,1.62049}	GENE_EOG092D2Z0K.nex_GENE_EOG092D3IJD.nex
308	AA	Q.PFAM+F+R3{0.160549,0.217117,0.508376,0.832543,0.331075,1.63678}	GENE_EOG092D30CB.nex
309	AA	Q.YEAST+I{0.0683996}+G4{1.49608}	GENE_EOG092D310Y.nex
310	AA	Q.PFAM+I{0.136009}+G4{1.47332}	GENE_EOG092D31X5.nex
311	AA	Q.YEAST+F+I{0.0268862}+R4{0.118534,0.115167,0.350481,0.494638,0.462333,1.15686,0.0417659,6.65928}	GENE_EOG092D31Z3.nex_GENE_EOG092D3D5H.nex
312	AA	LG+F+R3{0.178943,0.182964,0.45553,0.686533,0.365527,1.79063}	GENE_EOG092D329B.nex
313	AA	Q.YEAST+F+G4{1.55548}	GENE_EOG092D33FU.nex
314	AA	Q.YEAST+F+R4{0.208452,0.104964,0.372019,0.497177,0.357461,1.45579,0.0620679,4.39471}	GENE_EOG092D33G3.nex
315	AA	Q.YEAST+R4{0.272448,0.0639522,0.293428,0.418154,0.309024,1.38169,0.1251,3.46047}	GENE_EOG092D34RI.nex
316	AA	Q.YEAST+F+I{0.0492595}+R3{0.161317,0.2347,0.513075,0.808923,0.276349,1.97975}	GENE_EOG092D34V3.nex
317	AA	Q.YEAST+I{0.0727934}+R4{0.170846,0.108951,0.20879,0.438653,0.292585,1.1178,0.254985,2.20698}	GENE_EOG092D357K.nex_GENE_EOG092D3LLM.nex
318	AA	Q.YEAST+I{0.107931}+G4{1.93784}	GENE_EOG092D35VJ.nex
319	AA	Q.YEAST+F+R4{0.0664694,0.124232,0.22138,0.432223,0.421187,0.947078,0.290963,1.70867}	GENE_EOG092D383L.nex
320	AA	LG+I{0.0929253}+G4{1.33898}	GENE_EOG092D38PJ.nex
321	AA	Q.YEAST+F+I{0.0328009}+R4{0.189314,0.175917,0.455987,0.693522,0.301611,1.53774,0.0202878,9.20056}	GENE_EOG092D3942.nex
322	AA	Q.YEAST+I{0.040009}+G4{1.96228}	GENE_EOG092D3A58.nex
323	AA	Q.PFAM+F+R3{0.106941,0.130795,0.400056,0.62738,0.493003,1.49092}	GENE_EOG092D3ASB.nex_GENE_EOG092D3NQF.nex
324	AA	Q.YEAST+F+I{0.0724299}+R3{0.15625,0.19072,0.41898,0.71246,0.35234,1.90638}	GENE_EOG092D3B56.nex
325	AA	Q.YEAST+I{0.0398911}+R3{0.203456,0.204402,0.425813,0.791334,0.330841,1.87841}	GENE_EOG092D3BUG.nex
326	AA	LG+I{0.154036}+R3{0.218724,0.216983,0.380275,0.982628,0.246965,2.34394}	GENE_EOG092D3CSS.nex
327	AA	Q.YEAST+F+R3{0.19213,0.0879525,0.300061,0.602013,0.507808,1.58024}	GENE_EOG092D3D0W.nex
328	AA	LG+F+I{0.0213577}+R4{0.170742,0.147787,0.371491,0.559982,0.289732,1.19361,0.146677,2.86964}	GENE_EOG092D3DOE.nex
329	AA	LG+I{0.0244084}+G4{1.40233}	GENE_EOG092D3ECY.nex
330	AA	LG+I{0.0799111}+G4{1.62527}	GENE_EOG092D3EJQ.nex
331	AA	Q.PFAM+F+I{0.0756127}+R3{0.187146,0.159497,0.339077,0.679814,0.398165,1.85763}	GENE_EOG092D3EQH.nex
332	AA	LG+I{0.110141}+G4{0.818166}	GENE_EOG092D3ETT.nex
333	AA	LG+I{0.0562788}+R3{0.141986,0.172555,0.314914,0.648162,0.486821,1.58453}	GENE_EOG092D3FDW.nex
334	AA	Q.PFAM+F+I{0.0081094}+R4{0.0703428,0.16559,0.279964,0.536337,0.584409,1.11436,0.0571742,3.26992}	GENE_EOG092D3HBU.nex
335	AA	Q.YEAST+I{0.0641833}+R3{0.153039,0.132117,0.471524,0.74331,0.311254,2.0218}	GENE_EOG092D3HE2.nex
336	AA	Q.YEAST+F+R4{0.0994665,0.039462,0.350501,0.347976,0.465941,0.917812,0.0840922,5.30921}	GENE_EOG092D3HV9.nex
337	AA	Q.YEAST+F+I{0.0243605}+R3{0.108084,0.172191,0.320463,0.602079,0.547093,1.44115}	GENE_EOG092D3IQI.nex
338	AA	Q.YEAST+F+R4{0.104569,0.0631706,0.247874,0.415034,0.541925,1.15768,0.105632,2.49111}	GENE_EOG092D3IVF.nex
339	AA	Q.YEAST+F+G4{1.60423}	GENE_EOG092D3K5U.nex
340	AA	LG+F+R3{0.113614,0.0521822,0.358726,0.601757,0.52766,1.47482}	GENE_EOG092D3KF0.nex
341	AA	Q.PFAM+F+R4{0.153977,0.046839,0.356274,0.514982,0.350006,1.42571,0.139742,2.22056}	GENE_EOG092D3LD3.nex
342	AA	Q.YEAST+F+R3{0.179968,0.105944,0.408738,0.66705,0.411294,1.72209}	GENE_EOG092D3M40.nex
343	AA	Q.YEAST+R3{0.105372,0.166281,0.450864,0.618178,0.443765,1.5859}	GENE_EOG092D3NFG.nex
344	AA	LG+I{0.0486886}+R3{0.17291,0.178263,0.428645,0.711324,0.349757,1.89924}	GENE_EOG092D3NOC.nex
345	AA	Q.YEAST+F+I{0.0496991}+R4{0.0914534,0.111981,0.212921,0.362759,0.423848,0.942405,0.222079,2.31037}	GENE_EOG092D3NXJ.nex
346	AA	LG+F+I{0.0453294}+R3{0.218011,0.217593,0.542629,0.901384,0.19403,2.38852}	GENE_EOG092D3OPM.nex
347	AA	LG+F+I{0.0312167}+R3{0.177895,0.251515,0.514739,0.798009,0.276149,1.97173}	GENE_EOG092D3PF3.nex
348	AA	LG+F+I{0.0491812}+G4{1.51666}	GENE_EOG092D3PY2.nex
349	AA	Q.PFAM+F+I{0.00722128}+R3{0.0503808,0.169224,0.302808,0.559512,0.63959,1.28528}	GENE_EOG092D3QQQ.nex
350	AA	Q.PFAM+I{0.16202}+G4{1.53549}	GENE_EOG092D3QR7.nex
351	AA	LG+F+I{0.0231677}+R3{0.154082,0.200492,0.346773,0.683876,0.475977,1.5378}	GENE_EOG092D3WBP.nex
352	AA	Q.YEAST+F+G4{0.611169}	GENE_EOG092D3WSA.nex
353	AA	Q.YEAST+I{0.0603637}+G4{1.65893}	GENE_EOG092D3Z6V.nex
354	AA	Q.YEAST+F+I{0.0749911}+G4{2.68351}	GENE_EOG092D4145.nex
355	AA	Q.YEAST+F+I{0.0202859}+R3{0.191566,0.208147,0.54241,0.802273,0.245739,2.13628}	GENE_EOG092D430X.nex
356	AA	Q.YEAST+F+I{0.0151237}+R4{0.0850579,0.120099,0.230773,0.446991,0.448893,0.985653,0.220152,2.0176}	GENE_EOG092D47B5.nex
357	AA	LG+F+I{0.0608382}+R3{0.282631,0.176335,0.341831,0.822616,0.314699,2.12573}	GENE_EOG092D4B4O.nex
358	AA	LG+I{0.0251047}+R4{0.0972292,0.0844741,0.157138,0.316048,0.533218,0.87148,0.18731,2.5489}	GENE_EOG092D4CP0.nex
359	AA	Q.YEAST+F+R4{0.106362,0.0715544,0.188733,0.250391,0.449796,0.611722,0.255109,2.62626}	GENE_EOG092D4EV2.nex
360	AA	Q.PFAM+F+I{0.0465301}+R3{0.201996,0.217085,0.326444,0.757211,0.42503,1.66803}	GENE_EOG092D4FU5.nex
361	AA	Q.PFAM+F+R5{0.0712737,0.0348305,0.204921,0.247197,0.507386,0.653394,0.15391,1.16821,0.0625093,6.96761}	GENE_EOG092D4JU7.nex_GENE_EOG092D4KGF.nex
Info: multi-threading strategy over partitions

[Alignment Simulator] Executing
Reading partition model file d:\BIOL8701\BACKUP\dataset_result\Ascomycota\partition\Q_unlinked\Ascomycota20_Q_mf.best_model.nex ...

Loading 361 partitions...
Subset	Type	Model	Name
1	AA	Q.YEAST+I{0.029647}+R6{0.0803553,0.0957998,0.166079,0.294093,0.247187,0.624022,0.15927,0.929807,0.231881,1.56036,0.08558,3.26363}	GENE_EOG092D0072.nex
2	AA	Q.YEAST+F+R5{0.213968,0.0276924,0.277022,0.315321,0.279863,0.913641,0.173352,2.14738,0.0557952,4.99643}	GENE_EOG092D00LL.nex
3	AA	Q.YEAST+F+R4{0.0622927,0.0750411,0.184753,0.352331,0.342815,0.791316,0.410139,1.60666}	GENE_EOG092D0124.nex
4	AA	Q.YEAST+F+R5{0.0199762,0.0177582,0.0803252,0.190198,0.285014,0.480926,0.319811,0.906204,0.294873,1.89059}	GENE_EOG092D01J4.nex
5	AA	Q.YEAST+F+R4{0.0897797,0.099916,0.239349,0.407309,0.383606,0.914662,0.287266,1.88909}	GENE_EOG092D01QP.nex
6	AA	Q.YEAST+F+R4{0.0302506,0.102569,0.294665,0.467994,0.486727,0.998863,0.188358,1.97933}	GENE_EOG092D01WH.nex
7	AA	Q.YEAST+R4{0.204887,0.0594176,0.40231,0.527022,0.301586,1.53296,0.0912175,3.43663}	GENE_EOG092D01YA.nex
8	AA	Q.YEAST+F+R5{0.0512975,0.0595702,0.141519,0.264948,0.327471,0.565147,0.347328,1.26398,0.132385,2.53326}	GENE_EOG092D02MN.nex
9	AA	Q.INSECT+I{0.0942029}+R4{0.257215,0.202556,0.259806,0.679722,0.293008,1.42591,0.0957679,3.69121}	GENE_EOG092D02YC.nex
10	AA	LG+F+R5{0.211405,0.0306898,0.184244,0.288686,0.250715,0.745129,0.282112,1.80358,0.0715245,3.42118}	GENE_EOG092D03AT.nex
11	AA	Q.PFAM+F+I{0.0155882}+R4{0.130843,0.173121,0.340863,0.586481,0.43441,1.30582,0.0782952,2.6844}	GENE_EOG092D03HZ.nex
12	AA	LG+F+I{0.0114739}+R4{0.103708,0.180257,0.312596,0.572833,0.377897,1.0542,0.194325,2.07828}	GENE_EOG092D041E.nex
13	AA	Q.PFAM+F+I{0.0401888}+R4{0.103741,0.090711,0.154209,0.353203,0.303095,0.892048,0.398766,1.66952}	GENE_EOG092D042R.nex
14	AA	LG+F+G4{1.28657}	GENE_EOG092D0454.nex
15	AA	Q.YEAST+F+I{0.00710097}+R4{0.11123,0.16702,0.361803,0.527299,0.361259,1.16369,0.158607,2.33439}	GENE_EOG092D048Q.nex
16	AA	LG+F+I{0.0275262}+R4{0.128667,0.0954518,0.272293,0.431335,0.351724,1.0285,0.21979,2.31367}	GENE_EOG092D04CD.nex
17	AA	Q.YEAST+F+R4{0.0573492,0.0726131,0.257232,0.339624,0.460648,0.968095,0.22477,2.05776}	GENE_EOG092D054H.nex
18	AA	Q.PFAM+F+R4{0.0425728,0.101461,0.282968,0.466219,0.447263,1.02763,0.227196,1.77879}	GENE_EOG092D0564.nex
19	AA	Q.PFAM+F+I{0.0149897}+R4{0.0620001,0.161229,0.229195,0.478862,0.38283,0.9471,0.310985,1.66462}	GENE_EOG092D056B.nex
20	AA	Q.YEAST+F+R4{0.0717201,0.130147,0.236056,0.390586,0.469913,0.951333,0.222311,2.03059}	GENE_EOG092D0590.nex
21	AA	RTREV+F+R4{0.114642,0.0417789,0.172604,0.276141,0.353277,0.808374,0.359478,1.84147}	GENE_EOG092D05LP.nex
22	AA	Q.YEAST+F+R5{0.0776179,0.0219221,0.135894,0.200951,0.244018,0.566474,0.36652,1.12789,0.17595,2.38345}	GENE_EOG092D05X9.nex
23	AA	LG+F+I{0.145198}+R4{0.214787,0.157177,0.330414,0.769065,0.228206,1.83637,0.081395,3.60046}	GENE_EOG092D068O.nex_GENE_EOG092D3ALG.nex
24	AA	Q.YEAST+I{0.0763273}+G4{1.26188}	GENE_EOG092D069S.nex
25	AA	LG+F+R4{0.0625361,0.090442,0.220861,0.421028,0.361869,0.857305,0.354734,1.66639}	GENE_EOG092D06BS.nex
26	AA	LG+F+R4{0.0693447,0.0675537,0.234419,0.357488,0.422131,0.868873,0.274105,1.98732}	GENE_EOG092D06QZ.nex
27	AA	LG+F+I{0.0812471}+R3{0.207494,0.190116,0.394492,0.796295,0.316767,2.04068}	GENE_EOG092D06WH.nex_GENE_EOG092D3HVD.nex
28	AA	Q.YEAST+I{0.0935556}+R4{0.205146,0.109426,0.302583,0.562831,0.232185,1.45357,0.166531,2.82081}	GENE_EOG092D076U.nex
29	AA	Q.YEAST+I{0.110182}+G4{1.30935}	GENE_EOG092D07D8.nex
30	AA	Q.YEAST+F+I{0.127827}+R4{0.213052,0.107015,0.244223,0.627015,0.270663,1.51459,0.144235,2.87118}	GENE_EOG092D07JG.nex
31	AA	LG+F+R4{0.0425817,0.0726788,0.22542,0.373808,0.515574,0.908925,0.216425,2.05163}	GENE_EOG092D07ZP.nex
32	AA	LG+F+I{0.141578}+R4{0.181221,0.187326,0.241216,0.593609,0.328934,1.41348,0.107051,3.34348}	GENE_EOG092D080M.nex
33	AA	LG+F+I{0.0763447}+R4{0.110273,0.103457,0.199183,0.367853,0.334474,0.960374,0.279725,2.12387}	GENE_EOG092D08DO.nex_GENE_EOG092D29YU.nex
34	AA	Q.YEAST+F+R5{0.0517225,0.018054,0.133322,0.197473,0.29317,0.545009,0.37657,1.22738,0.145215,2.41548}	GENE_EOG092D08HR.nex
35	AA	Q.YEAST+R4{0.0837276,0.0836828,0.367253,0.475334,0.317435,1.08572,0.231585,2.04582}	GENE_EOG092D0905.nex
36	AA	Q.YEAST+F+I{0.109402}+G4{1.15092}	GENE_EOG092D092M.nex
37	AA	Q.YEAST+R5{0.260993,0.0238685,0.212865,0.231192,0.283712,0.920778,0.166999,2.11185,0.0754301,4.38346}	GENE_EOG092D0951.nex
38	AA	Q.YEAST+R4{0.315829,0.0316669,0.263585,0.42773,0.295176,1.39288,0.12541,3.7167}	GENE_EOG092D09N2.nex
39	AA	LG+F+I{0.0167789}+R4{0.0758322,0.108506,0.167337,0.411961,0.539737,0.961419,0.200315,2.01643}	GENE_EOG092D09PM.nex
40	AA	Q.YEAST+I{0.0665696}+R4{0.155093,0.140102,0.298204,0.490402,0.293162,1.22105,0.186971,2.53549}	GENE_EOG092D09R6.nex_GENE_EOG092D0HBI.nex
41	AA	Q.YEAST+F+I{0.00700691}+R4{0.145701,0.1952,0.403412,0.630383,0.408054,1.4679,0.0358266,3.30122}	GENE_EOG092D09SW.nex
42	AA	Q.YEAST+I{0.0897535}+G4{1.13935}	GENE_EOG092D09TB.nex
43	AA	Q.YEAST+I{0.00463489}+R4{0.127648,0.193835,0.410806,0.60839,0.434143,1.32404,0.0227681,6.61027}	GENE_EOG092D0AI2.nex
44	AA	Q.YEAST+F+R4{0.0205334,0.0681353,0.144515,0.295445,0.40928,0.700037,0.425672,1.57256}	GENE_EOG092D0ANR.nex
45	AA	Q.YEAST+R5{0.0716984,0.013558,0.150477,0.173793,0.23473,0.51261,0.248017,1.07856,0.295077,1.9827}	GENE_EOG092D0B03.nex_GENE_EOG092D1H9Y.nex
46	AA	Q.YEAST+F+R4{0.0970475,0.0523305,0.251736,0.353931,0.377745,0.941609,0.273471,2.01168}	GENE_EOG092D0BFU.nex
47	AA	LG+R4{0.257617,0.0241897,0.263961,0.371728,0.3051,1.31757,0.173322,2.8482}	GENE_EOG092D0BHJ.nex
48	AA	Q.YEAST+I{0.171188}+G4{0.931934}	GENE_EOG092D0BMY.nex
49	AA	Q.YEAST+F+I{0.111806}+R4{0.316685,0.0835049,0.294945,0.726037,0.212618,2.03454,0.0639454,5.11113}	GENE_EOG092D0BYJ.nex
50	AA	LG+F+I{0.00751398}+R3{0.13402,0.22735,0.446316,0.67878,0.41215,1.61733}	GENE_EOG092D0CTT.nex
51	AA	Q.YEAST+R4{0.115004,0.0134166,0.257638,0.284258,0.408228,0.974461,0.219129,2.40688}	GENE_EOG092D0CUX.nex
52	AA	Q.YEAST+I{0.0182581}+R4{0.0631131,0.124941,0.275335,0.463862,0.385365,0.977469,0.257929,1.89089}	GENE_EOG092D0DYZ.nex
53	AA	LG+F+R4{0.0696032,0.0491592,0.164146,0.266135,0.379584,0.772659,0.386666,1.70588}	GENE_EOG092D0E4N.nex_GENE_EOG092D3039.nex
54	AA	Q.YEAST+F+I{0.0112439}+R4{0.108211,0.114041,0.295261,0.457153,0.444791,1.10844,0.140493,2.55994}	GENE_EOG092D0EC9.nex
55	AA	Q.YEAST+R4{0.238905,0.0938501,0.294929,0.498584,0.297858,1.21511,0.168308,2.7842}	GENE_EOG092D0EGX.nex
56	AA	Q.YEAST+R4{0.0919605,0.128852,0.277324,0.449213,0.434008,1.04497,0.196708,2.08455}	GENE_EOG092D0EMK.nex
57	AA	Q.YEAST+F+R4{0.0650917,0.164648,0.239065,0.447261,0.442055,0.938514,0.253788,1.84202}	GENE_EOG092D0EUY.nex
58	AA	Q.YEAST+F+R4{0.0247177,0.0278956,0.171443,0.315605,0.488844,0.749181,0.314995,1.83803}	GENE_EOG092D0F10.nex
59	AA	Q.YEAST+R4{0.0777507,0.0567543,0.251947,0.345692,0.367937,0.898766,0.302365,1.91094}	GENE_EOG092D0FF8.nex
60	AA	Q.PFAM+F+I{0.067856}+R3{0.18935,0.207644,0.333442,0.722143,0.409352,1.75861}	GENE_EOG092D0FQ1.nex_GENE_EOG092D12AA.nex_GENE_EOG092D3R6Y.nex
61	AA	LG+F+R4{0.163553,0.0294191,0.133225,0.263111,0.266988,0.674969,0.436233,1.78787}	GENE_EOG092D0FXM.nex
62	AA	Q.YEAST+F+R5{0.0501543,0.0218412,0.156574,0.211995,0.364195,0.578155,0.383959,1.32018,0.0451186,5.50231}	GENE_EOG092D0GJX.nex
63	AA	Q.YEAST+R5{0.0609145,0.0431874,0.154429,0.199337,0.263798,0.514035,0.344329,1.1308,0.176529,2.50167}	GENE_EOG092D0GS4.nex
64	AA	LG+F+R4{0.117786,0.028769,0.201905,0.286873,0.327349,0.882569,0.35296,1.84095}	GENE_EOG092D0HE1.nex
65	AA	Q.YEAST+R5{0.173455,0.0528126,0.212323,0.366579,0.319805,0.852812,0.230518,1.81319,0.0638996,3.47892}	GENE_EOG092D0HKD.nex
66	AA	LG+F+R4{0.0253894,0.044543,0.123976,0.322116,0.443033,0.697272,0.407602,1.59474}	GENE_EOG092D0HR5.nex
67	AA	Q.YEAST+R4{0.150183,0.0592541,0.319722,0.427862,0.373011,1.20666,0.157085,2.57319}	GENE_EOG092D0HUI.nex_GENE_EOG092D0KIC.nex
68	AA	Q.YEAST+I{0.122106}+R4{0.240392,0.175674,0.195144,0.685409,0.29681,1.34155,0.145548,2.92571}	GENE_EOG092D0I6N.nex
69	AA	Q.YEAST+I{0.0544586}+R3{0.215991,0.163763,0.341656,0.652271,0.387894,1.91232}	GENE_EOG092D0IC1.nex
70	AA	Q.YEAST+F+R3{0.117351,0.151596,0.428154,0.664431,0.454496,1.53518}	GENE_EOG092D0ITM.nex
71	AA	Q.YEAST+I{0.233778}+R4{0.325187,0.270464,0.178251,0.996198,0.215123,2.3059,0.047661,5.00248}	GENE_EOG092D0IU7.nex
72	AA	Q.YEAST+I{0.148636}+G4{0.878816}	GENE_EOG092D0J6Y.nex
73	AA	LG+F+R4{0.0357471,0.0857627,0.182281,0.370052,0.266235,0.741436,0.515737,1.41949}	GENE_EOG092D0JFU.nex
74	AA	LG+F+I{0.0241153}+R3{0.163804,0.202202,0.385004,0.654459,0.427077,1.67396}	GENE_EOG092D0JYM.nex
75	AA	Q.YEAST+F+R5{0.0938889,0.0444879,0.153023,0.267706,0.266963,0.641367,0.428974,1.36239,0.0571514,3.48559}	GENE_EOG092D0KTI.nex
76	AA	Q.PFAM+F+R3{0.119977,0.167952,0.444907,0.653417,0.435115,1.58381}	GENE_EOG092D0L00.nex
77	AA	Q.YEAST+F+R4{0.280952,0.0189341,0.200534,0.29665,0.286961,1.04242,0.231553,2.74693}	GENE_EOG092D0LJK.nex
78	AA	Q.YEAST+I{0.0438691}+R4{0.109652,0.095318,0.244183,0.397276,0.376779,1.01379,0.225516,2.26399}	GENE_EOG092D0LJL.nex_GENE_EOG092D3ZQD.nex
79	AA	LG+F+I{0.132309}+R4{0.202121,0.11602,0.262406,0.50867,0.329296,1.41452,0.0738677,5.10743}	GENE_EOG092D0LL2.nex_GENE_EOG092D2M1W.nex
80	AA	LG+I{0.0389598}+R4{0.152093,0.162656,0.21008,0.497812,0.418287,1.02462,0.18058,2.44819}	GENE_EOG092D0LVZ.nex
81	AA	Q.YEAST+F+R5{0.0395856,0.0541981,0.12657,0.245282,0.374192,0.641738,0.394877,1.36226,0.0647753,2.91395}	GENE_EOG092D0M7O.nex
82	AA	Q.YEAST+R4{0.152218,0.0293982,0.250266,0.31256,0.354508,0.972409,0.243008,2.3562}	GENE_EOG092D0MFC.nex
83	AA	Q.PFAM+F+I{0.0119417}+R3{0.0958425,0.199576,0.367955,0.582104,0.524261,1.46241}	GENE_EOG092D0NEP.nex
84	AA	Q.YEAST+F+R5{0.136278,0.0165308,0.163321,0.185062,0.281974,0.607484,0.253738,1.35764,0.164689,2.743}	GENE_EOG092D0NJO.nex
85	AA	LG+F+R4{0.35455,0.0621999,0.314448,0.684988,0.250853,1.79049,0.0801503,3.91023}	GENE_EOG092D0NUZ.nex
86	AA	Q.YEAST+R4{0.317233,0.0670901,0.304241,0.543914,0.315959,1.65587,0.0625663,4.63584}	GENE_EOG092D0O5Q.nex
87	AA	Q.YEAST+F+R4{0.120521,0.0501723,0.271534,0.34077,0.353922,0.914649,0.254024,2.27423}	GENE_EOG092D0OAE.nex
88	AA	Q.YEAST+F+R4{0.0869407,0.0467402,0.264728,0.406874,0.471321,0.984591,0.177011,2.39628}	GENE_EOG092D0OJS.nex
89	AA	LG+F+I{0.0354272}+R3{0.201513,0.216866,0.443736,0.767662,0.319324,1.92801}	GENE_EOG092D0OMH.nex
90	AA	Q.YEAST+R4{0.383619,0.0357331,0.332977,0.578203,0.199457,1.89252,0.0839471,4.95892}	GENE_EOG092D0OOP.nex
91	AA	Q.YEAST+I{0.0518589}+R4{0.115292,0.0995282,0.177475,0.344552,0.373615,0.886444,0.281759,2.11595}	GENE_EOG092D0OYE.nex_GENE_EOG092D0YSG.nex
92	AA	Q.YEAST+F+I{0.00775797}+R4{0.0483719,0.103861,0.300037,0.411748,0.439984,0.984947,0.203849,2.14902}	GENE_EOG092D0P0O.nex
93	AA	Q.YEAST+F+R4{0.103522,0.0171374,0.178917,0.263318,0.338747,0.76792,0.378814,1.82407}	GENE_EOG092D0PER.nex
94	AA	Q.YEAST+I{0.0917973}+R4{0.126458,0.0761177,0.271652,0.434913,0.335221,1.20812,0.174871,2.67192}	GENE_EOG092D0PHK.nex
95	AA	Q.YEAST+F+R3{0.0979922,0.134043,0.579384,0.689896,0.322624,1.81992}	GENE_EOG092D0PK7.nex
96	AA	LG+F+I{0.0283685}+R4{0.0938956,0.10325,0.248837,0.426511,0.433937,1.07394,0.194961,2.14479}	GENE_EOG092D0PTK.nex_GENE_EOG092D1ZGE.nex
97	AA	Q.YEAST+F+I{0.0168185}+R4{0.0764795,0.093459,0.222138,0.388037,0.505245,1.03091,0.179319,2.15144}	GENE_EOG092D0Q00.nex_GENE_EOG092D3FYF.nex
98	AA	Q.YEAST+R4{0.12883,0.0489359,0.279494,0.389796,0.455039,1.11218,0.136637,2.77132}	GENE_EOG092D0Q8X.nex
99	AA	Q.YEAST+I{0.0502089}+G4{1.79684}	GENE_EOG092D0QW3.nex
100	AA	LG+F+R4{0.0641011,0.0243373,0.152124,0.288919,0.293231,0.709726,0.490544,1.52152}	GENE_EOG092D0R62.nex
101	AA	LG+F+I{0.0408603}+R3{0.135689,0.188529,0.401182,0.741463,0.422269,1.60314}	GENE_EOG092D0R9A.nex
102	AA	LG+F+R4{0.0688337,0.16867,0.336166,0.505037,0.529918,1.14854,0.065083,3.22637}	GENE_EOG092D0S5N.nex
103	AA	LG+I{0.182673}+G4{1.18291}	GENE_EOG092D0SNY.nex
104	AA	Q.YEAST+R4{0.370432,0.0704388,0.338584,0.639859,0.261594,2.15023,0.0293907,6.62709}	GENE_EOG092D0SSQ.nex
105	AA	Q.YEAST+R3{0.115778,0.134221,0.467862,0.615559,0.41636,1.67274}	GENE_EOG092D0T1H.nex
106	AA	LG+F+I{0.087795}+R4{0.140579,0.082204,0.281588,0.46918,0.384557,1.36033,0.105482,3.15889}	GENE_EOG092D0T75.nex
107	AA	Q.YEAST+I{0.0457572}+R4{0.10751,0.111944,0.371032,0.518107,0.373597,1.42093,0.102104,2.59416}	GENE_EOG092D0T8J.nex
108	AA	Q.YEAST+F+R5{0.168408,0.0925607,0.243586,0.400399,0.354174,0.913906,0.215522,2.06796,0.0183109,6.41738}	GENE_EOG092D0UBQ.nex
109	AA	LG+R4{0.173228,0.0373277,0.212885,0.386672,0.384825,1.02418,0.229062,2.25741}	GENE_EOG092D0UFO.nex
110	AA	LG+R4{0.159523,0.0215768,0.233067,0.260475,0.405671,0.984571,0.201739,2.65907}	GENE_EOG092D0UJA.nex
111	AA	Q.YEAST+F+I{0.0786032}+R4{0.0910205,0.0573675,0.145197,0.242824,0.311781,0.706479,0.373398,1.9798}	GENE_EOG092D0ULK.nex
112	AA	Q.YEAST+F+I{0.14868}+R4{0.245853,0.120638,0.319344,0.763311,0.219779,2.06716,0.0663434,4.10385}	GENE_EOG092D0UX9.nex
113	AA	Q.YEAST+R5{0.186234,0.050014,0.180195,0.341664,0.386393,0.85995,0.224061,1.95515,0.0231177,6.86788}	GENE_EOG092D0V4E.nex
114	AA	Q.PFAM+F+R4{0.167698,0.106964,0.25928,0.475171,0.346745,1.08199,0.226277,2.13758}	GENE_EOG092D0VF1.nex
115	AA	Q.YEAST+F+I{0.0210158}+R4{0.0865041,0.0897441,0.23123,0.398061,0.418156,0.981307,0.243094,2.01508}	GENE_EOG092D0VMZ.nex_GENE_EOG092D1R2W.nex
116	AA	Q.PFAM+F+I{0.0862706}+R4{0.161906,0.100196,0.196683,0.439434,0.356204,1.2495,0.198937,2.27345}	GENE_EOG092D0WLP.nex
117	AA	Q.YEAST+F+I{0.0342439}+G4{1.65103}	GENE_EOG092D0XB4.nex
118	AA	Q.YEAST+F+R4{0.0546139,0.119838,0.278125,0.492355,0.522211,1.07737,0.145051,2.02622}	GENE_EOG092D0XCU.nex
119	AA	Q.YEAST+R4{0.1332,0.0400712,0.342934,0.436392,0.455954,1.34482,0.0679123,3.41368}	GENE_EOG092D0XEW.nex_GENE_EOG092D3VHN.nex
120	AA	Q.YEAST+F+I{0.0459943}+G4{1.81449}	GENE_EOG092D0YQS.nex
121	AA	LG+F+I{0.03567}+R4{0.171262,0.0981662,0.23468,0.397599,0.3478,1.08709,0.210588,2.43028}	GENE_EOG092D0YYX.nex
122	AA	Q.YEAST+I{0.0442701}+R4{0.364047,0.389152,0.348482,0.808485,0.226835,2.06192,0.0163655,6.6525}	GENE_EOG092D0ZAJ.nex
123	AA	Q.YEAST+I{0.0345505}+R4{0.126098,0.144606,0.322925,0.498763,0.402439,1.2297,0.113988,2.85839}	GENE_EOG092D10DF.nex
124	AA	Q.YEAST+R4{0.142034,0.0407527,0.258066,0.325678,0.201513,0.7857,0.398387,1.8872}	GENE_EOG092D10GL.nex
125	AA	Q.YEAST+F+R4{0.0642652,0.0525577,0.216448,0.388954,0.422877,0.915124,0.296411,1.77271}	GENE_EOG092D10OW.nex
126	AA	Q.YEAST+F+R4{0.152514,0.0753307,0.431271,0.535932,0.339944,1.41911,0.0762709,3.60508}	GENE_EOG092D10UA.nex
127	AA	Q.YEAST+I{0.106427}+G4{1.08485}	GENE_EOG092D10XC.nex_GENE_EOG092D19T7.nex
128	AA	Q.YEAST+F+I{0.138976}+G4{1.25502}	GENE_EOG092D11OI.nex
129	AA	LG+F+R4{0.343244,0.04385,0.250945,0.534797,0.253108,1.43272,0.152704,3.19646}	GENE_EOG092D11XU.nex_GENE_EOG092D1JIT.nex
130	AA	Q.YEAST+I{0.351583}+R3{0.323716,0.364594,0.242835,1.94769,0.0818662,4.99606}	GENE_EOG092D12CU.nex
131	AA	LG+I{0.176823}+R3{0.307789,0.312418,0.434103,1.3039,0.0812859,4.1559}	GENE_EOG092D12N2.nex
132	AA	Q.PFAM+F+R4{0.0999994,0.0418323,0.330011,0.403661,0.382966,1.11177,0.187024,2.33572}	GENE_EOG092D12VX.nex
133	AA	Q.YEAST+F+I{0.0119228}+R4{0.214338,0.170906,0.339703,0.635804,0.371583,1.36303,0.0624531,3.85735}	GENE_EOG092D12Y0.nex
134	AA	LG+F+I{0.00544331}+R4{0.0851157,0.152633,0.199008,0.399325,0.502057,0.921898,0.208376,2.1341}	GENE_EOG092D13K4.nex
135	AA	LG+I{0.176995}+R3{0.325334,0.271728,0.368865,1.30393,0.128806,3.34319}	GENE_EOG092D13QH.nex
136	AA	Q.YEAST+I{0.132116}+G4{1.00334}	GENE_EOG092D13SA.nex
137	AA	Q.YEAST+F+R4{0.0669113,0.110971,0.303866,0.462252,0.536683,1.13901,0.09254,2.60237}	GENE_EOG092D13U3.nex
138	AA	Q.PFAM+F+I{0.00486859}+R3{0.0889793,0.192203,0.38912,0.618339,0.517033,1.43567}	GENE_EOG092D14CG.nex
139	AA	Q.YEAST+F+I{0.014916}+R4{0.109651,0.180495,0.297989,0.486173,0.37739,1.06738,0.200053,2.162}	GENE_EOG092D14XV.nex
140	AA	LG+F+I{0.0937017}+R3{0.15309,0.122475,0.361094,0.641621,0.392115,1.9116}	GENE_EOG092D164Q.nex
141	AA	Q.YEAST+F+I{0.0078486}+R3{0.18629,0.263614,0.426454,0.783732,0.379408,1.62534}	GENE_EOG092D16KC.nex
142	AA	Q.YEAST+F+I{0.0366433}+R5{0.0768109,0.0476638,0.11981,0.150995,0.222882,0.385053,0.470071,0.920992,0.073783,6.22766}	GENE_EOG092D16LD.nex
143	AA	LG+F+R6{0.0318426,0.00768859,0.136198,0.159962,0.216534,0.46162,0.301968,0.793596,0.296751,1.6603,0.0167066,8.71973}	GENE_EOG092D16QM.nex_GENE_EOG092D1I2I.nex_GENE_EOG092D2QYY.nex_GENE_EOG092D3V2Z.nex
144	AA	LG+I{0.146776}+G4{0.966749}	GENE_EOG092D16QX.nex
145	AA	Q.YEAST+F+I{0.0128904}+R4{0.0858461,0.151954,0.341858,0.518367,0.442518,1.16159,0.116887,2.52998}	GENE_EOG092D1718.nex
146	AA	Q.YEAST+R4{0.0822898,0.0816257,0.318894,0.435099,0.348196,0.951464,0.250621,2.08776}	GENE_EOG092D182U.nex
147	AA	Q.YEAST+F+I{0.0135792}+R4{0.130995,0.129684,0.267959,0.45034,0.424829,1.12268,0.162637,2.36965}	GENE_EOG092D18RK.nex
148	AA	Q.PFAM+F+I{0.0215842}+R3{0.208936,0.273403,0.535106,0.873101,0.234374,2.02955}	GENE_EOG092D18SO.nex
149	AA	Q.YEAST+I{0.257544}+R3{0.436023,0.406401,0.257569,2.10498,0.0488645,5.74289}	GENE_EOG092D19VF.nex
150	AA	LG+F+R5{0.106367,0.0243292,0.242381,0.345114,0.311429,0.742066,0.309231,1.7636,0.030592,4.48811}	GENE_EOG092D1A1J.nex_GENE_EOG092D2A7Q.nex
151	AA	LG+F+R4{0.123775,0.0216339,0.185032,0.315404,0.276566,0.776834,0.414627,1.74643}	GENE_EOG092D1AQR.nex
152	AA	Q.YEAST+F+R4{0.104406,0.0801806,0.280617,0.37619,0.392951,0.959592,0.222026,2.29248}	GENE_EOG092D1AZP.nex
153	AA	Q.YEAST+F+R3{0.025566,0.0601506,0.336946,0.422528,0.637488,1.34292}	GENE_EOG092D1B2T.nex
154	AA	Q.INSECT+I{0.0537677}+R4{0.312243,0.238585,0.433007,0.902496,0.181808,1.88377,0.0191751,10.0252}	GENE_EOG092D1BAU.nex
155	AA	Q.YEAST+R4{0.395737,0.063671,0.305592,0.61217,0.24907,2.07585,0.0496009,5.45749}	GENE_EOG092D1BH6.nex
156	AA	LG+G4{0.674728}	GENE_EOG092D1BU7.nex
157	AA	Q.YEAST+I{0.140721}+R3{0.370618,0.152278,0.283634,1.00222,0.205026,3.21569}	GENE_EOG092D1CJS.nex
158	AA	Q.PFAM+F+I{0.186756}+G4{1.12331}	GENE_EOG092D1CKF.nex
159	AA	Q.YEAST+R5{0.144797,0.029394,0.237634,0.334763,0.259296,0.800295,0.320885,1.65396,0.0373881,4.7595}	GENE_EOG092D1CLY.nex
160	AA	Q.PFAM+F+R4{0.0525641,0.118314,0.223008,0.450575,0.528241,0.855029,0.196187,2.25111}	GENE_EOG092D1CX4.nex
161	AA	LG+I{0.118778}+G4{1.27012}	GENE_EOG092D1EK2.nex
162	AA	Q.YEAST+I{0.18643}+G4{0.994406}	GENE_EOG092D1FGG.nex
163	AA	LG+F+I{0.0644623}+R4{0.147981,0.0964388,0.210769,0.448161,0.307346,1.03842,0.269441,2.12334}	GENE_EOG092D1G5D.nex
164	AA	Q.YEAST+R4{0.294657,0.0382664,0.351542,0.639336,0.287606,1.66887,0.0661946,4.29029}	GENE_EOG092D1GCX.nex
165	AA	Q.YEAST+R5{0.120596,0.0512577,0.210819,0.29275,0.363997,0.814484,0.291474,1.80907,0.0131138,8.26105}	GENE_EOG092D1GUU.nex
166	AA	Q.YEAST+R4{0.188183,0.0492279,0.237946,0.337719,0.398707,1.14279,0.175164,2.59607}	GENE_EOG092D1H8I.nex
167	AA	LG+F+R4{0.133155,0.100174,0.288537,0.466082,0.486237,1.21631,0.092071,2.83222}	GENE_EOG092D1HB6.nex
168	AA	Q.YEAST+R4{0.12671,0.0684962,0.32821,0.484864,0.381376,1.0683,0.163705,2.59467}	GENE_EOG092D1HN1.nex
169	AA	Q.YEAST+F+I{0.240761}+R4{0.316553,0.275334,0.266425,1.17797,0.147218,2.93221,0.0290427,5.76147}	GENE_EOG092D1HUK.nex_GENE_EOG092D22TL.nex
170	AA	LG+F+I{0.100616}+R4{0.101402,0.0645554,0.194291,0.372288,0.334278,0.986221,0.269413,2.19533}	GENE_EOG092D1HYF.nex
171	AA	Q.YEAST+R4{0.0618318,0.104924,0.308295,0.473453,0.550349,1.15666,0.0795247,2.65304}	GENE_EOG092D1I8J.nex
172	AA	Q.YEAST+R5{0.0864254,0.0407211,0.106933,0.181883,0.22945,0.458807,0.406474,0.963704,0.170717,2.81189}	GENE_EOG092D1J1B.nex
173	AA	Q.YEAST+R4{0.187982,0.0358934,0.280744,0.395292,0.312211,1.23274,0.219063,2.27059}	GENE_EOG092D1JY2.nex
174	AA	Q.INSECT+R4{0.438968,0.113578,0.407781,0.940498,0.14015,3.15773,0.013101,9.47025}	GENE_EOG092D1KRH.nex
175	AA	LG+I{0.10994}+R3{0.208156,0.249823,0.2857,0.819007,0.396204,1.80212}	GENE_EOG092D1KTN.nex
176	AA	LG+F+R4{0.218659,0.0635728,0.341411,0.586556,0.344566,1.50032,0.0953647,2.81953}	GENE_EOG092D1KWA.nex
177	AA	Q.YEAST+F+R4{0.0750868,0.112826,0.401627,0.529563,0.34308,1.12917,0.180207,2.17221}	GENE_EOG092D1LC1.nex_GENE_EOG092D3YU3.nex
178	AA	Q.YEAST+I{0.0326161}+R4{0.149155,0.13006,0.353716,0.497463,0.368961,1.35311,0.095552,3.19612}	GENE_EOG092D1LJK.nex
179	AA	LG+F+I{0.0596013}+R3{0.20975,0.193139,0.484393,0.838366,0.246256,2.24721}	GENE_EOG092D1LYU.nex
180	AA	Q.YEAST+F+R4{0.176487,0.0395809,0.229619,0.338045,0.377804,1.00534,0.216089,2.47848}	GENE_EOG092D1M7G.nex
181	AA	LG+R4{0.574609,0.0390702,0.214542,0.851532,0.160226,2.65082,0.0506227,7.31155}	GENE_EOG092D1MQ6.nex_GENE_EOG092D29KI.nex
182	AA	LG+F+I{0.136191}+G4{1.18592}	GENE_EOG092D1NDG.nex
183	AA	LG+F+I{0.0794674}+G4{0.990692}	GENE_EOG092D1NW2.nex
184	AA	Q.YEAST+F+I{0.0528641}+R4{0.186315,0.180629,0.303336,0.647807,0.341314,1.296,0.11617,2.81913}	GENE_EOG092D1NX0.nex_GENE_EOG092D41CK.nex
185	AA	Q.YEAST+I{0.0437616}+G4{1.2257}	GENE_EOG092D1ODS.nex
186	AA	Q.YEAST+I{0.0385229}+G4{1.15294}	GENE_EOG092D1ODU.nex
187	AA	Q.PFAM+F+R3{0.175949,0.184042,0.479952,0.698885,0.344099,1.83723}	GENE_EOG092D1OL9.nex
188	AA	Q.YEAST+I{0.115908}+G4{1.04931}	GENE_EOG092D1OV6.nex_GENE_EOG092D3D9K.nex
189	AA	LG+F+R3{0.182795,0.207398,0.476143,0.729689,0.341062,1.80217}	GENE_EOG092D1Q04.nex
190	AA	Q.YEAST+F+R4{0.0938401,0.0895374,0.307855,0.499698,0.492535,1.17985,0.10577,2.42647}	GENE_EOG092D1Q2Q.nex
191	AA	Q.INSECT+I{0.158888}+R3{0.449707,0.438174,0.328805,1.49605,0.0625998,4.96871}	GENE_EOG092D1Q5G.nex
192	AA	Q.YEAST+R4{0.19451,0.0376995,0.283553,0.411524,0.291018,1.07987,0.230919,2.43252}	GENE_EOG092D1Q7K.nex
193	AA	Q.YEAST+R4{0.0709088,0.106165,0.245399,0.390224,0.483341,0.964581,0.20035,2.14868}	GENE_EOG092D1Q94.nex
194	AA	Q.YEAST+F+R4{0.0771703,0.0411817,0.150141,0.262865,0.499761,0.855904,0.272928,1.94047}	GENE_EOG092D1QLG.nex
195	AA	Q.YEAST+R4{0.134532,0.128224,0.313131,0.50748,0.416813,1.11894,0.135524,2.63755}	GENE_EOG092D1QPX.nex
196	AA	Q.YEAST+F+I{0.111089}+G4{1.0486}	GENE_EOG092D1QZ9.nex
197	AA	Q.YEAST+I{0.0258174}+G4{2.68391}	GENE_EOG092D1RSN.nex
198	AA	Q.YEAST+F+I{0.011136}+R3{0.145195,0.210198,0.407081,0.693129,0.436588,1.5743}	GENE_EOG092D1RW7.nex
199	AA	Q.YEAST+R5{0.290584,0.0244059,0.254201,0.318933,0.202516,1.12994,0.216034,2.19254,0.0366656,5.7095}	GENE_EOG092D1SC1.nex
200	AA	LG+F+I{0.166922}+G4{1.25415}	GENE_EOG092D1SLW.nex
201	AA	LG+I{0.116852}+G4{1.40494}	GENE_EOG092D1SW4.nex
202	AA	Q.YEAST+R4{0.165558,0.0374746,0.240188,0.359036,0.337468,0.939815,0.256786,2.2992}	GENE_EOG092D1T7G.nex
203	AA	LG+F+I{0.051158}+G4{1.61357}	GENE_EOG092D1TC1.nex
204	AA	Q.YEAST+F+R5{0.0776858,0.0195937,0.164745,0.152824,0.304039,0.513162,0.385065,1.15223,0.0684652,5.45676}	GENE_EOG092D1TP5.nex
205	AA	Q.PFAM+F+R3{0.114145,0.1201,0.321929,0.612792,0.563926,1.39915}	GENE_EOG092D1UCZ.nex
206	AA	Q.YEAST+I{0.0201957}+G4{1.68693}	GENE_EOG092D1UL3.nex
207	AA	LG+R4{0.203051,0.0519499,0.304515,0.400467,0.372076,1.27828,0.120357,3.25603}	GENE_EOG092D1UOB.nex
208	AA	Q.YEAST+I{0.340705}+R3{0.316627,0.317088,0.278383,2.01388,0.0642849,5.27296}	GENE_EOG092D1UVP.nex
209	AA	LG+F+R4{0.0920283,0.017407,0.197507,0.226126,0.360523,0.711653,0.349942,1.99224}	GENE_EOG092D1VHG.nex_GENE_EOG092D24YM.nex
210	AA	LG+F+R3{0.051858,0.141381,0.478797,0.578635,0.469345,1.52472}	GENE_EOG092D1VHP.nex
211	AA	Q.YEAST+R4{0.10851,0.0823236,0.348526,0.454964,0.450187,1.18426,0.0927765,3.22668}	GENE_EOG092D1VKT.nex
212	AA	Q.INSECT+I{0.269582}+G4{1.16393}	GENE_EOG092D1VPG.nex
213	AA	Q.YEAST+I{0.107705}+G4{0.953374}	GENE_EOG092D1VPO.nex
214	AA	Q.YEAST+I{0.198564}+R3{0.410883,0.386401,0.293641,1.52818,0.0969129,4.05001}	GENE_EOG092D1VUE.nex
215	AA	LG+F+I{0.0563734}+R3{0.144941,0.101919,0.376643,0.693443,0.422043,1.71558}	GENE_EOG092D1W7D.nex
216	AA	LG+F+I{0.0960644}+G4{1.30409}	GENE_EOG092D1W8I.nex
217	AA	Q.YEAST+I{0.0769833}+G4{1.41402}	GENE_EOG092D1YB4.nex
218	AA	Q.YEAST+R3{0.536804,0.116585,0.336818,1.24891,0.126378,4.08901}	GENE_EOG092D1YWG.nex
219	AA	Q.YEAST+R4{0.46136,0.0653878,0.221225,0.660897,0.20995,1.79914,0.107464,4.14925}	GENE_EOG092D1YZO.nex
220	AA	Q.YEAST+I{0.0543265}+R3{0.0952975,0.138683,0.45216,0.662528,0.398216,1.72574}	GENE_EOG092D1Z45.nex
221	AA	Q.YEAST+I{0.197556}+G4{1.03305}	GENE_EOG092D1ZEJ.nex
222	AA	LG+F+I{0.0968748}+G4{1.39411}	GENE_EOG092D1ZEW.nex
223	AA	LG+I{0.145632}+R3{0.200797,0.168064,0.339628,0.797238,0.313943,2.21534}	GENE_EOG092D1ZWB.nex
224	AA	Q.PFAM+F+I{0.0184373}+R3{0.122265,0.274566,0.321183,0.630724,0.538114,1.4195}	GENE_EOG092D20CT.nex
225	AA	Q.PFAM+F+I{0.03666}+R4{0.103092,0.11341,0.203944,0.472419,0.366499,0.958818,0.289805,1.86524}	GENE_EOG092D20HF.nex
226	AA	Q.YEAST+F+R4{0.152235,0.0844294,0.378377,0.531545,0.456787,1.50122,0.0126016,7.95804}	GENE_EOG092D23EJ.nex
227	AA	Q.YEAST+R4{0.548931,0.060074,0.208394,0.790206,0.147434,1.90003,0.0952409,5.48315}	GENE_EOG092D23QW.nex_GENE_EOG092D27ZM.nex
228	AA	Q.YEAST+I{0.144032}+G4{1.00125}	GENE_EOG092D23UZ.nex
229	AA	LG+F+I{0.0460321}+R4{0.0663292,0.125127,0.195595,0.375862,0.551927,0.954767,0.140117,2.79211}	GENE_EOG092D23WM.nex
230	AA	LG+F+G4{0.836915}	GENE_EOG092D24ND.nex
231	AA	LG+F+R4{0.0532813,0.111271,0.212243,0.342956,0.475985,0.900181,0.258491,1.90648}	GENE_EOG092D24W9.nex_GENE_EOG092D2IG4.nex
232	AA	LG+I{0.052012}+R3{0.212259,0.193874,0.334217,0.636868,0.401512,1.85797}	GENE_EOG092D2502.nex
233	AA	LG+F+I{0.0426154}+G4{1.42005}	GENE_EOG092D25D9.nex
234	AA	Q.YEAST+G4{0.431649}	GENE_EOG092D25DG.nex
235	AA	LG+R4{0.100606,0.0375774,0.310637,0.375963,0.402498,1.08331,0.186259,2.38057}	GENE_EOG092D26GB.nex
236	AA	LG+I{0.286233}+G4{0.861174}	GENE_EOG092D27I5.nex
237	AA	LG+R5{0.135056,0.0334305,0.20074,0.299728,0.250809,0.836912,0.0886933,0.946225,0.324702,1.97562}	GENE_EOG092D27O3.nex
238	AA	Q.YEAST+I{0.104665}+R4{0.132157,0.109307,0.188973,0.418535,0.398434,1.09654,0.17577,2.67146}	GENE_EOG092D27RI.nex
239	AA	LG+F+R4{0.219034,0.0760604,0.324959,0.507828,0.358275,1.44387,0.0977324,3.08}	GENE_EOG092D27Y2.nex
240	AA	Q.YEAST+R4{0.491199,0.0415115,0.213345,0.658426,0.241841,2.14045,0.0536154,5.99624}	GENE_EOG092D28HS.nex
241	AA	Q.YEAST+F+I{0.100425}+R4{0.144392,0.105335,0.281197,0.456937,0.313281,1.31756,0.160704,2.75995}	GENE_EOG092D28JA.nex
242	AA	Q.YEAST+F+I{0.0545326}+G4{1.1515}	GENE_EOG092D29J0.nex
243	AA	LG+F+R4{0.206483,0.0254144,0.256155,0.356011,0.289403,1.06838,0.24796,2.39703}	GENE_EOG092D2A2K.nex_GENE_EOG092D2W4H.nex
244	AA	LG+F+I{0.013212}+R3{0.109384,0.143018,0.386601,0.605995,0.490803,1.52827}	GENE_EOG092D2A51.nex_GENE_EOG092D4D32.nex
245	AA	Q.YEAST+R4{0.114909,0.0717213,0.315872,0.486352,0.458778,1.21438,0.110442,2.54435}	GENE_EOG092D2AME.nex
246	AA	Q.YEAST+R4{0.113297,0.112512,0.264173,0.425525,0.418518,0.98939,0.204013,2.2585}	GENE_EOG092D2APH.nex
247	AA	LG+R4{0.419956,0.0721291,0.330835,0.657876,0.210269,2.16645,0.0389402,7.61483}	GENE_EOG092D2ASD.nex
248	AA	LG+F+R4{0.131734,0.110719,0.280063,0.476002,0.400339,1.1099,0.187864,2.17055}	GENE_EOG092D2AWS.nex
249	AA	Q.PFAM+F+R3{0.135481,0.091544,0.460013,0.617199,0.404506,1.7396}	GENE_EOG092D2AZW.nex
250	AA	LG+F+R4{0.226872,0.0554861,0.235947,0.321869,0.378512,1.21985,0.158669,2.83445}	GENE_EOG092D2B2Y.nex
251	AA	Q.YEAST+F+R4{0.209714,0.0664626,0.35353,0.515599,0.308427,1.34565,0.128329,3.02931}	GENE_EOG092D2B4A.nex
252	AA	Q.YEAST+F+R4{0.119648,0.0597486,0.201285,0.327585,0.434771,0.94464,0.244295,2.11306}	GENE_EOG092D2BH7.nex
253	AA	LG+F+I{0.191241}+G4{0.834323}	GENE_EOG092D2BJH.nex
254	AA	LG+F+R4{0.0798733,0.077679,0.259435,0.365591,0.509765,1.07019,0.150926,2.34157}	GENE_EOG092D2C76.nex
255	AA	LG+I{0.169952}+G4{0.816191}	GENE_EOG092D2CAF.nex
256	AA	Q.YEAST+F+R4{0.0529595,0.0981253,0.298918,0.441052,0.441448,1.01113,0.206674,2.01575}	GENE_EOG092D2COI.nex
257	AA	LG+I{0.253598}+G4{1.16681}	GENE_EOG092D2D7L.nex
258	AA	Q.YEAST+I{0.147363}+G4{1.14297}	GENE_EOG092D2DAM.nex
259	AA	LG+I{0.0872907}+R3{0.186988,0.226413,0.555457,0.997465,0.170264,2.37052}	GENE_EOG092D2DNW.nex
260	AA	Q.PFAM+F+R3{0.191774,0.092928,0.357135,0.580083,0.451091,1.71808}	GENE_EOG092D2DQ7.nex
261	AA	LG+F+I{0.0181662}+R3{0.235674,0.115281,0.298268,0.600975,0.447892,1.77181}	GENE_EOG092D2E2U.nex
262	AA	Q.PFAM+F+R4{0.0630044,0.105401,0.310971,0.484144,0.553312,1.15737,0.0727129,2.78378}	GENE_EOG092D2ERC.nex
263	AA	LG+I{0.237303}+G4{0.89501}	GENE_EOG092D2G5H.nex
264	AA	LG+R5{0.0971485,0.0162431,0.125131,0.187999,0.304096,0.523402,0.297417,1.37061,0.176207,2.31597}	GENE_EOG092D2GPJ.nex
265	AA	Q.YEAST+F+R4{0.0921313,0.0510283,0.162168,0.261721,0.502061,0.792585,0.243639,2.27767}	GENE_EOG092D2GVZ.nex
266	AA	Q.YEAST+I{0.0550673}+R3{0.250758,0.224237,0.441772,0.925174,0.252402,2.11985}	GENE_EOG092D2HI6.nex
267	AA	LG+I{0.0927379}+R3{0.352432,0.325018,0.398028,1.02426,0.156802,3.04696}	GENE_EOG092D2IC5.nex
268	AA	LG+R4{0.35535,0.0257523,0.225772,0.425576,0.163915,1.22093,0.254963,2.72447}	GENE_EOG092D2ICY.nex
269	AA	Q.PFAM+F+I{0.0103398}+R4{0.0508241,0.119193,0.286915,0.356338,0.574335,0.840124,0.0775859,5.27403}	GENE_EOG092D2KKF.nex
270	AA	LG+I{0.0850252}+R4{0.141536,0.123913,0.265577,0.507284,0.379314,1.37493,0.128548,2.53763}	GENE_EOG092D2KS9.nex
271	AA	Q.YEAST+R3{0.539414,0.14264,0.374676,1.36642,0.0859103,4.78516}	GENE_EOG092D2LER.nex
272	AA	Q.YEAST+F+I{0.0284071}+R4{0.170416,0.178368,0.410549,0.559427,0.354042,1.58846,0.036586,4.85296}	GENE_EOG092D2LES.nex
273	AA	Q.YEAST+R3{0.335247,0.070612,0.408207,0.740744,0.256546,2.62701}	GENE_EOG092D2LX2.nex
274	AA	LG+I{0.065255}+G4{1.48152}	GENE_EOG092D2MH0.nex
275	AA	Q.YEAST+I{0.0541625}+G4{1.66257}	GENE_EOG092D2MZB.nex
276	AA	LG+I{0.287997}+G4{0.610776}	GENE_EOG092D2NES.nex
277	AA	LG+F+I{0.0264683}+R3{0.079996,0.118236,0.346758,0.605767,0.546778,1.42743}	GENE_EOG092D2O0K.nex
278	AA	Q.PFAM+F+R4{0.111216,0.0471882,0.187773,0.354029,0.369897,0.809179,0.331113,1.89954}	GENE_EOG092D2O8B.nex
279	AA	Q.INSECT+R4{0.0817906,0.0517634,0.198162,0.3212,0.450396,0.8079,0.269652,2.10732}	GENE_EOG092D2OSF.nex
280	AA	Q.PFAM+F+R4{0.136504,0.0225408,0.23063,0.304611,0.367057,1.0009,0.265809,2.10408}	GENE_EOG092D2PJJ.nex_GENE_EOG092D38RE.nex
281	AA	RTREV+F+I{0.191363}+G4{1.02638}	GENE_EOG092D2Q04.nex
282	AA	Q.YEAST+F+R4{0.143678,0.0891777,0.396361,0.364518,0.411957,1.05282,0.0480043,8.51988}	GENE_EOG092D2QY5.nex
283	AA	LG+F+I{0.0923213}+G4{0.9423}	GENE_EOG092D2R1Y.nex
284	AA	Q.INSECT+I{0.110987}+R3{0.358008,0.287809,0.400401,1.07476,0.130604,3.57284}	GENE_EOG092D2RAL.nex
285	AA	LG+I{0.116261}+G4{1.19018}	GENE_EOG092D2RBH.nex
286	AA	LG+R4{0.34487,0.0572605,0.349001,0.624289,0.211624,1.75718,0.0945051,4.1322}	GENE_EOG092D2RFR.nex
287	AA	Q.YEAST+I{0.090912}+R3{0.375804,0.320591,0.326547,0.972,0.206737,2.71899}	GENE_EOG092D2RFS.nex
288	AA	LG+F+R4{0.246498,0.0304618,0.30738,0.465166,0.221041,1.28508,0.225081,2.51222}	GENE_EOG092D2RJ9.nex_GENE_EOG092D3EJG.nex
289	AA	Q.YEAST+F+I{0.133523}+R4{0.184049,0.157154,0.286609,0.567597,0.306417,1.58975,0.0894021,3.59355}	GENE_EOG092D2RJR.nex
290	AA	Q.YEAST+G4{0.812039}	GENE_EOG092D2RP6.nex
291	AA	Q.YEAST+F+R4{0.0797163,0.0637159,0.217871,0.322791,0.453977,0.848142,0.248436,2.17182}	GENE_EOG092D2SZZ.nex
292	AA	LG+F+R3{0.292902,0.100927,0.388151,0.721384,0.318947,2.16472}	GENE_EOG092D2U1L.nex
293	AA	LG+F+I{0.128222}+G4{1.30781}	GENE_EOG092D2UBG.nex
294	AA	LG+I{0.106411}+R4{0.167803,0.129432,0.349116,0.574845,0.258672,1.35946,0.117999,3.60969}	GENE_EOG092D2UGI.nex
295	AA	LG+I{0.0235354}+G4{1.69681}	GENE_EOG092D2VBX.nex
296	AA	Q.YEAST+I{0.0749907}+R4{0.142192,0.155133,0.397793,0.517953,0.353216,1.45382,0.0318074,8.12353}	GENE_EOG092D2VEY.nex
297	AA	Q.YEAST+F+R3{0.111553,0.085128,0.535238,0.6059,0.353209,1.88615}	GENE_EOG092D2VYQ.nex
298	AA	Q.YEAST+I{0.143174}+R4{0.303305,0.217482,0.347438,1.00089,0.196517,2.38142,0.00956611,12.3666}	GENE_EOG092D2W7U.nex
299	AA	Q.YEAST+F+R3{0.0792694,0.0930389,0.259972,0.4535,0.660759,1.32382}	GENE_EOG092D2WL3.nex
300	AA	Q.YEAST+F+I{0.0415045}+R4{0.0889955,0.0993563,0.25273,0.405201,0.542072,1.23274,0.0746985,2.95212}	GENE_EOG092D2X9K.nex
301	AA	Q.PFAM+F+I{0.0261559}+R3{0.17157,0.201929,0.518343,0.81791,0.283931,1.90679}	GENE_EOG092D2XBR.nex
302	AA	LG+R4{0.146496,0.0259968,0.218317,0.325053,0.384808,0.958171,0.250379,2.22269}	GENE_EOG092D2XOE.nex
303	AA	Q.YEAST+F+R4{0.0521114,0.0527221,0.16304,0.296595,0.354989,0.790781,0.42986,1.55441}	GENE_EOG092D2XS7.nex
304	AA	Q.PFAM+F+I{0.0112524}+R4{0.0988976,0.105675,0.250189,0.442753,0.555344,1.10435,0.0843169,3.14861}	GENE_EOG092D2YAG.nex
305	AA	Q.YEAST+F+R4{0.0526252,0.10326,0.183346,0.391582,0.601348,0.908326,0.16268,2.31467}	GENE_EOG092D2YOQ.nex
306	AA	Q.YEAST+I{0.0575569}+R5{0.146843,0.0876228,0.291213,0.58107,0.317814,1.0173,0.175364,2.19887,0.0112091,9.72437}	GENE_EOG092D2YQC.nex
307	AA	LG+F+I{0.0114347}+R4{0.102798,0.129591,0.196438,0.411462,0.255671,0.794437,0.433658,1.62049}	GENE_EOG092D2Z0K.nex_GENE_EOG092D3IJD.nex
308	AA	Q.PFAM+F+R3{0.160549,0.217117,0.508376,0.832543,0.331075,1.63678}	GENE_EOG092D30CB.nex
309	AA	Q.YEAST+I{0.0683996}+G4{1.49608}	GENE_EOG092D310Y.nex
310	AA	Q.PFAM+I{0.136009}+G4{1.47332}	GENE_EOG092D31X5.nex
311	AA	Q.YEAST+F+I{0.0268862}+R4{0.118534,0.115167,0.350481,0.494638,0.462333,1.15686,0.0417659,6.65928}	GENE_EOG092D31Z3.nex_GENE_EOG092D3D5H.nex
312	AA	LG+F+R3{0.178943,0.182964,0.45553,0.686533,0.365527,1.79063}	GENE_EOG092D329B.nex
313	AA	Q.YEAST+F+G4{1.55548}	GENE_EOG092D33FU.nex
314	AA	Q.YEAST+F+R4{0.208452,0.104964,0.372019,0.497177,0.357461,1.45579,0.0620679,4.39471}	GENE_EOG092D33G3.nex
315	AA	Q.YEAST+R4{0.272448,0.0639522,0.293428,0.418154,0.309024,1.38169,0.1251,3.46047}	GENE_EOG092D34RI.nex
316	AA	Q.YEAST+F+I{0.0492595}+R3{0.161317,0.2347,0.513075,0.808923,0.276349,1.97975}	GENE_EOG092D34V3.nex
317	AA	Q.YEAST+I{0.0727934}+R4{0.170846,0.108951,0.20879,0.438653,0.292585,1.1178,0.254985,2.20698}	GENE_EOG092D357K.nex_GENE_EOG092D3LLM.nex
318	AA	Q.YEAST+I{0.107931}+G4{1.93784}	GENE_EOG092D35VJ.nex
319	AA	Q.YEAST+F+R4{0.0664694,0.124232,0.22138,0.432223,0.421187,0.947078,0.290963,1.70867}	GENE_EOG092D383L.nex
320	AA	LG+I{0.0929253}+G4{1.33898}	GENE_EOG092D38PJ.nex
321	AA	Q.YEAST+F+I{0.0328009}+R4{0.189314,0.175917,0.455987,0.693522,0.301611,1.53774,0.0202878,9.20056}	GENE_EOG092D3942.nex
322	AA	Q.YEAST+I{0.040009}+G4{1.96228}	GENE_EOG092D3A58.nex
323	AA	Q.PFAM+F+R3{0.106941,0.130795,0.400056,0.62738,0.493003,1.49092}	GENE_EOG092D3ASB.nex_GENE_EOG092D3NQF.nex
324	AA	Q.YEAST+F+I{0.0724299}+R3{0.15625,0.19072,0.41898,0.71246,0.35234,1.90638}	GENE_EOG092D3B56.nex
325	AA	Q.YEAST+I{0.0398911}+R3{0.203456,0.204402,0.425813,0.791334,0.330841,1.87841}	GENE_EOG092D3BUG.nex
326	AA	LG+I{0.154036}+R3{0.218724,0.216983,0.380275,0.982628,0.246965,2.34394}	GENE_EOG092D3CSS.nex
327	AA	Q.YEAST+F+R3{0.19213,0.0879525,0.300061,0.602013,0.507808,1.58024}	GENE_EOG092D3D0W.nex
328	AA	LG+F+I{0.0213577}+R4{0.170742,0.147787,0.371491,0.559982,0.289732,1.19361,0.146677,2.86964}	GENE_EOG092D3DOE.nex
329	AA	LG+I{0.0244084}+G4{1.40233}	GENE_EOG092D3ECY.nex
330	AA	LG+I{0.0799111}+G4{1.62527}	GENE_EOG092D3EJQ.nex
331	AA	Q.PFAM+F+I{0.0756127}+R3{0.187146,0.159497,0.339077,0.679814,0.398165,1.85763}	GENE_EOG092D3EQH.nex
332	AA	LG+I{0.110141}+G4{0.818166}	GENE_EOG092D3ETT.nex
333	AA	LG+I{0.0562788}+R3{0.141986,0.172555,0.314914,0.648162,0.486821,1.58453}	GENE_EOG092D3FDW.nex
334	AA	Q.PFAM+F+I{0.0081094}+R4{0.0703428,0.16559,0.279964,0.536337,0.584409,1.11436,0.0571742,3.26992}	GENE_EOG092D3HBU.nex
335	AA	Q.YEAST+I{0.0641833}+R3{0.153039,0.132117,0.471524,0.74331,0.311254,2.0218}	GENE_EOG092D3HE2.nex
336	AA	Q.YEAST+F+R4{0.0994665,0.039462,0.350501,0.347976,0.465941,0.917812,0.0840922,5.30921}	GENE_EOG092D3HV9.nex
337	AA	Q.YEAST+F+I{0.0243605}+R3{0.108084,0.172191,0.320463,0.602079,0.547093,1.44115}	GENE_EOG092D3IQI.nex
338	AA	Q.YEAST+F+R4{0.104569,0.0631706,0.247874,0.415034,0.541925,1.15768,0.105632,2.49111}	GENE_EOG092D3IVF.nex
339	AA	Q.YEAST+F+G4{1.60423}	GENE_EOG092D3K5U.nex
340	AA	LG+F+R3{0.113614,0.0521822,0.358726,0.601757,0.52766,1.47482}	GENE_EOG092D3KF0.nex
341	AA	Q.PFAM+F+R4{0.153977,0.046839,0.356274,0.514982,0.350006,1.42571,0.139742,2.22056}	GENE_EOG092D3LD3.nex
342	AA	Q.YEAST+F+R3{0.179968,0.105944,0.408738,0.66705,0.411294,1.72209}	GENE_EOG092D3M40.nex
343	AA	Q.YEAST+R3{0.105372,0.166281,0.450864,0.618178,0.443765,1.5859}	GENE_EOG092D3NFG.nex
344	AA	LG+I{0.0486886}+R3{0.17291,0.178263,0.428645,0.711324,0.349757,1.89924}	GENE_EOG092D3NOC.nex
345	AA	Q.YEAST+F+I{0.0496991}+R4{0.0914534,0.111981,0.212921,0.362759,0.423848,0.942405,0.222079,2.31037}	GENE_EOG092D3NXJ.nex
346	AA	LG+F+I{0.0453294}+R3{0.218011,0.217593,0.542629,0.901384,0.19403,2.38852}	GENE_EOG092D3OPM.nex
347	AA	LG+F+I{0.0312167}+R3{0.177895,0.251515,0.514739,0.798009,0.276149,1.97173}	GENE_EOG092D3PF3.nex
348	AA	LG+F+I{0.0491812}+G4{1.51666}	GENE_EOG092D3PY2.nex
349	AA	Q.PFAM+F+I{0.00722128}+R3{0.0503808,0.169224,0.302808,0.559512,0.63959,1.28528}	GENE_EOG092D3QQQ.nex
350	AA	Q.PFAM+I{0.16202}+G4{1.53549}	GENE_EOG092D3QR7.nex
351	AA	LG+F+I{0.0231677}+R3{0.154082,0.200492,0.346773,0.683876,0.475977,1.5378}	GENE_EOG092D3WBP.nex
352	AA	Q.YEAST+F+G4{0.611169}	GENE_EOG092D3WSA.nex
353	AA	Q.YEAST+I{0.0603637}+G4{1.65893}	GENE_EOG092D3Z6V.nex
354	AA	Q.YEAST+F+I{0.0749911}+G4{2.68351}	GENE_EOG092D4145.nex
355	AA	Q.YEAST+F+I{0.0202859}+R3{0.191566,0.208147,0.54241,0.802273,0.245739,2.13628}	GENE_EOG092D430X.nex
356	AA	Q.YEAST+F+I{0.0151237}+R4{0.0850579,0.120099,0.230773,0.446991,0.448893,0.985653,0.220152,2.0176}	GENE_EOG092D47B5.nex
357	AA	LG+F+I{0.0608382}+R3{0.282631,0.176335,0.341831,0.822616,0.314699,2.12573}	GENE_EOG092D4B4O.nex
358	AA	LG+I{0.0251047}+R4{0.0972292,0.0844741,0.157138,0.316048,0.533218,0.87148,0.18731,2.5489}	GENE_EOG092D4CP0.nex
359	AA	Q.YEAST+F+R4{0.106362,0.0715544,0.188733,0.250391,0.449796,0.611722,0.255109,2.62626}	GENE_EOG092D4EV2.nex
360	AA	Q.PFAM+F+I{0.0465301}+R3{0.201996,0.217085,0.326444,0.757211,0.42503,1.66803}	GENE_EOG092D4FU5.nex
361	AA	Q.PFAM+F+R5{0.0712737,0.0348305,0.204921,0.247197,0.507386,0.653394,0.15391,1.16821,0.0625093,6.96761}	GENE_EOG092D4JU7.nex_GENE_EOG092D4KGF.nex
Info: multi-threading strategy over partitions

 Loading partition trees one by one. Each tree should be specified in a single line in the input tree file.
WARNING: Normalizing category proportions so that sum of them equals to 1
WARNING: Normalizing category proportions so that sum of them equals to 1
WARNING: Normalizing category proportions so that sum of them equals to 1
WARNING: Normalizing category proportions so that sum of them equals to 1
WARNING: Normalizing category proportions so that sum of them equals to 1
WARNING: Normalizing category proportions so that sum of them equals to 1
WARNING: Normalizing category proportions so that sum of them equals to 1
WARNING: Normalizing category proportions so that sum of them equals to 1
WARNING: Normalizing category proportions so that sum of them equals to 1
WARNING: Normalizing category proportions so that sum of them equals to 1
WARNING: Normalizing category proportions so that sum of them equals to 1
WARNING: Normalizing category proportions so that sum of them equals to 1
WARNING: Normalizing category proportions so that sum of them equals to 1
WARNING: Normalizing category proportions so that sum of them equals to 1
WARNING: Normalizing category proportions so that sum of them equals to 1
WARNING: Normalizing category proportions so that sum of them equals to 1
WARNING: Normalizing category proportions so that sum of them equals to 1
WARNING: Normalizing category proportions so that sum of them equals to 1
WARNING: Normalizing category proportions so that sum of them equals to 1
WARNING: Normalizing category proportions so that sum of them equals to 1
WARNING: Normalizing category proportions so that sum of them equals to 1
WARNING: Normalizing category proportions so that sum of them equals to 1
WARNING: Normalizing category proportions so that sum of them equals to 1
WARNING: Normalizing category proportions so that sum of them equals to 1
WARNING: Normalizing category proportions so that sum of them equals to 1
WARNING: Normalizing category proportions so that sum of them equals to 1
WARNING: Normalizing category proportions so that sum of them equals to 1
WARNING: Normalizing category proportions so that sum of them equals to 1
WARNING: Normalizing category proportions so that sum of them equals to 1
WARNING: Normalizing category proportions so that sum of them equals to 1
WARNING: Normalizing category proportions so that sum of them equals to 1
WARNING: Normalizing category proportions so that sum of them equals to 1
WARNING: Normalizing category proportions so that sum of them equals to 1
WARNING: Normalizing category proportions so that sum of them equals to 1
WARNING: Normalizing category proportions so that sum of them equals to 1
WARNING: Normalizing category proportions so that sum of them equals to 1
WARNING: Normalizing category proportions so that sum of them equals to 1
WARNING: Normalizing category proportions so that sum of them equals to 1
WARNING: Normalizing category proportions so that sum of them equals to 1
WARNING: Normalizing category proportions so that sum of them equals to 1
WARNING: Normalizing category proportions so that sum of them equals to 1
WARNING: Normalizing category proportions so that sum of them equals to 1
WARNING: Normalizing category proportions so that sum of them equals to 1
WARNING: Normalizing category proportions so that sum of them equals to 1
WARNING: Normalizing category proportions so that sum of them equals to 1
WARNING: Normalizing category proportions so that sum of them equals to 1
WARNING: Normalizing category proportions so that sum of them equals to 1
WARNING: Normalizing category proportions so that sum of them equals to 1
WARNING: Normalizing category proportions so that sum of them equals to 1
WARNING: Normalizing category proportions so that sum of them equals to 1
WARNING: Normalizing category proportions so that sum of them equals to 1
WARNING: Normalizing category proportions so that sum of them equals to 1
WARNING: Normalizing category proportions so that sum of them equals to 1
WARNING: Normalizing category proportions so that sum of them equals to 1
WARNING: Normalizing category proportions so that sum of them equals to 1
WARNING: Normalizing category proportions so that sum of them equals to 1
WARNING: Normalizing category proportions so that sum of them equals to 1
WARNING: Normalizing category proportions so that sum of them equals to 1
WARNING: Normalizing category proportions so that sum of them equals to 1
WARNING: Normalizing category proportions so that sum of them equals to 1
WARNING: Normalizing category proportions so that sum of them equals to 1
WARNING: Normalizing category proportions so that sum of them equals to 1
WARNING: Normalizing category proportions so that sum of them equals to 1
WARNING: Normalizing category proportions so that sum of them equals to 1
WARNING: Normalizing category proportions so that sum of them equals to 1
WARNING: Normalizing category proportions so that sum of them equals to 1
WARNING: Normalizing category proportions so that sum of them equals to 1
WARNING: Normalizing category proportions so that sum of them equals to 1
WARNING: Normalizing category proportions so that sum of them equals to 1
WARNING: Normalizing category proportions so that sum of them equals to 1
WARNING: Normalizing category proportions so that sum of them equals to 1
WARNING: Normalizing category proportions so that sum of them equals to 1
WARNING: Normalizing category proportions so that sum of them equals to 1
WARNING: Normalizing category proportions so that sum of them equals to 1
WARNING: Normalizing category proportions so that sum of them equals to 1
WARNING: Normalizing category proportions so that sum of them equals to 1
WARNING: Normalizing category proportions so that sum of them equals to 1
WARNING: Normalizing category proportions so that sum of them equals to 1
WARNING: Normalizing category proportions so that sum of them equals to 1
WARNING: Normalizing category proportions so that sum of them equals to 1
WARNING: Normalizing category proportions so that sum of them equals to 1
WARNING: Normalizing category proportions so that sum of them equals to 1
WARNING: Normalizing category proportions so that sum of them equals to 1
WARNING: Normalizing category proportions so that sum of them equals to 1
WARNING: Normalizing category proportions so that sum of them equals to 1
WARNING: Normalizing category proportions so that sum of them equals to 1
WARNING: Normalizing category proportions so that sum of them equals to 1
WARNING: Normalizing category proportions so that sum of them equals to 1
WARNING: Normalizing category proportions so that sum of them equals to 1
WARNING: Normalizing category proportions so that sum of them equals to 1
WARNING: Normalizing category proportions so that sum of them equals to 1
WARNING: Normalizing category proportions so that sum of them equals to 1
WARNING: Normalizing category proportions so that sum of them equals to 1
WARNING: Normalizing category proportions so that sum of them equals to 1
WARNING: Normalizing category proportions so that sum of them equals to 1
WARNING: Normalizing category proportions so that sum of them equals to 1
WARNING: Normalizing category proportions so that sum of them equals to 1
WARNING: Normalizing category proportions so that sum of them equals to 1
WARNING: Normalizing category proportions so that sum of them equals to 1
WARNING: Normalizing category proportions so that sum of them equals to 1
WARNING: Normalizing category proportions so that sum of them equals to 1
WARNING: Normalizing category proportions so that sum of them equals to 1
WARNING: Normalizing category proportions so that sum of them equals to 1
WARNING: Normalizing category proportions so that sum of them equals to 1
WARNING: Normalizing category proportions so that sum of them equals to 1
WARNING: Normalizing category proportions so that sum of them equals to 1
WARNING: Normalizing category proportions so that sum of them equals to 1
WARNING: Normalizing category proportions so that sum of them equals to 1
WARNING: Normalizing category proportions so that sum of them equals to 1
WARNING: Normalizing category proportions so that sum of them equals to 1
WARNING: Normalizing category proportions so that sum of them equals to 1
WARNING: Normalizing category proportions so that sum of them equals to 1
WARNING: Normalizing category proportions so that sum of them equals to 1
WARNING: Normalizing category proportions so that sum of them equals to 1
WARNING: Normalizing category proportions so that sum of them equals to 1
WARNING: Normalizing category proportions so that sum of them equals to 1
WARNING: Normalizing category proportions so that sum of them equals to 1
WARNING: Normalizing category proportions so that sum of them equals to 1
WARNING: Normalizing category proportions so that sum of them equals to 1
WARNING: Normalizing category proportions so that sum of them equals to 1
WARNING: Normalizing category proportions so that sum of them equals to 1
WARNING: Normalizing category proportions so that sum of them equals to 1
WARNING: Normalizing category proportions so that sum of them equals to 1
WARNING: Normalizing category proportions so that sum of them equals to 1
WARNING: Normalizing category proportions so that sum of them equals to 1
WARNING: Normalizing category proportions so that sum of them equals to 1
WARNING: Normalizing category proportions so that sum of them equals to 1
 - Time spent on Loading trees: 3.174
 - Tree filepath: d:\BIOL8701\BACKUP\dataset_result\Ascomycota\partition\Q_unlinked\Ascomycota20_Q_mf.parttrees
 - Length of output sequences: 270328
 - Model: Partition model
 - Number of output datasets: 2
WARNING: Normalizing weights of rate categories so that sum of them is 1!
WARNING: Normalizing weights of rate categories so that sum of them is 1!
WARNING: Normalizing weights of rate categories so that sum of them is 1!
WARNING: Normalizing weights of rate categories so that sum of them is 1!
WARNING: Normalizing weights of rate categories so that sum of them is 1!
WARNING: Normalizing weights of rate categories so that sum of them is 1!
WARNING: Normalizing weights of rate categories so that sum of them is 1!
WARNING: Normalizing weights of rate categories so that sum of them is 1!
WARNING: Normalizing weights of rate categories so that sum of them is 1!
WARNING: Normalizing weights of rate categories so that sum of them is 1!
WARNING: Normalizing weights of rate categories so that sum of them is 1!
WARNING: Normalizing weights of rate categories so that sum of them is 1!
WARNING: Normalizing weights of rate categories so that sum of them is 1!
WARNING: Normalizing weights of rate categories so that sum of them is 1!
WARNING: Normalizing weights of rate categories so that sum of them is 1!
WARNING: Normalizing weights of rate categories so that sum of them is 1!
WARNING: Normalizing weights of rate categories so that sum of them is 1!
WARNING: Normalizing weights of rate categories so that sum of them is 1!
WARNING: Normalizing weights of rate categories so that sum of them is 1!
WARNING: Normalizing weights of rate categories so that sum of them is 1!
WARNING: Normalizing weights of rate categories so that sum of them is 1!
WARNING: Normalizing weights of rate categories so that sum of them is 1!
WARNING: Normalizing weights of rate categories so that sum of them is 1!
WARNING: Normalizing weights of rate categories so that sum of them is 1!
WARNING: Normalizing weights of rate categories so that sum of them is 1!
WARNING: Normalizing weights of rate categories so that sum of them is 1!
WARNING: Normalizing weights of rate categories so that sum of them is 1!
WARNING: Normalizing weights of rate categories so that sum of them is 1!
WARNING: Normalizing weights of rate categories so that sum of them is 1!
WARNING: Normalizing weights of rate categories so that sum of them is 1!
WARNING: Normalizing weights of rate categories so that sum of them is 1!
WARNING: Normalizing weights of rate categories so that sum of them is 1!
WARNING: Normalizing weights of rate categories so that sum of them is 1!
WARNING: Normalizing weights of rate categories so that sum of them is 1!
WARNING: Normalizing weights of rate categories so that sum of them is 1!
WARNING: Normalizing weights of rate categories so that sum of them is 1!
WARNING: Normalizing weights of rate categories so that sum of them is 1!
WARNING: Normalizing weights of rate categories so that sum of them is 1!
WARNING: Normalizing weights of rate categories so that sum of them is 1!
WARNING: Normalizing weights of rate categories so that sum of them is 1!
WARNING: Normalizing weights of rate categories so that sum of them is 1!
WARNING: Normalizing weights of rate categories so that sum of them is 1!
WARNING: Normalizing weights of rate categories so that sum of them is 1!
WARNING: Normalizing weights of rate categories so that sum of them is 1!
WARNING: Normalizing weights of rate categories so that sum of them is 1!
WARNING: Normalizing weights of rate categories so that sum of them is 1!
WARNING: Normalizing weights of rate categories so that sum of them is 1!
WARNING: Normalizing weights of rate categories so that sum of them is 1!
WARNING: Normalizing weights of rate categories so that sum of them is 1!
WARNING: Normalizing weights of rate categories so that sum of them is 1!
WARNING: Normalizing weights of rate categories so that sum of them is 1!
WARNING: Normalizing weights of rate categories so that sum of them is 1!
WARNING: Normalizing weights of rate categories so that sum of them is 1!
WARNING: Normalizing weights of rate categories so that sum of them is 1!
WARNING: Normalizing weights of rate categories so that sum of them is 1!
WARNING: Normalizing weights of rate categories so that sum of them is 1!
WARNING: Normalizing weights of rate categories so that sum of them is 1!
WARNING: Normalizing weights of rate categories so that sum of them is 1!
WARNING: Normalizing weights of rate categories so that sum of them is 1!
WARNING: Normalizing weights of rate categories so that sum of them is 1!
WARNING: Normalizing weights of rate categories so that sum of them is 1!
WARNING: Normalizing weights of rate categories so that sum of them is 1!
WARNING: Normalizing weights of rate categories so that sum of them is 1!
WARNING: Normalizing weights of rate categories so that sum of them is 1!
WARNING: Normalizing weights of rate categories so that sum of them is 1!
WARNING: Normalizing weights of rate categories so that sum of them is 1!
WARNING: Normalizing weights of rate categories so that sum of them is 1!
WARNING: Normalizing weights of rate categories so that sum of them is 1!
 - Time spent on merging partitions: 0.013
An alignment has just been exported to try_1.fa
SUBSTITUTION PROCESS
--------------------

Edge-unlinked partition model with separate substitution models and separate rates across sites

  ID  Model         TreeLen  Parameters
   1  Q.YEAST+I+R6   23.850  Q.YEAST+I{0.029647}+R6{0.0803554,0.0957997,0.166079,0.294093,0.247187,0.624021,0.15927,0.929806,0.231881,1.56036,0.0855801,3.26363}
   2  Q.YEAST+F+R5   7.042  Q.YEAST+F+R5{0.213968,0.0276924,0.277022,0.315321,0.279863,0.913641,0.173352,2.14738,0.0557952,4.99643}
   3  Q.YEAST+F+R4   17.363  Q.YEAST+F+R4{0.0622927,0.0750413,0.184753,0.352332,0.342815,0.791318,0.410139,1.60666}
   4  Q.YEAST+F+R5   21.569  Q.YEAST+F+R5{0.0199762,0.0177582,0.0803252,0.190198,0.285014,0.480926,0.319811,0.906203,0.294873,1.89059}
   5  Q.YEAST+F+R4   15.390  Q.YEAST+F+R4{0.0897797,0.0999159,0.239349,0.407309,0.383606,0.914661,0.287266,1.88909}
   6  Q.YEAST+F+R4   25.051  Q.YEAST+F+R4{0.0302506,0.102569,0.294665,0.467994,0.486727,0.998863,0.188358,1.97933}
   7  Q.YEAST+R4     5.876  Q.YEAST+R4{0.204887,0.0594176,0.40231,0.527022,0.301586,1.53296,0.0912175,3.43663}
   8  Q.YEAST+F+R5   22.393  Q.YEAST+F+R5{0.0512975,0.0595701,0.141519,0.264948,0.327471,0.565146,0.347328,1.26398,0.132385,2.53326}
   9  Q.INSECT+I+R4  11.243  Q.INSECT+I{0.0942029}+R4{0.257215,0.202556,0.259806,0.679723,0.293008,1.42591,0.0957679,3.69121}
  10  LG+F+R5        12.975  LG+F+R5{0.211405,0.0306898,0.184244,0.288686,0.250715,0.745128,0.282112,1.80358,0.0715245,3.42118}
  11  Q.PFAM+F+I+R4  15.610  Q.PFAM+F+I{0.0155882}+R4{0.130843,0.173121,0.340863,0.586482,0.43441,1.30582,0.0782952,2.6844}
  12  LG+F+I+R4      18.226  LG+F+I{0.0114739}+R4{0.103708,0.180257,0.312596,0.572833,0.377897,1.0542,0.194325,2.07828}
  13  Q.PFAM+F+I+R4  23.205  Q.PFAM+F+I{0.0401888}+R4{0.103741,0.0907109,0.154209,0.353203,0.303095,0.892047,0.398766,1.66952}
  14  LG+F+G4        11.188  LG+F+G4{1.28657}
  15  Q.YEAST+F+I+R4 27.809  Q.YEAST+F+I{0.00710097}+R4{0.11123,0.16702,0.361803,0.527299,0.361259,1.16369,0.158607,2.33439}
  16  LG+F+I+R4      15.676  LG+F+I{0.0275262}+R4{0.128667,0.0954518,0.272293,0.431335,0.351724,1.0285,0.21979,2.31367}
  17  Q.YEAST+F+R4   11.784  Q.YEAST+F+R4{0.0573492,0.0726131,0.257232,0.339624,0.460648,0.968095,0.22477,2.05776}
  18  Q.PFAM+F+R4    20.075  Q.PFAM+F+R4{0.0425728,0.101461,0.282968,0.466219,0.447263,1.02763,0.227196,1.77879}
  19  Q.PFAM+F+I+R4  21.291  Q.PFAM+F+I{0.0149897}+R4{0.0620001,0.161229,0.229195,0.478862,0.38283,0.947101,0.310985,1.66462}
  20  Q.YEAST+F+R4   19.595  Q.YEAST+F+R4{0.0717201,0.130147,0.236056,0.390586,0.469913,0.951332,0.222311,2.03059}
  21  RTREV+F+R4     15.330  RTREV+F+R4{0.114642,0.0417789,0.172604,0.276141,0.353277,0.808374,0.359478,1.84147}
  22  Q.YEAST+F+R5   15.792  Q.YEAST+F+R5{0.0776179,0.0219221,0.135894,0.200951,0.244018,0.566473,0.36652,1.12789,0.17595,2.38345}
  23  LG+F+I+R4      7.447  LG+F+I{0.145198}+R4{0.214787,0.157177,0.330414,0.769065,0.228206,1.83637,0.081395,3.60046}
  24  Q.YEAST+I+G4   6.658  Q.YEAST+I{0.0763273}+G4{1.26188}
  25  LG+F+R4        15.684  LG+F+R4{0.0625361,0.0904418,0.220861,0.421027,0.361869,0.857303,0.354734,1.66639}
  26  LG+F+R4        16.935  LG+F+R4{0.0693447,0.0675538,0.234419,0.357488,0.422131,0.868874,0.274105,1.98732}
  27  LG+F+I+R3      14.462  LG+F+I{0.0812471}+R3{0.207494,0.190116,0.394492,0.796295,0.316767,2.04068}
  28  Q.YEAST+I+R4   11.187  Q.YEAST+I{0.0935556}+R4{0.205146,0.109426,0.302583,0.562831,0.232185,1.45357,0.166531,2.82081}
  29  Q.YEAST+I+G4   14.253  Q.YEAST+I{0.110182}+G4{1.30935}
  30  Q.YEAST+F+I+R4 8.027  Q.YEAST+F+I{0.127827}+R4{0.213052,0.107015,0.244223,0.627015,0.270663,1.51459,0.144235,2.87118}
  31  LG+F+R4        17.679  LG+F+R4{0.0425817,0.0726787,0.22542,0.373808,0.515574,0.908924,0.216425,2.05163}
  32  LG+F+I+R4      9.010  LG+F+I{0.141578}+R4{0.181221,0.187326,0.241216,0.593609,0.328934,1.41348,0.107051,3.34348}
  33  LG+F+I+R4      16.677  LG+F+I{0.0763447}+R4{0.110273,0.103457,0.199183,0.367854,0.334474,0.960375,0.279725,2.12387}
  34  Q.YEAST+F+R5   21.162  Q.YEAST+F+R5{0.0517225,0.018054,0.133322,0.197473,0.29317,0.545009,0.37657,1.22738,0.145215,2.41548}
  35  Q.YEAST+R4     14.602  Q.YEAST+R4{0.0837276,0.0836827,0.367253,0.475333,0.317435,1.08572,0.231585,2.04582}
  36  Q.YEAST+F+I+G4 7.664  Q.YEAST+F+I{0.109402}+G4{1.15092}
  37  Q.YEAST+R5     7.842  Q.YEAST+R5{0.260993,0.0238685,0.212865,0.231192,0.283712,0.920778,0.166999,2.11185,0.0754302,4.38346}
  38  Q.YEAST+R4     6.122  Q.YEAST+R4{0.315829,0.0316669,0.263585,0.42773,0.295176,1.39288,0.12541,3.7167}
  39  LG+F+I+R4      28.352  LG+F+I{0.0167789}+R4{0.0758322,0.108506,0.167337,0.411961,0.539737,0.96142,0.200315,2.01643}
  40  Q.YEAST+I+R4   12.037  Q.YEAST+I{0.0665696}+R4{0.155093,0.140102,0.298204,0.490403,0.293162,1.22105,0.186971,2.5355}
  41  Q.YEAST+F+I+R4 17.328  Q.YEAST+F+I{0.00700691}+R4{0.145701,0.1952,0.403412,0.630384,0.408054,1.4679,0.0358266,3.30123}
  42  Q.YEAST+I+G4   11.359  Q.YEAST+I{0.0897535}+G4{1.13935}
  43  Q.YEAST+I+R4   20.439  Q.YEAST+I{0.00463489}+R4{0.127648,0.193835,0.410806,0.608391,0.434143,1.32404,0.0227681,6.61028}
  44  Q.YEAST+F+R4   23.851  Q.YEAST+F+R4{0.0205334,0.0681352,0.144515,0.295445,0.40928,0.700036,0.425672,1.57256}
  45  Q.YEAST+R5     17.063  Q.YEAST+R5{0.0716984,0.013558,0.150477,0.173793,0.23473,0.51261,0.248017,1.07856,0.295077,1.9827}
  46  Q.YEAST+F+R4   11.647  Q.YEAST+F+R4{0.0970475,0.0523305,0.251736,0.353931,0.377745,0.941609,0.273471,2.01168}
  47  LG+R4          10.506  LG+R4{0.257617,0.0241897,0.263961,0.371728,0.3051,1.31757,0.173322,2.8482}
  48  Q.YEAST+I+G4   9.613  Q.YEAST+I{0.171188}+G4{0.931934}
  49  Q.YEAST+F+I+R4 5.768  Q.YEAST+F+I{0.111806}+R4{0.316685,0.0835049,0.294945,0.726037,0.212618,2.03454,0.0639454,5.11113}
  50  LG+F+I+R3      21.795  LG+F+I{0.00751398}+R3{0.13402,0.227349,0.446316,0.678778,0.41215,1.61733}
  51  Q.YEAST+R4     12.974  Q.YEAST+R4{0.115004,0.0134166,0.257638,0.284259,0.408228,0.974463,0.219129,2.40688}
  52  Q.YEAST+I+R4   17.607  Q.YEAST+I{0.0182581}+R4{0.0631131,0.124941,0.275335,0.463862,0.385365,0.977469,0.257929,1.89089}
  53  LG+F+R4        21.892  LG+F+R4{0.0696033,0.0491591,0.164146,0.266135,0.379584,0.772658,0.386666,1.70588}
  54  Q.YEAST+F+I+R4 20.798  Q.YEAST+F+I{0.0112439}+R4{0.108211,0.114041,0.295261,0.457154,0.444791,1.10844,0.140493,2.55995}
  55  Q.YEAST+R4     10.024  Q.YEAST+R4{0.238905,0.09385,0.294929,0.498583,0.297858,1.21511,0.168308,2.7842}
  56  Q.YEAST+R4     15.475  Q.YEAST+R4{0.0919605,0.128852,0.277324,0.449213,0.434008,1.04497,0.196708,2.08455}
  57  Q.YEAST+F+R4   21.665  Q.YEAST+F+R4{0.0650917,0.164648,0.239065,0.447261,0.442055,0.938515,0.253788,1.84202}
  58  Q.YEAST+F+R4   19.006  Q.YEAST+F+R4{0.0247177,0.0278956,0.171443,0.315605,0.488844,0.74918,0.314995,1.83803}
  59  Q.YEAST+R4     19.202  Q.YEAST+R4{0.0777507,0.0567543,0.251947,0.345692,0.367937,0.898767,0.302365,1.91094}
  60  Q.PFAM+F+I+R3  16.969  Q.PFAM+F+I{0.067856}+R3{0.18935,0.207644,0.333442,0.722142,0.409352,1.75861}
  61  LG+F+R4        18.122  LG+F+R4{0.163553,0.0294191,0.133225,0.263111,0.266988,0.674968,0.436233,1.78787}
  62  Q.YEAST+F+R5   19.591  Q.YEAST+F+R5{0.0501543,0.0218412,0.156574,0.211995,0.364195,0.578154,0.383959,1.32018,0.0451186,5.5023}
  63  Q.YEAST+R5     20.257  Q.YEAST+R5{0.0609145,0.0431874,0.154429,0.199337,0.263798,0.514035,0.344329,1.1308,0.176529,2.50167}
  64  LG+F+R4        16.316  LG+F+R4{0.117786,0.028769,0.201905,0.286873,0.327349,0.882569,0.35296,1.84095}
  65  Q.YEAST+R5     11.135  Q.YEAST+R5{0.173455,0.0528125,0.212323,0.366578,0.319805,0.85281,0.230518,1.81319,0.0638996,3.47891}
  66  LG+F+R4        22.181  LG+F+R4{0.0253894,0.044543,0.123976,0.322116,0.443033,0.697272,0.407602,1.59474}
  67  Q.YEAST+R4     10.318  Q.YEAST+R4{0.150183,0.0592539,0.319722,0.427861,0.373011,1.20666,0.157085,2.57318}
  68  Q.YEAST+I+R4   8.137  Q.YEAST+I{0.122106}+R4{0.240392,0.175674,0.195144,0.685408,0.29681,1.34155,0.145548,2.92571}
  69  Q.YEAST+I+R3   11.225  Q.YEAST+I{0.0544586}+R3{0.215991,0.163763,0.341656,0.65227,0.387894,1.91232}
  70  Q.YEAST+F+R3   14.032  Q.YEAST+F+R3{0.117351,0.151596,0.428154,0.66443,0.454496,1.53518}
  71  Q.YEAST+I+R4   4.764  Q.YEAST+I{0.233778}+R4{0.325187,0.270464,0.178251,0.996198,0.215123,2.3059,0.047661,5.00248}
  72  Q.YEAST+I+G4   12.562  Q.YEAST+I{0.148636}+G4{0.878816}
  73  LG+F+R4        23.697  LG+F+R4{0.0357471,0.0857628,0.182281,0.370052,0.266235,0.741437,0.515737,1.41949}
  74  LG+F+I+R3      19.922  LG+F+I{0.0241153}+R3{0.163804,0.202202,0.385004,0.654459,0.427077,1.67396}
  75  Q.YEAST+F+R5   19.156  Q.YEAST+F+R5{0.0938889,0.0444879,0.153023,0.267706,0.266963,0.641367,0.428974,1.36239,0.0571514,3.48559}
  76  Q.PFAM+F+R3    18.833  Q.PFAM+F+R3{0.119977,0.167952,0.444907,0.653417,0.435115,1.58381}
  77  Q.YEAST+F+R4   8.517  Q.YEAST+F+R4{0.280952,0.0189341,0.200534,0.296649,0.286961,1.04242,0.231553,2.74693}
  78  Q.YEAST+I+R4   13.667  Q.YEAST+I{0.0438691}+R4{0.109652,0.0953179,0.244183,0.397275,0.376779,1.01379,0.225516,2.26399}
  79  LG+F+I+R4      13.077  LG+F+I{0.132309}+R4{0.202121,0.11602,0.262406,0.508671,0.329296,1.41452,0.0738677,5.10744}
  80  LG+I+R4        12.089  LG+I{0.0389598}+R4{0.152093,0.162656,0.21008,0.497813,0.418287,1.02462,0.18058,2.44819}
  81  Q.YEAST+F+R5   19.209  Q.YEAST+F+R5{0.0395856,0.054198,0.12657,0.245282,0.374192,0.641737,0.394877,1.36226,0.0647753,2.91395}
  82  Q.YEAST+R4     11.871  Q.YEAST+R4{0.152218,0.0293982,0.250266,0.31256,0.354508,0.972409,0.243008,2.3562}
  83  Q.PFAM+F+I+R3  14.315  Q.PFAM+F+I{0.0119417}+R3{0.0958425,0.199576,0.367955,0.582104,0.524261,1.46241}
  84  Q.YEAST+F+R5   15.842  Q.YEAST+F+R5{0.136278,0.0165308,0.163321,0.185062,0.281974,0.607485,0.253738,1.35764,0.164689,2.743}
  85  LG+F+R4        5.516  LG+F+R4{0.35455,0.0621998,0.314448,0.684987,0.250853,1.79049,0.0801503,3.91022}
  86  Q.YEAST+R4     6.961  Q.YEAST+R4{0.317233,0.0670902,0.304241,0.543915,0.315959,1.65587,0.0625663,4.63585}
  87  Q.YEAST+F+R4   16.666  Q.YEAST+F+R4{0.120521,0.0501723,0.271534,0.34077,0.353922,0.914648,0.254024,2.27423}
  88  Q.YEAST+F+R4   16.903  Q.YEAST+F+R4{0.0869407,0.0467402,0.264728,0.406874,0.471321,0.98459,0.177011,2.39628}
  89  LG+F+I+R3      17.547  LG+F+I{0.0354272}+R3{0.201513,0.216866,0.443736,0.767662,0.319324,1.92801}
  90  Q.YEAST+R4     5.339  Q.YEAST+R4{0.383619,0.0357331,0.332977,0.578203,0.199457,1.89252,0.0839471,4.95892}
  91  Q.YEAST+I+R4   14.660  Q.YEAST+I{0.0518589}+R4{0.115292,0.0995281,0.177475,0.344552,0.373615,0.886443,0.281759,2.11595}
  92  Q.YEAST+F+I+R4 24.040  Q.YEAST+F+I{0.00775797}+R4{0.0483719,0.103861,0.300037,0.411748,0.439984,0.984947,0.203849,2.14902}
  93  Q.YEAST+F+R4   14.057  Q.YEAST+F+R4{0.103522,0.0171374,0.178917,0.263318,0.338747,0.76792,0.378814,1.82407}
  94  Q.YEAST+I+R4   12.254  Q.YEAST+I{0.0917973}+R4{0.126458,0.0761177,0.271652,0.434913,0.335221,1.20812,0.174871,2.67192}
  95  Q.YEAST+F+R3   14.493  Q.YEAST+F+R3{0.0979922,0.134043,0.579384,0.689896,0.322624,1.81992}
  96  LG+F+I+R4      18.105  LG+F+I{0.0283685}+R4{0.0938957,0.10325,0.248837,0.426511,0.433937,1.07394,0.194961,2.14479}
  97  Q.YEAST+F+I+R4 18.568  Q.YEAST+F+I{0.0168185}+R4{0.0764795,0.0934588,0.222138,0.388036,0.505245,1.03091,0.179319,2.15144}
  98  Q.YEAST+R4     14.653  Q.YEAST+R4{0.12883,0.0489359,0.279494,0.389796,0.455039,1.11218,0.136637,2.77132}
  99  Q.YEAST+I+G4   10.685  Q.YEAST+I{0.0502089}+G4{1.79684}
 100  LG+F+R4        19.737  LG+F+R4{0.0641011,0.0243374,0.152124,0.28892,0.293231,0.709728,0.490544,1.52152}
 101  LG+F+I+R3      23.702  LG+F+I{0.0408603}+R3{0.135689,0.188529,0.401182,0.741464,0.422269,1.60314}
 102  LG+F+R4        21.846  LG+F+R4{0.0688337,0.16867,0.336166,0.505037,0.529918,1.14854,0.065083,3.22637}
 103  LG+I+G4        5.979  LG+I{0.182673}+G4{1.18291}
 104  Q.YEAST+R4     4.064  Q.YEAST+R4{0.370432,0.0704387,0.338584,0.639858,0.261594,2.15023,0.0293907,6.62708}
 105  Q.YEAST+R3     13.670  Q.YEAST+R3{0.115778,0.134221,0.467862,0.61556,0.41636,1.67274}
 106  LG+F+I+R4      13.830  LG+F+I{0.087795}+R4{0.140579,0.0822039,0.281588,0.46918,0.384557,1.36033,0.105482,3.15889}
 107  Q.YEAST+I+R4   14.837  Q.YEAST+I{0.0457572}+R4{0.10751,0.111944,0.371032,0.518108,0.373597,1.42093,0.102104,2.59416}
 108  Q.YEAST+F+R5   13.534  Q.YEAST+F+R5{0.168408,0.0925607,0.243586,0.400399,0.354174,0.913906,0.215522,2.06796,0.0183109,6.41738}
 109  LG+R4          13.878  LG+R4{0.173228,0.0373277,0.212885,0.386672,0.384825,1.02418,0.229062,2.25741}
 110  LG+R4          10.601  LG+R4{0.159523,0.0215768,0.233067,0.260475,0.405671,0.984571,0.201739,2.65907}
 111  Q.YEAST+F+I+R4 23.882  Q.YEAST+F+I{0.0786032}+R4{0.0910205,0.0573675,0.145197,0.242824,0.311781,0.706479,0.373398,1.9798}
 112  Q.YEAST+F+I+R4 7.727  Q.YEAST+F+I{0.14868}+R4{0.245853,0.120638,0.319344,0.763311,0.219779,2.06716,0.0663434,4.10385}
 113  Q.YEAST+R5     14.454  Q.YEAST+R5{0.186234,0.0500139,0.180195,0.341663,0.386393,0.859949,0.224061,1.95515,0.0231177,6.86787}
 114  Q.PFAM+F+R4    13.951  Q.PFAM+F+R4{0.167698,0.106964,0.25928,0.475171,0.346745,1.08199,0.226277,2.13758}
 115  Q.YEAST+F+I+R4 19.693  Q.YEAST+F+I{0.0210158}+R4{0.0865041,0.0897441,0.23123,0.398061,0.418156,0.981307,0.243094,2.01508}
 116  Q.PFAM+F+I+R4  17.028  Q.PFAM+F+I{0.0862706}+R4{0.161906,0.100196,0.196683,0.439434,0.356204,1.2495,0.198937,2.27345}
 117  Q.YEAST+F+I+G4 14.028  Q.YEAST+F+I{0.0342439}+G4{1.65103}
 118  Q.YEAST+F+R4   16.908  Q.YEAST+F+R4{0.0546139,0.119838,0.278125,0.492355,0.522211,1.07737,0.145051,2.02622}
 119  Q.YEAST+R4     13.905  Q.YEAST+R4{0.1332,0.0400713,0.342934,0.436393,0.455954,1.34482,0.0679123,3.41369}
 120  Q.YEAST+F+I+G4 11.198  Q.YEAST+F+I{0.0459943}+G4{1.81449}
 121  LG+F+I+R4      13.618  LG+F+I{0.03567}+R4{0.171262,0.0981664,0.23468,0.3976,0.3478,1.08709,0.210588,2.43028}
 122  Q.YEAST+I+R4   12.595  Q.YEAST+I{0.0442701}+R4{0.364047,0.389152,0.348482,0.808485,0.226835,2.06192,0.0163655,6.6525}
 123  Q.YEAST+I+R4   12.319  Q.YEAST+I{0.0345505}+R4{0.126098,0.144606,0.322925,0.498764,0.402439,1.2297,0.113988,2.85839}
 124  Q.YEAST+R4     18.176  Q.YEAST+R4{0.142034,0.0407527,0.258066,0.325678,0.201513,0.7857,0.398387,1.8872}
 125  Q.YEAST+F+R4   18.464  Q.YEAST+F+R4{0.0642652,0.0525576,0.216448,0.388953,0.422877,0.915123,0.296411,1.77271}
 126  Q.YEAST+F+R4   9.763  Q.YEAST+F+R4{0.152514,0.0753306,0.431271,0.535931,0.339944,1.41911,0.0762709,3.60507}
 127  Q.YEAST+I+G4   8.940  Q.YEAST+I{0.106427}+G4{1.08485}
 128  Q.YEAST+F+I+G4 9.961  Q.YEAST+F+I{0.138976}+G4{1.25502}
 129  LG+F+R4        7.285  LG+F+R4{0.343244,0.04385,0.250945,0.534796,0.253108,1.43272,0.152704,3.19646}
 130  Q.YEAST+I+R3   2.837  Q.YEAST+I{0.351583}+R3{0.323716,0.364594,0.242835,1.94769,0.0818662,4.99606}
 131  LG+I+R3        7.289  LG+I{0.176823}+R3{0.307789,0.312418,0.434103,1.3039,0.0812858,4.1559}
 132  Q.PFAM+F+R4    15.211  Q.PFAM+F+R4{0.0999994,0.0418322,0.330011,0.40366,0.382966,1.11177,0.187024,2.33572}
 133  Q.YEAST+F+I+R4 12.650  Q.YEAST+F+I{0.0119228}+R4{0.214338,0.170906,0.339703,0.635805,0.371583,1.36303,0.0624531,3.85736}
 134  LG+F+I+R4      22.706  LG+F+I{0.00544331}+R4{0.0851157,0.152633,0.199008,0.399325,0.502057,0.921897,0.208376,2.1341}
 135  LG+I+R3        5.523  LG+I{0.176995}+R3{0.325334,0.271728,0.368865,1.30393,0.128806,3.34319}
 136  Q.YEAST+I+G4   10.872  Q.YEAST+I{0.132116}+G4{1.00334}
 137  Q.YEAST+F+R4   17.869  Q.YEAST+F+R4{0.0669113,0.110971,0.303866,0.462253,0.536683,1.13901,0.09254,2.60237}
 138  Q.PFAM+F+I+R3  18.143  Q.PFAM+F+I{0.00486859}+R3{0.0889792,0.192203,0.38912,0.61834,0.517033,1.43567}
 139  Q.YEAST+F+I+R4 18.861  Q.YEAST+F+I{0.014916}+R4{0.109651,0.180495,0.297989,0.486173,0.37739,1.06738,0.200053,2.162}
 140  LG+F+I+R3      11.574  LG+F+I{0.0937017}+R3{0.15309,0.122475,0.361094,0.64162,0.392115,1.9116}
 141  Q.YEAST+F+I+R3 22.890  Q.YEAST+F+I{0.0078486}+R3{0.18629,0.263614,0.426454,0.783731,0.379408,1.62534}
 142  Q.YEAST+F+I+R5 26.511  Q.YEAST+F+I{0.0366433}+R5{0.0768109,0.0476638,0.11981,0.150995,0.222882,0.385053,0.470071,0.920992,0.073783,6.22766}
 143  LG+F+R6        19.017  LG+F+R6{0.0318426,0.00768858,0.136198,0.159962,0.216534,0.46162,0.301968,0.793595,0.296751,1.6603,0.0167066,8.71972}
 144  LG+I+G4        10.228  LG+I{0.146776}+G4{0.966749}
 145  Q.YEAST+F+I+R4 17.296  Q.YEAST+F+I{0.0128904}+R4{0.0858461,0.151954,0.341858,0.518367,0.442518,1.16159,0.116887,2.52998}
 146  Q.YEAST+R4     15.770  Q.YEAST+R4{0.0822898,0.0816257,0.318894,0.435099,0.348196,0.951464,0.250621,2.08776}
 147  Q.YEAST+F+I+R4 20.448  Q.YEAST+F+I{0.0135792}+R4{0.130995,0.129684,0.267959,0.450339,0.424829,1.12268,0.162637,2.36965}
 148  Q.PFAM+F+I+R3  15.633  Q.PFAM+F+I{0.0215842}+R3{0.208936,0.273403,0.535106,0.873102,0.234374,2.02955}
 149  Q.YEAST+I+R3   2.838  Q.YEAST+I{0.257544}+R3{0.436023,0.406401,0.257569,2.10498,0.0488645,5.74289}
 150  LG+F+R5        13.398  LG+F+R5{0.106367,0.0243293,0.242381,0.345115,0.311429,0.742068,0.309231,1.7636,0.030592,4.48812}
 151  LG+F+R4        16.084  LG+F+R4{0.123775,0.0216339,0.185032,0.315404,0.276566,0.776834,0.414627,1.74643}
 152  Q.YEAST+F+R4   19.560  Q.YEAST+F+R4{0.104406,0.0801806,0.280617,0.37619,0.392951,0.959593,0.222026,2.29248}
 153  Q.YEAST+F+R3   15.681  Q.YEAST+F+R3{0.025566,0.0601505,0.336946,0.422527,0.637488,1.34292}
 154  Q.INSECT+I+R4  12.796  Q.INSECT+I{0.0537677}+R4{0.312243,0.238585,0.433007,0.902495,0.181808,1.88377,0.0191751,10.0252}
 155  Q.YEAST+R4     4.601  Q.YEAST+R4{0.395737,0.063671,0.305592,0.61217,0.24907,2.07585,0.0496009,5.45749}
 156  LG+G4          7.494  LG+G4{0.674728}
 157  Q.YEAST+I+R3   5.927  Q.YEAST+I{0.140721}+R3{0.370618,0.152278,0.283634,1.00222,0.205026,3.21568}
 158  Q.PFAM+F+I+G4  5.591  Q.PFAM+F+I{0.186756}+G4{1.12331}
 159  Q.YEAST+R5     16.139  Q.YEAST+R5{0.144797,0.029394,0.237634,0.334763,0.259296,0.800295,0.320885,1.65396,0.0373881,4.7595}
 160  Q.PFAM+F+R4    19.649  Q.PFAM+F+R4{0.0525641,0.118314,0.223008,0.450575,0.528241,0.855028,0.196187,2.25111}
 161  LG+I+G4        10.281  LG+I{0.118778}+G4{1.27012}
 162  Q.YEAST+I+G4   7.287  Q.YEAST+I{0.18643}+G4{0.994406}
 163  LG+F+I+R4      14.536  LG+F+I{0.0644623}+R4{0.147981,0.0964389,0.210769,0.448161,0.307346,1.03842,0.269441,2.12334}
 164  Q.YEAST+R4     5.441  Q.YEAST+R4{0.294657,0.0382664,0.351542,0.639336,0.287606,1.66887,0.0661946,4.29029}
 165  Q.YEAST+R5     11.480  Q.YEAST+R5{0.120596,0.0512577,0.210819,0.29275,0.363997,0.814485,0.291474,1.80907,0.0131138,8.26106}
 166  Q.YEAST+R4     16.411  Q.YEAST+R4{0.188183,0.0492279,0.237946,0.337719,0.398707,1.14279,0.175164,2.59607}
 167  LG+F+R4        15.665  LG+F+R4{0.133155,0.100174,0.288537,0.466082,0.486237,1.21631,0.092071,2.83222}
 168  Q.YEAST+R4     13.449  Q.YEAST+R4{0.12671,0.0684961,0.32821,0.484864,0.381376,1.0683,0.163705,2.59467}
 169  Q.YEAST+F+I+R4 4.120  Q.YEAST+F+I{0.240761}+R4{0.316553,0.275334,0.266425,1.17797,0.147218,2.93221,0.0290427,5.76146}
 170  LG+F+I+R4      14.871  LG+F+I{0.100616}+R4{0.101402,0.0645554,0.194291,0.372288,0.334278,0.98622,0.269413,2.19533}
 171  Q.YEAST+R4     18.949  Q.YEAST+R4{0.0618318,0.104924,0.308295,0.473453,0.550349,1.15666,0.0795247,2.65304}
 172  Q.YEAST+R5     35.629  Q.YEAST+R5{0.0864255,0.0407211,0.106933,0.181883,0.22945,0.458807,0.406474,0.963704,0.170717,2.81189}
 173  Q.YEAST+R4     11.511  Q.YEAST+R4{0.187982,0.0358934,0.280744,0.395292,0.312211,1.23274,0.219063,2.27059}
 174  Q.INSECT+R4    5.614  Q.INSECT+R4{0.438968,0.113578,0.407781,0.940498,0.14015,3.15773,0.013101,9.47025}
 175  LG+I+R3        13.951  LG+I{0.10994}+R3{0.208156,0.249823,0.2857,0.819007,0.396204,1.80212}
 176  LG+F+R4        9.435  LG+F+R4{0.218659,0.0635728,0.341411,0.586556,0.344566,1.50032,0.0953647,2.81953}
 177  Q.YEAST+F+R4   18.350  Q.YEAST+F+R4{0.0750868,0.112826,0.401627,0.529562,0.34308,1.12917,0.180207,2.17221}
 178  Q.YEAST+I+R4   17.508  Q.YEAST+I{0.0326161}+R4{0.149155,0.13006,0.353716,0.497463,0.368961,1.35311,0.095552,3.19612}
 179  LG+F+I+R3      8.454  LG+F+I{0.0596013}+R3{0.20975,0.193139,0.484393,0.838368,0.246256,2.24721}
 180  Q.YEAST+F+R4   11.969  Q.YEAST+F+R4{0.176487,0.0395809,0.229619,0.338045,0.377804,1.00534,0.216089,2.47848}
 181  LG+R4          2.804  LG+R4{0.574609,0.0390702,0.214542,0.851532,0.160226,2.65082,0.0506227,7.31155}
 182  LG+F+I+G4      9.332  LG+F+I{0.136191}+G4{1.18592}
 183  LG+F+I+G4      10.058  LG+F+I{0.0794674}+G4{0.990692}
 184  Q.YEAST+F+I+R4 9.987  Q.YEAST+F+I{0.0528641}+R4{0.186315,0.180629,0.303336,0.647807,0.341314,1.296,0.11617,2.81913}
 185  Q.YEAST+I+G4   11.456  Q.YEAST+I{0.0437616}+G4{1.2257}
 186  Q.YEAST+I+G4   14.381  Q.YEAST+I{0.0385229}+G4{1.15294}
 187  Q.PFAM+F+R3    13.340  Q.PFAM+F+R3{0.175949,0.184042,0.479952,0.698883,0.344099,1.83723}
 188  Q.YEAST+I+G4   14.153  Q.YEAST+I{0.115908}+G4{1.04931}
 189  LG+F+R3        18.721  LG+F+R3{0.182795,0.207398,0.476143,0.729689,0.341062,1.80217}
 190  Q.YEAST+F+R4   12.214  Q.YEAST+F+R4{0.0938401,0.0895372,0.307855,0.499697,0.492535,1.17985,0.10577,2.42647}
 191  Q.INSECT+I+R3  5.590  Q.INSECT+I{0.158888}+R3{0.449707,0.438174,0.328805,1.49605,0.0625998,4.96871}
 192  Q.YEAST+R4     12.434  Q.YEAST+R4{0.19451,0.0376996,0.283553,0.411525,0.291018,1.07987,0.230919,2.43252}
 193  Q.YEAST+R4     17.225  Q.YEAST+R4{0.0709089,0.106165,0.245399,0.390225,0.483342,0.964583,0.20035,2.14868}
 194  Q.YEAST+F+R4   18.184  Q.YEAST+F+R4{0.0771703,0.0411817,0.150141,0.262865,0.499761,0.855903,0.272928,1.94047}
 195  Q.YEAST+R4     12.258  Q.YEAST+R4{0.134532,0.128224,0.313131,0.507481,0.416813,1.11894,0.135524,2.63756}
 196  Q.YEAST+F+I+G4 5.426  Q.YEAST+F+I{0.111089}+G4{1.0486}
 197  Q.YEAST+I+G4   12.730  Q.YEAST+I{0.0258174}+G4{2.68391}
 198  Q.YEAST+F+I+R3 14.217  Q.YEAST+F+I{0.011136}+R3{0.145195,0.210198,0.407081,0.693129,0.436588,1.5743}
 199  Q.YEAST+R5     10.037  Q.YEAST+R5{0.290584,0.0244059,0.254201,0.318933,0.202516,1.12994,0.216034,2.19254,0.0366656,5.70949}
 200  LG+F+I+G4      11.647  LG+F+I{0.166922}+G4{1.25415}
 201  LG+I+G4        9.561  LG+I{0.116852}+G4{1.40494}
 202  Q.YEAST+R4     15.317  Q.YEAST+R4{0.165558,0.0374746,0.240188,0.359036,0.337468,0.939815,0.256786,2.2992}
 203  LG+F+I+G4      16.936  LG+F+I{0.051158}+G4{1.61357}
 204  Q.YEAST+F+R5   24.117  Q.YEAST+F+R5{0.0776858,0.0195937,0.164745,0.152824,0.304039,0.513161,0.385065,1.15223,0.0684652,5.45675}
 205  Q.PFAM+F+R3    18.663  Q.PFAM+F+R3{0.114145,0.1201,0.321929,0.612791,0.563926,1.39915}
 206  Q.YEAST+I+G4   17.738  Q.YEAST+I{0.0201957}+G4{1.68693}
 207  LG+R4          9.362  LG+R4{0.203051,0.0519499,0.304515,0.400467,0.372076,1.27828,0.120357,3.25603}
 208  Q.YEAST+I+R3   2.525  Q.YEAST+I{0.340705}+R3{0.316627,0.317088,0.278383,2.01388,0.0642849,5.27296}
 209  LG+F+R4        20.687  LG+F+R4{0.0920283,0.017407,0.197507,0.226126,0.360523,0.711654,0.349942,1.99224}
 210  LG+F+R3        22.778  LG+F+R3{0.051858,0.141381,0.478797,0.578635,0.469345,1.52472}
 211  Q.YEAST+R4     16.348  Q.YEAST+R4{0.10851,0.0823237,0.348526,0.454965,0.450187,1.18426,0.0927765,3.22669}
 212  Q.INSECT+I+G4  3.187  Q.INSECT+I{0.269582}+G4{1.16393}
 213  Q.YEAST+I+G4   5.248  Q.YEAST+I{0.107705}+G4{0.953374}
 214  Q.YEAST+I+R3   3.396  Q.YEAST+I{0.198564}+R3{0.410883,0.386401,0.293641,1.52818,0.0969128,4.05001}
 215  LG+F+I+R3      15.507  LG+F+I{0.0563734}+R3{0.144941,0.101919,0.376643,0.693442,0.422043,1.71558}
 216  LG+F+I+G4      9.155  LG+F+I{0.0960644}+G4{1.30409}
 217  Q.YEAST+I+G4   11.368  Q.YEAST+I{0.0769833}+G4{1.41402}
 218  Q.YEAST+R3     2.605  Q.YEAST+R3{0.536804,0.116585,0.336818,1.24891,0.126378,4.08901}
 219  Q.YEAST+R4     7.522  Q.YEAST+R4{0.46136,0.0653879,0.221225,0.660898,0.20995,1.79914,0.107464,4.14926}
 220  Q.YEAST+I+R3   15.347  Q.YEAST+I{0.0543265}+R3{0.0952975,0.138683,0.45216,0.662527,0.398216,1.72574}
 221  Q.YEAST+I+G4   7.283  Q.YEAST+I{0.197556}+G4{1.03305}
 222  LG+F+I+G4      10.312  LG+F+I{0.0968748}+G4{1.39411}
 223  LG+I+R3        8.453  LG+I{0.145632}+R3{0.200797,0.168064,0.339628,0.797237,0.313943,2.21534}
 224  Q.PFAM+F+I+R3  15.463  Q.PFAM+F+I{0.0184373}+R3{0.122265,0.274566,0.321183,0.630723,0.538114,1.4195}
 225  Q.PFAM+F+I+R4  16.738  Q.PFAM+F+I{0.03666}+R4{0.103092,0.11341,0.203944,0.472419,0.366499,0.958818,0.289805,1.86524}
 226  Q.YEAST+F+R4   8.404  Q.YEAST+F+R4{0.152235,0.0844295,0.378377,0.531545,0.456787,1.50122,0.0126016,7.95805}
 227  Q.YEAST+R4     3.330  Q.YEAST+R4{0.548931,0.060074,0.208394,0.790206,0.147434,1.90003,0.0952409,5.48315}
 228  Q.YEAST+I+G4   8.895  Q.YEAST+I{0.144032}+G4{1.00125}
 229  LG+F+I+R4      20.956  LG+F+I{0.0460321}+R4{0.0663292,0.125127,0.195595,0.375862,0.551927,0.954767,0.140117,2.79211}
 230  LG+F+G4        11.247  LG+F+G4{0.836915}
 231  LG+F+R4        23.579  LG+F+R4{0.0532813,0.111271,0.212243,0.342956,0.475985,0.900182,0.258491,1.90648}
 232  LG+I+R3        12.735  LG+I{0.052012}+R3{0.212259,0.193874,0.334217,0.636867,0.401512,1.85797}
 233  LG+F+I+G4      13.270  LG+F+I{0.0426154}+G4{1.42005}
 234  Q.YEAST+G4     3.980  Q.YEAST+G4{0.431649}
 235  LG+R4          14.368  LG+R4{0.100606,0.0375774,0.310637,0.375963,0.402498,1.08331,0.186259,2.38057}
 236  LG+I+G4        5.444  LG+I{0.286233}+G4{0.861174}
 237  LG+R5          17.861  LG+R5{0.135056,0.0334305,0.20074,0.299728,0.250809,0.836913,0.0886933,0.946226,0.324702,1.97562}
 238  Q.YEAST+I+R4   14.425  Q.YEAST+I{0.104665}+R4{0.132157,0.109307,0.188973,0.418535,0.398434,1.09654,0.17577,2.67146}
 239  LG+F+R4        11.581  LG+F+R4{0.219034,0.0760603,0.324959,0.507827,0.358275,1.44387,0.0977324,3.08}
 240  Q.YEAST+R4     4.778  Q.YEAST+R4{0.491199,0.0415114,0.213345,0.658425,0.241841,2.14045,0.0536154,5.99623}
 241  Q.YEAST+F+I+R4 15.036  Q.YEAST+F+I{0.100425}+R4{0.144392,0.105335,0.281197,0.456936,0.313281,1.31756,0.160704,2.75995}
 242  Q.YEAST+F+I+G4 11.066  Q.YEAST+F+I{0.0545326}+G4{1.1515}
 243  LG+F+R4        10.538  LG+F+R4{0.206483,0.0254144,0.256155,0.35601,0.289403,1.06838,0.24796,2.39703}
 244  LG+F+I+R3      20.900  LG+F+I{0.013212}+R3{0.109384,0.143018,0.386601,0.605994,0.490803,1.52827}
 245  Q.YEAST+R4     19.523  Q.YEAST+R4{0.114909,0.0717213,0.315872,0.486352,0.458778,1.21438,0.110442,2.54435}
 246  Q.YEAST+R4     14.010  Q.YEAST+R4{0.113297,0.112512,0.264173,0.425525,0.418518,0.98939,0.204013,2.2585}
 247  LG+R4          6.030  LG+R4{0.419956,0.0721291,0.330835,0.657876,0.210269,2.16645,0.0389402,7.61483}
 248  LG+F+R4        21.333  LG+F+R4{0.131734,0.110719,0.280063,0.476002,0.400339,1.1099,0.187864,2.17055}
 249  Q.PFAM+F+R3    13.089  Q.PFAM+F+R3{0.135481,0.0915439,0.460013,0.617199,0.404506,1.7396}
 250  LG+F+R4        10.067  LG+F+R4{0.226872,0.0554861,0.235947,0.321869,0.378512,1.21985,0.158669,2.83445}
 251  Q.YEAST+F+R4   12.890  Q.YEAST+F+R4{0.209714,0.0664625,0.35353,0.515599,0.308427,1.34565,0.128329,3.02931}
 252  Q.YEAST+F+R4   14.895  Q.YEAST+F+R4{0.119648,0.0597487,0.201285,0.327585,0.434771,0.944641,0.244295,2.11306}
 253  LG+F+I+G4      5.804  LG+F+I{0.191241}+G4{0.834323}
 254  LG+F+R4        15.430  LG+F+R4{0.0798734,0.0776789,0.259435,0.365591,0.509765,1.07019,0.150926,2.34157}
 255  LG+I+G4        8.293  LG+I{0.169952}+G4{0.816191}
 256  Q.YEAST+F+R4   16.583  Q.YEAST+F+R4{0.0529595,0.0981254,0.298918,0.441052,0.441448,1.01113,0.206674,2.01575}
 257  LG+I+G4        5.270  LG+I{0.253598}+G4{1.16681}
 258  Q.YEAST+I+G4   9.568  Q.YEAST+I{0.147363}+G4{1.14297}
 259  LG+I+R3        11.335  LG+I{0.0872907}+R3{0.186988,0.226413,0.555457,0.997465,0.170264,2.37052}
 260  Q.PFAM+F+R3    11.851  Q.PFAM+F+R3{0.191774,0.092928,0.357135,0.580083,0.451091,1.71808}
 261  LG+F+I+R3      18.607  LG+F+I{0.0181662}+R3{0.235674,0.115281,0.298268,0.600975,0.447892,1.77181}
 262  Q.PFAM+F+R4    15.367  Q.PFAM+F+R4{0.0630044,0.105401,0.310971,0.484145,0.553312,1.15737,0.0727129,2.78378}
 263  LG+I+G4        10.735  LG+I{0.237303}+G4{0.89501}
 264  LG+R5          17.268  LG+R5{0.0971485,0.0162431,0.125131,0.187999,0.304096,0.523402,0.297417,1.37061,0.176207,2.31597}
 265  Q.YEAST+F+R4   19.620  Q.YEAST+F+R4{0.0921314,0.0510283,0.162168,0.261721,0.502061,0.792586,0.243639,2.27767}
 266  Q.YEAST+I+R3   10.105  Q.YEAST+I{0.0550673}+R3{0.250758,0.224237,0.441772,0.925174,0.252402,2.11985}
 267  LG+I+R3        6.825  LG+I{0.0927379}+R3{0.352432,0.325018,0.398028,1.02426,0.156802,3.04696}
 268  LG+R4          7.934  LG+R4{0.35535,0.0257522,0.225772,0.425575,0.163915,1.22093,0.254963,2.72446}
 269  Q.PFAM+F+I+R4  34.673  Q.PFAM+F+I{0.0103398}+R4{0.0508241,0.119193,0.286915,0.356338,0.574335,0.840124,0.0775859,5.27403}
 270  LG+I+R4        14.686  LG+I{0.0850252}+R4{0.141536,0.123913,0.265577,0.507285,0.379314,1.37493,0.128548,2.53763}
 271  Q.YEAST+R3     3.847  Q.YEAST+R3{0.539414,0.14264,0.374676,1.36642,0.0859103,4.78515}
 272  Q.YEAST+F+I+R4 20.499  Q.YEAST+F+I{0.0284071}+R4{0.170416,0.178368,0.410549,0.559427,0.354042,1.58846,0.036586,4.85296}
 273  Q.YEAST+R3     8.241  Q.YEAST+R3{0.335247,0.0706121,0.408207,0.740745,0.256546,2.62701}
 274  LG+I+G4        12.914  LG+I{0.065255}+G4{1.48152}
 275  Q.YEAST+I+G4   12.572  Q.YEAST+I{0.0541625}+G4{1.66257}
 276  LG+I+G4        2.748  LG+I{0.287997}+G4{0.610776}
 277  LG+F+I+R3      19.657  LG+F+I{0.0264683}+R3{0.079996,0.118236,0.346758,0.605767,0.546778,1.42743}
 278  Q.PFAM+F+R4    12.152  Q.PFAM+F+R4{0.111216,0.0471882,0.187773,0.354029,0.369897,0.809179,0.331113,1.89954}
 279  Q.INSECT+R4    12.796  Q.INSECT+R4{0.0817906,0.0517633,0.198162,0.3212,0.450396,0.807899,0.269652,2.10732}
 280  Q.PFAM+F+R4    9.440  Q.PFAM+F+R4{0.136504,0.0225408,0.23063,0.304611,0.367057,1.0009,0.265809,2.10408}
 281  RTREV+F+I+G4   4.795  RTREV+F+I{0.191363}+G4{1.02638}
 282  Q.YEAST+F+R4   12.953  Q.YEAST+F+R4{0.143678,0.0891776,0.396361,0.364518,0.411957,1.05282,0.0480043,8.51987}
 283  LG+F+I+G4      12.829  LG+F+I{0.0923213}+G4{0.9423}
 284  Q.INSECT+I+R3  5.466  Q.INSECT+I{0.110987}+R3{0.358008,0.287809,0.400401,1.07476,0.130604,3.57284}
 285  LG+I+G4        9.041  LG+I{0.116261}+G4{1.19018}
 286  LG+R4          5.668  LG+R4{0.34487,0.0572605,0.349001,0.624289,0.211624,1.75718,0.0945051,4.1322}
 287  Q.YEAST+I+R3   9.013  Q.YEAST+I{0.090912}+R3{0.375804,0.320591,0.326547,0.972001,0.206737,2.71899}
 288  LG+F+R4        9.004  LG+F+R4{0.246498,0.0304618,0.30738,0.465166,0.221041,1.28508,0.225081,2.51222}
 289  Q.YEAST+F+I+R4 11.421  Q.YEAST+F+I{0.133523}+R4{0.184049,0.157154,0.286609,0.567597,0.306417,1.58975,0.0894021,3.59355}
 290  Q.YEAST+G4     9.932  Q.YEAST+G4{0.812039}
 291  Q.YEAST+F+R4   18.918  Q.YEAST+F+R4{0.0797163,0.0637158,0.217871,0.322791,0.453977,0.848141,0.248436,2.17182}
 292  LG+F+R3        8.278  LG+F+R3{0.292902,0.100927,0.388151,0.721385,0.318947,2.16472}
 293  LG+F+I+G4      9.735  LG+F+I{0.128222}+G4{1.30781}
 294  LG+I+R4        14.600  LG+I{0.106411}+R4{0.167803,0.129432,0.349116,0.574845,0.258672,1.35946,0.117999,3.60969}
 295  LG+I+G4        13.986  LG+I{0.0235354}+G4{1.69681}
 296  Q.YEAST+I+R4   17.197  Q.YEAST+I{0.0749907}+R4{0.142192,0.155133,0.397793,0.517954,0.353216,1.45382,0.0318074,8.12354}
 297  Q.YEAST+F+R3   13.895  Q.YEAST+F+R3{0.111553,0.0851278,0.535238,0.605899,0.353209,1.88615}
 298  Q.YEAST+I+R4   7.491  Q.YEAST+I{0.143174}+R4{0.303305,0.217482,0.347438,1.00089,0.196517,2.38142,0.00956611,12.3666}
 299  Q.YEAST+F+R3   19.242  Q.YEAST+F+R3{0.0792694,0.093039,0.259972,0.453501,0.660759,1.32382}
 300  Q.YEAST+F+I+R4 26.197  Q.YEAST+F+I{0.0415045}+R4{0.0889955,0.0993562,0.25273,0.405201,0.542072,1.23274,0.0746985,2.95212}
 301  Q.PFAM+F+I+R3  14.413  Q.PFAM+F+I{0.0261559}+R3{0.17157,0.201929,0.518343,0.81791,0.283931,1.90679}
 302  LG+R4          10.600  LG+R4{0.146496,0.0259968,0.218317,0.325053,0.384808,0.958171,0.250379,2.22269}
 303  Q.YEAST+F+R4   16.757  Q.YEAST+F+R4{0.0521114,0.052722,0.16304,0.296595,0.354989,0.79078,0.42986,1.55441}
 304  Q.PFAM+F+I+R4  22.829  Q.PFAM+F+I{0.0112524}+R4{0.0988976,0.105675,0.250189,0.442754,0.555344,1.10435,0.0843169,3.14862}
 305  Q.YEAST+F+R4   22.062  Q.YEAST+F+R4{0.0526252,0.10326,0.183346,0.391582,0.601348,0.908326,0.16268,2.31467}
 306  Q.YEAST+I+R5   10.090  Q.YEAST+I{0.0575569}+R5{0.146843,0.087623,0.291213,0.581071,0.317814,1.0173,0.175364,2.19887,0.0112091,9.72439}
 307  LG+F+I+R4      23.501  LG+F+I{0.0114347}+R4{0.102798,0.129591,0.196438,0.411461,0.255671,0.794436,0.433658,1.62049}
 308  Q.PFAM+F+R3    15.469  Q.PFAM+F+R3{0.160549,0.217117,0.508376,0.832543,0.331075,1.63678}
 309  Q.YEAST+I+G4   18.088  Q.YEAST+I{0.0683996}+G4{1.49608}
 310  Q.PFAM+I+G4    12.501  Q.PFAM+I{0.136009}+G4{1.47332}
 311  Q.YEAST+F+I+R4 20.583  Q.YEAST+F+I{0.0268862}+R4{0.118534,0.115167,0.350481,0.494639,0.462333,1.15686,0.0417659,6.6593}
 312  LG+F+R3        13.631  LG+F+R3{0.178943,0.182964,0.45553,0.686533,0.365527,1.79063}
 313  Q.YEAST+F+G4   15.991  Q.YEAST+F+G4{1.55548}
 314  Q.YEAST+F+R4   12.394  Q.YEAST+F+R4{0.208452,0.104964,0.372019,0.497178,0.357461,1.45579,0.0620679,4.39472}
 315  Q.YEAST+R4     11.786  Q.YEAST+R4{0.272448,0.0639521,0.293428,0.418153,0.309024,1.38169,0.1251,3.46046}
 316  Q.YEAST+F+I+R3 12.754  Q.YEAST+F+I{0.0492595}+R3{0.161317,0.2347,0.513075,0.808922,0.276349,1.97975}
 317  Q.YEAST+I+R4   17.255  Q.YEAST+I{0.0727934}+R4{0.170846,0.108951,0.20879,0.438653,0.292585,1.1178,0.254985,2.20698}
 318  Q.YEAST+I+G4   9.975  Q.YEAST+I{0.107931}+G4{1.93784}
 319  Q.YEAST+F+R4   16.315  Q.YEAST+F+R4{0.0664694,0.124232,0.22138,0.432223,0.421187,0.947078,0.290963,1.70867}
 320  LG+I+G4        10.645  LG+I{0.0929253}+G4{1.33898}
 321  Q.YEAST+F+I+R4 16.285  Q.YEAST+F+I{0.0328009}+R4{0.189314,0.175917,0.455987,0.693523,0.301611,1.53774,0.0202878,9.20058}
 322  Q.YEAST+I+G4   12.459  Q.YEAST+I{0.040009}+G4{1.96228}
 323  Q.PFAM+F+R3    18.854  Q.PFAM+F+R3{0.106941,0.130795,0.400056,0.627378,0.493003,1.49092}
 324  Q.YEAST+F+I+R3 16.226  Q.YEAST+F+I{0.0724299}+R3{0.15625,0.19072,0.41898,0.71246,0.35234,1.90638}
 325  Q.YEAST+I+R3   15.155  Q.YEAST+I{0.0398911}+R3{0.203456,0.204402,0.425813,0.791333,0.330841,1.87841}
 326  LG+I+R3        9.848  LG+I{0.154036}+R3{0.218724,0.216983,0.380275,0.982629,0.246965,2.34394}
 327  Q.YEAST+F+R3   12.202  Q.YEAST+F+R3{0.19213,0.0879527,0.300061,0.602015,0.507809,1.58024}
 328  LG+F+I+R4      22.556  LG+F+I{0.0213577}+R4{0.170742,0.147787,0.371491,0.559982,0.289732,1.19361,0.146677,2.86964}
 329  LG+I+G4        14.871  LG+I{0.0244084}+G4{1.40233}
 330  LG+I+G4        12.967  LG+I{0.0799111}+G4{1.62527}
 331  Q.PFAM+F+I+R3  16.181  Q.PFAM+F+I{0.0756127}+R3{0.187146,0.159497,0.339077,0.679813,0.398165,1.85763}
 332  LG+I+G4        11.402  LG+I{0.110141}+G4{0.818166}
 333  LG+I+R3        16.075  LG+I{0.0562788}+R3{0.141986,0.172555,0.314914,0.648163,0.486821,1.58453}
 334  Q.PFAM+F+I+R4  19.271  Q.PFAM+F+I{0.0081094}+R4{0.0703428,0.16559,0.279964,0.536337,0.584409,1.11436,0.0571742,3.26992}
 335  Q.YEAST+I+R3   12.843  Q.YEAST+I{0.0641833}+R3{0.153039,0.132117,0.471524,0.74331,0.311254,2.0218}
 336  Q.YEAST+F+R4   16.539  Q.YEAST+F+R4{0.0994665,0.039462,0.350501,0.347976,0.465941,0.917812,0.0840922,5.30921}
 337  Q.YEAST+F+I+R3 16.125  Q.YEAST+F+I{0.0243605}+R3{0.108084,0.172191,0.320463,0.60208,0.547093,1.44115}
 338  Q.YEAST+F+R4   13.614  Q.YEAST+F+R4{0.104569,0.0631707,0.247874,0.415035,0.541925,1.15768,0.105632,2.49111}
 339  Q.YEAST+F+G4   17.895  Q.YEAST+F+G4{1.60423}
 340  LG+F+R3        11.174  LG+F+R3{0.113614,0.0521823,0.358726,0.601758,0.52766,1.47482}
 341  Q.PFAM+F+R4    7.997  Q.PFAM+F+R4{0.153977,0.046839,0.356274,0.514982,0.350006,1.42571,0.139742,2.22056}
 342  Q.YEAST+F+R3   10.913  Q.YEAST+F+R3{0.179968,0.105944,0.408738,0.66705,0.411294,1.72209}
 343  Q.YEAST+R3     14.615  Q.YEAST+R3{0.105372,0.166281,0.450864,0.618176,0.443765,1.5859}
 344  LG+I+R3        16.283  LG+I{0.0486886}+R3{0.17291,0.178263,0.428645,0.711323,0.349757,1.89924}
 345  Q.YEAST+F+I+R4 19.904  Q.YEAST+F+I{0.0496991}+R4{0.0914534,0.111981,0.212921,0.362759,0.423848,0.942404,0.222079,2.31037}
 346  LG+F+I+R3      12.078  LG+F+I{0.0453294}+R3{0.218011,0.217593,0.542629,0.901384,0.19403,2.38852}
 347  LG+F+I+R3      16.528  LG+F+I{0.0312167}+R3{0.177895,0.251515,0.514739,0.798008,0.276149,1.97173}
 348  LG+F+I+G4      12.578  LG+F+I{0.0491812}+G4{1.51666}
 349  Q.PFAM+F+I+R3  17.628  Q.PFAM+F+I{0.00722128}+R3{0.0503808,0.169224,0.302808,0.559511,0.63959,1.28528}
 350  Q.PFAM+I+G4    10.058  Q.PFAM+I{0.16202}+G4{1.53549}
 351  LG+F+I+R3      16.390  LG+F+I{0.0231677}+R3{0.154082,0.200492,0.346773,0.683876,0.475977,1.5378}
 352  Q.YEAST+F+G4   14.949  Q.YEAST+F+G4{0.611169}
 353  Q.YEAST+I+G4   11.267  Q.YEAST+I{0.0603637}+G4{1.65893}
 354  Q.YEAST+F+I+G4 11.725  Q.YEAST+F+I{0.0749911}+G4{2.68351}
 355  Q.YEAST+F+I+R3 14.935  Q.YEAST+F+I{0.0202859}+R3{0.191566,0.208147,0.54241,0.802272,0.245739,2.13628}
 356  Q.YEAST+F+I+R4 19.736  Q.YEAST+F+I{0.0151237}+R4{0.0850579,0.120099,0.230773,0.446991,0.448893,0.985652,0.220152,2.0176}
 357  LG+F+I+R3      11.064  LG+F+I{0.0608382}+R3{0.282631,0.176335,0.341831,0.822617,0.314699,2.12573}
 358  LG+I+R4        23.188  LG+I{0.0251047}+R4{0.0972292,0.0844741,0.157138,0.316048,0.533218,0.87148,0.18731,2.5489}
 359  Q.YEAST+F+R4   37.173  Q.YEAST+F+R4{0.106362,0.0715544,0.188733,0.250391,0.449796,0.611722,0.255109,2.62626}
 360  Q.PFAM+F+I+R3  18.643  Q.PFAM+F+I{0.0465301}+R3{0.201996,0.217085,0.326444,0.757211,0.42503,1.66803}
 361  Q.PFAM+F+R5    28.862  Q.PFAM+F+R5{0.0712737,0.0348305,0.204921,0.247197,0.507386,0.653393,0.15391,1.16821,0.0625093,6.9676}

WARNING: Normalizing weights of rate categories so that sum of them is 1!
WARNING: Normalizing weights of rate categories so that sum of them is 1!
WARNING: Normalizing weights of rate categories so that sum of them is 1!
WARNING: Normalizing weights of rate categories so that sum of them is 1!
 - Time spent on merging partitions: 0.009
An alignment has just been exported to try_2.fa
[Alignment Simulator] Done
Simulation time: 13.473s
Date and Time: Thu Jun 12 13:00:32 2025
