IQ-TREE multicore version 2.4.0 for Linux x86 64-bit built Mar 19 2025
Developed by Bui Quang Minh, Nguyen Lam Tung, Olga Chernomor, Heiko Schmidt,
Dominik Schrempf, Michael Woodhams, Ly Trong Nhan, Thomas Wong

Host:    wright.uds.anu.edu.au (AVX512, FMA3, 1007 GB RAM)
Command: ../../../iqtree2 -s 20_concated.nex -q 20_concated.nex -m MF+MERGE -mrate E,I,G,I+G -merit AIC -T 7 -pre archaea20_q_mf
Seed:    376981 (Using SPRNG - Scalable Parallel Random Number Generator)
Time:    Fri Apr 25 16:17:47 2025
Kernel:  AVX+FMA - 7 threads (31 CPU cores detected)

Reading partition model file 20_concated.nex ...
Skipping unknown block (data)...
Reading alignment file 20_concated.nex ... Nexus format detected
Skipping unknown block (sets)...
Alignment has 20 sequences with 17191 columns, 16703 distinct patterns
14049 parsimony-informative, 2022 singleton sites, 1120 constant sites
                  Gap/Ambiguity  Composition  p-value
Analyzing sequences: done in 0.0321504 secs using 359% CPU
   1  GCA_000200715       3.97%    failed      0.00%
   2  GCA_000237865       3.02%    failed      0.00%
   3  GCA_000806055      26.48%    failed      0.00%
   4  GCA_001315925      36.95%    failed      0.00%
   5  GCA_001564035      20.34%    failed      0.00%
   6  GCA_001629205      17.96%    failed      0.00%
   7  GCA_001896515       7.99%    failed      0.00%
   8  GCA_001940655      25.51%    failed      0.00%
   9  GCA_002078355       6.26%    failed      0.00%
  10  GCA_002728275       9.65%    failed      0.00%
  11  GCA_002779075      15.51%    failed      0.00%
  12  GCA_002790315      22.36%    failed      0.00%
  13  GCA_002841105      22.58%    failed      0.00%
  14  GCA_003019535       3.78%    failed      0.00%
  15  GCA_003344655      17.26%    failed      0.00%
  16  GCA_003431325       1.76%    failed      0.00%
  17  Ga0181639          17.11%    failed      0.00%
  18  SRR4028224.bin17    7.84%    failed      0.00%
  19  GCA_000387965      16.04%    failed      0.00%
  20  GCA_002412085      22.88%    failed      0.00%
****  TOTAL              15.26%  20 sequences failed composition chi2 test (p-value<5%; df=19)
NOTE: No CharPartition defined, use all CharSets

Loading 84 partitions...
Identifying sites to remove: done in 0.000385657 secs using 406.1% CPU
Identifying sites to remove: done in 0.000178732 secs using 96.79% CPU
Identifying sites to remove: done in 0.000203483 secs using 378.9% CPU
Identifying sites to remove: done in 0.000138879 secs using 96.49% CPU
Identifying sites to remove: done in 0.000135239 secs using 96.87% CPU
Identifying sites to remove: done in 0.000142358 secs using 96.94% CPU
Identifying sites to remove: done in 0.000115633 secs using 96.86% CPU
Identifying sites to remove: done in 0.000109922 secs using 96.43% CPU
Identifying sites to remove: done in 7.52136e-05 secs using 95.73% CPU
Identifying sites to remove: done in 6.14412e-05 secs using 94.4% CPU
Identifying sites to remove: done in 6.0726e-05 secs using 95.51% CPU
Identifying sites to remove: done in 0.000126161 secs using 96.7% CPU
Identifying sites to remove: done in 8.80994e-05 secs using 98.75% CPU
Identifying sites to remove: done in 6.43469e-05 secs using 97.91% CPU
Identifying sites to remove: done in 0.000136215 secs using 99.11% CPU
Identifying sites to remove: done in 0.00011212 secs using 99% CPU
Identifying sites to remove: done in 5.72093e-05 secs using 97.89% CPU
Identifying sites to remove: done in 0.000148598 secs using 99.6% CPU
Identifying sites to remove: done in 5.18076e-05 secs using 96.51% CPU
Identifying sites to remove: done in 0.000104953 secs using 98.14% CPU
Identifying sites to remove: done in 4.24124e-05 secs using 96.67% CPU
Identifying sites to remove: done in 0.000108615 secs using 98.51% CPU
Identifying sites to remove: done in 0.000109181 secs using 98.92% CPU
Identifying sites to remove: done in 0.000120059 secs using 91.62% CPU
Identifying sites to remove: done in 8.91834e-05 secs using 96.43% CPU
Identifying sites to remove: done in 0.000205282 secs using 96.94% CPU
Identifying sites to remove: done in 0.000203647 secs using 97.23% CPU
Identifying sites to remove: done in 0.000309214 secs using 97.34% CPU
Identifying sites to remove: done in 9.69693e-05 secs using 96.94% CPU
Identifying sites to remove: done in 6.16536e-05 secs using 95.7% CPU
Identifying sites to remove: done in 6.82212e-05 secs using 96.74% CPU
Identifying sites to remove: done in 0.000198156 secs using 98.91% CPU
Identifying sites to remove: done in 0.00012726 secs using 99.01% CPU
Identifying sites to remove: done in 0.000120003 secs using 99.16% CPU
Identifying sites to remove: done in 7.97696e-05 secs using 99.04% CPU
Identifying sites to remove: done in 8.61436e-05 secs using 97.51% CPU
Identifying sites to remove: done in 0.000146616 secs using 98.9% CPU
Identifying sites to remove: done in 0.000100046 secs using 98.95% CPU
Identifying sites to remove: done in 0.000221137 secs using 99.49% CPU
Identifying sites to remove: done in 0.000119489 secs using 98.75% CPU
Identifying sites to remove: done in 0.000198547 secs using 99.22% CPU
Identifying sites to remove: done in 0.000102427 secs using 98.61% CPU
Identifying sites to remove: done in 0.000112973 secs using 98.25% CPU
Identifying sites to remove: done in 0.000238013 secs using 99.15% CPU
Identifying sites to remove: done in 6.04726e-05 secs using 87.64% CPU
Identifying sites to remove: done in 0.00012213 secs using 99.07% CPU
Identifying sites to remove: done in 0.000174221 secs using 99.3% CPU
Identifying sites to remove: done in 6.97002e-05 secs using 99% CPU
Identifying sites to remove: done in 0.000125084 secs using 98.33% CPU
Identifying sites to remove: done in 0.000185098 secs using 99.41% CPU
Identifying sites to remove: done in 6.84671e-05 secs using 97.86% CPU
Identifying sites to remove: done in 0.000179891 secs using 98.95% CPU
Identifying sites to remove: done in 0.000437174 secs using 99.73% CPU
Identifying sites to remove: done in 0.000149995 secs using 98.67% CPU
Identifying sites to remove: done in 6.58818e-05 secs using 98.66% CPU
Identifying sites to remove: done in 7.12834e-05 secs using 98.2% CPU
Identifying sites to remove: done in 9.62466e-05 secs using 97.67% CPU
Identifying sites to remove: done in 4.6704e-05 secs using 96.35% CPU
Identifying sites to remove: done in 0.000341639 secs using 99.52% CPU
Identifying sites to remove: done in 0.000127904 secs using 99.29% CPU
Identifying sites to remove: done in 0.000121679 secs using 1.982e+04% CPU
Identifying sites to remove: done in 0.000191085 secs using 99.43% CPU
Identifying sites to remove: done in 0.000206094 secs using 99.47% CPU
Identifying sites to remove: done in 0.000163537 secs using 99.67% CPU
Subset	Type	Seqs	Sites	Infor	Invar	Model	Name
1		18	395	334	31	MF+MERGE	GENE_arCOG01228.nex
2		18	236	191	24	MF+MERGE	GENE_arCOG01574.nex
3		20	129	113	5	MF+MERGE	GENE_gtdb_PF00410.14.nex
4		18	252	237	5	MF+MERGE	GENE_gtdb_PF00466.15.nex
5		17	184	156	8	MF+MERGE	GENE_gtdb_PF00687.16.nex
6		19	156	128	9	MF+MERGE	GENE_gtdb_PF00827.12.nex
7		18	200	185	3	MF+MERGE	GENE_gtdb_PF00900.15.nex
8		17	157	137	6	MF+MERGE	GENE_gtdb_PF01000.21.nex
9		18	150	139	0	MF+MERGE	GENE_gtdb_PF01015.13.nex
10		14	128	102	9	MF+MERGE	GENE_gtdb_PF01090.14.nex
11		19	98	83	5	MF+MERGE	GENE_gtdb_PF01092.14.nex
12		19	84	74	5	MF+MERGE	GENE_gtdb_PF01157.13.nex
13		20	62	51	0	MF+MERGE	GENE_gtdb_PF01200.13.nex
14		18	177	138	17	MF+MERGE	GENE_gtdb_PF01269.12.nex
15		19	126	112	2	MF+MERGE	GENE_gtdb_PF01280.15.nex
16		19	98	83	4	MF+MERGE	GENE_gtdb_PF01655.13.nex
17		18	199	167	9	MF+MERGE	GENE_gtdb_PF01798.13.nex
18		13	181	149	6	MF+MERGE	GENE_gtdb_PF01866.12.nex
19		17	85	76	4	MF+MERGE	GENE_gtdb_PF01984.15.nex
20		6	232	40	53	MF+MERGE	GENE_gtdb_PF02006.11.nex
21		19	76	74	1	MF+MERGE	GENE_gtdb_PF03874.11.nex
22		18	129	121	1	MF+MERGE	GENE_gtdb_PF04104.9.nex
23		20	150	135	2	MF+MERGE	GENE_gtdb_PF04919.7.nex
24		20	207	198	4	MF+MERGE	GENE_gtdb_PF07541.7.nex
25		18	63	60	0	MF+MERGE	GENE_gtdb_PF13656.1.nex
26		12	183	130	17	MF+MERGE	GENE_OG5172.nex
27		18	144	118	8	MF+MERGE	GENE_OG7638.nex
28		20	145	129	8	MF+MERGE	GENE_OG8696.nex
29		18	131	106	10	MF+MERGE	GENE_OG9906.nex
30		18	112	96	7	MF+MERGE	GENE_TIGR00037.nex
31		17	275	217	27	MF+MERGE	GENE_TIGR00064.nex
32		18	281	265	4	MF+MERGE	GENE_TIGR00111.nex
33		18	519	413	51	MF+MERGE	GENE_TIGR00134.nex
34		19	136	108	11	MF+MERGE	GENE_TIGR00279.nex
35		20	220	204	4	MF+MERGE	GENE_TIGR00291.nex
36		18	99	97	0	MF+MERGE	GENE_TIGR00293.nex
37		19	101	88	1	MF+MERGE	GENE_TIGR00307.nex
38		18	269	233	16	MF+MERGE	GENE_TIGR00308.nex
39		15	187	167	5	MF+MERGE	GENE_TIGR00323.nex
40		14	179	146	8	MF+MERGE	GENE_TIGR00335.nex
41		15	128	114	3	MF+MERGE	GENE_TIGR00373.nex
42		19	121	116	1	MF+MERGE	GENE_TIGR00405.nex
43		16	247	194	20	MF+MERGE	GENE_TIGR00425.nex
44		19	150	133	6	MF+MERGE	GENE_TIGR00448.nex
45		18	382	252	65	MF+MERGE	GENE_TIGR00483.nex
46		20	529	437	50	MF+MERGE	GENE_TIGR00491.nex
47		14	220	187	15	MF+MERGE	GENE_TIGR00522.nex
48		16	361	310	16	MF+MERGE	GENE_TIGR00967.nex
49		20	139	108	11	MF+MERGE	GENE_TIGR00982.nex
50		20	173	158	5	MF+MERGE	GENE_TIGR01008.nex
51		20	178	161	4	MF+MERGE	GENE_TIGR01012.nex
52		18	133	114	11	MF+MERGE	GENE_TIGR01018.nex
53		19	179	137	11	MF+MERGE	GENE_TIGR01020.nex
54		20	106	83	7	MF+MERGE	GENE_TIGR01025.nex
55		20	181	152	7	MF+MERGE	GENE_TIGR01028.nex
56		20	111	100	3	MF+MERGE	GENE_TIGR01038.nex
57		20	95	83	3	MF+MERGE	GENE_TIGR01046.nex
58		17	396	336	23	MF+MERGE	GENE_TIGR01052.nex
59		19	86	68	7	MF+MERGE	GENE_TIGR01158.nex
60		19	209	173	16	MF+MERGE	GENE_TIGR01171.nex
61		11	322	214	19	MF+MERGE	GENE_TIGR01213.nex
62		14	123	108	1	MF+MERGE	GENE_TIGR01952.nex
63		19	211	166	21	MF+MERGE	GENE_TIGR02065.nex
64		19	289	217	35	MF+MERGE	GENE_TIGR02236.nex
65		19	102	101	1	MF+MERGE	GENE_TIGR02338.nex
66		16	317	252	24	MF+MERGE	GENE_TIGR02389.nex
67		19	752	561	70	MF+MERGE	GENE_TIGR02390.nex
68		20	265	210	13	MF+MERGE	GENE_TIGR02397.nex
69		20	320	279	21	MF+MERGE	GENE_TIGR02928.nex
70		18	255	200	18	MF+MERGE	GENE_TIGR03626.nex
71		16	111	81	9	MF+MERGE	GENE_TIGR03627.nex
72		16	126	93	6	MF+MERGE	GENE_TIGR03628.nex
73		19	135	114	9	MF+MERGE	GENE_TIGR03629.nex
74		19	80	66	4	MF+MERGE	GENE_TIGR03636.nex
75		20	141	122	7	MF+MERGE	GENE_TIGR03653.nex
76		20	149	134	3	MF+MERGE	GENE_TIGR03665.nex
77		17	570	428	51	MF+MERGE	GENE_TIGR03670.nex
78		18	251	213	19	MF+MERGE	GENE_TIGR03671.nex
79		18	219	176	8	MF+MERGE	GENE_TIGR03672.nex
80		20	123	101	10	MF+MERGE	GENE_TIGR03673.nex
81		18	302	235	15	MF+MERGE	GENE_TIGR03674.nex
82		20	338	286	16	MF+MERGE	GENE_TIGR03676.nex
83		19	354	272	33	MF+MERGE	GENE_TIGR03680.nex
84		19	277	204	33	MF+MERGE	GENE_TIGR03722.nex
Degree of missing data: 0.109
Info: multi-threading strategy over partitions


Create initial parsimony tree by phylogenetic likelihood library (PLL)... 0.133 seconds
Perform fast likelihood tree search using LG+I+G model...
Estimate model parameters (epsilon = 5.000)
Initial log-likelihood: -559425.872
Current log-likelihood at step 1: -551310.678
Current log-likelihood at step 2: -550794.100
Current log-likelihood at step 3: -550763.622
Current log-likelihood at step 4: -550761.114
Parameters optimization took 3 rounds (8.885 sec)

Perform nearest neighbor interchange...
Optimizing NNI: done in 6.74332 secs using 571.2% CPU
Estimate model parameters (epsilon = 1.000)
Initial log-likelihood: -550667.014
Current log-likelihood at step 1: -550666.059
Parameters optimization took 0 rounds (1.385 sec)

Time for fast ML tree search: 17.287 seconds

NOTE: ModelFinder requires 40 MB RAM!

PartitionFinder's parameters:
Fast Relaxed Algorithm
Percentage: 10.000
Maximum pairs: 840

Selecting individual models for 84 charsets using AIC...
 No. Model        Score       TreeLen     Charset
In ModelFinder: parallelization over partitions
   1 LG+F+I+G4    24247.281   15.504      GENE_arCOG01228.nex
   2 LG+F+I+G4    30716.408   15.013      GENE_TIGR03670.nex
   3 LG+F+I+G4    43240.532   16.060      GENE_TIGR02390.nex
   4 LG+F+I+G4    30522.987   15.514      GENE_TIGR00134.nex
   5 LG+F+I+G4    23850.049   14.546      GENE_TIGR01052.nex
   6 LG+F+I+G4    20702.941   16.469      GENE_TIGR03680.nex
   7 LG+F+I+G4    18635.408   15.719      GENE_TIGR00483.nex
   8 LG+F+I+G4    23914.599   17.284      GENE_TIGR02928.nex
   9 LG+I+G4      16492.974   16.465      GENE_TIGR02236.nex
  10 LG+F+I+G4    20595.991   14.192      GENE_TIGR00967.nex	0h:0m:0s (0h:0m:57s left)
  11 LG+F+I+G4    18198.915   17.284      GENE_TIGR02397.nex	0h:0m:0s (0h:0m:54s left)
  12 LG+I+G4      15526.706   16.343      GENE_TIGR03722.nex	0h:0m:0s (0h:0m:50s left)
  13 LG+F+I+G4    23525.705   17.284      GENE_TIGR03676.nex	0h:0m:0s (0h:0m:52s left)
  14 LG+F+I+G4    18796.856   15.585      GENE_TIGR03674.nex	0h:0m:0s (0h:0m:51s left)
  15 LG+F+I+G4    15505.303   14.774      GENE_TIGR00064.nex	0h:0m:0s (0h:0m:49s left)
  16 LG+F+I+G4    34227.877   17.284      GENE_TIGR00491.nex	0h:0m:0s (0h:0m:46s left)
  17 LG+I+G4      18518.886   13.571      GENE_TIGR02389.nex	0h:0m:0s (0h:0m:44s left)
  18 LG+F+I+G4    20692.307   15.678      GENE_TIGR00111.nex	0h:0m:0s (0h:0m:41s left)
  19 LG+I+G4      16609.449   15.494      GENE_TIGR03626.nex	0h:0m:1s (0h:0m:44s left)
  20 LG+F+I+G4    17475.417   15.747      GENE_TIGR03671.nex	0h:0m:1s (0h:0m:43s left)
  21 LG+I+G4      15327.698   15.619      GENE_arCOG01574.nex	0h:0m:1s (0h:0m:42s left)
  22 LG+F+I+G4    16994.063   17.284      GENE_gtdb_PF07541.7.nex	0h:0m:1s (0h:0m:41s left)
  23 LG+F+I+G4    19002.360   15.509      GENE_TIGR00308.nex	0h:0m:1s (0h:0m:40s left)
  24 LG+I+G4      13267.209   16.580      GENE_TIGR02065.nex	0h:0m:1s (0h:0m:40s left)
  25 LG+F+I+G4    14414.455   16.455      GENE_TIGR01171.nex	0h:0m:1s (0h:0m:39s left)
  26 LG+I+G4      14074.834   13.899      GENE_TIGR00425.nex	0h:0m:1s (0h:0m:39s left)
  27 LG+I+G4      12442.253   17.284      GENE_TIGR01028.nex	0h:0m:1s (0h:0m:38s left)
  28 LG+I+G4      14757.282   15.494      GENE_TIGR03672.nex	0h:0m:1s (0h:0m:38s left)
  29 LG+F+I+G4    13018.517   17.284      GENE_TIGR01012.nex	0h:0m:1s (0h:0m:37s left)
  30 LG+F+I+G4    14038.973   8.985       GENE_TIGR01213.nex	0h:0m:1s (0h:0m:36s left)
  31 LG+F+I+G4    13526.540   15.634      GENE_gtdb_PF01798.13.nex	0h:0m:1s (0h:0m:35s left)
  32 LG+F+I+G4    17213.663   17.284      GENE_TIGR00291.nex	0h:0m:1s (0h:0m:34s left)
  33 LG+F+I+G4    14679.731   15.683      GENE_gtdb_PF00900.15.nex	0h:0m:1s (0h:0m:34s left)
  34 LG+I+G4      11456.796   16.526      GENE_TIGR01020.nex	0h:0m:1s (0h:0m:34s left)
  35 LG+F+I+G4    10988.768   15.489      GENE_gtdb_PF01269.12.nex	0h:0m:1s (0h:0m:33s left)
  36 LG+F+I+G4    19717.205   15.739      GENE_gtdb_PF00466.15.nex	0h:0m:1s (0h:0m:33s left)
  37 LG+F+I+G4    12443.912   14.868      GENE_gtdb_PF00687.16.nex	0h:0m:1s (0h:0m:33s left)
  38 LG+F+I+G4    9725.863    16.465      GENE_gtdb_PF00827.12.nex	0h:0m:1s (0h:0m:32s left)
  39 LG+I+G4      10206.177   17.284      GENE_OG8696.nex	0h:0m:1s (0h:0m:33s left)
  40 LG+F+I+G4    11576.165   17.284      GENE_gtdb_PF04919.7.nex	0h:0m:1s (0h:0m:32s left)
  41 LG+F+I+G4    10650.801   16.343      GENE_TIGR00448.nex	0h:0m:1s (0h:0m:31s left)
  42 LG+F+I+G4    12353.478   17.284      GENE_TIGR03665.nex	0h:0m:1s (0h:0m:30s left)
  43 LG+I+G4      11627.857   13.260      GENE_TIGR00323.nex	0h:0m:1s (0h:0m:31s left)
  44 LG+F+G4      11356.126   15.683      GENE_gtdb_PF01015.13.nex	0h:0m:1s (0h:0m:30s left)
  45 LG+I+G4      13882.464   17.284      GENE_TIGR01008.nex	0h:0m:1s (0h:0m:30s left)
  46 LG+I+G4      9626.675    16.566      GENE_TIGR00279.nex	0h:0m:1s (0h:0m:30s left)
  47 LG+F+I+G4    10261.822   14.970      GENE_gtdb_PF01000.21.nex	0h:0m:1s (0h:0m:29s left)
  48 LG+F+I+G4    8164.289    17.284      GENE_TIGR00982.nex	0h:0m:1s (0h:0m:29s left)
  49 LG+F+I+G4    10543.072   17.284      GENE_TIGR03653.nex	0h:0m:1s (0h:0m:28s left)
  50 LG+F+I+G4    12659.478   12.108      GENE_TIGR00522.nex	0h:0m:1s (0h:0m:28s left)
  51 LG+I+G4      9797.783    12.163      GENE_TIGR00335.nex	0h:0m:1s (0h:0m:28s left)
  52 LG+I+G4      9302.744    16.515      GENE_TIGR03629.nex	0h:0m:1s (0h:0m:27s left)
  53 LG+I+G4      9424.887    15.711      GENE_OG7638.nex	0h:0m:1s (0h:0m:27s left)
  54 LG+F+I+G4    8992.642    17.284      GENE_gtdb_PF00410.14.nex	0h:0m:2s (0h:0m:27s left)
  55 LG+F+I+G4    8510.151    15.621      GENE_OG9906.nex	0h:0m:2s (0h:0m:27s left)
  56 LG+I+G4      8569.818    15.575      GENE_TIGR01018.nex	0h:0m:2s (0h:0m:26s left)
  57 LG+F+I+G4    9905.970    15.236      GENE_gtdb_PF04104.9.nex	0h:0m:2s (0h:0m:26s left)
  58 LG+F+I+G4    9080.604    16.554      GENE_gtdb_PF01280.15.nex	0h:0m:2s (0h:0m:26s left)
  59 LG+F+I+G4    10192.415   12.025      GENE_gtdb_PF01866.12.nex	0h:0m:2s (0h:0m:26s left)
  60 LG+F+I+G4    8356.189    17.284      GENE_TIGR03673.nex	0h:0m:2s (0h:0m:25s left)
  61 LG+F+I+G4    9372.829    16.455      GENE_TIGR00405.nex	0h:0m:2s (0h:0m:25s left)
  62 LG+I+G4      6942.645    17.284      GENE_TIGR01025.nex	0h:0m:2s (0h:0m:25s left)
  63 LG+I+G4      6440.321    14.123      GENE_TIGR03628.nex	0h:0m:2s (0h:0m:24s left)
  64 LG+F+I+G4    9041.187    17.284      GENE_TIGR01038.nex	0h:0m:2s (0h:0m:24s left)
  65 LG+F+I+G4    8807.938    12.918      GENE_TIGR00373.nex	0h:0m:2s (0h:0m:24s left)
  66 LG+F+I+G4    8695.776    10.462      GENE_OG5172.nex	0h:0m:2s (0h:0m:24s left)
  67 LG+F+I+G4    6880.928    16.465      GENE_TIGR00307.nex	0h:0m:2s (0h:0m:24s left)
  68 LG+F+I+G4    7646.705    15.735      GENE_TIGR00037.nex	0h:0m:2s (0h:0m:24s left)
  69 LG+I+G4      6547.528    17.284      GENE_TIGR01046.nex	0h:0m:2s (0h:0m:23s left)
  70 LG+I+G4      6529.040    12.165      GENE_gtdb_PF01090.14.nex	0h:0m:2s (0h:0m:23s left)
  71 LG+I+G4      6790.462    16.526      GENE_gtdb_PF01092.14.nex	0h:0m:2s (0h:0m:23s left)
  72 LG+F+G4      8225.653    15.231      GENE_TIGR00293.nex	0h:0m:2s (0h:0m:23s left)
  73 LG+F+I+G4    7299.928    16.060      GENE_gtdb_PF01655.13.nex	0h:0m:2s (0h:0m:23s left)
  74 LG+I+G4      5760.372    16.554      GENE_TIGR01158.nex	0h:0m:2s (0h:0m:23s left)
  75 LG+F+I+G4    6023.273    16.469      GENE_gtdb_PF01157.13.nex	0h:0m:2s (0h:0m:23s left)
  76 LG+I+G4      6371.589    14.137      GENE_TIGR03627.nex	0h:0m:2s (0h:0m:22s left)
  77 LG+F+G4      3796.147    17.284      GENE_gtdb_PF01200.13.nex	0h:0m:2s (0h:0m:22s left)
  78 LG+F+I+G4    8522.355    16.060      GENE_TIGR02338.nex	0h:0m:2s (0h:0m:22s left)
  79 LG+G4        5169.572    15.245      GENE_gtdb_PF13656.1.nex	0h:0m:2s (0h:0m:22s left)
  80 LG+F+I+G4    7231.154    11.845      GENE_TIGR01952.nex	0h:0m:2s (0h:0m:21s left)
  81 LG+F+I+G4    5286.989    14.467      GENE_gtdb_PF01984.15.nex	0h:0m:2s (0h:0m:21s left)
  82 LG+F+I+G4    5691.300    16.455      GENE_TIGR03636.nex	0h:0m:2s (0h:0m:21s left)
  83 LG+F+I+G4    6476.708    16.469      GENE_gtdb_PF03874.11.nex	0h:0m:2s (0h:0m:21s left)
  84 LG+I+G4      5159.659    5.288       GENE_gtdb_PF02006.11.nex	0h:0m:2s (0h:0m:21s left)
Full partition model AIC score: 1098912.379 (LnL: -548172.189  df:1284)
Merging models to increase model fit (about 781 total partition schemes)...
  85 LG+F+I+G4    1098894.058 17.284      GENE_TIGR00491.nex+GENE_TIGR03676.nex	0h:0m:3s (0h:0m:30s left)
  86 LG+F+I+G4    1098890.577 17.284      GENE_TIGR00491.nex+GENE_TIGR02928.nex	0h:0m:3s (0h:0m:30s left)
  87 LG+F+I+G4    1098932.468 16.060      GENE_gtdb_PF01655.13.nex+GENE_TIGR02390.nex	0h:0m:3s (0h:0m:30s left)
  88 LG+F+I+G4    1098914.059 15.509      GENE_arCOG01228.nex+GENE_TIGR00134.nex	0h:0m:3s (0h:0m:30s left)
  89 LG+F+I+G4    1098870.224 17.284      GENE_TIGR00291.nex+GENE_TIGR00491.nex	0h:0m:4s (0h:0m:33s left)
  90 LG+F+I+G4    1098871.800 17.284      GENE_TIGR00491.nex+GENE_TIGR02397.nex	0h:0m:4s (0h:0m:34s left)
  91 LG+F+I+G4    1098964.107 16.060      GENE_TIGR02338.nex+GENE_TIGR02390.nex	0h:0m:4s (0h:0m:34s left)
  92 LG+F+I+G4    1098931.513 17.284      GENE_TIGR00491.nex+GENE_TIGR01028.nex	0h:0m:4s (0h:0m:35s left)
  93 LG+F+I+G4    1098871.056 17.284      GENE_gtdb_PF07541.7.nex+GENE_TIGR00491.nex	0h:0m:4s (0h:0m:35s left)
  94 LG+F+I+G4    1098937.891 15.512      GENE_TIGR00134.nex+GENE_TIGR00308.nex	0h:0m:5s (0h:0m:37s left)
  95 LG+F+I+G4    1098899.452 17.284      GENE_TIGR00491.nex+GENE_TIGR01012.nex	0h:0m:5s (0h:0m:40s left)
  96 LG+F+I+G4    1098891.192 17.284      GENE_TIGR00491.nex+GENE_TIGR03665.nex	0h:0m:5s (0h:0m:40s left)
  97 LG+F+I+G4    1098895.152 17.284      GENE_OG8696.nex+GENE_TIGR00491.nex	0h:0m:5s (0h:0m:39s left)
  98 LG+F+I+G4    1098917.412 17.284      GENE_TIGR00491.nex+GENE_TIGR01008.nex	0h:0m:5s (0h:0m:40s left)
  99 LG+F+I+G4    1098937.622 15.504      GENE_TIGR00134.nex+GENE_TIGR03626.nex	0h:0m:5s (0h:0m:39s left)
 100 LG+F+I+G4    1098860.265 17.284      GENE_gtdb_PF04919.7.nex+GENE_TIGR00491.nex	0h:0m:5s (0h:0m:40s left)
 101 LG+F+I+G4    1098871.468 17.284      GENE_TIGR00491.nex+GENE_TIGR03653.nex	0h:0m:6s (0h:0m:40s left)
 102 LG+F+I+G4    1098920.267 17.284      GENE_TIGR02928.nex+GENE_TIGR03676.nex	0h:0m:6s (0h:0m:43s left)
 103 LG+F+I+G4    1098939.348 15.504      GENE_TIGR00134.nex+GENE_TIGR03672.nex	0h:0m:6s (0h:0m:43s left)
 104 LG+F+I+G4    1098896.639 17.284      GENE_TIGR00491.nex+GENE_TIGR01025.nex	0h:0m:6s (0h:0m:44s left)
 105 LG+F+I+G4    1098892.239 17.284      GENE_gtdb_PF00410.14.nex+GENE_TIGR00491.nex	0h:0m:6s (0h:0m:44s left)
 106 LG+F+I+G4    1098968.138 17.284      GENE_TIGR00491.nex+GENE_TIGR00982.nex	0h:0m:6s (0h:0m:44s left)
 107 LG+F+I+G4    1098907.138 17.284      GENE_TIGR00491.nex+GENE_TIGR01046.nex	0h:0m:7s (0h:0m:45s left)
 108 LG+F+I+G4    1098936.302 17.284      GENE_TIGR00491.nex+GENE_TIGR01038.nex	0h:0m:7s (0h:0m:46s left)
 109 LG+F+I+G4    1098930.126 17.284      GENE_TIGR02397.nex+GENE_TIGR03676.nex	0h:0m:7s (0h:0m:46s left)
 110 LG+F+I+G4    1098900.291 15.502      GENE_gtdb_PF01269.12.nex+GENE_TIGR00134.nex	0h:0m:7s (0h:0m:46s left)
 111 LG+F+I+G4    1098919.317 17.284      GENE_TIGR00491.nex+GENE_TIGR03673.nex	0h:0m:7s (0h:0m:47s left)
 112 LG+F+I+G4    1098878.712 14.991      GENE_gtdb_PF01000.21.nex+GENE_TIGR03670.nex	0h:0m:7s (0h:0m:47s left)
 113 LG+F+I+G4    1098901.771 16.467      GENE_TIGR02236.nex+GENE_TIGR03680.nex	0h:0m:8s (0h:0m:47s left)
 114 LG+F+I+G4    1098972.030 15.507      GENE_arCOG01228.nex+GENE_TIGR00308.nex	0h:0m:8s (0h:0m:47s left)
 115 LG+F+I+G4    1098924.203 17.284      GENE_gtdb_PF01200.13.nex+GENE_TIGR00491.nex	0h:0m:8s (0h:0m:48s left)
 116 LG+F+I+G4    1098883.812 15.544      GENE_TIGR00134.nex+GENE_TIGR01018.nex	0h:0m:8s (0h:0m:48s left)
 117 LG+F+I+G4    1098902.713 17.284      GENE_TIGR02397.nex+GENE_TIGR02928.nex	0h:0m:8s (0h:0m:49s left)
 118 LG+F+I+G4    1098878.737 17.284      GENE_gtdb_PF07541.7.nex+GENE_TIGR03676.nex	0h:0m:8s (0h:0m:50s left)
 119 LG+F+I+G4    1098858.543 17.284      GENE_TIGR00291.nex+GENE_TIGR03676.nex	0h:0m:8s (0h:0m:50s left)
 120 LG+F+I+G4    1098934.287 15.499      GENE_arCOG01228.nex+GENE_TIGR03672.nex	0h:0m:9s (0h:0m:50s left)
 121 LG+F+I+G4    1098953.532 15.729      GENE_gtdb_PF00466.15.nex+GENE_TIGR00483.nex	0h:0m:9s (0h:0m:50s left)
 122 LG+F+I+G4    1098994.053 15.698      GENE_TIGR00111.nex+GENE_TIGR00483.nex	0h:0m:9s (0h:0m:50s left)
 123 LG+F+I+G4    1098928.182 17.284      GENE_TIGR01028.nex+GENE_TIGR03676.nex	0h:0m:9s (0h:0m:51s left)
 124 LG+F+I+G4    1098929.870 16.462      GENE_TIGR01171.nex+GENE_TIGR03680.nex	0h:0m:9s (0h:0m:51s left)
 125 LG+F+I+G4    1098978.138 15.733      GENE_TIGR00483.nex+GENE_TIGR03671.nex	0h:0m:9s (0h:0m:51s left)
 126 LG+F+I+G4    1098888.432 17.284      GENE_TIGR00291.nex+GENE_TIGR02928.nex	0h:0m:9s (0h:0m:51s left)
 127 LG+F+I+G4    1098903.444 17.284      GENE_TIGR01012.nex+GENE_TIGR03676.nex	0h:0m:9s (0h:0m:50s left)
 128 LG+F+I+G4    1098923.799 15.499      GENE_arCOG01228.nex+GENE_TIGR03626.nex	0h:0m:10s (0h:0m:51s left)
 129 LG+F+I+G4    1098876.680 17.284      GENE_TIGR01008.nex+GENE_TIGR03676.nex	0h:0m:10s (0h:0m:51s left)
 130 LG+F+I+G4    1098933.059 17.284      GENE_TIGR01028.nex+GENE_TIGR02928.nex	0h:0m:10s (0h:0m:52s left)
 131 LG+F+I+G4    1098894.919 15.497      GENE_arCOG01228.nex+GENE_gtdb_PF01269.12.nex	0h:0m:10s (0h:0m:51s left)
 132 LG+F+I+G4    1098950.815 16.498      GENE_TIGR01020.nex+GENE_TIGR03680.nex	0h:0m:10s (0h:0m:52s left)
 133 LG+F+I+G4    1098906.426 17.284      GENE_gtdb_PF07541.7.nex+GENE_TIGR02928.nex	0h:0m:10s (0h:0m:52s left)
 134 LG+F+I+G4    1098879.163 17.284      GENE_gtdb_PF04919.7.nex+GENE_TIGR03676.nex	0h:0m:10s (0h:0m:52s left)
 135 LG+F+I+G4    1098964.725 15.701      GENE_gtdb_PF00900.15.nex+GENE_TIGR00483.nex	0h:0m:11s (0h:0m:53s left)
 136 LG+F+I+G4    1098907.172 17.284      GENE_TIGR00291.nex+GENE_TIGR02397.nex	0h:0m:11s (0h:0m:52s left)
 137 LG+F+I+G4    1098929.163 17.284      GENE_TIGR01008.nex+GENE_TIGR02928.nex	0h:0m:11s (0h:0m:52s left)
 138 LG+F+I+G4    1098912.183 17.284      GENE_TIGR01012.nex+GENE_TIGR02928.nex	0h:0m:11s (0h:0m:52s left)
 139 LG+F+I+G4    1098865.828 17.284      GENE_TIGR03665.nex+GENE_TIGR03676.nex	0h:0m:11s (0h:0m:54s left)
 140 LG+F+I+G4    1098916.704 17.284      GENE_OG8696.nex+GENE_TIGR03676.nex	0h:0m:11s (0h:0m:53s left)
 141 LG+F+I+G4    1098881.564 17.284      GENE_TIGR03653.nex+GENE_TIGR03676.nex	0h:0m:11s (0h:0m:53s left)
 142 LG+F+I+G4    1098906.298 15.602      GENE_arCOG01574.nex+GENE_TIGR03674.nex	0h:0m:11s (0h:0m:53s left)
 143 LG+F+I+G4    1098942.116 15.712      GENE_TIGR00111.nex+GENE_TIGR03671.nex	0h:0m:12s (0h:0m:54s left)
 144 LG+F+I+G4    1098929.414 16.467      GENE_gtdb_PF00827.12.nex+GENE_TIGR03680.nex	0h:0m:12s (0h:0m:54s left)
 145 LG+F+I+G4    1098953.977 17.284      GENE_TIGR00982.nex+GENE_TIGR03676.nex	0h:0m:12s (0h:0m:54s left)
 146 LG+F+I+G4    1098906.692 17.284      GENE_gtdb_PF00410.14.nex+GENE_TIGR03676.nex	0h:0m:12s (0h:0m:54s left)
 147 LG+F+I+G4    1098880.086 17.284      GENE_gtdb_PF04919.7.nex+GENE_TIGR02928.nex	0h:0m:12s (0h:0m:54s left)
 148 LG+F+I+G4    1098997.562 15.708      GENE_gtdb_PF00466.15.nex+GENE_TIGR00111.nex	0h:0m:12s (0h:0m:53s left)
 149 LG+F+I+G4    1098897.714 17.284      GENE_TIGR02928.nex+GENE_TIGR03665.nex	0h:0m:12s (0h:0m:53s left)
 150 LG+F+I+G4    1098895.370 17.284      GENE_gtdb_PF07541.7.nex+GENE_TIGR02397.nex	0h:0m:12s (0h:0m:53s left)
 151 LG+I+G4      1098907.315 16.460      GENE_TIGR01171.nex+GENE_TIGR02236.nex	0h:0m:13s (0h:0m:54s left)
 152 LG+F+I+G4    1098926.863 17.284      GENE_OG8696.nex+GENE_TIGR02928.nex	0h:0m:13s (0h:0m:54s left)
 153 LG+F+I+G4    1098938.413 17.284      GENE_TIGR03673.nex+GENE_TIGR03676.nex	0h:0m:13s (0h:0m:54s left)
 154 LG+F+I+G4    1098862.887 15.539      GENE_arCOG01228.nex+GENE_TIGR01018.nex	0h:0m:13s (0h:0m:53s left)
 155 LG+F+I+G4    1098961.877 15.502      GENE_TIGR00308.nex+GENE_TIGR03626.nex	0h:0m:13s (0h:0m:53s left)
 156 LG+F+I+G4    1098893.291 17.284      GENE_TIGR02928.nex+GENE_TIGR03653.nex	0h:0m:13s (0h:0m:53s left)
 157 LG+F+I+G4    1098927.659 16.492      GENE_TIGR03629.nex+GENE_TIGR03680.nex	0h:0m:13s (0h:0m:53s left)
 158 LG+F+I+G4    1098960.107 15.649      GENE_arCOG01574.nex+GENE_TIGR00111.nex	0h:0m:13s (0h:0m:52s left)
 159 LG+F+I+G4    1098919.874 17.284      GENE_TIGR01038.nex+GENE_TIGR03676.nex	0h:0m:13s (0h:0m:53s left)
 160 LG+F+I+G4    1099003.054 17.284      GENE_TIGR00982.nex+GENE_TIGR02928.nex	0h:0m:13s (0h:0m:53s left)
 161 LG+F+I+G4    1098923.038 15.743      GENE_gtdb_PF00466.15.nex+GENE_TIGR03671.nex	0h:0m:13s (0h:0m:53s left)
 162 LG+F+I+G4    1098904.538 17.284      GENE_TIGR01028.nex+GENE_TIGR02397.nex	0h:0m:13s (0h:0m:53s left)
 163 LG+F+I+G4    1098927.480 15.610      GENE_gtdb_PF01798.13.nex+GENE_TIGR03674.nex	0h:0m:13s (0h:0m:52s left)
 164 LG+F+I+G4    1098905.616 17.284      GENE_TIGR01025.nex+GENE_TIGR03676.nex	0h:0m:14s (0h:0m:52s left)
 165 LG+F+I+G4    1098915.986 17.284      GENE_gtdb_PF00410.14.nex+GENE_TIGR02928.nex	0h:0m:14s (0h:0m:52s left)
 166 LG+F+I+G4    1098929.000 15.701      GENE_gtdb_PF01015.13.nex+GENE_TIGR00483.nex	0h:0m:14s (0h:0m:52s left)
 167 LG+F+I+G4    1098907.659 17.284      GENE_TIGR01012.nex+GENE_TIGR02397.nex	0h:0m:14s (0h:0m:52s left)
 168 LG+F+I+G4    1098986.467 17.284      GENE_TIGR02928.nex+GENE_TIGR03673.nex	0h:0m:14s (0h:0m:52s left)
 169 LG+F+I+G4    1098874.032 16.462      GENE_TIGR00405.nex+GENE_TIGR03680.nex	0h:0m:14s (0h:0m:52s left)
 170 LG+F+I+G4    1098962.399 15.502      GENE_TIGR00308.nex+GENE_TIGR03672.nex	0h:0m:14s (0h:0m:52s left)
 171 LG+F+I+G4    1098898.218 17.284      GENE_TIGR01046.nex+GENE_TIGR03676.nex	0h:0m:14s (0h:0m:52s left)
 172 LG+F+I+G4    1098947.749 15.656      GENE_gtdb_PF01798.13.nex+GENE_TIGR00111.nex	0h:0m:14s (0h:0m:53s left)
 173 LG+F+I+G4    1098913.723 17.284      GENE_TIGR01008.nex+GENE_TIGR02397.nex	0h:0m:15s (0h:0m:52s left)
 174 LG+I+G4      1098902.068 16.496      GENE_TIGR01020.nex+GENE_TIGR02236.nex	0h:0m:15s (0h:0m:52s left)
 175 LG+F+I+G4    1098847.226 17.284      GENE_gtdb_PF07541.7.nex+GENE_TIGR00291.nex	0h:0m:15s (0h:0m:52s left)
 176 LG+F+I+G4    1098920.051 15.715      GENE_OG7638.nex+GENE_TIGR00483.nex	0h:0m:15s (0h:0m:52s left)
 177 LG+F+I+G4    1098951.017 17.284      GENE_TIGR01025.nex+GENE_TIGR02928.nex	0h:0m:15s (0h:0m:52s left)
 178 LG+F+I+G4    1098968.277 17.284      GENE_TIGR01038.nex+GENE_TIGR02928.nex	0h:0m:15s (0h:0m:52s left)
 179 LG+I+G4      1098911.324 15.494      GENE_TIGR03626.nex+GENE_TIGR03672.nex	0h:0m:15s (0h:0m:52s left)
 180 LG+F+I+G4    1098874.558 16.467      GENE_TIGR00307.nex+GENE_TIGR03680.nex	0h:0m:15s (0h:0m:52s left)
 181 LG+F+I+G4    1098950.116 15.680      GENE_gtdb_PF00900.15.nex+GENE_TIGR00111.nex	0h:0m:15s (0h:0m:52s left)
 182 LG+I+G4      1098938.898 16.465      GENE_gtdb_PF00827.12.nex+GENE_TIGR02236.nex	0h:0m:15s (0h:0m:52s left)
 183 LG+F+I+G4    1098895.581 17.284      GENE_gtdb_PF04919.7.nex+GENE_TIGR02397.nex	0h:0m:15s (0h:0m:52s left)
 184 LG+F+I+G4    1098881.104 17.284      GENE_TIGR02397.nex+GENE_TIGR03665.nex	0h:0m:16s (0h:0m:51s left)
 185 LG+F+I+G4    1098884.894 15.727      GENE_TIGR00037.nex+GENE_TIGR00483.nex	0h:0m:16s (0h:0m:52s left)
 186 LG+F+I+G4    1098856.616 16.498      GENE_gtdb_PF01092.14.nex+GENE_TIGR03680.nex	0h:0m:16s (0h:0m:52s left)
 187 LG+F+I+G4    1098893.657 17.284      GENE_TIGR02397.nex+GENE_TIGR03653.nex	0h:0m:16s (0h:0m:52s left)
 188 LG+F+I+G4    1098937.732 17.284      GENE_TIGR00982.nex+GENE_TIGR02397.nex	0h:0m:16s (0h:0m:51s left)
 189 LG+F+I+G4    1098973.483 15.711      GENE_gtdb_PF00466.15.nex+GENE_gtdb_PF00900.15.nex	0h:0m:16s (0h:0m:51s left)
 190 LG+F+I+G4    1098936.868 17.284      GENE_TIGR01046.nex+GENE_TIGR02928.nex	0h:0m:16s (0h:0m:51s left)
 191 LG+F+I+G4    1098964.942 15.715      GENE_gtdb_PF00900.15.nex+GENE_TIGR03671.nex	0h:0m:16s (0h:0m:51s left)
 192 LG+F+I+G4    1098917.869 16.469      GENE_gtdb_PF01157.13.nex+GENE_TIGR03680.nex	0h:0m:16s (0h:0m:51s left)
 193 LG+F+I+G4    1098938.352 17.284      GENE_gtdb_PF01200.13.nex+GENE_TIGR03676.nex	0h:0m:16s (0h:0m:51s left)
 194 LG+F+I+G4    1098884.222 17.284      GENE_TIGR00291.nex+GENE_TIGR01012.nex	0h:0m:17s (0h:0m:51s left)
 195 LG+F+I+G4    1098917.950 17.284      GENE_OG8696.nex+GENE_TIGR02397.nex	0h:0m:17s (0h:0m:51s left)
 196 LG+F+I+G4    1098940.226 17.284      GENE_TIGR00291.nex+GENE_TIGR01028.nex	0h:0m:17s (0h:0m:51s left)
 197 LG+I+G4      1098938.220 16.343      GENE_TIGR00448.nex+GENE_TIGR03722.nex	0h:0m:17s (0h:0m:50s left)
 198 LG+F+I+G4    1098924.936 16.469      GENE_gtdb_PF03874.11.nex+GENE_TIGR03680.nex	0h:0m:17s (0h:0m:50s left)
 199 LG+I+G4      1098903.373 16.490      GENE_TIGR02236.nex+GENE_TIGR03629.nex	0h:0m:17s (0h:0m:50s left)
 200 LG+F+I+G4    1098900.192 15.499      GENE_gtdb_PF01269.12.nex+GENE_TIGR00308.nex	0h:0m:17s (0h:0m:51s left)
 201 LG+F+I+G4    1098928.335 17.284      GENE_gtdb_PF00410.14.nex+GENE_TIGR02397.nex	0h:0m:17s (0h:0m:51s left)
 202 LG+F+I+G4    1098848.836 16.462      GENE_TIGR03636.nex+GENE_TIGR03680.nex	0h:0m:17s (0h:0m:51s left)
 203 LG+F+I+G4    1098920.975 15.680      GENE_gtdb_PF01015.13.nex+GENE_TIGR00111.nex	0h:0m:18s (0h:0m:51s left)
 204 LG+F+I+G4    1098911.051 17.284      GENE_TIGR00291.nex+GENE_TIGR01008.nex	0h:0m:18s (0h:0m:51s left)
 205 LG+F+I+G4    1098928.268 17.284      GENE_gtdb_PF07541.7.nex+GENE_TIGR01028.nex	0h:0m:18s (0h:0m:51s left)
 206 LG+F+I+G4    1098950.589 15.651      GENE_arCOG01574.nex+GENE_gtdb_PF00900.15.nex	0h:0m:18s (0h:0m:51s left)
 207 LG+F+I+G4    1098961.741 17.284      GENE_TIGR02397.nex+GENE_TIGR03673.nex	0h:0m:18s (0h:0m:51s left)
 208 LG+F+I+G4    1098945.522 14.157      GENE_TIGR00967.nex+GENE_TIGR03628.nex	0h:0m:18s (0h:0m:50s left)
 209 LG+F+I+G4    1098882.325 15.603      GENE_OG9906.nex+GENE_TIGR03674.nex	0h:0m:18s (0h:0m:51s left)
 210 LG+F+I+G4    1098918.299 15.694      GENE_OG7638.nex+GENE_TIGR00111.nex	0h:0m:19s (0h:0m:51s left)
 211 LG+F+I+G4    1098956.344 17.284      GENE_gtdb_PF01200.13.nex+GENE_TIGR02928.nex	0h:0m:19s (0h:0m:51s left)
 212 LG+F+I+G4    1098872.795 15.580      GENE_TIGR01018.nex+GENE_TIGR03674.nex	0h:0m:19s (0h:0m:51s left)
 213 LG+F+I+G4    1098894.224 15.492      GENE_gtdb_PF01269.12.nex+GENE_TIGR03626.nex	0h:0m:19s (0h:0m:51s left)
 214 LG+F+I+G4    1098878.152 17.284      GENE_gtdb_PF07541.7.nex+GENE_TIGR01012.nex	0h:0m:19s (0h:0m:50s left)
 215 LG+F+I+G4    1098950.001 15.627      GENE_arCOG01574.nex+GENE_gtdb_PF01798.13.nex	0h:0m:19s (0h:0m:50s left)
 216 LG+F+I+G4    1098942.996 16.460      GENE_TIGR00405.nex+GENE_TIGR02236.nex	0h:0m:19s (0h:0m:50s left)
 217 LG+F+I+G4    1098905.966 17.284      GENE_TIGR01038.nex+GENE_TIGR02397.nex	0h:0m:19s (0h:0m:50s left)
 218 LG+F+I+G4    1098896.063 17.284      GENE_gtdb_PF07541.7.nex+GENE_TIGR01008.nex	0h:0m:19s (0h:0m:50s left)
 219 LG+F+I+G4    1098889.198 17.284      GENE_OG8696.nex+GENE_TIGR00291.nex	0h:0m:19s (0h:0m:50s left)
 220 LG+F+I+G4    1098912.722 17.284      GENE_TIGR01025.nex+GENE_TIGR02397.nex	0h:0m:19s (0h:0m:50s left)
 221 LG+F+I+G4    1098850.234 17.284      GENE_gtdb_PF04919.7.nex+GENE_TIGR00291.nex	0h:0m:20s (0h:0m:50s left)
 222 LG+F+I+G4    1098887.318 15.649      GENE_OG9906.nex+GENE_TIGR00111.nex	0h:0m:20s (0h:0m:50s left)
 223 LG+F+I+G4    1098875.312 17.284      GENE_TIGR00291.nex+GENE_TIGR03665.nex	0h:0m:20s (0h:0m:50s left)
 224 LG+F+I+G4    1098882.950 17.284      GENE_TIGR00291.nex+GENE_TIGR03653.nex	0h:0m:20s (0h:0m:50s left)
 225 LG+I+G4      1098905.239 16.553      GENE_TIGR01020.nex+GENE_TIGR02065.nex	0h:0m:20s (0h:0m:50s left)
 226 LG+F+I+G4    1098912.569 17.284      GENE_TIGR01046.nex+GENE_TIGR02397.nex	0h:0m:20s (0h:0m:49s left)
 227 LG+F+I+G4    1099000.629 14.165      GENE_TIGR00967.nex+GENE_TIGR03627.nex	0h:0m:20s (0h:0m:49s left)
 228 LG+F+I+G4    1098962.016 15.711      GENE_gtdb_PF00466.15.nex+GENE_gtdb_PF01015.13.nex	0h:0m:20s (0h:0m:49s left)
 229 LG+I+G4      1098920.597 16.465      GENE_TIGR00307.nex+GENE_TIGR02236.nex	0h:0m:20s (0h:0m:49s left)
 230 LG+F+I+G4    1098919.576 17.284      GENE_TIGR01012.nex+GENE_TIGR01028.nex	0h:0m:20s (0h:0m:49s left)
 231 LG+I+G4      1098911.829 16.491      GENE_TIGR01020.nex+GENE_TIGR01171.nex	0h:0m:20s (0h:0m:49s left)
 232 LG+F+I+G4    1098984.507 15.659      GENE_gtdb_PF00900.15.nex+GENE_gtdb_PF01798.13.nex	0h:0m:20s (0h:0m:49s left)
 233 LG+F+I+G4    1098962.390 17.284      GENE_TIGR00291.nex+GENE_TIGR00982.nex	0h:0m:20s (0h:0m:48s left)
 234 LG+F+I+G4    1098852.987 17.284      GENE_gtdb_PF04919.7.nex+GENE_gtdb_PF07541.7.nex	0h:0m:20s (0h:0m:49s left)
 235 LG+F+I+G4    1098894.912 15.725      GENE_gtdb_PF00466.15.nex+GENE_OG7638.nex	0h:0m:21s (0h:0m:49s left)
 236 LG+I+G4      1098907.188 16.496      GENE_gtdb_PF01092.14.nex+GENE_TIGR02236.nex	0h:0m:21s (0h:0m:48s left)
 237 LG+F+I+G4    1098884.302 17.284      GENE_gtdb_PF07541.7.nex+GENE_TIGR03665.nex	0h:0m:21s (0h:0m:48s left)
 238 LG+I+G4      1098917.979 15.492      GENE_gtdb_PF01269.12.nex+GENE_TIGR03672.nex	0h:0m:21s (0h:0m:48s left)
 239 LG+F+I+G4    1098926.079 15.542      GENE_TIGR00308.nex+GENE_TIGR01018.nex	0h:0m:21s (0h:0m:48s left)
 240 LG+F+I+G4    1098884.428 15.729      GENE_OG7638.nex+GENE_TIGR03671.nex	0h:0m:21s (0h:0m:48s left)
 241 LG+F+I+G4    1098912.865 15.715      GENE_gtdb_PF01015.13.nex+GENE_TIGR03671.nex	0h:0m:21s (0h:0m:48s left)
 242 LG+F+I+G4    1098922.899 15.706      GENE_TIGR00037.nex+GENE_TIGR00111.nex	0h:0m:21s (0h:0m:48s left)
 243 LG+F+I+G4    1098883.914 17.284      GENE_gtdb_PF00410.14.nex+GENE_TIGR00291.nex	0h:0m:21s (0h:0m:48s left)
 244 LG+F+I+G4    1098884.773 17.284      GENE_TIGR01008.nex+GENE_TIGR01012.nex	0h:0m:21s (0h:0m:48s left)
 245 LG+F+I+G4    1098900.795 17.284      GENE_TIGR01008.nex+GENE_TIGR01028.nex	0h:0m:21s (0h:0m:47s left)
 246 LG+I+G4      1098927.453 16.467      GENE_gtdb_PF01157.13.nex+GENE_TIGR02236.nex	0h:0m:22s (0h:0m:47s left)
 247 LG+F+I+G4    1098885.247 17.284      GENE_gtdb_PF07541.7.nex+GENE_OG8696.nex	0h:0m:22s (0h:0m:47s left)
 248 LG+F+I+G4    1098850.660 17.284      GENE_gtdb_PF07541.7.nex+GENE_TIGR03653.nex	0h:0m:22s (0h:0m:47s left)
 249 LG+F+I+G4    1098959.387 17.284      GENE_gtdb_PF07541.7.nex+GENE_TIGR00982.nex	0h:0m:22s (0h:0m:47s left)
 250 LG+F+I+G4    1098952.729 17.284      GENE_TIGR00291.nex+GENE_TIGR03673.nex	0h:0m:22s (0h:0m:47s left)
 251 LG+F+I+G4    1098875.930 16.460      GENE_gtdb_PF00827.12.nex+GENE_TIGR01171.nex	0h:0m:22s (0h:0m:47s left)
 252 LG+F+I+G4    1098907.275 16.460      GENE_TIGR02236.nex+GENE_TIGR03636.nex	0h:0m:22s (0h:0m:46s left)
 253 LG+F+I+G4    1098943.609 15.651      GENE_arCOG01574.nex+GENE_gtdb_PF01015.13.nex	0h:0m:22s (0h:0m:46s left)
 254 LG+I+G4      1098962.620 16.467      GENE_gtdb_PF03874.11.nex+GENE_TIGR02236.nex	0h:0m:22s (0h:0m:46s left)
 255 LG+F+I+G4    1098878.405 17.284      GENE_gtdb_PF00410.14.nex+GENE_gtdb_PF07541.7.nex	0h:0m:22s (0h:0m:46s left)
 256 LG+F+I+G4    1098884.261 17.284      GENE_gtdb_PF04919.7.nex+GENE_TIGR01012.nex	0h:0m:22s (0h:0m:46s left)
 257 LG+F+I+G4    1098901.298 17.284      GENE_TIGR01028.nex+GENE_TIGR03665.nex	0h:0m:22s (0h:0m:46s left)
 258 LG+F+I+G4    1098939.556 17.284      GENE_TIGR00291.nex+GENE_TIGR01038.nex	0h:0m:22s (0h:0m:46s left)
 259 LG+F+I+G4    1098912.274 17.284      GENE_gtdb_PF04919.7.nex+GENE_TIGR01028.nex	0h:0m:23s (0h:0m:46s left)
 260 LG+F+I+G4    1098892.174 17.284      GENE_TIGR01012.nex+GENE_TIGR03665.nex	0h:0m:23s (0h:0m:46s left)
 261 LG+F+I+G4    1098927.361 17.284      GENE_gtdb_PF07541.7.nex+GENE_TIGR03673.nex	0h:0m:23s (0h:0m:46s left)
 262 LG+F+I+G4    1098926.000 17.284      GENE_TIGR00291.nex+GENE_TIGR01025.nex	0h:0m:23s (0h:0m:45s left)
 263 LG+I+G4      1098910.827 17.284      GENE_OG8696.nex+GENE_TIGR01028.nex	0h:0m:23s (0h:0m:45s left)
 264 LG+F+I+G4    1098931.975 17.284      GENE_gtdb_PF01200.13.nex+GENE_TIGR02397.nex	0h:0m:23s (0h:0m:45s left)
 265 LG+F+I+G4    1098903.230 17.284      GENE_OG8696.nex+GENE_TIGR01012.nex	0h:0m:23s (0h:0m:45s left)
 266 LG+F+I+G4    1098896.808 15.620      GENE_arCOG01574.nex+GENE_OG9906.nex	0h:0m:23s (0h:0m:45s left)
 267 LG+I+G4      1098906.902 16.573      GENE_TIGR00279.nex+GENE_TIGR02065.nex	0h:0m:23s (0h:0m:45s left)
 268 LG+F+I+G4    1098919.634 15.737      GENE_gtdb_PF00466.15.nex+GENE_TIGR00037.nex	0h:0m:23s (0h:0m:45s left)
 269 LG+I+G4      1098908.106 15.597      GENE_arCOG01574.nex+GENE_TIGR01018.nex	0h:0m:23s (0h:0m:45s left)
 270 LG+F+I+G4    1098916.016 15.741      GENE_TIGR00037.nex+GENE_TIGR03671.nex	0h:0m:23s (0h:0m:44s left)
 271 LG+F+I+G4    1098922.277 17.284      GENE_TIGR01028.nex+GENE_TIGR03653.nex	0h:0m:23s (0h:0m:44s left)
 272 LG+F+I+G4    1098880.686 17.284      GENE_gtdb_PF04919.7.nex+GENE_TIGR01008.nex	0h:0m:23s (0h:0m:44s left)
 273 LG+I+G4      1098912.102 16.485      GENE_TIGR01171.nex+GENE_TIGR03629.nex	0h:0m:23s (0h:0m:44s left)
 274 LG+I+G4      1098905.044 16.548      GENE_TIGR02065.nex+GENE_TIGR03629.nex	0h:0m:23s (0h:0m:44s left)
 275 LG+F+I+G4    1098926.830 17.284      GENE_gtdb_PF07541.7.nex+GENE_TIGR01038.nex	0h:0m:24s (0h:0m:44s left)
 276 LG+F+I+G4    1098895.214 17.284      GENE_TIGR01012.nex+GENE_TIGR03653.nex	0h:0m:24s (0h:0m:44s left)
 277 LG+F+I+G4    1098951.349 17.284      GENE_TIGR00982.nex+GENE_TIGR01028.nex	0h:0m:24s (0h:0m:44s left)
 278 LG+F+I+G4    1098924.612 17.284      GENE_TIGR00291.nex+GENE_TIGR01046.nex	0h:0m:24s (0h:0m:43s left)
 279 LG+F+I+G4    1098937.638 17.284      GENE_TIGR00982.nex+GENE_TIGR01012.nex	0h:0m:24s (0h:0m:44s left)
 280 LG+F+I+G4    1098915.788 16.496      GENE_gtdb_PF00827.12.nex+GENE_TIGR01020.nex	0h:0m:24s (0h:0m:43s left)
 281 LG+F+I+G4    1098879.876 15.683      GENE_gtdb_PF00900.15.nex+GENE_gtdb_PF01015.13.nex	0h:0m:24s (0h:0m:43s left)
 282 LG+F+I+G4    1098956.086 15.659      GENE_gtdb_PF01015.13.nex+GENE_gtdb_PF01798.13.nex	0h:0m:24s (0h:0m:43s left)
 283 LG+F+I+G4    1098889.465 17.284      GENE_TIGR01008.nex+GENE_TIGR03665.nex	0h:0m:24s (0h:0m:43s left)
 284 LG+F+I+G4    1098914.204 17.284      GENE_gtdb_PF07541.7.nex+GENE_TIGR01025.nex	0h:0m:24s (0h:0m:43s left)
 285 LG+F+I+G4    1098964.686 16.567      GENE_gtdb_PF01280.15.nex+GENE_TIGR02065.nex	0h:0m:25s (0h:0m:43s left)
 286 LG+F+I+G4    1098902.541 17.284      GENE_gtdb_PF00410.14.nex+GENE_TIGR01028.nex	0h:0m:25s (0h:0m:43s left)
 287 LG+I+G4      1098909.458 17.284      GENE_OG8696.nex+GENE_TIGR01008.nex	0h:0m:25s (0h:0m:43s left)
 288 LG+F+I+G4    1098920.846 16.455      GENE_TIGR00405.nex+GENE_TIGR01171.nex	0h:0m:25s (0h:0m:42s left)
 289 LG+F+I+G4    1098897.380 17.284      GENE_TIGR00982.nex+GENE_TIGR01008.nex	0h:0m:25s (0h:0m:42s left)
 290 LG+I+G4      1098929.570 17.284      GENE_TIGR01028.nex+GENE_TIGR03673.nex	0h:0m:25s (0h:0m:42s left)
 291 LG+F+I+G4    1098907.320 17.284      GENE_TIGR01008.nex+GENE_TIGR03653.nex	0h:0m:25s (0h:0m:42s left)
 292 LG+F+I+G4    1098882.130 17.284      GENE_gtdb_PF00410.14.nex+GENE_TIGR01012.nex	0h:0m:25s (0h:0m:42s left)
 293 LG+F+I+G4    1098916.558 17.284      GENE_TIGR01012.nex+GENE_TIGR03673.nex	0h:0m:25s (0h:0m:42s left)
 294 LG+F+I+G4    1098895.488 15.697      GENE_gtdb_PF00900.15.nex+GENE_OG7638.nex	0h:0m:25s (0h:0m:42s left)
 295 LG+F+I+G4    1098912.207 17.284      GENE_gtdb_PF07541.7.nex+GENE_TIGR01046.nex	0h:0m:25s (0h:0m:41s left)
 296 LG+F+I+G4    1098906.454 15.604      GENE_gtdb_PF01798.13.nex+GENE_TIGR01018.nex	0h:0m:25s (0h:0m:42s left)
 297 LG+I+G4      1098909.153 16.521      GENE_TIGR01020.nex+GENE_TIGR03629.nex	0h:0m:25s (0h:0m:41s left)
 298 LG+F+I+G4    1098880.507 15.627      GENE_gtdb_PF01798.13.nex+GENE_OG9906.nex	0h:0m:25s (0h:0m:41s left)
 299 LG+F+I+G4    1098888.966 15.652      GENE_gtdb_PF00900.15.nex+GENE_OG9906.nex	0h:0m:25s (0h:0m:41s left)
 300 LG+F+I+G4    1098869.358 17.284      GENE_gtdb_PF04919.7.nex+GENE_TIGR03665.nex	0h:0m:25s (0h:0m:41s left)
 301 LG+I+G4      1098916.130 16.546      GENE_TIGR00279.nex+GENE_TIGR01020.nex	0h:0m:26s (0h:0m:41s left)
 302 LG+F+I+G4    1098899.694 17.284      GENE_TIGR01028.nex+GENE_TIGR01038.nex	0h:0m:26s (0h:0m:41s left)
 303 LG+F+I+G4    1098868.107 17.284      GENE_gtdb_PF00410.14.nex+GENE_TIGR01008.nex	0h:0m:26s (0h:0m:41s left)
 304 LG+F+I+G4    1098905.752 17.284      GENE_gtdb_PF04919.7.nex+GENE_OG8696.nex	0h:0m:26s (0h:0m:40s left)
 305 LG+F+I+G4    1098915.332 17.284      GENE_OG8696.nex+GENE_TIGR03665.nex	0h:0m:26s (0h:0m:40s left)
 306 LG+F+I+G4    1098898.051 17.284      GENE_TIGR01012.nex+GENE_TIGR01038.nex	0h:0m:26s (0h:0m:40s left)
 307 LG+I+G4      1098913.021 17.284      GENE_TIGR01025.nex+GENE_TIGR01028.nex	0h:0m:26s (0h:0m:40s left)
 308 LG+F+I+G4    1098903.673 16.460      GENE_TIGR00307.nex+GENE_TIGR01171.nex	0h:0m:26s (0h:0m:40s left)
 309 LG+F+I+G4    1098933.469 17.284      GENE_gtdb_PF04919.7.nex+GENE_TIGR00982.nex	0h:0m:26s (0h:0m:40s left)
 310 LG+F+I+G4    1098898.437 17.284      GENE_TIGR03653.nex+GENE_TIGR03665.nex	0h:0m:26s (0h:0m:40s left)
 311 LG+F+I+G4    1098906.764 17.284      GENE_TIGR01008.nex+GENE_TIGR03673.nex	0h:0m:26s (0h:0m:40s left)
 312 LG+F+I+G4    1098941.733 16.540      GENE_gtdb_PF01280.15.nex+GENE_TIGR01020.nex	0h:0m:26s (0h:0m:40s left)
 313 LG+F+I+G4    1098859.814 17.284      GENE_gtdb_PF04919.7.nex+GENE_TIGR03653.nex	0h:0m:26s (0h:0m:39s left)
 314 LG+F+I+G4    1098893.212 16.491      GENE_gtdb_PF01092.14.nex+GENE_TIGR01171.nex	0h:0m:26s (0h:0m:39s left)
 315 LG+F+I+G4    1098910.927 17.284      GENE_TIGR00982.nex+GENE_TIGR03665.nex	0h:0m:26s (0h:0m:39s left)
 316 LG+F+I+G4    1098921.402 17.284      GENE_TIGR01012.nex+GENE_TIGR01025.nex	0h:0m:26s (0h:0m:39s left)
 317 LG+F+I+G4    1098944.684 17.284      GENE_gtdb_PF01200.13.nex+GENE_TIGR00291.nex	0h:0m:26s (0h:0m:39s left)
 318 LG+F+I+G4    1098901.178 16.553      GENE_gtdb_PF01092.14.nex+GENE_TIGR02065.nex	0h:0m:26s (0h:0m:39s left)
 319 LG+F+I+G4    1098919.264 17.284      GENE_OG8696.nex+GENE_TIGR00982.nex	0h:0m:27s (0h:0m:39s left)
 320 LG+F+I+G4    1098923.252 17.284      GENE_TIGR00982.nex+GENE_TIGR03653.nex	0h:0m:27s (0h:0m:39s left)
 321 LG+I+G4      1098960.745 16.491      GENE_TIGR00405.nex+GENE_TIGR01020.nex	0h:0m:27s (0h:0m:39s left)
 322 LG+F+I+G4    1098866.557 17.284      GENE_gtdb_PF00410.14.nex+GENE_gtdb_PF04919.7.nex	0h:0m:27s (0h:0m:39s left)
 323 LG+F+I+G4    1098908.381 17.284      GENE_OG8696.nex+GENE_TIGR03653.nex	0h:0m:27s (0h:0m:38s left)
 324 LG+F+I+G4    1098899.411 15.709      GENE_gtdb_PF00900.15.nex+GENE_TIGR00037.nex	0h:0m:27s (0h:0m:38s left)
 325 LG+F+I+G4    1098894.624 17.284      GENE_TIGR01008.nex+GENE_TIGR01038.nex	0h:0m:27s (0h:0m:38s left)
 326 LG+I+G4      1098934.283 16.490      GENE_gtdb_PF00827.12.nex+GENE_TIGR03629.nex	0h:0m:27s (0h:0m:38s left)
 327 LG+I+G4      1098909.867 17.284      GENE_TIGR01028.nex+GENE_TIGR01046.nex	0h:0m:27s (0h:0m:38s left)
 328 LG+F+I+G4    1098902.292 17.284      GENE_TIGR01012.nex+GENE_TIGR01046.nex	0h:0m:27s (0h:0m:38s left)
 329 LG+I+G4      1098903.566 16.567      GENE_TIGR01158.nex+GENE_TIGR02065.nex	0h:0m:27s (0h:0m:38s left)
 330 LG+F+I+G4    1098910.963 17.284      GENE_gtdb_PF04919.7.nex+GENE_TIGR03673.nex	0h:0m:27s (0h:0m:38s left)
 331 LG+F+I+G4    1099056.340 12.136      GENE_TIGR00335.nex+GENE_TIGR00522.nex	0h:0m:27s (0h:0m:37s left)
 332 LG+F+I+G4    1098904.627 17.284      GENE_TIGR01008.nex+GENE_TIGR01025.nex	0h:0m:27s (0h:0m:37s left)
 333 LG+F+I+G4    1098895.471 17.284      GENE_gtdb_PF00410.14.nex+GENE_OG8696.nex	0h:0m:28s (0h:0m:37s left)
 334 LG+F+I+G4    1098914.067 16.455      GENE_TIGR01171.nex+GENE_TIGR03636.nex	0h:0m:28s (0h:0m:37s left)
 335 LG+F+I+G4    1098879.347 17.284      GENE_gtdb_PF00410.14.nex+GENE_TIGR03665.nex	0h:0m:28s (0h:0m:37s left)
 336 LG+F+I+G4    1098910.818 16.462      GENE_gtdb_PF01157.13.nex+GENE_TIGR01171.nex	0h:0m:28s (0h:0m:37s left)
 337 LG+F+I+G4    1098941.074 17.284      GENE_TIGR03665.nex+GENE_TIGR03673.nex	0h:0m:28s (0h:0m:37s left)
 338 LG+F+I+G4    1098932.871 17.284      GENE_gtdb_PF01200.13.nex+GENE_gtdb_PF07541.7.nex	0h:0m:28s (0h:0m:37s left)
 339 LG+F+I+G4    1098906.846 17.284      GENE_OG8696.nex+GENE_TIGR03673.nex	0h:0m:28s (0h:0m:37s left)
 340 LG+F+I+G4    1098901.085 17.284      GENE_TIGR01008.nex+GENE_TIGR01046.nex	0h:0m:28s (0h:0m:37s left)
 341 LG+F+I+G4    1098842.837 17.284      GENE_gtdb_PF00410.14.nex+GENE_TIGR03653.nex	0h:0m:28s (0h:0m:36s left)
 342 LG+F+I+G4    1098909.917 15.697      GENE_gtdb_PF01015.13.nex+GENE_OG7638.nex	0h:0m:28s (0h:0m:36s left)
 343 LG+F+I+G4    1098936.986 16.460      GENE_gtdb_PF00827.12.nex+GENE_TIGR00405.nex	0h:0m:28s (0h:0m:36s left)
 344 LG+I+G4      1098962.272 16.462      GENE_gtdb_PF03874.11.nex+GENE_TIGR01171.nex	0h:0m:28s (0h:0m:36s left)
 345 LG+F+I+G4    1098911.282 17.284      GENE_gtdb_PF00410.14.nex+GENE_TIGR00982.nex	0h:0m:28s (0h:0m:36s left)
 346 LG+F+I+G4    1098919.297 17.284      GENE_TIGR03653.nex+GENE_TIGR03673.nex	0h:0m:29s (0h:0m:36s left)
 347 LG+F+I+G4    1098916.320 17.284      GENE_gtdb_PF04919.7.nex+GENE_TIGR01038.nex	0h:0m:29s (0h:0m:36s left)
 348 LG+I+G4      1098911.107 16.496      GENE_TIGR00307.nex+GENE_TIGR01020.nex	0h:0m:29s (0h:0m:36s left)
 349 LG+I+G4      1098912.200 16.526      GENE_gtdb_PF01092.14.nex+GENE_TIGR01020.nex	0h:0m:29s (0h:0m:36s left)
 350 LG+F+I+G4    1098893.531 17.284      GENE_TIGR00982.nex+GENE_TIGR03673.nex	0h:0m:29s (0h:0m:35s left)
 351 LG+F+I+G4    1098915.819 17.284      GENE_gtdb_PF04919.7.nex+GENE_TIGR01025.nex	0h:0m:29s (0h:0m:35s left)
 352 LG+F+I+G4    1098926.271 17.284      GENE_TIGR01038.nex+GENE_TIGR03665.nex	0h:0m:29s (0h:0m:35s left)
 353 LG+I+G4      1098909.589 17.284      GENE_OG8696.nex+GENE_TIGR01038.nex	0h:0m:29s (0h:0m:35s left)
 354 LG+I+G4      1098910.745 16.540      GENE_TIGR00279.nex+GENE_TIGR03629.nex	0h:0m:29s (0h:0m:35s left)
 355 LG+F+I+G4    1098919.683 17.284      GENE_TIGR01025.nex+GENE_TIGR03665.nex	0h:0m:29s (0h:0m:35s left)
 356 LG+I+G4      1098916.690 17.284      GENE_OG8696.nex+GENE_TIGR01025.nex	0h:0m:29s (0h:0m:35s left)
 357 LG+F+I+G4    1098921.870 17.284      GENE_TIGR01038.nex+GENE_TIGR03653.nex	0h:0m:29s (0h:0m:35s left)
 358 LG+F+I+G4    1098912.029 17.284      GENE_TIGR00982.nex+GENE_TIGR01038.nex	0h:0m:29s (0h:0m:34s left)
 359 LG+F+I+G4    1098900.901 17.284      GENE_gtdb_PF00410.14.nex+GENE_TIGR03673.nex	0h:0m:29s (0h:0m:34s left)
 360 LG+F+I+G4    1098992.018 16.560      GENE_gtdb_PF01280.15.nex+GENE_TIGR00279.nex	0h:0m:29s (0h:0m:34s left)
 361 LG+I+G4      1098908.751 16.540      GENE_TIGR01020.nex+GENE_TIGR01158.nex	0h:0m:29s (0h:0m:34s left)
 362 LG+F+I+G4    1098886.262 15.652      GENE_gtdb_PF01015.13.nex+GENE_OG9906.nex	0h:0m:29s (0h:0m:34s left)
 363 LG+F+I+G4    1098926.312 16.535      GENE_gtdb_PF01280.15.nex+GENE_TIGR03629.nex	0h:0m:29s (0h:0m:34s left)
 364 LG+F+I+G4    1098873.945 17.284      GENE_gtdb_PF04919.7.nex+GENE_TIGR01046.nex	0h:0m:29s (0h:0m:34s left)
 365 LG+F+I+G4    1098911.560 17.284      GENE_TIGR01025.nex+GENE_TIGR03653.nex	0h:0m:30s (0h:0m:34s left)
 366 LG+I+G4      1098933.104 16.498      GENE_gtdb_PF01157.13.nex+GENE_TIGR01020.nex	0h:0m:30s (0h:0m:34s left)
 367 LG+F+I+G4    1098899.485 16.465      GENE_gtdb_PF00827.12.nex+GENE_TIGR00307.nex	0h:0m:30s (0h:0m:33s left)
 368 LG+F+I+G4    1098883.136 17.284      GENE_TIGR00982.nex+GENE_TIGR01025.nex	0h:0m:30s (0h:0m:33s left)
 369 LG+F+I+G4    1098931.192 17.284      GENE_gtdb_PF01200.13.nex+GENE_TIGR01028.nex	0h:0m:30s (0h:0m:33s left)
 370 LG+I+G4      1098917.764 16.491      GENE_TIGR01020.nex+GENE_TIGR03636.nex	0h:0m:30s (0h:0m:33s left)
 371 LG+F+I+G4    1098942.043 17.284      GENE_gtdb_PF01200.13.nex+GENE_TIGR01012.nex	0h:0m:30s (0h:0m:33s left)
 372 LG+F+I+G4    1098914.259 17.284      GENE_TIGR01046.nex+GENE_TIGR03665.nex	0h:0m:30s (0h:0m:33s left)
 373 LG+F+I+G4    1098908.054 16.496      GENE_gtdb_PF00827.12.nex+GENE_gtdb_PF01092.14.nex	0h:0m:30s (0h:0m:33s left)
 374 LG+I+G4      1098966.972 16.498      GENE_gtdb_PF03874.11.nex+GENE_TIGR01020.nex	0h:0m:30s (0h:0m:33s left)
 375 LG+F+I+G4    1098933.480 16.485      GENE_TIGR00405.nex+GENE_TIGR03629.nex	0h:0m:30s (0h:0m:32s left)
 376 LG+I+G4      1098912.122 17.284      GENE_OG8696.nex+GENE_TIGR01046.nex	0h:0m:30s (0h:0m:32s left)
 377 LG+F+I+G4    1098967.112 12.137      GENE_gtdb_PF01090.14.nex+GENE_TIGR00522.nex	0h:0m:30s (0h:0m:32s left)
 378 LG+F+I+G4    1098888.409 17.284      GENE_gtdb_PF00410.14.nex+GENE_TIGR01038.nex	0h:0m:30s (0h:0m:32s left)
 379 LG+F+I+G4    1098912.896 17.284      GENE_gtdb_PF00410.14.nex+GENE_TIGR01025.nex	0h:0m:30s (0h:0m:32s left)
 380 LG+F+I+G4    1098879.618 15.598      GENE_OG9906.nex+GENE_TIGR01018.nex	0h:0m:30s (0h:0m:32s left)
 381 LG+F+I+G4    1098886.891 17.284      GENE_TIGR01038.nex+GENE_TIGR03673.nex	0h:0m:31s (0h:0m:32s left)
 382 LG+F+I+G4    1098897.911 15.709      GENE_gtdb_PF01015.13.nex+GENE_TIGR00037.nex	0h:0m:31s (0h:0m:32s left)
 383 LG+F+I+G4    1098875.560 15.723      GENE_OG7638.nex+GENE_TIGR00037.nex	0h:0m:31s (0h:0m:32s left)
 384 LG+F+I+G4    1098914.614 16.467      GENE_gtdb_PF00827.12.nex+GENE_gtdb_PF01157.13.nex	0h:0m:31s (0h:0m:32s left)
 385 LG+F+I+G4    1098901.966 17.284      GENE_TIGR01025.nex+GENE_TIGR03673.nex	0h:0m:31s (0h:0m:32s left)
 386 LG+F+I+G4    1098925.718 17.284      GENE_TIGR00982.nex+GENE_TIGR01046.nex	0h:0m:31s (0h:0m:31s left)
 387 LG+F+I+G4    1098898.238 17.284      GENE_TIGR01046.nex+GENE_TIGR03653.nex	0h:0m:31s (0h:0m:31s left)
 388 LG+I+G4      1098911.264 16.521      GENE_gtdb_PF01092.14.nex+GENE_TIGR03629.nex	0h:0m:31s (0h:0m:31s left)
 389 LG+F+I+G4    1098893.633 17.284      GENE_gtdb_PF00410.14.nex+GENE_TIGR01046.nex	0h:0m:31s (0h:0m:31s left)
 390 LG+F+I+G4    1098918.847 17.284      GENE_gtdb_PF01200.13.nex+GENE_TIGR01008.nex	0h:0m:31s (0h:0m:31s left)
 391 LG+I+G4      1098917.759 16.490      GENE_TIGR00307.nex+GENE_TIGR03629.nex	0h:0m:31s (0h:0m:31s left)
 392 LG+F+I+G4    1098966.742 16.467      GENE_gtdb_PF00827.12.nex+GENE_gtdb_PF03874.11.nex	0h:0m:31s (0h:0m:31s left)
 393 LG+F+I+G4    1098886.193 16.460      GENE_gtdb_PF00827.12.nex+GENE_TIGR03636.nex	0h:0m:31s (0h:0m:31s left)
 394 LG+F+I+G4    1098913.130 17.284      GENE_TIGR01046.nex+GENE_TIGR03673.nex	0h:0m:31s (0h:0m:31s left)
 395 LG+I+G4      1098912.472 17.284      GENE_TIGR01025.nex+GENE_TIGR01038.nex	0h:0m:31s (0h:0m:30s left)
 396 LG+F+I+G4    1098915.660 17.284      GENE_gtdb_PF01200.13.nex+GENE_gtdb_PF04919.7.nex	0h:0m:31s (0h:0m:30s left)
 397 LG+I+G4      1098908.791 16.560      GENE_TIGR00279.nex+GENE_TIGR01158.nex	0h:0m:31s (0h:0m:30s left)
 398 LG+I+G4      1098912.036 16.546      GENE_gtdb_PF01092.14.nex+GENE_TIGR00279.nex	0h:0m:31s (0h:0m:30s left)
 399 LG+F+I+G4    1098910.340 16.460      GENE_TIGR00307.nex+GENE_TIGR00405.nex	0h:0m:32s (0h:0m:30s left)
 400 LG+I+G4      1098908.955 16.535      GENE_TIGR01158.nex+GENE_TIGR03629.nex	0h:0m:32s (0h:0m:30s left)
 401 LG+F+I+G4    1098904.518 16.540      GENE_gtdb_PF01092.14.nex+GENE_gtdb_PF01280.15.nex	0h:0m:32s (0h:0m:30s left)
 402 LG+I+G4      1098925.565 16.492      GENE_gtdb_PF01157.13.nex+GENE_TIGR03629.nex	0h:0m:32s (0h:0m:30s left)
 403 LG+F+I+G4    1098932.498 17.284      GENE_gtdb_PF01200.13.nex+GENE_TIGR03665.nex	0h:0m:32s (0h:0m:30s left)
 404 LG+F+I+G4    1098878.376 16.491      GENE_gtdb_PF01092.14.nex+GENE_TIGR00405.nex	0h:0m:32s (0h:0m:30s left)
 405 LG+I+G4      1098940.905 17.284      GENE_gtdb_PF01200.13.nex+GENE_OG8696.nex	0h:0m:32s (0h:0m:30s left)
 406 LG+I+G4      1098935.300 12.164      GENE_gtdb_PF01090.14.nex+GENE_TIGR00335.nex	0h:0m:32s (0h:0m:29s left)
 407 LG+I+G4      1098910.998 17.284      GENE_TIGR01038.nex+GENE_TIGR01046.nex	0h:0m:32s (0h:0m:29s left)
 408 LG+I+G4      1098915.296 17.284      GENE_TIGR01025.nex+GENE_TIGR01046.nex	0h:0m:32s (0h:0m:29s left)
 409 LG+F+I+G4    1098877.831 16.485      GENE_TIGR03629.nex+GENE_TIGR03636.nex	0h:0m:32s (0h:0m:29s left)
 410 LG+F+I+G4    1098919.667 17.284      GENE_gtdb_PF01200.13.nex+GENE_TIGR00982.nex	0h:0m:32s (0h:0m:29s left)
 411 LG+F+I+G4    1098951.847 16.554      GENE_gtdb_PF01280.15.nex+GENE_TIGR01158.nex	0h:0m:32s (0h:0m:29s left)
 412 LG+F+I+G4    1098932.262 15.233      GENE_gtdb_PF04104.9.nex+GENE_TIGR00293.nex	0h:0m:32s (0h:0m:29s left)
 413 LG+F+I+G4    1098890.884 16.462      GENE_gtdb_PF01157.13.nex+GENE_TIGR00405.nex	0h:0m:32s (0h:0m:29s left)
 414 LG+F+I+G4    1098923.656 16.492      GENE_gtdb_PF03874.11.nex+GENE_TIGR03629.nex	0h:0m:32s (0h:0m:29s left)
 415 LG+F+I+G4    1098893.353 16.455      GENE_TIGR00405.nex+GENE_TIGR03636.nex	0h:0m:32s (0h:0m:29s left)
 416 LG+F+I+G4    1098931.086 17.284      GENE_gtdb_PF01200.13.nex+GENE_TIGR03653.nex	0h:0m:32s (0h:0m:28s left)
 417 LG+F+I+G4    1098896.058 16.496      GENE_gtdb_PF01092.14.nex+GENE_TIGR00307.nex	0h:0m:33s (0h:0m:28s left)
 418 LG+F+I+G4    1098887.679 17.284      GENE_gtdb_PF01200.13.nex+GENE_TIGR03673.nex	0h:0m:33s (0h:0m:28s left)
 419 LG+F+I+G4    1098909.120 16.462      GENE_gtdb_PF03874.11.nex+GENE_TIGR00405.nex	0h:0m:33s (0h:0m:28s left)
 420 LG+F+I+G4    1098915.103 17.284      GENE_gtdb_PF00410.14.nex+GENE_gtdb_PF01200.13.nex	0h:0m:33s (0h:0m:28s left)
 421 LG+I+G4      1099015.508 16.060      GENE_gtdb_PF01655.13.nex+GENE_TIGR02338.nex	0h:0m:33s (0h:0m:28s left)
 422 LG+F+I+G4    1098907.871 16.467      GENE_gtdb_PF01157.13.nex+GENE_TIGR00307.nex	0h:0m:33s (0h:0m:28s left)
 423 LG+F+I+G4    1098914.109 17.284      GENE_gtdb_PF01200.13.nex+GENE_TIGR01038.nex	0h:0m:33s (0h:0m:28s left)
 424 LG+I+G4      1098894.643 14.130      GENE_TIGR03627.nex+GENE_TIGR03628.nex	0h:0m:33s (0h:0m:28s left)
 425 LG+F+I+G4    1098910.337 15.240      GENE_gtdb_PF04104.9.nex+GENE_gtdb_PF13656.1.nex	0h:0m:33s (0h:0m:28s left)
 426 LG+F+I+G4    1098909.834 16.498      GENE_gtdb_PF01092.14.nex+GENE_gtdb_PF01157.13.nex	0h:0m:33s (0h:0m:28s left)
 427 LG+F+I+G4    1098893.741 16.460      GENE_TIGR00307.nex+GENE_TIGR03636.nex	0h:0m:33s (0h:0m:27s left)
 428 LG+I+G4      1098909.723 16.540      GENE_gtdb_PF01092.14.nex+GENE_TIGR01158.nex	0h:0m:33s (0h:0m:27s left)
 429 LG+F+I+G4    1098944.424 16.467      GENE_gtdb_PF03874.11.nex+GENE_TIGR00307.nex	0h:0m:33s (0h:0m:27s left)
 430 LG+F+I+G4    1098909.507 16.498      GENE_gtdb_PF01092.14.nex+GENE_gtdb_PF03874.11.nex	0h:0m:33s (0h:0m:27s left)
 431 LG+F+I+G4    1098915.001 16.469      GENE_gtdb_PF01157.13.nex+GENE_gtdb_PF03874.11.nex	0h:0m:33s (0h:0m:27s left)
 432 LG+F+G4      1098931.269 15.238      GENE_gtdb_PF13656.1.nex+GENE_TIGR00293.nex	0h:0m:33s (0h:0m:27s left)
 433 LG+F+I+G4    1098939.124 17.284      GENE_gtdb_PF01200.13.nex+GENE_TIGR01025.nex	0h:0m:33s (0h:0m:27s left)
 434 LG+F+I+G4    1098885.501 16.462      GENE_gtdb_PF03874.11.nex+GENE_TIGR03636.nex	0h:0m:33s (0h:0m:27s left)
 435 LG+F+I+G4    1098933.394 17.284      GENE_gtdb_PF01200.13.nex+GENE_TIGR01046.nex	0h:0m:34s (0h:0m:27s left)
 436 LG+F+I+G4    1098895.964 16.462      GENE_gtdb_PF01157.13.nex+GENE_TIGR03636.nex	0h:0m:34s (0h:0m:26s left)
 437 LG+F+I+G4    1098860.815 16.491      GENE_gtdb_PF01092.14.nex+GENE_TIGR03636.nex	0h:0m:34s (0h:0m:26s left)
25 compatible better partition pairs found
Merging GENE_gtdb_PF00410.14.nex+GENE_TIGR03653.nex with AIC score: 1098842.837 (LnL: -548158.418  df: 1263)
Merging GENE_gtdb_PF07541.7.nex+GENE_TIGR00291.nex with AIC score: 1098777.684 (LnL: -548146.842  df: 1242)
Merging GENE_TIGR03636.nex+GENE_TIGR03680.nex with AIC score: 1098714.142 (LnL: -548136.071  df: 1221)
Merging GENE_gtdb_PF04919.7.nex+GENE_TIGR00491.nex with AIC score: 1098662.028 (LnL: -548131.014  df: 1200)
Merging GENE_arCOG01228.nex+GENE_TIGR01018.nex with AIC score: 1098612.536 (LnL: -548108.268  df: 1198)
Merging GENE_TIGR03665.nex+GENE_TIGR03676.nex with AIC score: 1098565.985 (LnL: -548105.993  df: 1177)
Merging GENE_OG7638.nex+GENE_TIGR00037.nex with AIC score: 1098529.167 (LnL: -548089.583  df: 1175)
Merging GENE_gtdb_PF00827.12.nex+GENE_TIGR01171.nex with AIC score: 1098492.718 (LnL: -548092.359  df: 1154)
Merging GENE_gtdb_PF01092.14.nex+GENE_TIGR00405.nex with AIC score: 1098458.715 (LnL: -548077.358  df: 1152)
Merging GENE_gtdb_PF01000.21.nex+GENE_TIGR03670.nex with AIC score: 1098425.048 (LnL: -548081.524  df: 1131)
Merging GENE_gtdb_PF00900.15.nex+GENE_gtdb_PF01015.13.nex with AIC score: 1098392.546 (LnL: -548085.273  df: 1111)
Merging GENE_gtdb_PF01798.13.nex+GENE_OG9906.nex with AIC score: 1098360.675 (LnL: -548090.338  df: 1090)
Merging GENE_TIGR00982.nex+GENE_TIGR01025.nex with AIC score: 1098331.432 (LnL: -548077.716  df: 1088)
Merging GENE_TIGR01008.nex+GENE_TIGR01012.nex with AIC score: 1098303.826 (LnL: -548065.913  df: 1086)
Merging GENE_TIGR01038.nex+GENE_TIGR03673.nex with AIC score: 1098278.339 (LnL: -548074.170  df: 1065)
Merging GENE_gtdb_PF01269.12.nex+GENE_TIGR03626.nex with AIC score: 1098260.184 (LnL: -548067.092  df: 1063)
Merging GENE_TIGR03627.nex+GENE_TIGR03628.nex with AIC score: 1098242.449 (LnL: -548060.224  df: 1061)
Merging GENE_TIGR01020.nex+GENE_TIGR02236.nex with AIC score: 1098232.139 (LnL: -548057.069  df: 1059)
Merging GENE_TIGR02397.nex+GENE_TIGR02928.nex with AIC score: 1098222.473 (LnL: -548073.237  df: 1038)
Merging GENE_TIGR01158.nex+GENE_TIGR02065.nex with AIC score: 1098213.660 (LnL: -548070.830  df: 1036)
Merging GENE_arCOG01574.nex+GENE_TIGR03674.nex with AIC score: 1098207.580 (LnL: -548069.790  df: 1034)
Merging GENE_gtdb_PF01157.13.nex+GENE_TIGR00307.nex with AIC score: 1098203.073 (LnL: -548088.537  df: 1013)
Merging GENE_TIGR01028.nex+GENE_TIGR01046.nex with AIC score: 1098200.562 (LnL: -548089.281  df: 1011)
Merging GENE_gtdb_PF04104.9.nex+GENE_gtdb_PF13656.1.nex with AIC score: 1098198.521 (LnL: -548089.260  df: 1010)
Merging GENE_TIGR00279.nex+GENE_TIGR03629.nex with AIC score: 1098196.887 (LnL: -548090.444  df: 1008)
 438 LG+I+G4      17.284      GENE_gtdb_PF01200.13.nex+GENE_OG8696.nex
 439 LG+F+I+G4    16.060      GENE_TIGR02338.nex+GENE_TIGR02390.nex
 440 LG+I+G4      16.060      GENE_gtdb_PF01655.13.nex+GENE_TIGR02338.nex
 441 LG+F+I+G4    16.060      GENE_gtdb_PF01655.13.nex+GENE_TIGR02390.nex
 442 LG+I+G4      16.343      GENE_TIGR00448.nex+GENE_TIGR03722.nex
 443 LG+I+G4      12.164      GENE_gtdb_PF01090.14.nex+GENE_TIGR00335.nex
 444 LG+F+I+G4    15.512      GENE_TIGR00134.nex+GENE_TIGR00308.nex
 445 LG+F+I+G4    15.743      GENE_gtdb_PF00466.15.nex+GENE_TIGR03671.nex
 446 LG+F+I+G4    15.502      GENE_TIGR00308.nex+GENE_TIGR03672.nex
 447 LG+F+I+G4    15.729      GENE_gtdb_PF00466.15.nex+GENE_TIGR00483.nex
 448 LG+F+I+G4    15.504      GENE_TIGR00134.nex+GENE_TIGR03672.nex
 449 LG+F+I+G4    15.733      GENE_TIGR00483.nex+GENE_TIGR03671.nex
 450 LG+F+I+G4    15.698      GENE_TIGR00111.nex+GENE_TIGR00483.nex
 451 LG+F+I+G4    12.136      GENE_TIGR00335.nex+GENE_TIGR00522.nex
 452 LG+F+I+G4    12.137      GENE_gtdb_PF01090.14.nex+GENE_TIGR00522.nex
 453 LG+F+I+G4    15.708      GENE_gtdb_PF00466.15.nex+GENE_TIGR00111.nex
 454 LG+F+I+G4    15.712      GENE_TIGR00111.nex+GENE_TIGR03671.nex
 455 LG+F+I+G4    1098216.343 14.507      GENE_gtdb_PF01984.15.nex+GENE_TIGR01052.nex	0h:0m:34s (0h:0m:24s left)
 456 LG+F+I+G4    1098216.950 15.517      GENE_arCOG01228.nex+GENE_TIGR01018.nex+GENE_TIGR03672.nex	0h:0m:35s (0h:0m:25s left)
 457 LG+F+I+G4    1098273.542 15.524      GENE_arCOG01228.nex+GENE_TIGR00308.nex+GENE_TIGR01018.nex	0h:0m:35s (0h:0m:24s left)
 458 LG+F+I+G4    1098307.174 17.284      GENE_TIGR01038.nex+GENE_TIGR02397.nex+GENE_TIGR02928.nex+GENE_TIGR03673.nex	0h:0m:35s (0h:0m:25s left)
 459 LG+F+I+G4    1098185.385 15.571      GENE_arCOG01228.nex+GENE_arCOG01574.nex+GENE_TIGR01018.nex+GENE_TIGR03674.nex	0h:0m:35s (0h:0m:25s left)
 460 LG+F+I+G4    1098227.914 15.548      GENE_arCOG01574.nex+GENE_TIGR03672.nex+GENE_TIGR03674.nex	0h:0m:35s (0h:0m:25s left)
 461 LG+F+I+G4    1098210.281 17.284      GENE_TIGR01028.nex+GENE_TIGR01038.nex+GENE_TIGR01046.nex+GENE_TIGR03673.nex	0h:0m:36s (0h:0m:25s left)
 462 LG+F+I+G4    1098282.397 17.284      GENE_gtdb_PF07541.7.nex+GENE_TIGR00291.nex+GENE_TIGR01038.nex+GENE_TIGR03673.nex	0h:0m:36s (0h:0m:25s left)
 463 LG+F+I+G4    1098218.293 15.556      GENE_arCOG01574.nex+GENE_TIGR00308.nex+GENE_TIGR03674.nex	0h:0m:36s (0h:0m:25s left)
 464 LG+F+I+G4    1098235.988 15.608      GENE_arCOG01228.nex+GENE_TIGR00111.nex+GENE_TIGR01018.nex	0h:0m:36s (0h:0m:24s left)
 465 LG+F+I+G4    1098231.995 17.284      GENE_gtdb_PF00410.14.nex+GENE_TIGR01038.nex+GENE_TIGR03653.nex+GENE_TIGR03673.nex	0h:0m:36s (0h:0m:25s left)
 466 LG+F+I+G4    1098200.230 15.527      GENE_arCOG01228.nex+GENE_TIGR00134.nex+GENE_TIGR01018.nex	0h:0m:37s (0h:0m:25s left)
 467 LG+F+I+G4    1098333.304 15.596      GENE_gtdb_PF00900.15.nex+GENE_gtdb_PF01015.13.nex+GENE_TIGR00308.nex	0h:0m:37s (0h:0m:25s left)
 468 LG+F+I+G4    1098197.397 15.583      GENE_arCOG01228.nex+GENE_gtdb_PF01798.13.nex+GENE_OG9906.nex+GENE_TIGR01018.nex	0h:0m:37s (0h:0m:25s left)
 469 LG+F+I+G4    1098293.536 15.611      GENE_arCOG01228.nex+GENE_gtdb_PF00900.15.nex+GENE_gtdb_PF01015.13.nex+GENE_TIGR01018.nex	0h:0m:37s (0h:0m:25s left)
 470 LG+F+I+G4    1098198.972 17.284      GENE_TIGR01008.nex+GENE_TIGR01012.nex+GENE_TIGR01038.nex+GENE_TIGR03673.nex	0h:0m:37s (0h:0m:25s left)
 471 LG+F+I+G4    1098214.717 15.670      GENE_arCOG01574.nex+GENE_gtdb_PF00466.15.nex+GENE_TIGR03674.nex	0h:0m:37s (0h:0m:24s left)
 472 LG+F+I+G4    1098220.061 15.661      GENE_arCOG01574.nex+GENE_TIGR00483.nex+GENE_TIGR03674.nex	0h:0m:38s (0h:0m:24s left)
 473 LG+F+I+G4    1098241.106 15.561      GENE_gtdb_PF01798.13.nex+GENE_OG9906.nex+GENE_TIGR03672.nex	0h:0m:38s (0h:0m:24s left)
 474 LG+F+I+G4    1098260.207 17.284      GENE_TIGR01038.nex+GENE_TIGR03665.nex+GENE_TIGR03673.nex+GENE_TIGR03676.nex	0h:0m:38s (0h:0m:24s left)
 475 LG+F+I+G4    1098252.254 17.284      GENE_gtdb_PF04919.7.nex+GENE_TIGR00491.nex+GENE_TIGR01038.nex+GENE_TIGR03673.nex	0h:0m:38s (0h:0m:24s left)
 476 LG+F+I+G4    1098203.202 17.284      GENE_TIGR00982.nex+GENE_TIGR01025.nex+GENE_TIGR01038.nex+GENE_TIGR03673.nex	0h:0m:38s (0h:0m:24s left)
 477 LG+F+I+G4    1098257.620 15.593      GENE_TIGR00111.nex+GENE_TIGR00308.nex	0h:0m:39s (0h:0m:24s left)
 478 LG+F+I+G4    1098199.291 17.284      GENE_OG8696.nex+GENE_TIGR01038.nex+GENE_TIGR03673.nex	0h:0m:39s (0h:0m:24s left)
 479 LG+F+I+G4    1098189.682 17.284      GENE_gtdb_PF01200.13.nex+GENE_TIGR01038.nex+GENE_TIGR03673.nex	0h:0m:39s (0h:0m:24s left)
 480 LG+F+I+G4    1098279.430 15.701      GENE_gtdb_PF00900.15.nex+GENE_gtdb_PF01015.13.nex+GENE_TIGR00483.nex	0h:0m:39s (0h:0m:24s left)
 481 LG+F+I+G4    1098210.399 15.493      GENE_gtdb_PF01269.12.nex+GENE_TIGR03626.nex+GENE_TIGR03672.nex	0h:0m:39s (0h:0m:24s left)
 482 LG+F+I+G4    1098213.586 15.516      GENE_arCOG01228.nex+GENE_gtdb_PF01269.12.nex+GENE_TIGR01018.nex+GENE_TIGR03626.nex	0h:0m:39s (0h:0m:24s left)
 483 LG+F+I+G4    1098260.977 16.525      GENE_gtdb_PF01280.15.nex+GENE_TIGR01020.nex+GENE_TIGR02236.nex	0h:0m:39s (0h:0m:24s left)
 484 LG+I+G4      1098196.490 16.531      GENE_TIGR01020.nex+GENE_TIGR01158.nex+GENE_TIGR02065.nex+GENE_TIGR02236.nex	0h:0m:39s (0h:0m:24s left)
 485 LG+F+I+G4    1098286.178 15.711      GENE_gtdb_PF00466.15.nex+GENE_gtdb_PF00900.15.nex+GENE_gtdb_PF01015.13.nex	0h:0m:39s (0h:0m:24s left)
 486 LG+F+I+G4    1098235.255 16.479      GENE_TIGR01020.nex+GENE_TIGR02236.nex+GENE_TIGR03636.nex+GENE_TIGR03680.nex	0h:0m:39s (0h:0m:24s left)
 487 LG+F+I+G4    1098262.306 15.643      GENE_arCOG01574.nex+GENE_gtdb_PF00900.15.nex+GENE_gtdb_PF01015.13.nex+GENE_TIGR03674.nex	0h:0m:40s (0h:0m:24s left)
 488 LG+F+I+G4    1098221.280 15.568      GENE_gtdb_PF01798.13.nex+GENE_OG9906.nex+GENE_TIGR00308.nex	0h:0m:40s (0h:0m:24s left)
 489 LG+F+I+G4    1098251.183 16.478      GENE_gtdb_PF00827.12.nex+GENE_TIGR01020.nex+GENE_TIGR01171.nex+GENE_TIGR02236.nex	0h:0m:40s (0h:0m:24s left)
 490 LG+F+I+G4    1098214.693 16.508      GENE_gtdb_PF01280.15.nex+GENE_TIGR03636.nex+GENE_TIGR03680.nex	0h:0m:40s (0h:0m:24s left)
 491 LG+F+I+G4    1098332.742 15.673      GENE_gtdb_PF01798.13.nex+GENE_OG9906.nex+GENE_TIGR00483.nex	0h:0m:40s (0h:0m:24s left)
 492 LG+F+I+G4    1098264.504 16.461      GENE_gtdb_PF00827.12.nex+GENE_TIGR01171.nex+GENE_TIGR03636.nex+GENE_TIGR03680.nex	0h:0m:41s (0h:0m:24s left)
 493 LG+F+I+G4    1098218.594 15.640      GENE_arCOG01574.nex+GENE_TIGR00111.nex+GENE_TIGR03674.nex	0h:0m:41s (0h:0m:23s left)
 494 LG+F+I+G4    1098255.325 12.066      GENE_gtdb_PF01866.12.nex+GENE_TIGR00522.nex	0h:0m:41s (0h:0m:24s left)
 495 LG+F+I+G4    1098241.730 15.680      GENE_gtdb_PF00900.15.nex+GENE_gtdb_PF01015.13.nex+GENE_TIGR00111.nex	0h:0m:41s (0h:0m:24s left)
 496 LG+F+I+G4    1098236.155 15.683      GENE_gtdb_PF00466.15.nex+GENE_gtdb_PF01798.13.nex+GENE_OG9906.nex	0h:0m:41s (0h:0m:23s left)
 497 LG+F+I+G4    1098190.781 16.514      GENE_TIGR01158.nex+GENE_TIGR02065.nex+GENE_TIGR03636.nex+GENE_TIGR03680.nex	0h:0m:42s (0h:0m:24s left)
 498 LG+F+I+G4    1098292.726 12.095      GENE_gtdb_PF01090.14.nex+GENE_gtdb_PF01866.12.nex	0h:0m:42s (0h:0m:23s left)
 499 LG+F+I+G4    1098247.177 16.560      GENE_gtdb_PF01280.15.nex+GENE_TIGR01158.nex+GENE_TIGR02065.nex	0h:0m:42s (0h:0m:23s left)
 500 LG+F+I+G4    1098218.278 17.284      GENE_gtdb_PF07541.7.nex+GENE_TIGR00291.nex+GENE_TIGR02397.nex+GENE_TIGR02928.nex	0h:0m:42s (0h:0m:23s left)
 501 LG+F+I+G4    1098225.416 15.500      GENE_gtdb_PF01269.12.nex+GENE_TIGR00308.nex+GENE_TIGR03626.nex	0h:0m:42s (0h:0m:23s left)
 502 LG+F+I+G4    1098168.713 15.558      GENE_arCOG01574.nex+GENE_TIGR00134.nex+GENE_TIGR03674.nex	0h:0m:42s (0h:0m:23s left)
 503 LG+F+I+G4    1098272.826 12.094      GENE_gtdb_PF01866.12.nex+GENE_TIGR00335.nex	0h:0m:42s (0h:0m:23s left)
 504 LG+F+I+G4    1098223.215 16.507      GENE_gtdb_PF00827.12.nex+GENE_gtdb_PF01280.15.nex+GENE_TIGR01171.nex	0h:0m:42s (0h:0m:23s left)
 505 LG+F+I+G4    1098214.806 17.284      GENE_TIGR01028.nex+GENE_TIGR01046.nex+GENE_TIGR02397.nex+GENE_TIGR02928.nex	0h:0m:42s (0h:0m:23s left)
 506 LG+F+I+G4    1098240.761 16.514      GENE_gtdb_PF00827.12.nex+GENE_TIGR01158.nex+GENE_TIGR01171.nex+GENE_TIGR02065.nex	0h:0m:43s (0h:0m:23s left)
 507 LG+F+I+G4    1098210.991 15.236      GENE_gtdb_PF04104.9.nex+GENE_gtdb_PF13656.1.nex+GENE_TIGR00293.nex	0h:0m:43s (0h:0m:23s left)
 508 LG+F+I+G4    1098171.315 15.675      GENE_arCOG01574.nex+GENE_TIGR03671.nex+GENE_TIGR03674.nex	0h:0m:43s (0h:0m:23s left)
 509 LG+I+G4      1098201.656 16.518      GENE_TIGR00279.nex+GENE_TIGR01020.nex+GENE_TIGR02236.nex+GENE_TIGR03629.nex	0h:0m:43s (0h:0m:23s left)
 510 LG+F+I+G4    1098203.769 15.721      GENE_OG7638.nex+GENE_TIGR00037.nex+GENE_TIGR00483.nex	0h:0m:43s (0h:0m:23s left)
 511 LG+F+I+G4    1098198.376 16.419      GENE_TIGR00448.nex+GENE_TIGR01020.nex+GENE_TIGR02236.nex	0h:0m:43s (0h:0m:23s left)
 512 LG+F+I+G4    1098216.071 15.615      GENE_arCOG01574.nex+GENE_gtdb_PF01798.13.nex+GENE_OG9906.nex+GENE_TIGR03674.nex	0h:0m:43s (0h:0m:23s left)
 513 LG+F+I+G4    1098282.623 15.599      GENE_gtdb_PF00900.15.nex+GENE_gtdb_PF01015.13.nex+GENE_TIGR00134.nex	0h:0m:44s (0h:0m:23s left)
 514 LG+I+G4      1098232.443 16.481      GENE_gtdb_PF01157.13.nex+GENE_TIGR00307.nex+GENE_TIGR01020.nex+GENE_TIGR02236.nex	0h:0m:44s (0h:0m:23s left)
 515 LG+F+I+G4    1098201.589 14.929      GENE_gtdb_PF00687.16.nex+GENE_gtdb_PF01000.21.nex+GENE_TIGR03670.nex	0h:0m:44s (0h:0m:22s left)
 516 LG+F+I+G4    1098181.534 14.821      GENE_gtdb_PF00687.16.nex+GENE_TIGR00064.nex	0h:0m:44s (0h:0m:22s left)
 517 LG+F+I+G4    1098241.073 17.284      GENE_gtdb_PF07541.7.nex+GENE_TIGR00291.nex+GENE_TIGR01028.nex+GENE_TIGR01046.nex	0h:0m:44s (0h:0m:22s left)
 518 LG+F+I+G4    1098244.218 16.493      GENE_gtdb_PF01092.14.nex+GENE_TIGR00405.nex+GENE_TIGR01020.nex+GENE_TIGR02236.nex	0h:0m:45s (0h:0m:22s left)
 519 LG+F+I+G4    1098213.433 15.731      GENE_gtdb_PF00466.15.nex+GENE_OG7638.nex+GENE_TIGR00037.nex	0h:0m:45s (0h:0m:22s left)
 520 LG+F+I+G4    1098242.824 17.284      GENE_gtdb_PF00410.14.nex+GENE_TIGR02397.nex+GENE_TIGR02928.nex+GENE_TIGR03653.nex	0h:0m:45s (0h:0m:22s left)
 521 LG+F+I+G4    1098229.421 17.284      GENE_TIGR01008.nex+GENE_TIGR01012.nex+GENE_TIGR02397.nex+GENE_TIGR02928.nex	0h:0m:45s (0h:0m:22s left)
 522 LG+F+I+G4    1098238.432 16.501      GENE_TIGR00279.nex+GENE_TIGR03629.nex+GENE_TIGR03636.nex+GENE_TIGR03680.nex	0h:0m:45s (0h:0m:22s left)
 523 LG+I+G4      1098188.059 16.419      GENE_TIGR01020.nex+GENE_TIGR02236.nex+GENE_TIGR03722.nex	0h:0m:45s (0h:0m:22s left)
 524 LG+F+I+G4    1098185.746 17.284      GENE_gtdb_PF00410.14.nex+GENE_gtdb_PF07541.7.nex+GENE_TIGR00291.nex+GENE_TIGR03653.nex	0h:0m:46s (0h:0m:22s left)
 525 LG+F+I+G4    1098170.140 17.284      GENE_gtdb_PF04919.7.nex+GENE_TIGR00491.nex+GENE_TIGR02397.nex+GENE_TIGR02928.nex	0h:0m:46s (0h:0m:22s left)
 526 LG+F+I+G4    1098160.144 16.403      GENE_TIGR00448.nex+GENE_TIGR03636.nex+GENE_TIGR03680.nex	0h:0m:46s (0h:0m:22s left)
 527 LG+F+I+G4    1098256.536 15.715      GENE_gtdb_PF00900.15.nex+GENE_gtdb_PF01015.13.nex+GENE_TIGR03671.nex	0h:0m:46s (0h:0m:22s left)
 528 LG+F+I+G4    1098206.851 17.284      GENE_OG8696.nex+GENE_TIGR02397.nex+GENE_TIGR02928.nex	0h:0m:46s (0h:0m:22s left)
 529 LG+F+I+G4    1098179.898 16.465      GENE_gtdb_PF01157.13.nex+GENE_TIGR00307.nex+GENE_TIGR03636.nex+GENE_TIGR03680.nex	0h:0m:46s (0h:0m:22s left)
 530 LG+F+I+G4    1098226.536 17.284      GENE_TIGR02397.nex+GENE_TIGR02928.nex+GENE_TIGR03665.nex+GENE_TIGR03676.nex	0h:0m:46s (0h:0m:22s left)
 531 LG+F+I+G4    1098276.807 15.655      GENE_gtdb_PF00900.15.nex+GENE_gtdb_PF01015.13.nex+GENE_gtdb_PF01798.13.nex+GENE_OG9906.nex	0h:0m:46s (0h:0m:22s left)
 532 LG+F+I+G4    1098207.841 17.284      GENE_gtdb_PF00410.14.nex+GENE_TIGR01028.nex+GENE_TIGR01046.nex+GENE_TIGR03653.nex	0h:0m:47s (0h:0m:22s left)
 533 LG+F+I+G4    1098153.783 16.476      GENE_gtdb_PF01092.14.nex+GENE_TIGR00405.nex+GENE_TIGR03636.nex+GENE_TIGR03680.nex	0h:0m:47s (0h:0m:22s left)
 534 LG+F+I+G4    1098173.433 15.547      GENE_arCOG01574.nex+GENE_gtdb_PF01269.12.nex+GENE_TIGR03626.nex+GENE_TIGR03674.nex	0h:0m:48s (0h:0m:22s left)
 535 LG+F+I+G4    1098159.468 17.284      GENE_gtdb_PF04919.7.nex+GENE_gtdb_PF07541.7.nex+GENE_TIGR00291.nex+GENE_TIGR00491.nex	0h:0m:48s (0h:0m:22s left)
 536 LG+F+I+G4    1098198.884 17.284      GENE_gtdb_PF07541.7.nex+GENE_TIGR00291.nex+GENE_TIGR01008.nex+GENE_TIGR01012.nex	0h:0m:48s (0h:0m:22s left)
 537 LG+F+I+G4    1098169.489 15.662      GENE_arCOG01574.nex+GENE_OG7638.nex+GENE_TIGR00037.nex+GENE_TIGR03674.nex	0h:0m:48s (0h:0m:22s left)
 538 LG+F+I+G4    1098289.542 17.284      GENE_TIGR00982.nex+GENE_TIGR01025.nex+GENE_TIGR02397.nex+GENE_TIGR02928.nex	0h:0m:48s (0h:0m:22s left)
 539 LG+F+I+G4    1098171.944 17.284      GENE_gtdb_PF07541.7.nex+GENE_TIGR00291.nex+GENE_TIGR03665.nex+GENE_TIGR03676.nex	0h:0m:49s (0h:0m:22s left)
 540 LG+F+I+G4    1098186.447 17.284      GENE_TIGR01008.nex+GENE_TIGR01012.nex+GENE_TIGR01028.nex+GENE_TIGR01046.nex	0h:0m:49s (0h:0m:21s left)
 541 LG+F+I+G4    1098251.532 16.403      GENE_TIGR03636.nex+GENE_TIGR03680.nex+GENE_TIGR03722.nex	0h:0m:49s (0h:0m:21s left)
 542 LG+F+I+G4    1098171.094 17.284      GENE_gtdb_PF07541.7.nex+GENE_OG8696.nex+GENE_TIGR00291.nex	0h:0m:49s (0h:0m:21s left)
 543 LG+F+I+G4    1098275.734 16.547      GENE_gtdb_PF01280.15.nex+GENE_TIGR00279.nex+GENE_TIGR03629.nex	0h:0m:49s (0h:0m:21s left)
 544 LG+I+G4      1098195.925 17.284      GENE_OG8696.nex+GENE_TIGR01028.nex+GENE_TIGR01046.nex	0h:0m:49s (0h:0m:21s left)
 545 LG+I+G4      1098255.359 16.500      GENE_gtdb_PF00827.12.nex+GENE_TIGR00279.nex+GENE_TIGR01171.nex+GENE_TIGR03629.nex	0h:0m:49s (0h:0m:21s left)
 546 LG+F+I+G4    1098201.545 17.284      GENE_TIGR01028.nex+GENE_TIGR01046.nex+GENE_TIGR03665.nex+GENE_TIGR03676.nex	0h:0m:49s (0h:0m:21s left)
 547 LG+I+G4      1098194.562 16.554      GENE_TIGR00279.nex+GENE_TIGR01158.nex+GENE_TIGR02065.nex+GENE_TIGR03629.nex	0h:0m:49s (0h:0m:21s left)
 548 LG+I+G4      1098256.704 16.482      GENE_gtdb_PF03874.11.nex+GENE_TIGR01020.nex+GENE_TIGR02236.nex	0h:0m:49s (0h:0m:21s left)
 549 LG+F+I+G4    1098198.941 16.510      GENE_gtdb_PF01157.13.nex+GENE_gtdb_PF01280.15.nex+GENE_TIGR00307.nex	0h:0m:50s (0h:0m:21s left)
 550 LG+F+I+G4    1098248.451 15.596      GENE_TIGR00111.nex+GENE_TIGR00134.nex	0h:0m:50s (0h:0m:21s left)
 551 LG+F+I+G4    1098205.630 17.284      GENE_gtdb_PF04919.7.nex+GENE_TIGR00491.nex+GENE_TIGR01028.nex+GENE_TIGR01046.nex	0h:0m:50s (0h:0m:21s left)
 552 LG+F+I+G4    1098197.531 16.402      GENE_gtdb_PF00827.12.nex+GENE_TIGR00448.nex+GENE_TIGR01171.nex	0h:0m:50s (0h:0m:21s left)
 553 LG+F+I+G4    1098203.936 16.522      GENE_gtdb_PF01092.14.nex+GENE_gtdb_PF01280.15.nex+GENE_TIGR00405.nex	0h:0m:50s (0h:0m:20s left)
 554 LG+F+I+G4    1098285.319 17.284      GENE_gtdb_PF07541.7.nex+GENE_TIGR00291.nex+GENE_TIGR00982.nex+GENE_TIGR01025.nex	0h:0m:50s (0h:0m:20s left)
 555 LG+F+I+G4    1098229.631 17.284      GENE_gtdb_PF01200.13.nex+GENE_TIGR02397.nex+GENE_TIGR02928.nex	0h:0m:50s (0h:0m:20s left)
 556 LG+F+I+G4    1098194.284 16.517      GENE_gtdb_PF01157.13.nex+GENE_TIGR00307.nex+GENE_TIGR01158.nex+GENE_TIGR02065.nex	0h:0m:51s (0h:0m:20s left)
 557 LG+F+I+G4    1098226.071 17.284      GENE_TIGR00982.nex+GENE_TIGR01025.nex+GENE_TIGR01028.nex+GENE_TIGR01046.nex	0h:0m:51s (0h:0m:20s left)
 558 LG+F+I+G4    1098199.297 17.284      GENE_gtdb_PF00410.14.nex+GENE_TIGR01008.nex+GENE_TIGR01012.nex+GENE_TIGR03653.nex	0h:0m:51s (0h:0m:20s left)
 559 LG+F+I+G4    1098189.402 17.284      GENE_gtdb_PF00410.14.nex+GENE_gtdb_PF04919.7.nex+GENE_TIGR00491.nex+GENE_TIGR03653.nex	0h:0m:51s (0h:0m:20s left)
 560 LG+F+I+G4    1098188.208 16.529      GENE_gtdb_PF01092.14.nex+GENE_TIGR00405.nex+GENE_TIGR01158.nex+GENE_TIGR02065.nex	0h:0m:51s (0h:0m:20s left)
 561 LG+F+I+G4    1098228.617 16.475      GENE_gtdb_PF00827.12.nex+GENE_gtdb_PF01092.14.nex+GENE_TIGR00405.nex+GENE_TIGR01171.nex	0h:0m:51s (0h:0m:20s left)
 562 LG+F+I+G4    1098196.155 17.284      GENE_gtdb_PF00410.14.nex+GENE_OG8696.nex+GENE_TIGR03653.nex	0h:0m:52s (0h:0m:20s left)
 563 LG+F+I+G4    1098203.493 15.703      GENE_gtdb_PF00900.15.nex+GENE_gtdb_PF01015.13.nex+GENE_OG7638.nex+GENE_TIGR00037.nex	0h:0m:52s (0h:0m:20s left)
 564 LG+F+I+G4    1098203.557 16.465      GENE_gtdb_PF03874.11.nex+GENE_TIGR03636.nex+GENE_TIGR03680.nex	0h:0m:52s (0h:0m:20s left)
 565 LG+F+I+G4    1098198.785 16.464      GENE_gtdb_PF00827.12.nex+GENE_gtdb_PF01157.13.nex+GENE_TIGR00307.nex+GENE_TIGR01171.nex	0h:0m:52s (0h:0m:20s left)
 566 LG+F+I+G4    1098217.662 17.284      GENE_gtdb_PF00410.14.nex+GENE_TIGR03653.nex+GENE_TIGR03665.nex+GENE_TIGR03676.nex	0h:0m:52s (0h:0m:20s left)
 567 LG+F+I+G4    1098210.431 17.284      GENE_gtdb_PF04919.7.nex+GENE_TIGR00491.nex+GENE_TIGR01008.nex+GENE_TIGR01012.nex	0h:0m:53s (0h:0m:20s left)
 568 LG+F+I+G4    1098227.932 16.402      GENE_gtdb_PF00827.12.nex+GENE_TIGR01171.nex+GENE_TIGR03722.nex	0h:0m:53s (0h:0m:19s left)
 569 LG+F+I+G4    1098307.365 14.161      GENE_TIGR00967.nex+GENE_TIGR03627.nex+GENE_TIGR03628.nex	0h:0m:53s (0h:0m:19s left)
 570 LG+F+I+G4    1098213.477 15.653      GENE_gtdb_PF01798.13.nex+GENE_OG9906.nex+GENE_TIGR00111.nex	0h:0m:53s (0h:0m:19s left)
 571 LG+F+I+G4    1098232.954 17.284      GENE_gtdb_PF01200.13.nex+GENE_gtdb_PF07541.7.nex+GENE_TIGR00291.nex	0h:0m:53s (0h:0m:19s left)
 572 LG+F+I+G4    1098190.413 17.284      GENE_OG8696.nex+GENE_TIGR01008.nex+GENE_TIGR01012.nex	0h:0m:53s (0h:0m:19s left)
 573 LG+F+I+G4    1098237.761 17.284      GENE_gtdb_PF00410.14.nex+GENE_TIGR00982.nex+GENE_TIGR01025.nex+GENE_TIGR03653.nex	0h:0m:53s (0h:0m:19s left)
 574 LG+F+I+G4    1098209.411 16.511      GENE_gtdb_PF01280.15.nex+GENE_gtdb_PF03874.11.nex	0h:0m:53s (0h:0m:19s left)
 575 LG+F+I+G4    1098185.451 17.284      GENE_gtdb_PF04919.7.nex+GENE_OG8696.nex+GENE_TIGR00491.nex	0h:0m:54s (0h:0m:19s left)
 576 LG+F+I+G4    1098212.715 17.284      GENE_gtdb_PF01200.13.nex+GENE_TIGR01028.nex+GENE_TIGR01046.nex	0h:0m:54s (0h:0m:19s left)
 577 LG+F+I+G4    1098204.461 17.284      GENE_OG8696.nex+GENE_TIGR03665.nex+GENE_TIGR03676.nex	0h:0m:54s (0h:0m:19s left)
 578 LG+F+I+G4    1098186.724 17.284      GENE_TIGR01008.nex+GENE_TIGR01012.nex+GENE_TIGR03665.nex+GENE_TIGR03676.nex	0h:0m:54s (0h:0m:19s left)
 579 LG+F+I+G4    1098227.642 16.518      GENE_gtdb_PF03874.11.nex+GENE_TIGR01158.nex+GENE_TIGR02065.nex	0h:0m:54s (0h:0m:19s left)
 580 LG+F+I+G4    1098257.669 17.284      GENE_gtdb_PF04919.7.nex+GENE_TIGR00491.nex+GENE_TIGR00982.nex+GENE_TIGR01025.nex	0h:0m:54s (0h:0m:18s left)
 581 LG+F+I+G4    1098285.909 16.465      GENE_gtdb_PF00827.12.nex+GENE_gtdb_PF03874.11.nex+GENE_TIGR01171.nex	0h:0m:54s (0h:0m:18s left)
 582 LG+F+I+G4    1098215.131 17.284      GENE_TIGR00982.nex+GENE_TIGR01008.nex+GENE_TIGR01012.nex+GENE_TIGR01025.nex	0h:0m:54s (0h:0m:18s left)
 583 LG+F+I+G4    1098198.914 17.284      GENE_OG8696.nex+GENE_TIGR00982.nex+GENE_TIGR01025.nex	0h:0m:55s (0h:0m:18s left)
 584 LG+F+I+G4    1098219.272 17.284      GENE_gtdb_PF00410.14.nex+GENE_gtdb_PF01200.13.nex+GENE_TIGR03653.nex	0h:0m:55s (0h:0m:18s left)
 585 LG+F+I+G4    1098222.393 15.571      GENE_gtdb_PF01798.13.nex+GENE_OG9906.nex+GENE_TIGR00134.nex	0h:0m:55s (0h:0m:18s left)
 586 LG+F+I+G4    1098219.831 17.284      GENE_gtdb_PF01200.13.nex+GENE_TIGR01008.nex+GENE_TIGR01012.nex	0h:0m:55s (0h:0m:18s left)
 587 LG+I+G4      1098227.325 16.504      GENE_gtdb_PF01157.13.nex+GENE_TIGR00279.nex+GENE_TIGR00307.nex+GENE_TIGR03629.nex	0h:0m:55s (0h:0m:18s left)
 588 LG+F+I+G4    1098194.720 17.284      GENE_gtdb_PF04919.7.nex+GENE_TIGR00491.nex+GENE_TIGR03665.nex+GENE_TIGR03676.nex	0h:0m:55s (0h:0m:18s left)
 589 LG+F+I+G4    1098204.462 15.700      GENE_OG7638.nex+GENE_TIGR00037.nex+GENE_TIGR00111.nex	0h:0m:56s (0h:0m:18s left)
 590 LG+F+I+G4    1098155.027 16.405      GENE_gtdb_PF01157.13.nex+GENE_TIGR00307.nex+GENE_TIGR00448.nex	0h:0m:56s (0h:0m:18s left)
 591 LG+F+I+G4    1098243.119 17.284      GENE_TIGR00982.nex+GENE_TIGR01025.nex+GENE_TIGR03665.nex+GENE_TIGR03676.nex	0h:0m:56s (0h:0m:18s left)
 592 LG+F+I+G4    1098210.505 15.687      GENE_gtdb_PF01798.13.nex+GENE_OG9906.nex+GENE_TIGR03671.nex	0h:0m:56s (0h:0m:18s left)
 593 LG+F+I+G4    1098211.527 17.284      GENE_gtdb_PF01200.13.nex+GENE_gtdb_PF04919.7.nex+GENE_TIGR00491.nex	0h:0m:56s (0h:0m:17s left)
 594 LG+F+I+G4    1098226.175 17.284      GENE_gtdb_PF01200.13.nex+GENE_TIGR03665.nex+GENE_TIGR03676.nex	0h:0m:56s (0h:0m:17s left)
 595 LG+F+I+G4    1098191.426 16.479      GENE_gtdb_PF01092.14.nex+GENE_gtdb_PF01157.13.nex+GENE_TIGR00307.nex+GENE_TIGR00405.nex	0h:0m:56s (0h:0m:17s left)
 596 LG+F+I+G4    1098236.032 16.516      GENE_gtdb_PF01092.14.nex+GENE_TIGR00279.nex+GENE_TIGR00405.nex+GENE_TIGR03629.nex	0h:0m:56s (0h:0m:17s left)
 597 LG+F+I+G4    1098214.451 17.284      GENE_gtdb_PF01200.13.nex+GENE_TIGR00982.nex+GENE_TIGR01025.nex	0h:0m:56s (0h:0m:17s left)
 598 LG+F+I+G4    1098250.027 16.417      GENE_gtdb_PF01092.14.nex+GENE_TIGR00405.nex+GENE_TIGR03722.nex	0h:0m:57s (0h:0m:17s left)
 599 LG+I+G4      1098243.768 16.505      GENE_gtdb_PF03874.11.nex+GENE_TIGR00279.nex+GENE_TIGR03629.nex	0h:0m:57s (0h:0m:17s left)
 600 LG+F+I+G4    1098201.245 16.406      GENE_gtdb_PF03874.11.nex+GENE_TIGR00448.nex	0h:0m:57s (0h:0m:17s left)
 601 LG+F+I+G4    1098235.399 16.468      GENE_gtdb_PF01157.13.nex+GENE_gtdb_PF03874.11.nex+GENE_TIGR00307.nex	0h:0m:57s (0h:0m:17s left)
 602 LG+F+I+G4    1098151.447 16.417      GENE_gtdb_PF01092.14.nex+GENE_TIGR00405.nex+GENE_TIGR00448.nex	0h:0m:57s (0h:0m:17s left)
 603 LG+F+I+G4    1098192.215 15.735      GENE_OG7638.nex+GENE_TIGR00037.nex+GENE_TIGR03671.nex	0h:0m:57s (0h:0m:17s left)
 604 LG+F+I+G4    1098252.325 15.559      GENE_gtdb_PF01269.12.nex+GENE_gtdb_PF01798.13.nex+GENE_OG9906.nex+GENE_TIGR03626.nex	0h:0m:57s (0h:0m:16s left)
 605 LG+I+G4      1098227.396 16.405      GENE_gtdb_PF01157.13.nex+GENE_TIGR00307.nex+GENE_TIGR03722.nex	0h:0m:57s (0h:0m:16s left)
 606 LG+F+I+G4    1098195.488 16.480      GENE_gtdb_PF01092.14.nex+GENE_gtdb_PF03874.11.nex+GENE_TIGR00405.nex	0h:0m:57s (0h:0m:16s left)
 607 LG+I+G4      1098248.995 16.406      GENE_gtdb_PF03874.11.nex+GENE_TIGR03722.nex	0h:0m:58s (0h:0m:16s left)
 608 LG+F+I+G4    1098208.817 15.675      GENE_gtdb_PF01798.13.nex+GENE_OG7638.nex+GENE_OG9906.nex+GENE_TIGR00037.nex	0h:0m:58s (0h:0m:16s left)
 609 LG+F+I+G4    1098209.819 15.503      GENE_gtdb_PF01269.12.nex+GENE_TIGR00134.nex+GENE_TIGR03626.nex	0h:0m:58s (0h:0m:16s left)
11 compatible better partition pairs found
Merging GENE_gtdb_PF01092.14.nex+GENE_TIGR00405.nex+GENE_TIGR00448.nex with AIC score: 1098151.447 (LnL: -548088.723  df: 987)
Merging GENE_gtdb_PF04919.7.nex+GENE_gtdb_PF07541.7.nex+GENE_TIGR00291.nex+GENE_TIGR00491.nex with AIC score: 1098114.028 (LnL: -548091.014  df: 966)
Merging GENE_arCOG01574.nex+GENE_TIGR00134.nex+GENE_TIGR03674.nex with AIC score: 1098085.854 (LnL: -548097.927  df: 945)
Merging GENE_gtdb_PF01157.13.nex+GENE_TIGR00307.nex+GENE_TIGR03636.nex+GENE_TIGR03680.nex with AIC score: 1098068.865 (LnL: -548110.432  df: 924)
Merging GENE_gtdb_PF00687.16.nex+GENE_TIGR00064.nex with AIC score: 1098053.512 (LnL: -548123.756  df: 903)
Merging GENE_TIGR01008.nex+GENE_TIGR01012.nex+GENE_TIGR01028.nex+GENE_TIGR01046.nex with AIC score: 1098043.072 (LnL: -548120.536  df: 901)
Merging GENE_TIGR01020.nex+GENE_TIGR02236.nex+GENE_TIGR03722.nex with AIC score: 1098034.243 (LnL: -548118.122  df: 899)
Merging GENE_gtdb_PF01200.13.nex+GENE_TIGR01038.nex+GENE_TIGR03673.nex with AIC score: 1098027.038 (LnL: -548134.519  df: 879)
Merging GENE_OG7638.nex+GENE_TIGR00037.nex+GENE_TIGR03671.nex with AIC score: 1098022.366 (LnL: -548153.183  df: 858)
Merging GENE_TIGR00279.nex+GENE_TIGR01158.nex+GENE_TIGR02065.nex+GENE_TIGR03629.nex with AIC score: 1098020.041 (LnL: -548154.020  df: 856)
Merging GENE_gtdb_PF00410.14.nex+GENE_OG8696.nex+GENE_TIGR03653.nex with AIC score: 1098019.308 (LnL: -548155.654  df: 854)
 610 LG+F+I+G4    17.284      GENE_TIGR00982.nex+GENE_TIGR01025.nex+GENE_TIGR03665.nex+GENE_TIGR03676.nex
 611 LG+F+I+G4    17.284      GENE_TIGR00982.nex+GENE_TIGR01025.nex+GENE_TIGR02397.nex+GENE_TIGR02928.nex
 612 LG+F+I+G4    17.284      GENE_TIGR02397.nex+GENE_TIGR02928.nex+GENE_TIGR03665.nex+GENE_TIGR03676.nex
 613 LG+I+G4      16.060      GENE_gtdb_PF01655.13.nex+GENE_TIGR02338.nex
 614 LG+F+I+G4    16.060      GENE_gtdb_PF01655.13.nex+GENE_TIGR02390.nex
 615 LG+F+I+G4    16.060      GENE_TIGR02338.nex+GENE_TIGR02390.nex
 616 LG+I+G4      12.164      GENE_gtdb_PF01090.14.nex+GENE_TIGR00335.nex
 617 LG+F+I+G4    15.493      GENE_gtdb_PF01269.12.nex+GENE_TIGR03626.nex+GENE_TIGR03672.nex
 618 LG+F+I+G4    15.680      GENE_gtdb_PF00900.15.nex+GENE_gtdb_PF01015.13.nex+GENE_TIGR00111.nex
 619 LG+F+I+G4    16.465      GENE_gtdb_PF00827.12.nex+GENE_gtdb_PF03874.11.nex+GENE_TIGR01171.nex
 620 LG+F+I+G4    15.236      GENE_gtdb_PF04104.9.nex+GENE_gtdb_PF13656.1.nex+GENE_TIGR00293.nex
 621 LG+F+I+G4    15.502      GENE_TIGR00308.nex+GENE_TIGR03672.nex
 622 LG+F+I+G4    15.500      GENE_gtdb_PF01269.12.nex+GENE_TIGR00308.nex+GENE_TIGR03626.nex
 623 LG+F+I+G4    15.729      GENE_gtdb_PF00466.15.nex+GENE_TIGR00483.nex
 624 LG+F+I+G4    15.524      GENE_arCOG01228.nex+GENE_TIGR00308.nex+GENE_TIGR01018.nex
 625 LG+F+I+G4    15.701      GENE_gtdb_PF00900.15.nex+GENE_gtdb_PF01015.13.nex+GENE_TIGR00483.nex
 626 LG+F+I+G4    15.698      GENE_TIGR00111.nex+GENE_TIGR00483.nex
 627 LG+F+I+G4    15.517      GENE_arCOG01228.nex+GENE_TIGR01018.nex+GENE_TIGR03672.nex
 628 LG+F+I+G4    15.516      GENE_arCOG01228.nex+GENE_gtdb_PF01269.12.nex+GENE_TIGR01018.nex+GENE_TIGR03626.nex
 629 LG+F+I+G4    15.653      GENE_gtdb_PF01798.13.nex+GENE_OG9906.nex+GENE_TIGR00111.nex
 630 LG+F+I+G4    12.136      GENE_TIGR00335.nex+GENE_TIGR00522.nex
 631 LG+F+I+G4    15.711      GENE_gtdb_PF00466.15.nex+GENE_gtdb_PF00900.15.nex+GENE_gtdb_PF01015.13.nex
 632 LG+F+I+G4    15.655      GENE_gtdb_PF00900.15.nex+GENE_gtdb_PF01015.13.nex+GENE_gtdb_PF01798.13.nex+GENE_OG9906.nex
 633 LG+F+I+G4    12.137      GENE_gtdb_PF01090.14.nex+GENE_TIGR00522.nex
 634 LG+F+I+G4    15.708      GENE_gtdb_PF00466.15.nex+GENE_TIGR00111.nex
 635 LG+F+I+G4    14.161      GENE_TIGR00967.nex+GENE_TIGR03627.nex+GENE_TIGR03628.nex
 636 LG+F+I+G4    14.507      GENE_gtdb_PF01984.15.nex+GENE_TIGR01052.nex
 637 LG+F+I+G4    12.066      GENE_gtdb_PF01866.12.nex+GENE_TIGR00522.nex
 638 LG+F+I+G4    16.511      GENE_gtdb_PF01280.15.nex+GENE_gtdb_PF03874.11.nex
 639 LG+F+I+G4    15.583      GENE_arCOG01228.nex+GENE_gtdb_PF01798.13.nex+GENE_OG9906.nex+GENE_TIGR01018.nex
 640 LG+F+I+G4    15.673      GENE_gtdb_PF01798.13.nex+GENE_OG9906.nex+GENE_TIGR00483.nex
 641 LG+F+I+G4    16.507      GENE_gtdb_PF00827.12.nex+GENE_gtdb_PF01280.15.nex+GENE_TIGR01171.nex
 642 LG+F+I+G4    15.683      GENE_gtdb_PF00466.15.nex+GENE_gtdb_PF01798.13.nex+GENE_OG9906.nex
 643 LG+F+I+G4    15.568      GENE_gtdb_PF01798.13.nex+GENE_OG9906.nex+GENE_TIGR00308.nex
 644 LG+F+I+G4    15.561      GENE_gtdb_PF01798.13.nex+GENE_OG9906.nex+GENE_TIGR03672.nex
 645 LG+F+I+G4    15.559      GENE_gtdb_PF01269.12.nex+GENE_gtdb_PF01798.13.nex+GENE_OG9906.nex+GENE_TIGR03626.nex
 646 LG+F+I+G4    15.608      GENE_arCOG01228.nex+GENE_TIGR00111.nex+GENE_TIGR01018.nex
 647 LG+F+I+G4    12.094      GENE_gtdb_PF01866.12.nex+GENE_TIGR00335.nex
 648 LG+F+I+G4    12.095      GENE_gtdb_PF01090.14.nex+GENE_gtdb_PF01866.12.nex
 649 LG+F+I+G4    15.611      GENE_arCOG01228.nex+GENE_gtdb_PF00900.15.nex+GENE_gtdb_PF01015.13.nex+GENE_TIGR01018.nex
 650 LG+F+I+G4    15.593      GENE_TIGR00111.nex+GENE_TIGR00308.nex
 651 LG+F+I+G4    15.596      GENE_gtdb_PF00900.15.nex+GENE_gtdb_PF01015.13.nex+GENE_TIGR00308.nex
 652 LG+F+I+G4    1098060.817 15.629      GENE_arCOG01228.nex+GENE_TIGR00483.nex+GENE_TIGR01018.nex	0h:0m:59s (0h:0m:11s left)
 653 LG+F+I+G4    1098165.624 15.614      GENE_TIGR00308.nex+GENE_TIGR00483.nex	0h:0m:59s (0h:0m:11s left)
 654 LG+F+I+G4    1098071.669 15.727      GENE_OG7638.nex+GENE_TIGR00037.nex+GENE_TIGR00483.nex+GENE_TIGR03671.nex	0h:0m:59s (0h:0m:11s left)
 655 LG+I+G4      1098024.799 14.014      GENE_TIGR00425.nex+GENE_TIGR03627.nex+GENE_TIGR03628.nex	0h:0m:59s (0h:0m:11s left)
 656 LG+F+I+G4    1098049.851 15.639      GENE_arCOG01228.nex+GENE_gtdb_PF00466.15.nex+GENE_TIGR01018.nex	0h:0m:59s (0h:0m:11s left)
 657 LG+F+I+G4    1098054.526 15.606      GENE_TIGR00483.nex+GENE_TIGR03672.nex	0h:1m:0s (0h:0m:11s left)
 658 LG+F+I+G4    1098003.893 15.637      GENE_arCOG01228.nex+GENE_OG7638.nex+GENE_TIGR00037.nex+GENE_TIGR01018.nex+GENE_TIGR03671.nex	0h:1m:0s (0h:0m:11s left)
 659 LG+F+I+G4    1098083.295 15.616      GENE_gtdb_PF00466.15.nex+GENE_TIGR03672.nex	0h:1m:0s (0h:0m:11s left)
 660 LG+F+I+G4    1098004.837 15.605      GENE_gtdb_PF01269.12.nex+GENE_TIGR00483.nex+GENE_TIGR03626.nex	0h:1m:0s (0h:0m:11s left)
 661 LG+F+I+G4    1098049.103 15.639      GENE_arCOG01574.nex+GENE_TIGR00134.nex+GENE_TIGR00483.nex+GENE_TIGR03674.nex	0h:1m:1s (0h:0m:11s left)
 662 LG+F+I+G4    1098016.923 15.614      GENE_OG7638.nex+GENE_TIGR00037.nex+GENE_TIGR03671.nex+GENE_TIGR03672.nex	0h:1m:1s (0h:0m:10s left)
 663 LG+F+I+G4    1098044.585 15.589      GENE_gtdb_PF00900.15.nex+GENE_gtdb_PF01015.13.nex+GENE_TIGR03672.nex	0h:1m:1s (0h:0m:10s left)
 664 LG+F+I+G4    1098052.446 15.526      GENE_arCOG01574.nex+GENE_TIGR00134.nex+GENE_TIGR03672.nex+GENE_TIGR03674.nex	0h:1m:2s (0h:0m:10s left)
 665 LG+F+I+G4    1098023.215 15.737      GENE_gtdb_PF00466.15.nex+GENE_OG7638.nex+GENE_TIGR00037.nex+GENE_TIGR03671.nex	0h:1m:2s (0h:0m:10s left)
 666 LG+F+I+G4    1098015.201 15.549      GENE_arCOG01228.nex+GENE_arCOG01574.nex+GENE_TIGR00134.nex+GENE_TIGR01018.nex+GENE_TIGR03674.nex	0h:1m:2s (0h:0m:10s left)
 667 LG+F+I+G4    1098101.020 16.487      GENE_gtdb_PF01280.15.nex+GENE_TIGR01020.nex+GENE_TIGR02236.nex+GENE_TIGR03722.nex	0h:1m:2s (0h:0m:10s left)
 668 LG+F+I+G4    1098051.609 15.648      GENE_arCOG01574.nex+GENE_gtdb_PF00466.15.nex+GENE_TIGR00134.nex+GENE_TIGR03674.nex	0h:1m:2s (0h:0m:10s left)
 669 LG+F+I+G4    1098064.014 17.284      GENE_gtdb_PF00410.14.nex+GENE_OG8696.nex+GENE_TIGR02397.nex+GENE_TIGR02928.nex+GENE_TIGR03653.nex	0h:1m:3s (0h:0m:10s left)
 670 LG+F+I+G4    1098152.835 17.284      GENE_gtdb_PF01200.13.nex+GENE_TIGR01038.nex+GENE_TIGR02397.nex+GENE_TIGR02928.nex+GENE_TIGR03673.nex	0h:1m:4s (0h:0m:10s left)
 671 LG+F+I+G4    1098046.123 15.709      GENE_gtdb_PF00900.15.nex+GENE_gtdb_PF01015.13.nex+GENE_OG7638.nex+GENE_TIGR00037.nex+GENE_TIGR03671.nex	0h:1m:4s (0h:0m:10s left)
 672 LG+F+I+G4    1098057.643 17.284      GENE_TIGR01008.nex+GENE_TIGR01012.nex+GENE_TIGR01028.nex+GENE_TIGR01046.nex+GENE_TIGR02397.nex+GENE_TIGR02928.nex	0h:1m:4s (0h:0m:10s left)
 673 LG+F+I+G4    1098081.635 16.440      GENE_gtdb_PF00827.12.nex+GENE_TIGR01020.nex+GENE_TIGR01171.nex+GENE_TIGR02236.nex+GENE_TIGR03722.nex	0h:1m:4s (0h:0m:10s left)
 674 LG+F+I+G4    1097982.608 15.646      GENE_arCOG01574.nex+GENE_OG7638.nex+GENE_TIGR00037.nex+GENE_TIGR00134.nex+GENE_TIGR03671.nex+GENE_TIGR03674.nex	0h:1m:4s (0h:0m:10s left)
 675 LG+F+I+G4    1098085.085 15.623      GENE_gtdb_PF00466.15.nex+GENE_TIGR00308.nex	0h:1m:5s (0h:0m:10s left)
 676 LG+F+I+G4    1098049.085 15.621      GENE_OG7638.nex+GENE_TIGR00037.nex+GENE_TIGR00308.nex+GENE_TIGR03671.nex	0h:1m:5s (0h:0m:10s left)
 677 LG+F+I+G4    1098076.260 15.586      GENE_TIGR00111.nex+GENE_TIGR03672.nex	0h:1m:5s (0h:0m:10s left)
 678 LG+F+I+G4    1098023.842 17.284      GENE_gtdb_PF04919.7.nex+GENE_gtdb_PF07541.7.nex+GENE_TIGR00291.nex+GENE_TIGR00491.nex+GENE_TIGR02397.nex+GENE_TIGR02928.nex	0h:1m:5s (0h:0m:9s left)
 679 LG+F+I+G4    1098097.125 16.418      GENE_gtdb_PF01092.14.nex+GENE_TIGR00405.nex+GENE_TIGR00448.nex+GENE_TIGR01020.nex+GENE_TIGR02236.nex+GENE_TIGR03722.nex	0h:1m:5s (0h:0m:9s left)
 680 LG+I+G4      1098023.834 16.486      GENE_TIGR00279.nex+GENE_TIGR01020.nex+GENE_TIGR01158.nex+GENE_TIGR02065.nex+GENE_TIGR02236.nex+GENE_TIGR03629.nex+GENE_TIGR03722.nex	0h:1m:6s (0h:0m:9s left)
 681 LG+F+I+G4    1098032.605 15.681      GENE_gtdb_PF01798.13.nex+GENE_OG7638.nex+GENE_OG9906.nex+GENE_TIGR00037.nex+GENE_TIGR03671.nex	0h:1m:6s (0h:0m:9s left)
 682 LG+I+G4      1098080.158 16.444      GENE_gtdb_PF03874.11.nex+GENE_TIGR01020.nex+GENE_TIGR02236.nex+GENE_TIGR03722.nex	0h:1m:6s (0h:0m:9s left)
 683 LG+F+I+G4    1098058.820 15.534      GENE_arCOG01574.nex+GENE_TIGR00134.nex+GENE_TIGR00308.nex+GENE_TIGR03674.nex	0h:1m:7s (0h:0m:9s left)
 684 LG+F+I+G4    1098108.298 16.442      GENE_gtdb_PF01157.13.nex+GENE_TIGR00307.nex+GENE_TIGR01020.nex+GENE_TIGR02236.nex+GENE_TIGR03636.nex+GENE_TIGR03680.nex+GENE_TIGR03722.nex	0h:1m:7s (0h:0m:9s left)
 685 LG+F+I+G4    1098039.293 15.615      GENE_gtdb_PF00466.15.nex+GENE_gtdb_PF01269.12.nex+GENE_TIGR03626.nex	0h:1m:7s (0h:0m:9s left)
 686 LG+F+I+G4    1098044.412 15.593      GENE_arCOG01574.nex+GENE_gtdb_PF01798.13.nex+GENE_OG9906.nex+GENE_TIGR00134.nex+GENE_TIGR03674.nex	0h:1m:7s (0h:0m:9s left)
 687 LG+F+I+G4    1098145.364 11.934      GENE_gtdb_PF01866.12.nex+GENE_TIGR01952.nex	0h:1m:7s (0h:0m:9s left)
 688 LG+F+I+G4    1098001.591 14.906      GENE_gtdb_PF00687.16.nex+GENE_gtdb_PF01000.21.nex+GENE_TIGR00064.nex+GENE_TIGR03670.nex	0h:1m:8s (0h:0m:9s left)
 689 LG+F+I+G4    1098123.495 15.621      GENE_arCOG01574.nex+GENE_gtdb_PF00900.15.nex+GENE_gtdb_PF01015.13.nex+GENE_TIGR00134.nex+GENE_TIGR03674.nex	0h:1m:8s (0h:0m:9s left)
 690 LG+F+I+G4    1098012.359 15.613      GENE_gtdb_PF01269.12.nex+GENE_OG7638.nex+GENE_TIGR00037.nex+GENE_TIGR03626.nex+GENE_TIGR03671.nex	0h:1m:9s (0h:0m:9s left)
 691 LG+F+I+G4    1098038.125 17.284      GENE_gtdb_PF00410.14.nex+GENE_OG8696.nex+GENE_TIGR03653.nex+GENE_TIGR03665.nex+GENE_TIGR03676.nex	0h:1m:9s (0h:0m:9s left)
 692 LG+F+I+G4    1098012.246 15.525      GENE_arCOG01574.nex+GENE_gtdb_PF01269.12.nex+GENE_TIGR00134.nex+GENE_TIGR03626.nex+GENE_TIGR03674.nex	0h:1m:9s (0h:0m:8s left)
 693 LG+F+I+G4    1098112.350 16.554      GENE_gtdb_PF01280.15.nex+GENE_TIGR00279.nex+GENE_TIGR01158.nex+GENE_TIGR02065.nex+GENE_TIGR03629.nex	0h:1m:9s (0h:0m:8s left)
 694 LG+F+I+G4    1098016.461 17.284      GENE_gtdb_PF04919.7.nex+GENE_gtdb_PF07541.7.nex+GENE_TIGR00291.nex+GENE_TIGR00491.nex+GENE_TIGR03665.nex+GENE_TIGR03676.nex	0h:1m:10s (0h:0m:8s left)
 695 LG+F+I+G4    1098093.144 15.111      GENE_gtdb_PF01000.21.nex+GENE_TIGR00293.nex+GENE_TIGR03670.nex	0h:1m:10s (0h:0m:8s left)
 696 LG+F+I+G4    1098032.144 16.509      GENE_gtdb_PF01157.13.nex+GENE_gtdb_PF01280.15.nex+GENE_TIGR00307.nex+GENE_TIGR03636.nex+GENE_TIGR03680.nex	0h:1m:10s (0h:0m:8s left)
 697 LG+F+I+G4    1098026.175 15.706      GENE_OG7638.nex+GENE_TIGR00037.nex+GENE_TIGR00111.nex+GENE_TIGR03671.nex	0h:1m:10s (0h:0m:8s left)
 698 LG+F+I+G4    1098031.634 16.485      GENE_gtdb_PF01092.14.nex+GENE_gtdb_PF01280.15.nex+GENE_TIGR00405.nex+GENE_TIGR00448.nex	0h:1m:10s (0h:0m:8s left)
 699 LG+I+G4      1098077.173 16.507      GENE_gtdb_PF00827.12.nex+GENE_TIGR00279.nex+GENE_TIGR01158.nex+GENE_TIGR01171.nex+GENE_TIGR02065.nex+GENE_TIGR03629.nex	0h:1m:11s (0h:0m:8s left)
 700 LG+F+I+G4    1098062.625 16.439      GENE_gtdb_PF00827.12.nex+GENE_gtdb_PF01092.14.nex+GENE_TIGR00405.nex+GENE_TIGR00448.nex+GENE_TIGR01171.nex	0h:1m:11s (0h:0m:8s left)
 701 LG+F+I+G4    1098063.834 15.587      GENE_gtdb_PF00900.15.nex+GENE_gtdb_PF01015.13.nex+GENE_gtdb_PF01269.12.nex+GENE_TIGR03626.nex	0h:1m:11s (0h:0m:8s left)
 702 LG+F+I+G4    1098016.633 17.284      GENE_TIGR01008.nex+GENE_TIGR01012.nex+GENE_TIGR01028.nex+GENE_TIGR01046.nex+GENE_TIGR03665.nex+GENE_TIGR03676.nex	0h:1m:12s (0h:0m:8s left)
 703 LG+F+I+G4    1098046.189 17.284      GENE_gtdb_PF00410.14.nex+GENE_OG8696.nex+GENE_TIGR00982.nex+GENE_TIGR01025.nex+GENE_TIGR03653.nex	0h:1m:12s (0h:0m:8s left)
 704 LG+F+I+G4    1098000.164 17.284      GENE_gtdb_PF00410.14.nex+GENE_gtdb_PF04919.7.nex+GENE_gtdb_PF07541.7.nex+GENE_OG8696.nex+GENE_TIGR00291.nex+GENE_TIGR00491.nex+GENE_TIGR03653.nex	0h:1m:12s (0h:0m:7s left)
 705 LG+F+I+G4    1098013.949 17.284      GENE_gtdb_PF00410.14.nex+GENE_OG8696.nex+GENE_TIGR01008.nex+GENE_TIGR01012.nex+GENE_TIGR01028.nex+GENE_TIGR01046.nex+GENE_TIGR03653.nex	0h:1m:12s (0h:0m:7s left)
 706 LG+F+I+G4    1098050.712 15.618      GENE_arCOG01574.nex+GENE_TIGR00111.nex+GENE_TIGR00134.nex+GENE_TIGR03674.nex	0h:1m:12s (0h:0m:7s left)
 707 LG+F+I+G4    1098078.558 16.462      GENE_gtdb_PF00827.12.nex+GENE_gtdb_PF01157.13.nex+GENE_TIGR00307.nex+GENE_TIGR01171.nex+GENE_TIGR03636.nex+GENE_TIGR03680.nex	0h:1m:13s (0h:0m:7s left)
 708 LG+F+I+G4    1098059.397 17.284      GENE_gtdb_PF00410.14.nex+GENE_gtdb_PF01200.13.nex+GENE_OG8696.nex+GENE_TIGR01038.nex+GENE_TIGR03653.nex+GENE_TIGR03673.nex	0h:1m:13s (0h:0m:7s left)
 709 LG+F+I+G4    1098103.983 17.284      GENE_gtdb_PF01200.13.nex+GENE_TIGR01038.nex+GENE_TIGR03665.nex+GENE_TIGR03673.nex+GENE_TIGR03676.nex	0h:1m:13s (0h:0m:7s left)
 710 LG+F+I+G4    1098062.199 16.509      GENE_gtdb_PF01157.13.nex+GENE_TIGR00279.nex+GENE_TIGR00307.nex+GENE_TIGR01158.nex+GENE_TIGR02065.nex+GENE_TIGR03629.nex+GENE_TIGR03636.nex+GENE_TIGR03680.nex	0h:1m:14s (0h:0m:7s left)
 711 LG+F+I+G4    1098108.959 17.284      GENE_gtdb_PF04919.7.nex+GENE_gtdb_PF07541.7.nex+GENE_TIGR00291.nex+GENE_TIGR00491.nex+GENE_TIGR00982.nex+GENE_TIGR01025.nex	0h:1m:14s (0h:0m:7s left)
 712 LG+F+I+G4    1098046.881 17.284      GENE_TIGR00982.nex+GENE_TIGR01008.nex+GENE_TIGR01012.nex+GENE_TIGR01025.nex+GENE_TIGR01028.nex+GENE_TIGR01046.nex	0h:1m:14s (0h:0m:7s left)
 713 LG+F+I+G4    1098036.036 17.284      GENE_gtdb_PF01200.13.nex+GENE_TIGR00982.nex+GENE_TIGR01025.nex+GENE_TIGR01038.nex+GENE_TIGR03673.nex	0h:1m:14s (0h:0m:7s left)
 714 LG+F+I+G4    1098048.118 16.485      GENE_gtdb_PF01092.14.nex+GENE_TIGR00279.nex+GENE_TIGR00405.nex+GENE_TIGR00448.nex+GENE_TIGR01158.nex+GENE_TIGR02065.nex+GENE_TIGR03629.nex	0h:1m:15s (0h:0m:7s left)
 715 LG+I+G4      1098069.693 16.511      GENE_gtdb_PF03874.11.nex+GENE_TIGR00279.nex+GENE_TIGR01158.nex+GENE_TIGR02065.nex+GENE_TIGR03629.nex	0h:1m:15s (0h:0m:6s left)
 716 LG+F+I+G4    1098046.566 17.284      GENE_gtdb_PF01200.13.nex+GENE_TIGR01008.nex+GENE_TIGR01012.nex+GENE_TIGR01028.nex+GENE_TIGR01038.nex+GENE_TIGR01046.nex+GENE_TIGR03673.nex	0h:1m:15s (0h:0m:6s left)
 717 LG+F+I+G4    1098028.909 16.443      GENE_gtdb_PF01092.14.nex+GENE_gtdb_PF03874.11.nex+GENE_TIGR00405.nex+GENE_TIGR00448.nex	0h:1m:15s (0h:0m:6s left)
 718 LG+F+I+G4    1098041.121 16.467      GENE_gtdb_PF01157.13.nex+GENE_gtdb_PF03874.11.nex+GENE_TIGR00307.nex+GENE_TIGR03636.nex+GENE_TIGR03680.nex	0h:1m:15s (0h:0m:6s left)
 719 LG+F+I+G4    1098131.120 17.284      GENE_gtdb_PF01200.13.nex+GENE_gtdb_PF04919.7.nex+GENE_gtdb_PF07541.7.nex+GENE_TIGR00291.nex+GENE_TIGR00491.nex+GENE_TIGR01038.nex+GENE_TIGR03673.nex	0h:1m:15s (0h:0m:6s left)
 720 LG+F+I+G4    1098019.970 15.365      GENE_gtdb_PF01269.12.nex+GENE_gtdb_PF04104.9.nex+GENE_gtdb_PF13656.1.nex+GENE_TIGR03626.nex	0h:1m:16s (0h:0m:6s left)
 721 LG+F+I+G4    1098070.788 17.284      GENE_gtdb_PF04919.7.nex+GENE_gtdb_PF07541.7.nex+GENE_TIGR00291.nex+GENE_TIGR00491.nex+GENE_TIGR01008.nex+GENE_TIGR01012.nex+GENE_TIGR01028.nex+GENE_TIGR01046.nex	0h:1m:16s (0h:0m:6s left)
 722 LG+F+I+G4    1098056.638 15.584      GENE_gtdb_PF01269.12.nex+GENE_TIGR00111.nex+GENE_TIGR03626.nex	0h:1m:16s (0h:0m:6s left)
 723 LG+F+I+G4    1097982.009 16.441      GENE_gtdb_PF01092.14.nex+GENE_gtdb_PF01157.13.nex+GENE_TIGR00307.nex+GENE_TIGR00405.nex+GENE_TIGR00448.nex+GENE_TIGR03636.nex+GENE_TIGR03680.nex	0h:1m:16s (0h:0m:6s left)
6 compatible better partition pairs found
Merging GENE_gtdb_PF01092.14.nex+GENE_gtdb_PF01157.13.nex+GENE_TIGR00307.nex+GENE_TIGR00405.nex+GENE_TIGR00448.nex+GENE_TIGR03636.nex+GENE_TIGR03680.nex with AIC score: 1097982.009 (LnL: -548158.005  df: 833)
Merging GENE_arCOG01574.nex+GENE_OG7638.nex+GENE_TIGR00037.nex+GENE_TIGR00134.nex+GENE_TIGR03671.nex+GENE_TIGR03674.nex with AIC score: 1097945.309 (LnL: -548160.655  df: 812)
Merging GENE_gtdb_PF00410.14.nex+GENE_gtdb_PF04919.7.nex+GENE_gtdb_PF07541.7.nex+GENE_OG8696.nex+GENE_TIGR00291.nex+GENE_TIGR00491.nex+GENE_TIGR03653.nex with AIC score: 1097926.164 (LnL: -548172.082  df: 791)
Merging GENE_gtdb_PF00687.16.nex+GENE_gtdb_PF01000.21.nex+GENE_TIGR00064.nex+GENE_TIGR03670.nex with AIC score: 1097908.447 (LnL: -548184.224  df: 770)
Merging GENE_gtdb_PF01269.12.nex+GENE_TIGR00483.nex+GENE_TIGR03626.nex with AIC score: 1097893.976 (LnL: -548197.988  df: 749)
Merging GENE_TIGR01008.nex+GENE_TIGR01012.nex+GENE_TIGR01028.nex+GENE_TIGR01046.nex+GENE_TIGR03665.nex+GENE_TIGR03676.nex with AIC score: 1097891.301 (LnL: -548217.650  df: 728)
 724 LG+F+I+G4    17.284      GENE_gtdb_PF01200.13.nex+GENE_TIGR00982.nex+GENE_TIGR01025.nex+GENE_TIGR01038.nex+GENE_TIGR03673.nex
 725 LG+F+I+G4    17.284      GENE_gtdb_PF01200.13.nex+GENE_TIGR01038.nex+GENE_TIGR02397.nex+GENE_TIGR02928.nex+GENE_TIGR03673.nex
 726 LG+F+I+G4    16.060      GENE_TIGR02338.nex+GENE_TIGR02390.nex
 727 LG+I+G4      16.060      GENE_gtdb_PF01655.13.nex+GENE_TIGR02338.nex
 728 LG+F+I+G4    16.060      GENE_gtdb_PF01655.13.nex+GENE_TIGR02390.nex
 729 LG+F+I+G4    17.284      GENE_TIGR00982.nex+GENE_TIGR01025.nex+GENE_TIGR02397.nex+GENE_TIGR02928.nex
 730 LG+F+I+G4    16.554      GENE_gtdb_PF01280.15.nex+GENE_TIGR00279.nex+GENE_TIGR01158.nex+GENE_TIGR02065.nex+GENE_TIGR03629.nex
 731 LG+I+G4      12.164      GENE_gtdb_PF01090.14.nex+GENE_TIGR00335.nex
 732 LG+F+I+G4    15.680      GENE_gtdb_PF00900.15.nex+GENE_gtdb_PF01015.13.nex+GENE_TIGR00111.nex
 733 LG+F+I+G4    16.465      GENE_gtdb_PF00827.12.nex+GENE_gtdb_PF03874.11.nex+GENE_TIGR01171.nex
 734 LG+F+I+G4    15.236      GENE_gtdb_PF04104.9.nex+GENE_gtdb_PF13656.1.nex+GENE_TIGR00293.nex
 735 LG+F+I+G4    15.502      GENE_TIGR00308.nex+GENE_TIGR03672.nex
 736 LG+F+I+G4    15.524      GENE_arCOG01228.nex+GENE_TIGR00308.nex+GENE_TIGR01018.nex
 737 LG+F+I+G4    16.440      GENE_gtdb_PF00827.12.nex+GENE_TIGR01020.nex+GENE_TIGR01171.nex+GENE_TIGR02236.nex+GENE_TIGR03722.nex
 738 LG+F+I+G4    15.517      GENE_arCOG01228.nex+GENE_TIGR01018.nex+GENE_TIGR03672.nex
 739 LG+I+G4      16.444      GENE_gtdb_PF03874.11.nex+GENE_TIGR01020.nex+GENE_TIGR02236.nex+GENE_TIGR03722.nex
 740 LG+F+I+G4    15.653      GENE_gtdb_PF01798.13.nex+GENE_OG9906.nex+GENE_TIGR00111.nex
 741 LG+F+I+G4    12.136      GENE_TIGR00335.nex+GENE_TIGR00522.nex
 742 LG+F+I+G4    15.711      GENE_gtdb_PF00466.15.nex+GENE_gtdb_PF00900.15.nex+GENE_gtdb_PF01015.13.nex
 743 LG+F+I+G4    15.655      GENE_gtdb_PF00900.15.nex+GENE_gtdb_PF01015.13.nex+GENE_gtdb_PF01798.13.nex+GENE_OG9906.nex
 744 LG+F+I+G4    12.137      GENE_gtdb_PF01090.14.nex+GENE_TIGR00522.nex
 745 LG+F+I+G4    15.708      GENE_gtdb_PF00466.15.nex+GENE_TIGR00111.nex
 746 LG+F+I+G4    14.161      GENE_TIGR00967.nex+GENE_TIGR03627.nex+GENE_TIGR03628.nex
 747 LG+F+I+G4    14.507      GENE_gtdb_PF01984.15.nex+GENE_TIGR01052.nex
 748 LG+F+I+G4    12.066      GENE_gtdb_PF01866.12.nex+GENE_TIGR00522.nex
 749 LG+I+G4      16.511      GENE_gtdb_PF03874.11.nex+GENE_TIGR00279.nex+GENE_TIGR01158.nex+GENE_TIGR02065.nex+GENE_TIGR03629.nex
 750 LG+F+I+G4    16.511      GENE_gtdb_PF01280.15.nex+GENE_gtdb_PF03874.11.nex
 751 LG+F+I+G4    15.583      GENE_arCOG01228.nex+GENE_gtdb_PF01798.13.nex+GENE_OG9906.nex+GENE_TIGR01018.nex
 752 LG+I+G4      16.507      GENE_gtdb_PF00827.12.nex+GENE_TIGR00279.nex+GENE_TIGR01158.nex+GENE_TIGR01171.nex+GENE_TIGR02065.nex+GENE_TIGR03629.nex
 753 LG+F+I+G4    16.507      GENE_gtdb_PF00827.12.nex+GENE_gtdb_PF01280.15.nex+GENE_TIGR01171.nex
 754 LG+F+I+G4    15.683      GENE_gtdb_PF00466.15.nex+GENE_gtdb_PF01798.13.nex+GENE_OG9906.nex
 755 LG+F+I+G4    15.568      GENE_gtdb_PF01798.13.nex+GENE_OG9906.nex+GENE_TIGR00308.nex
 756 LG+F+I+G4    15.561      GENE_gtdb_PF01798.13.nex+GENE_OG9906.nex+GENE_TIGR03672.nex
 757 LG+I+G4      16.486      GENE_TIGR00279.nex+GENE_TIGR01020.nex+GENE_TIGR01158.nex+GENE_TIGR02065.nex+GENE_TIGR02236.nex+GENE_TIGR03629.nex+GENE_TIGR03722.nex
 758 LG+F+I+G4    16.487      GENE_gtdb_PF01280.15.nex+GENE_TIGR01020.nex+GENE_TIGR02236.nex+GENE_TIGR03722.nex
 759 LG+F+I+G4    15.608      GENE_arCOG01228.nex+GENE_TIGR00111.nex+GENE_TIGR01018.nex
 760 LG+F+I+G4    12.094      GENE_gtdb_PF01866.12.nex+GENE_TIGR00335.nex
 761 LG+F+I+G4    12.095      GENE_gtdb_PF01090.14.nex+GENE_gtdb_PF01866.12.nex
 762 LG+F+I+G4    15.611      GENE_arCOG01228.nex+GENE_gtdb_PF00900.15.nex+GENE_gtdb_PF01015.13.nex+GENE_TIGR01018.nex
 763 LG+F+I+G4    15.593      GENE_TIGR00111.nex+GENE_TIGR00308.nex
 764 LG+F+I+G4    15.596      GENE_gtdb_PF00900.15.nex+GENE_gtdb_PF01015.13.nex+GENE_TIGR00308.nex
 765 LG+F+I+G4    11.934      GENE_gtdb_PF01866.12.nex+GENE_TIGR01952.nex
 766 LG+F+I+G4    15.586      GENE_TIGR00111.nex+GENE_TIGR03672.nex
 767 LG+F+I+G4    15.589      GENE_gtdb_PF00900.15.nex+GENE_gtdb_PF01015.13.nex+GENE_TIGR03672.nex
 768 LG+F+I+G4    15.639      GENE_arCOG01228.nex+GENE_gtdb_PF00466.15.nex+GENE_TIGR01018.nex
 769 LG+F+I+G4    15.623      GENE_gtdb_PF00466.15.nex+GENE_TIGR00308.nex
 770 LG+I+G4      14.014      GENE_TIGR00425.nex+GENE_TIGR03627.nex+GENE_TIGR03628.nex
 771 LG+F+I+G4    15.616      GENE_gtdb_PF00466.15.nex+GENE_TIGR03672.nex
 772 LG+F+I+G4    1097938.030 15.572      GENE_arCOG01228.nex+GENE_gtdb_PF01269.12.nex+GENE_TIGR00483.nex+GENE_TIGR01018.nex+GENE_TIGR03626.nex	0h:1m:17s (0h:0m:0s left)
 773 LG+F+I+G4    1097933.848 17.284      GENE_TIGR00982.nex+GENE_TIGR01008.nex+GENE_TIGR01012.nex+GENE_TIGR01025.nex+GENE_TIGR01028.nex+GENE_TIGR01046.nex+GENE_TIGR03665.nex+GENE_TIGR03676.nex	0h:1m:17s (0h:0m:0s left)
 774 LG+F+I+G4    1097878.740 15.389      GENE_arCOG01228.nex+GENE_gtdb_PF04104.9.nex+GENE_gtdb_PF13656.1.nex+GENE_TIGR01018.nex	0h:1m:18s (0h:0m:0s left)
 775 LG+F+I+G4    1097957.540 15.384      GENE_arCOG01228.nex+GENE_TIGR00293.nex+GENE_TIGR01018.nex	0h:1m:18s (0h:0m:0s left)
 776 LG+F+I+G4    1097916.069 15.692      GENE_arCOG01574.nex+GENE_gtdb_PF00466.15.nex+GENE_OG7638.nex+GENE_TIGR00037.nex+GENE_TIGR00134.nex+GENE_TIGR03671.nex+GENE_TIGR03674.nex	0h:1m:19s (0h:0m:0s left)
 777 LG+F+I+G4    1097937.267 15.577      GENE_arCOG01574.nex+GENE_OG7638.nex+GENE_TIGR00037.nex+GENE_TIGR00134.nex+GENE_TIGR00308.nex+GENE_TIGR03671.nex+GENE_TIGR03674.nex	0h:1m:19s (0h:0m:0s left)
 778 LG+F+I+G4    1097977.643 15.665      GENE_arCOG01574.nex+GENE_gtdb_PF00900.15.nex+GENE_gtdb_PF01015.13.nex+GENE_OG7638.nex+GENE_TIGR00037.nex+GENE_TIGR00134.nex+GENE_TIGR03671.nex+GENE_TIGR03674.nex	0h:1m:20s (0h:0m:0s left)
 779 LG+F+I+G4    1097980.911 15.369      GENE_TIGR00293.nex+GENE_TIGR00308.nex	0h:1m:20s (0h:0m:0s left)
 780 LG+F+I+G4    1097937.310 17.284      GENE_TIGR01008.nex+GENE_TIGR01012.nex+GENE_TIGR01028.nex+GENE_TIGR01046.nex+GENE_TIGR02397.nex+GENE_TIGR02928.nex+GENE_TIGR03665.nex+GENE_TIGR03676.nex	0h:1m:21s (0h:0m:0s left)
 781 LG+F+I+G4    1098018.567 16.430      GENE_gtdb_PF01092.14.nex+GENE_gtdb_PF01157.13.nex+GENE_TIGR00307.nex+GENE_TIGR00405.nex+GENE_TIGR00448.nex+GENE_TIGR01020.nex+GENE_TIGR02236.nex+GENE_TIGR03636.nex+GENE_TIGR03680.nex+GENE_TIGR03722.nex	0h:1m:21s (0h:0m:0s left)
 782 LG+F+I+G4    1097898.363 15.898      GENE_gtdb_PF00466.15.nex+GENE_TIGR02390.nex	0h:1m:21s (0h:0m:0s left)
 783 LG+F+I+G4    1097890.203 15.593      GENE_arCOG01228.nex+GENE_arCOG01574.nex+GENE_OG7638.nex+GENE_TIGR00037.nex+GENE_TIGR00134.nex+GENE_TIGR01018.nex+GENE_TIGR03671.nex+GENE_TIGR03674.nex	0h:1m:22s (0h:0m:0s left)
 784 LG+F+I+G4    1097904.804 15.898      GENE_gtdb_PF00466.15.nex+GENE_TIGR02338.nex	0h:1m:22s (0h:0m:0s left)
 785 LG+F+I+G4    1097921.397 15.637      GENE_arCOG01574.nex+GENE_gtdb_PF01798.13.nex+GENE_OG7638.nex+GENE_OG9906.nex+GENE_TIGR00037.nex+GENE_TIGR00134.nex+GENE_TIGR03671.nex+GENE_TIGR03674.nex	0h:1m:22s (0h:0m:0s left)
 786 LG+F+I+G4    1097956.157 17.284      GENE_gtdb_PF01200.13.nex+GENE_TIGR01008.nex+GENE_TIGR01012.nex+GENE_TIGR01028.nex+GENE_TIGR01038.nex+GENE_TIGR01046.nex+GENE_TIGR03665.nex+GENE_TIGR03673.nex+GENE_TIGR03676.nex	0h:1m:23s (0h:0m:0s left)
 787 LG+F+I+G4    1097972.882 17.284      GENE_gtdb_PF00410.14.nex+GENE_gtdb_PF04919.7.nex+GENE_gtdb_PF07541.7.nex+GENE_OG8696.nex+GENE_TIGR00291.nex+GENE_TIGR00491.nex+GENE_TIGR00982.nex+GENE_TIGR01025.nex+GENE_TIGR03653.nex	0h:1m:23s (0h:0m:0s left)
 788 LG+F+I+G4    1097994.785 15.557      GENE_gtdb_PF01269.12.nex+GENE_TIGR00308.nex+GENE_TIGR00483.nex+GENE_TIGR03626.nex	0h:1m:23s (0h:0m:0s left)
 789 LG+F+I+G4    1097952.837 15.898      GENE_gtdb_PF00466.15.nex+GENE_gtdb_PF01655.13.nex	0h:1m:23s (0h:0m:0s left)
 790 LG+I+G4      1097943.480 13.414      GENE_TIGR00323.nex+GENE_TIGR02389.nex	0h:1m:24s (0h:0m:0s left)
 791 LG+F+I+G4    1097936.714 17.284      GENE_gtdb_PF00410.14.nex+GENE_gtdb_PF04919.7.nex+GENE_gtdb_PF07541.7.nex+GENE_OG8696.nex+GENE_TIGR00291.nex+GENE_TIGR00491.nex+GENE_TIGR01008.nex+GENE_TIGR01012.nex+GENE_TIGR01028.nex+GENE_TIGR01046.nex+GENE_TIGR03653.nex+GENE_TIGR03665.nex+GENE_TIGR03676.nex	0h:1m:24s (0h:0m:0s left)
 792 LG+F+I+G4    1097925.825 15.672      GENE_gtdb_PF00466.15.nex+GENE_gtdb_PF01269.12.nex+GENE_TIGR00483.nex+GENE_TIGR03626.nex	0h:1m:24s (0h:0m:0s left)
 793 LG+F+I+G4    1097926.171 15.374      GENE_gtdb_PF04104.9.nex+GENE_gtdb_PF13656.1.nex+GENE_TIGR00308.nex	0h:1m:24s (0h:0m:0s left)
 794 LG+I+G4      1097998.438 15.362      GENE_TIGR00293.nex+GENE_TIGR03672.nex	0h:1m:24s (0h:0m:0s left)
 795 LG+F+I+G4    1097969.860 16.450      GENE_gtdb_PF00827.12.nex+GENE_gtdb_PF01092.14.nex+GENE_gtdb_PF01157.13.nex+GENE_TIGR00307.nex+GENE_TIGR00405.nex+GENE_TIGR00448.nex+GENE_TIGR01171.nex+GENE_TIGR03636.nex+GENE_TIGR03680.nex	0h:1m:25s (0h:0m:0s left)
 796 LG+F+I+G4    1097912.826 15.570      GENE_arCOG01574.nex+GENE_OG7638.nex+GENE_TIGR00037.nex+GENE_TIGR00134.nex+GENE_TIGR03671.nex+GENE_TIGR03672.nex+GENE_TIGR03674.nex	0h:1m:25s (0h:0m:0s left)
 797 LG+F+I+G4    1097963.926 15.644      GENE_gtdb_PF00900.15.nex+GENE_gtdb_PF01015.13.nex+GENE_gtdb_PF01269.12.nex+GENE_TIGR00483.nex+GENE_TIGR03626.nex	0h:1m:25s (0h:0m:0s left)
 798 LG+F+I+G4    1097911.822 16.455      GENE_gtdb_PF01092.14.nex+GENE_gtdb_PF01157.13.nex+GENE_gtdb_PF03874.11.nex+GENE_TIGR00307.nex+GENE_TIGR00405.nex+GENE_TIGR00448.nex+GENE_TIGR03636.nex+GENE_TIGR03680.nex	0h:1m:26s (0h:0m:0s left)
 799 LG+F+I+G4    1098047.164 14.045      GENE_TIGR00425.nex+GENE_TIGR00967.nex	0h:1m:26s (0h:0m:0s left)
 800 LG+F+I+G4    1098009.159 15.616      GENE_gtdb_PF01269.12.nex+GENE_gtdb_PF01798.13.nex+GENE_OG9906.nex+GENE_TIGR00483.nex+GENE_TIGR03626.nex	0h:1m:26s (0h:0m:0s left)
 801 LG+F+I+G4    1097914.801 15.662      GENE_arCOG01574.nex+GENE_OG7638.nex+GENE_TIGR00037.nex+GENE_TIGR00111.nex+GENE_TIGR00134.nex+GENE_TIGR03671.nex+GENE_TIGR03674.nex	0h:1m:26s (0h:0m:0s left)
 802 LG+F+I+G4    1097954.634 11.976      GENE_TIGR00522.nex+GENE_TIGR01952.nex	0h:1m:27s (0h:0m:0s left)
 803 LG+F+I+G4    1097909.773 16.497      GENE_gtdb_PF01092.14.nex+GENE_gtdb_PF01157.13.nex+GENE_gtdb_PF01280.15.nex+GENE_TIGR00307.nex+GENE_TIGR00405.nex+GENE_TIGR00448.nex+GENE_TIGR03636.nex+GENE_TIGR03680.nex	0h:1m:27s (0h:0m:0s left)
 804 LG+F+I+G4    1097988.368 12.003      GENE_TIGR00335.nex+GENE_TIGR01952.nex	0h:1m:27s (0h:0m:0s left)
 805 LG+F+I+G4    1097975.314 14.329      GENE_gtdb_PF01984.15.nex+GENE_TIGR00967.nex	0h:1m:28s (0h:0m:0s left)
 806 LG+F+I+G4    1097896.770 15.367      GENE_gtdb_PF04104.9.nex+GENE_gtdb_PF13656.1.nex+GENE_TIGR03672.nex	0h:1m:28s (0h:0m:0s left)
 807 LG+F+I+G4    1097942.064 15.626      GENE_arCOG01574.nex+GENE_gtdb_PF01269.12.nex+GENE_OG7638.nex+GENE_TIGR00037.nex+GENE_TIGR00134.nex+GENE_TIGR00483.nex+GENE_TIGR03626.nex+GENE_TIGR03671.nex+GENE_TIGR03674.nex	0h:1m:28s (0h:0m:0s left)
 808 LG+F+I+G4    1097930.868 16.497      GENE_gtdb_PF01092.14.nex+GENE_gtdb_PF01157.13.nex+GENE_TIGR00279.nex+GENE_TIGR00307.nex+GENE_TIGR00405.nex+GENE_TIGR00448.nex+GENE_TIGR01158.nex+GENE_TIGR02065.nex+GENE_TIGR03629.nex+GENE_TIGR03636.nex+GENE_TIGR03680.nex	0h:1m:28s (0h:0m:0s left)
 809 LG+F+I+G4    1097995.129 17.284      GENE_gtdb_PF00410.14.nex+GENE_gtdb_PF01200.13.nex+GENE_gtdb_PF04919.7.nex+GENE_gtdb_PF07541.7.nex+GENE_OG8696.nex+GENE_TIGR00291.nex+GENE_TIGR00491.nex+GENE_TIGR01038.nex+GENE_TIGR03653.nex+GENE_TIGR03673.nex	0h:1m:28s (0h:0m:0s left)
 810 LG+F+I+G4    1097920.597 15.550      GENE_gtdb_PF01269.12.nex+GENE_TIGR00483.nex+GENE_TIGR03626.nex+GENE_TIGR03672.nex	0h:1m:28s (0h:0m:0s left)
 811 LG+F+I+G4    1097960.583 15.641      GENE_gtdb_PF01269.12.nex+GENE_TIGR00111.nex+GENE_TIGR00483.nex+GENE_TIGR03626.nex	0h:1m:29s (0h:0m:0s left)
 812 LG+F+I+G4    1097920.918 17.284      GENE_gtdb_PF00410.14.nex+GENE_gtdb_PF04919.7.nex+GENE_gtdb_PF07541.7.nex+GENE_OG8696.nex+GENE_TIGR00291.nex+GENE_TIGR00491.nex+GENE_TIGR02397.nex+GENE_TIGR02928.nex+GENE_TIGR03653.nex	0h:1m:29s (0h:0m:0s left)
Merging GENE_arCOG01228.nex+GENE_gtdb_PF04104.9.nex+GENE_gtdb_PF13656.1.nex+GENE_TIGR01018.nex with AIC score: 1097878.740 (LnL: -548232.370  df: 707)
 813 LG+F+I+G4    17.284      GENE_TIGR00982.nex+GENE_TIGR01008.nex+GENE_TIGR01012.nex+GENE_TIGR01025.nex+GENE_TIGR01028.nex+GENE_TIGR01046.nex+GENE_TIGR03665.nex+GENE_TIGR03676.nex
 814 LG+F+I+G4    16.060      GENE_TIGR02338.nex+GENE_TIGR02390.nex
 815 LG+F+I+G4    17.284      GENE_TIGR01008.nex+GENE_TIGR01012.nex+GENE_TIGR01028.nex+GENE_TIGR01046.nex+GENE_TIGR02397.nex+GENE_TIGR02928.nex+GENE_TIGR03665.nex+GENE_TIGR03676.nex
 816 LG+F+I+G4    17.284      GENE_gtdb_PF01200.13.nex+GENE_TIGR01038.nex+GENE_TIGR02397.nex+GENE_TIGR02928.nex+GENE_TIGR03673.nex
 817 LG+I+G4      16.060      GENE_gtdb_PF01655.13.nex+GENE_TIGR02338.nex
 818 LG+F+I+G4    16.060      GENE_gtdb_PF01655.13.nex+GENE_TIGR02390.nex
 819 LG+F+I+G4    17.284      GENE_TIGR00982.nex+GENE_TIGR01025.nex+GENE_TIGR02397.nex+GENE_TIGR02928.nex
 820 LG+F+I+G4    17.284      GENE_gtdb_PF01200.13.nex+GENE_TIGR01008.nex+GENE_TIGR01012.nex+GENE_TIGR01028.nex+GENE_TIGR01038.nex+GENE_TIGR01046.nex+GENE_TIGR03665.nex+GENE_TIGR03673.nex+GENE_TIGR03676.nex
 821 LG+F+I+G4    17.284      GENE_gtdb_PF01200.13.nex+GENE_TIGR00982.nex+GENE_TIGR01025.nex+GENE_TIGR01038.nex+GENE_TIGR03673.nex
 822 LG+F+I+G4    17.284      GENE_gtdb_PF00410.14.nex+GENE_gtdb_PF01200.13.nex+GENE_gtdb_PF04919.7.nex+GENE_gtdb_PF07541.7.nex+GENE_OG8696.nex+GENE_TIGR00291.nex+GENE_TIGR00491.nex+GENE_TIGR01038.nex+GENE_TIGR03653.nex+GENE_TIGR03673.nex
 823 LG+F+I+G4    17.284      GENE_gtdb_PF00410.14.nex+GENE_gtdb_PF04919.7.nex+GENE_gtdb_PF07541.7.nex+GENE_OG8696.nex+GENE_TIGR00291.nex+GENE_TIGR00491.nex+GENE_TIGR02397.nex+GENE_TIGR02928.nex+GENE_TIGR03653.nex
 824 LG+F+I+G4    17.284      GENE_gtdb_PF00410.14.nex+GENE_gtdb_PF04919.7.nex+GENE_gtdb_PF07541.7.nex+GENE_OG8696.nex+GENE_TIGR00291.nex+GENE_TIGR00491.nex+GENE_TIGR01008.nex+GENE_TIGR01012.nex+GENE_TIGR01028.nex+GENE_TIGR01046.nex+GENE_TIGR03653.nex+GENE_TIGR03665.nex+GENE_TIGR03676.nex
 825 LG+F+I+G4    17.284      GENE_gtdb_PF00410.14.nex+GENE_gtdb_PF04919.7.nex+GENE_gtdb_PF07541.7.nex+GENE_OG8696.nex+GENE_TIGR00291.nex+GENE_TIGR00491.nex+GENE_TIGR00982.nex+GENE_TIGR01025.nex+GENE_TIGR03653.nex
 826 LG+F+I+G4    16.554      GENE_gtdb_PF01280.15.nex+GENE_TIGR00279.nex+GENE_TIGR01158.nex+GENE_TIGR02065.nex+GENE_TIGR03629.nex
 827 LG+I+G4      12.164      GENE_gtdb_PF01090.14.nex+GENE_TIGR00335.nex
 828 LG+F+I+G4    15.680      GENE_gtdb_PF00900.15.nex+GENE_gtdb_PF01015.13.nex+GENE_TIGR00111.nex
 829 LG+F+I+G4    16.465      GENE_gtdb_PF00827.12.nex+GENE_gtdb_PF03874.11.nex+GENE_TIGR01171.nex
 830 LG+F+I+G4    15.502      GENE_TIGR00308.nex+GENE_TIGR03672.nex
 831 LG+F+I+G4    15.637      GENE_arCOG01574.nex+GENE_gtdb_PF01798.13.nex+GENE_OG7638.nex+GENE_OG9906.nex+GENE_TIGR00037.nex+GENE_TIGR00134.nex+GENE_TIGR03671.nex+GENE_TIGR03674.nex
 832 LG+F+I+G4    16.450      GENE_gtdb_PF00827.12.nex+GENE_gtdb_PF01092.14.nex+GENE_gtdb_PF01157.13.nex+GENE_TIGR00307.nex+GENE_TIGR00405.nex+GENE_TIGR00448.nex+GENE_TIGR01171.nex+GENE_TIGR03636.nex+GENE_TIGR03680.nex
 833 LG+F+I+G4    16.430      GENE_gtdb_PF01092.14.nex+GENE_gtdb_PF01157.13.nex+GENE_TIGR00307.nex+GENE_TIGR00405.nex+GENE_TIGR00448.nex+GENE_TIGR01020.nex+GENE_TIGR02236.nex+GENE_TIGR03636.nex+GENE_TIGR03680.nex+GENE_TIGR03722.nex
 834 LG+F+I+G4    15.616      GENE_gtdb_PF01269.12.nex+GENE_gtdb_PF01798.13.nex+GENE_OG9906.nex+GENE_TIGR00483.nex+GENE_TIGR03626.nex
 835 LG+F+I+G4    16.455      GENE_gtdb_PF01092.14.nex+GENE_gtdb_PF01157.13.nex+GENE_gtdb_PF03874.11.nex+GENE_TIGR00307.nex+GENE_TIGR00405.nex+GENE_TIGR00448.nex+GENE_TIGR03636.nex+GENE_TIGR03680.nex
 836 LG+F+I+G4    15.662      GENE_arCOG01574.nex+GENE_OG7638.nex+GENE_TIGR00037.nex+GENE_TIGR00111.nex+GENE_TIGR00134.nex+GENE_TIGR03671.nex+GENE_TIGR03674.nex
 837 LG+F+I+G4    15.665      GENE_arCOG01574.nex+GENE_gtdb_PF00900.15.nex+GENE_gtdb_PF01015.13.nex+GENE_OG7638.nex+GENE_TIGR00037.nex+GENE_TIGR00134.nex+GENE_TIGR03671.nex+GENE_TIGR03674.nex
 838 LG+F+I+G4    16.440      GENE_gtdb_PF00827.12.nex+GENE_TIGR01020.nex+GENE_TIGR01171.nex+GENE_TIGR02236.nex+GENE_TIGR03722.nex
 839 LG+F+I+G4    15.626      GENE_arCOG01574.nex+GENE_gtdb_PF01269.12.nex+GENE_OG7638.nex+GENE_TIGR00037.nex+GENE_TIGR00134.nex+GENE_TIGR00483.nex+GENE_TIGR03626.nex+GENE_TIGR03671.nex+GENE_TIGR03674.nex
 840 LG+I+G4      16.444      GENE_gtdb_PF03874.11.nex+GENE_TIGR01020.nex+GENE_TIGR02236.nex+GENE_TIGR03722.nex
 841 LG+F+I+G4    15.653      GENE_gtdb_PF01798.13.nex+GENE_OG9906.nex+GENE_TIGR00111.nex
 842 LG+F+I+G4    12.136      GENE_TIGR00335.nex+GENE_TIGR00522.nex
 843 LG+F+I+G4    15.711      GENE_gtdb_PF00466.15.nex+GENE_gtdb_PF00900.15.nex+GENE_gtdb_PF01015.13.nex
 844 LG+F+I+G4    15.655      GENE_gtdb_PF00900.15.nex+GENE_gtdb_PF01015.13.nex+GENE_gtdb_PF01798.13.nex+GENE_OG9906.nex
 845 LG+F+I+G4    12.137      GENE_gtdb_PF01090.14.nex+GENE_TIGR00522.nex
 846 LG+F+I+G4    15.708      GENE_gtdb_PF00466.15.nex+GENE_TIGR00111.nex
 847 LG+F+I+G4    14.161      GENE_TIGR00967.nex+GENE_TIGR03627.nex+GENE_TIGR03628.nex
 848 LG+F+I+G4    15.641      GENE_gtdb_PF01269.12.nex+GENE_TIGR00111.nex+GENE_TIGR00483.nex+GENE_TIGR03626.nex
 849 LG+F+I+G4    15.644      GENE_gtdb_PF00900.15.nex+GENE_gtdb_PF01015.13.nex+GENE_gtdb_PF01269.12.nex+GENE_TIGR00483.nex+GENE_TIGR03626.nex
 850 LG+F+I+G4    14.507      GENE_gtdb_PF01984.15.nex+GENE_TIGR01052.nex
 851 LG+F+I+G4    12.066      GENE_gtdb_PF01866.12.nex+GENE_TIGR00522.nex
 852 LG+I+G4      16.511      GENE_gtdb_PF03874.11.nex+GENE_TIGR00279.nex+GENE_TIGR01158.nex+GENE_TIGR02065.nex+GENE_TIGR03629.nex
 853 LG+F+I+G4    16.511      GENE_gtdb_PF01280.15.nex+GENE_gtdb_PF03874.11.nex
 854 LG+F+I+G4    15.692      GENE_arCOG01574.nex+GENE_gtdb_PF00466.15.nex+GENE_OG7638.nex+GENE_TIGR00037.nex+GENE_TIGR00134.nex+GENE_TIGR03671.nex+GENE_TIGR03674.nex
 855 LG+I+G4      16.507      GENE_gtdb_PF00827.12.nex+GENE_TIGR00279.nex+GENE_TIGR01158.nex+GENE_TIGR01171.nex+GENE_TIGR02065.nex+GENE_TIGR03629.nex
 856 LG+F+I+G4    16.507      GENE_gtdb_PF00827.12.nex+GENE_gtdb_PF01280.15.nex+GENE_TIGR01171.nex
 857 LG+F+I+G4    15.557      GENE_gtdb_PF01269.12.nex+GENE_TIGR00308.nex+GENE_TIGR00483.nex+GENE_TIGR03626.nex
 858 LG+F+I+G4    15.550      GENE_gtdb_PF01269.12.nex+GENE_TIGR00483.nex+GENE_TIGR03626.nex+GENE_TIGR03672.nex
 859 LG+F+I+G4    15.683      GENE_gtdb_PF00466.15.nex+GENE_gtdb_PF01798.13.nex+GENE_OG9906.nex
 860 LG+F+I+G4    16.497      GENE_gtdb_PF01092.14.nex+GENE_gtdb_PF01157.13.nex+GENE_TIGR00279.nex+GENE_TIGR00307.nex+GENE_TIGR00405.nex+GENE_TIGR00448.nex+GENE_TIGR01158.nex+GENE_TIGR02065.nex+GENE_TIGR03629.nex+GENE_TIGR03636.nex+GENE_TIGR03680.nex
 861 LG+F+I+G4    16.497      GENE_gtdb_PF01092.14.nex+GENE_gtdb_PF01157.13.nex+GENE_gtdb_PF01280.15.nex+GENE_TIGR00307.nex+GENE_TIGR00405.nex+GENE_TIGR00448.nex+GENE_TIGR03636.nex+GENE_TIGR03680.nex
 862 LG+F+I+G4    15.568      GENE_gtdb_PF01798.13.nex+GENE_OG9906.nex+GENE_TIGR00308.nex
 863 LG+F+I+G4    15.561      GENE_gtdb_PF01798.13.nex+GENE_OG9906.nex+GENE_TIGR03672.nex
 864 LG+F+I+G4    15.672      GENE_gtdb_PF00466.15.nex+GENE_gtdb_PF01269.12.nex+GENE_TIGR00483.nex+GENE_TIGR03626.nex
 865 LG+I+G4      16.486      GENE_TIGR00279.nex+GENE_TIGR01020.nex+GENE_TIGR01158.nex+GENE_TIGR02065.nex+GENE_TIGR02236.nex+GENE_TIGR03629.nex+GENE_TIGR03722.nex
 866 LG+F+I+G4    16.487      GENE_gtdb_PF01280.15.nex+GENE_TIGR01020.nex+GENE_TIGR02236.nex+GENE_TIGR03722.nex
 867 LG+F+I+G4    15.577      GENE_arCOG01574.nex+GENE_OG7638.nex+GENE_TIGR00037.nex+GENE_TIGR00134.nex+GENE_TIGR00308.nex+GENE_TIGR03671.nex+GENE_TIGR03674.nex
 868 LG+F+I+G4    12.094      GENE_gtdb_PF01866.12.nex+GENE_TIGR00335.nex
 869 LG+F+I+G4    12.095      GENE_gtdb_PF01090.14.nex+GENE_gtdb_PF01866.12.nex
 870 LG+F+I+G4    15.570      GENE_arCOG01574.nex+GENE_OG7638.nex+GENE_TIGR00037.nex+GENE_TIGR00134.nex+GENE_TIGR03671.nex+GENE_TIGR03672.nex+GENE_TIGR03674.nex
 871 LG+F+I+G4    15.593      GENE_TIGR00111.nex+GENE_TIGR00308.nex
 872 LG+F+I+G4    15.596      GENE_gtdb_PF00900.15.nex+GENE_gtdb_PF01015.13.nex+GENE_TIGR00308.nex
 873 LG+F+I+G4    11.934      GENE_gtdb_PF01866.12.nex+GENE_TIGR01952.nex
 874 LG+F+I+G4    15.586      GENE_TIGR00111.nex+GENE_TIGR03672.nex
 875 LG+F+I+G4    15.589      GENE_gtdb_PF00900.15.nex+GENE_gtdb_PF01015.13.nex+GENE_TIGR03672.nex
 876 LG+F+I+G4    15.623      GENE_gtdb_PF00466.15.nex+GENE_TIGR00308.nex
 877 LG+I+G4      14.014      GENE_TIGR00425.nex+GENE_TIGR03627.nex+GENE_TIGR03628.nex
 878 LG+F+I+G4    15.616      GENE_gtdb_PF00466.15.nex+GENE_TIGR03672.nex
 879 LG+F+I+G4    11.976      GENE_TIGR00522.nex+GENE_TIGR01952.nex
 880 LG+I+G4      15.362      GENE_TIGR00293.nex+GENE_TIGR03672.nex
 881 LG+F+I+G4    14.329      GENE_gtdb_PF01984.15.nex+GENE_TIGR00967.nex
 882 LG+F+I+G4    15.369      GENE_TIGR00293.nex+GENE_TIGR00308.nex
 883 LG+F+I+G4    14.045      GENE_TIGR00425.nex+GENE_TIGR00967.nex
 884 LG+I+G4      13.414      GENE_TIGR00323.nex+GENE_TIGR02389.nex
 885 LG+F+I+G4    12.003      GENE_TIGR00335.nex+GENE_TIGR01952.nex
 886 LG+F+I+G4    15.898      GENE_gtdb_PF00466.15.nex+GENE_TIGR02338.nex
 887 LG+F+I+G4    15.898      GENE_gtdb_PF00466.15.nex+GENE_TIGR02390.nex
 888 LG+F+I+G4    15.898      GENE_gtdb_PF00466.15.nex+GENE_gtdb_PF01655.13.nex
 889 LG+F+I+G4    1097973.985 15.535      GENE_arCOG01228.nex+GENE_gtdb_PF00900.15.nex+GENE_gtdb_PF01015.13.nex+GENE_gtdb_PF04104.9.nex+GENE_gtdb_PF13656.1.nex+GENE_TIGR01018.nex	0h:1m:31s (0h:0m:0s left)
 890 LG+F+I+G4    1097944.111 15.449      GENE_arCOG01228.nex+GENE_gtdb_PF04104.9.nex+GENE_gtdb_PF13656.1.nex+GENE_TIGR00308.nex+GENE_TIGR01018.nex	0h:1m:31s (0h:0m:0s left)
 891 LG+F+I+G4    1097946.337 15.497      GENE_arCOG01228.nex+GENE_gtdb_PF01269.12.nex+GENE_gtdb_PF04104.9.nex+GENE_gtdb_PF13656.1.nex+GENE_TIGR00483.nex+GENE_TIGR01018.nex+GENE_TIGR03626.nex	0h:1m:32s (0h:0m:0s left)
 892 LG+F+I+G4    1097924.219 12.004      GENE_gtdb_PF01090.14.nex+GENE_TIGR01952.nex	0h:1m:32s (0h:0m:0s left)
 893 LG+F+I+G4    1097883.595 15.442      GENE_arCOG01228.nex+GENE_gtdb_PF04104.9.nex+GENE_gtdb_PF13656.1.nex+GENE_TIGR01018.nex+GENE_TIGR03672.nex	0h:1m:33s (0h:0m:0s left)
 894 LG+F+I+G4    1097871.025 15.508      GENE_arCOG01228.nex+GENE_gtdb_PF01798.13.nex+GENE_gtdb_PF04104.9.nex+GENE_gtdb_PF13656.1.nex+GENE_OG9906.nex+GENE_TIGR01018.nex	0h:1m:33s (0h:0m:0s left)
 895 LG+F+I+G4    1097905.364 15.533      GENE_arCOG01228.nex+GENE_gtdb_PF04104.9.nex+GENE_gtdb_PF13656.1.nex+GENE_TIGR00111.nex+GENE_TIGR01018.nex	0h:1m:33s (0h:0m:0s left)
 896 LG+F+I+G4    1097940.271 15.310      GENE_arCOG01228.nex+GENE_gtdb_PF04104.9.nex+GENE_gtdb_PF13656.1.nex+GENE_TIGR00293.nex+GENE_TIGR01018.nex	0h:1m:33s (0h:0m:0s left)
 897 LG+F+I+G4    1097868.192 15.517      GENE_arCOG01228.nex+GENE_arCOG01574.nex+GENE_gtdb_PF04104.9.nex+GENE_gtdb_PF13656.1.nex+GENE_OG7638.nex+GENE_TIGR00037.nex+GENE_TIGR00134.nex+GENE_TIGR01018.nex+GENE_TIGR03671.nex+GENE_TIGR03674.nex	0h:1m:34s (0h:0m:0s left)
 898 LG+F+I+G4    1097955.368 15.067      GENE_gtdb_PF00687.16.nex+GENE_gtdb_PF01000.21.nex+GENE_TIGR00064.nex+GENE_TIGR00293.nex+GENE_TIGR03670.nex	0h:1m:34s (0h:0m:0s left)
Merging GENE_arCOG01228.nex+GENE_arCOG01574.nex+GENE_gtdb_PF04104.9.nex+GENE_gtdb_PF13656.1.nex+GENE_OG7638.nex+GENE_TIGR00037.nex+GENE_TIGR00134.nex+GENE_TIGR01018.nex+GENE_TIGR03671.nex+GENE_TIGR03674.nex with AIC score: 1097868.192 (LnL: -548248.096  df: 686)
 899 LG+F+I+G4    17.284      GENE_gtdb_PF00410.14.nex+GENE_gtdb_PF04919.7.nex+GENE_gtdb_PF07541.7.nex+GENE_OG8696.nex+GENE_TIGR00291.nex+GENE_TIGR00491.nex+GENE_TIGR02397.nex+GENE_TIGR02928.nex+GENE_TIGR03653.nex
 900 LG+F+I+G4    16.060      GENE_TIGR02338.nex+GENE_TIGR02390.nex
 901 LG+F+I+G4    17.284      GENE_TIGR00982.nex+GENE_TIGR01025.nex+GENE_TIGR02397.nex+GENE_TIGR02928.nex
 902 LG+F+I+G4    17.284      GENE_gtdb_PF00410.14.nex+GENE_gtdb_PF04919.7.nex+GENE_gtdb_PF07541.7.nex+GENE_OG8696.nex+GENE_TIGR00291.nex+GENE_TIGR00491.nex+GENE_TIGR00982.nex+GENE_TIGR01025.nex+GENE_TIGR03653.nex
 903 LG+F+I+G4    17.284      GENE_gtdb_PF01200.13.nex+GENE_TIGR00982.nex+GENE_TIGR01025.nex+GENE_TIGR01038.nex+GENE_TIGR03673.nex
 904 LG+F+I+G4    17.284      GENE_gtdb_PF01200.13.nex+GENE_TIGR01008.nex+GENE_TIGR01012.nex+GENE_TIGR01028.nex+GENE_TIGR01038.nex+GENE_TIGR01046.nex+GENE_TIGR03665.nex+GENE_TIGR03673.nex+GENE_TIGR03676.nex
 905 LG+F+I+G4    17.284      GENE_gtdb_PF00410.14.nex+GENE_gtdb_PF04919.7.nex+GENE_gtdb_PF07541.7.nex+GENE_OG8696.nex+GENE_TIGR00291.nex+GENE_TIGR00491.nex+GENE_TIGR01008.nex+GENE_TIGR01012.nex+GENE_TIGR01028.nex+GENE_TIGR01046.nex+GENE_TIGR03653.nex+GENE_TIGR03665.nex+GENE_TIGR03676.nex
 906 LG+I+G4      16.060      GENE_gtdb_PF01655.13.nex+GENE_TIGR02338.nex
 907 LG+F+I+G4    16.060      GENE_gtdb_PF01655.13.nex+GENE_TIGR02390.nex
 908 LG+F+I+G4    17.284      GENE_gtdb_PF01200.13.nex+GENE_TIGR01038.nex+GENE_TIGR02397.nex+GENE_TIGR02928.nex+GENE_TIGR03673.nex
 909 LG+F+I+G4    17.284      GENE_gtdb_PF00410.14.nex+GENE_gtdb_PF01200.13.nex+GENE_gtdb_PF04919.7.nex+GENE_gtdb_PF07541.7.nex+GENE_OG8696.nex+GENE_TIGR00291.nex+GENE_TIGR00491.nex+GENE_TIGR01038.nex+GENE_TIGR03653.nex+GENE_TIGR03673.nex
 910 LG+F+I+G4    17.284      GENE_TIGR01008.nex+GENE_TIGR01012.nex+GENE_TIGR01028.nex+GENE_TIGR01046.nex+GENE_TIGR02397.nex+GENE_TIGR02928.nex+GENE_TIGR03665.nex+GENE_TIGR03676.nex
 911 LG+F+I+G4    17.284      GENE_TIGR00982.nex+GENE_TIGR01008.nex+GENE_TIGR01012.nex+GENE_TIGR01025.nex+GENE_TIGR01028.nex+GENE_TIGR01046.nex+GENE_TIGR03665.nex+GENE_TIGR03676.nex
 912 LG+F+I+G4    16.554      GENE_gtdb_PF01280.15.nex+GENE_TIGR00279.nex+GENE_TIGR01158.nex+GENE_TIGR02065.nex+GENE_TIGR03629.nex
 913 LG+I+G4      12.164      GENE_gtdb_PF01090.14.nex+GENE_TIGR00335.nex
 914 LG+F+I+G4    15.680      GENE_gtdb_PF00900.15.nex+GENE_gtdb_PF01015.13.nex+GENE_TIGR00111.nex
 915 LG+F+I+G4    16.465      GENE_gtdb_PF00827.12.nex+GENE_gtdb_PF03874.11.nex+GENE_TIGR01171.nex
 916 LG+F+I+G4    15.502      GENE_TIGR00308.nex+GENE_TIGR03672.nex
 917 LG+F+I+G4    16.450      GENE_gtdb_PF00827.12.nex+GENE_gtdb_PF01092.14.nex+GENE_gtdb_PF01157.13.nex+GENE_TIGR00307.nex+GENE_TIGR00405.nex+GENE_TIGR00448.nex+GENE_TIGR01171.nex+GENE_TIGR03636.nex+GENE_TIGR03680.nex
 918 LG+F+I+G4    16.430      GENE_gtdb_PF01092.14.nex+GENE_gtdb_PF01157.13.nex+GENE_TIGR00307.nex+GENE_TIGR00405.nex+GENE_TIGR00448.nex+GENE_TIGR01020.nex+GENE_TIGR02236.nex+GENE_TIGR03636.nex+GENE_TIGR03680.nex+GENE_TIGR03722.nex
 919 LG+F+I+G4    15.616      GENE_gtdb_PF01269.12.nex+GENE_gtdb_PF01798.13.nex+GENE_OG9906.nex+GENE_TIGR00483.nex+GENE_TIGR03626.nex
 920 LG+F+I+G4    16.455      GENE_gtdb_PF01092.14.nex+GENE_gtdb_PF01157.13.nex+GENE_gtdb_PF03874.11.nex+GENE_TIGR00307.nex+GENE_TIGR00405.nex+GENE_TIGR00448.nex+GENE_TIGR03636.nex+GENE_TIGR03680.nex
 921 LG+F+I+G4    16.440      GENE_gtdb_PF00827.12.nex+GENE_TIGR01020.nex+GENE_TIGR01171.nex+GENE_TIGR02236.nex+GENE_TIGR03722.nex
 922 LG+I+G4      16.444      GENE_gtdb_PF03874.11.nex+GENE_TIGR01020.nex+GENE_TIGR02236.nex+GENE_TIGR03722.nex
 923 LG+F+I+G4    15.653      GENE_gtdb_PF01798.13.nex+GENE_OG9906.nex+GENE_TIGR00111.nex
 924 LG+F+I+G4    12.136      GENE_TIGR00335.nex+GENE_TIGR00522.nex
 925 LG+F+I+G4    15.711      GENE_gtdb_PF00466.15.nex+GENE_gtdb_PF00900.15.nex+GENE_gtdb_PF01015.13.nex
 926 LG+F+I+G4    15.655      GENE_gtdb_PF00900.15.nex+GENE_gtdb_PF01015.13.nex+GENE_gtdb_PF01798.13.nex+GENE_OG9906.nex
 927 LG+F+I+G4    12.137      GENE_gtdb_PF01090.14.nex+GENE_TIGR00522.nex
 928 LG+F+I+G4    15.708      GENE_gtdb_PF00466.15.nex+GENE_TIGR00111.nex
 929 LG+F+I+G4    14.161      GENE_TIGR00967.nex+GENE_TIGR03627.nex+GENE_TIGR03628.nex
 930 LG+F+I+G4    15.641      GENE_gtdb_PF01269.12.nex+GENE_TIGR00111.nex+GENE_TIGR00483.nex+GENE_TIGR03626.nex
 931 LG+F+I+G4    15.644      GENE_gtdb_PF00900.15.nex+GENE_gtdb_PF01015.13.nex+GENE_gtdb_PF01269.12.nex+GENE_TIGR00483.nex+GENE_TIGR03626.nex
 932 LG+F+I+G4    14.507      GENE_gtdb_PF01984.15.nex+GENE_TIGR01052.nex
 933 LG+F+I+G4    12.066      GENE_gtdb_PF01866.12.nex+GENE_TIGR00522.nex
 934 LG+I+G4      16.511      GENE_gtdb_PF03874.11.nex+GENE_TIGR00279.nex+GENE_TIGR01158.nex+GENE_TIGR02065.nex+GENE_TIGR03629.nex
 935 LG+F+I+G4    16.511      GENE_gtdb_PF01280.15.nex+GENE_gtdb_PF03874.11.nex
 936 LG+I+G4      16.507      GENE_gtdb_PF00827.12.nex+GENE_TIGR00279.nex+GENE_TIGR01158.nex+GENE_TIGR01171.nex+GENE_TIGR02065.nex+GENE_TIGR03629.nex
 937 LG+F+I+G4    16.507      GENE_gtdb_PF00827.12.nex+GENE_gtdb_PF01280.15.nex+GENE_TIGR01171.nex
 938 LG+F+I+G4    15.557      GENE_gtdb_PF01269.12.nex+GENE_TIGR00308.nex+GENE_TIGR00483.nex+GENE_TIGR03626.nex
 939 LG+F+I+G4    15.550      GENE_gtdb_PF01269.12.nex+GENE_TIGR00483.nex+GENE_TIGR03626.nex+GENE_TIGR03672.nex
 940 LG+F+I+G4    15.683      GENE_gtdb_PF00466.15.nex+GENE_gtdb_PF01798.13.nex+GENE_OG9906.nex
 941 LG+F+I+G4    16.497      GENE_gtdb_PF01092.14.nex+GENE_gtdb_PF01157.13.nex+GENE_TIGR00279.nex+GENE_TIGR00307.nex+GENE_TIGR00405.nex+GENE_TIGR00448.nex+GENE_TIGR01158.nex+GENE_TIGR02065.nex+GENE_TIGR03629.nex+GENE_TIGR03636.nex+GENE_TIGR03680.nex
 942 LG+F+I+G4    16.497      GENE_gtdb_PF01092.14.nex+GENE_gtdb_PF01157.13.nex+GENE_gtdb_PF01280.15.nex+GENE_TIGR00307.nex+GENE_TIGR00405.nex+GENE_TIGR00448.nex+GENE_TIGR03636.nex+GENE_TIGR03680.nex
 943 LG+F+I+G4    15.568      GENE_gtdb_PF01798.13.nex+GENE_OG9906.nex+GENE_TIGR00308.nex
 944 LG+F+I+G4    15.561      GENE_gtdb_PF01798.13.nex+GENE_OG9906.nex+GENE_TIGR03672.nex
 945 LG+F+I+G4    15.672      GENE_gtdb_PF00466.15.nex+GENE_gtdb_PF01269.12.nex+GENE_TIGR00483.nex+GENE_TIGR03626.nex
 946 LG+I+G4      16.486      GENE_TIGR00279.nex+GENE_TIGR01020.nex+GENE_TIGR01158.nex+GENE_TIGR02065.nex+GENE_TIGR02236.nex+GENE_TIGR03629.nex+GENE_TIGR03722.nex
 947 LG+F+I+G4    16.487      GENE_gtdb_PF01280.15.nex+GENE_TIGR01020.nex+GENE_TIGR02236.nex+GENE_TIGR03722.nex
 948 LG+F+I+G4    12.094      GENE_gtdb_PF01866.12.nex+GENE_TIGR00335.nex
 949 LG+F+I+G4    12.095      GENE_gtdb_PF01090.14.nex+GENE_gtdb_PF01866.12.nex
 950 LG+F+I+G4    15.593      GENE_TIGR00111.nex+GENE_TIGR00308.nex
 951 LG+F+I+G4    15.596      GENE_gtdb_PF00900.15.nex+GENE_gtdb_PF01015.13.nex+GENE_TIGR00308.nex
 952 LG+F+I+G4    11.934      GENE_gtdb_PF01866.12.nex+GENE_TIGR01952.nex
 953 LG+F+I+G4    15.586      GENE_TIGR00111.nex+GENE_TIGR03672.nex
 954 LG+F+I+G4    15.589      GENE_gtdb_PF00900.15.nex+GENE_gtdb_PF01015.13.nex+GENE_TIGR03672.nex
 955 LG+F+I+G4    15.623      GENE_gtdb_PF00466.15.nex+GENE_TIGR00308.nex
 956 LG+I+G4      14.014      GENE_TIGR00425.nex+GENE_TIGR03627.nex+GENE_TIGR03628.nex
 957 LG+F+I+G4    15.616      GENE_gtdb_PF00466.15.nex+GENE_TIGR03672.nex
 958 LG+F+I+G4    11.976      GENE_TIGR00522.nex+GENE_TIGR01952.nex
 959 LG+I+G4      15.362      GENE_TIGR00293.nex+GENE_TIGR03672.nex
 960 LG+F+I+G4    14.329      GENE_gtdb_PF01984.15.nex+GENE_TIGR00967.nex
 961 LG+F+I+G4    15.369      GENE_TIGR00293.nex+GENE_TIGR00308.nex
 962 LG+F+I+G4    14.045      GENE_TIGR00425.nex+GENE_TIGR00967.nex
 963 LG+I+G4      13.414      GENE_TIGR00323.nex+GENE_TIGR02389.nex
 964 LG+F+I+G4    12.003      GENE_TIGR00335.nex+GENE_TIGR01952.nex
 965 LG+F+I+G4    12.004      GENE_gtdb_PF01090.14.nex+GENE_TIGR01952.nex
 966 LG+F+I+G4    15.898      GENE_gtdb_PF00466.15.nex+GENE_TIGR02338.nex
 967 LG+F+I+G4    15.898      GENE_gtdb_PF00466.15.nex+GENE_TIGR02390.nex
 968 LG+F+I+G4    15.898      GENE_gtdb_PF00466.15.nex+GENE_gtdb_PF01655.13.nex
 969 LG+F+I+G4    15.067      GENE_gtdb_PF00687.16.nex+GENE_gtdb_PF01000.21.nex+GENE_TIGR00064.nex+GENE_TIGR00293.nex+GENE_TIGR03670.nex
 970 LG+F+I+G4    1097955.544 16.239      GENE_TIGR01020.nex+GENE_TIGR02236.nex+GENE_TIGR02338.nex+GENE_TIGR03722.nex	0h:1m:35s (0h:0m:0s left)
 971 LG+F+I+G4    1097925.728 15.513      GENE_arCOG01228.nex+GENE_arCOG01574.nex+GENE_gtdb_PF04104.9.nex+GENE_gtdb_PF13656.1.nex+GENE_OG7638.nex+GENE_TIGR00037.nex+GENE_TIGR00134.nex+GENE_TIGR00308.nex+GENE_TIGR01018.nex+GENE_TIGR03671.nex+GENE_TIGR03674.nex	0h:1m:39s (0h:0m:0s left)
 972 LG+F+I+G4    1097965.022 15.600      GENE_arCOG01228.nex+GENE_arCOG01574.nex+GENE_gtdb_PF00900.15.nex+GENE_gtdb_PF01015.13.nex+GENE_gtdb_PF04104.9.nex+GENE_gtdb_PF13656.1.nex+GENE_OG7638.nex+GENE_TIGR00037.nex+GENE_TIGR00134.nex+GENE_TIGR01018.nex+GENE_TIGR03671.nex+GENE_TIGR03674.nex	0h:1m:39s (0h:0m:0s left)
 973 LG+F+I+G4    1097889.411 15.627      GENE_arCOG01228.nex+GENE_arCOG01574.nex+GENE_gtdb_PF00466.15.nex+GENE_gtdb_PF04104.9.nex+GENE_gtdb_PF13656.1.nex+GENE_OG7638.nex+GENE_TIGR00037.nex+GENE_TIGR00134.nex+GENE_TIGR01018.nex+GENE_TIGR03671.nex+GENE_TIGR03674.nex	0h:1m:40s (0h:0m:0s left)
 974 LG+F+I+G4    1097882.674 15.506      GENE_arCOG01228.nex+GENE_arCOG01574.nex+GENE_gtdb_PF04104.9.nex+GENE_gtdb_PF13656.1.nex+GENE_OG7638.nex+GENE_TIGR00037.nex+GENE_TIGR00134.nex+GENE_TIGR01018.nex+GENE_TIGR03671.nex+GENE_TIGR03672.nex+GENE_TIGR03674.nex	0h:1m:40s (0h:0m:0s left)
 975 LG+I+G4      1097872.388 16.239      GENE_TIGR01020.nex+GENE_TIGR02236.nex+GENE_TIGR02390.nex+GENE_TIGR03722.nex	0h:1m:40s (0h:0m:0s left)
 976 LG+F+I+G4    1097889.647 15.597      GENE_arCOG01228.nex+GENE_arCOG01574.nex+GENE_gtdb_PF04104.9.nex+GENE_gtdb_PF13656.1.nex+GENE_OG7638.nex+GENE_TIGR00037.nex+GENE_TIGR00111.nex+GENE_TIGR00134.nex+GENE_TIGR01018.nex+GENE_TIGR03671.nex+GENE_TIGR03674.nex	0h:1m:40s (0h:0m:0s left)
 977 LG+F+I+G4    1097948.977 15.373      GENE_arCOG01228.nex+GENE_arCOG01574.nex+GENE_gtdb_PF04104.9.nex+GENE_gtdb_PF13656.1.nex+GENE_OG7638.nex+GENE_TIGR00037.nex+GENE_TIGR00134.nex+GENE_TIGR00293.nex+GENE_TIGR01018.nex+GENE_TIGR03671.nex+GENE_TIGR03674.nex	0h:1m:40s (0h:0m:0s left)
 978 LG+F+I+G4    1097939.669 15.561      GENE_arCOG01228.nex+GENE_arCOG01574.nex+GENE_gtdb_PF01269.12.nex+GENE_gtdb_PF04104.9.nex+GENE_gtdb_PF13656.1.nex+GENE_OG7638.nex+GENE_TIGR00037.nex+GENE_TIGR00134.nex+GENE_TIGR00483.nex+GENE_TIGR01018.nex+GENE_TIGR03626.nex+GENE_TIGR03671.nex+GENE_TIGR03674.nex	0h:1m:41s (0h:0m:0s left)
 979 LG+F+I+G4    1097886.798 15.572      GENE_arCOG01228.nex+GENE_arCOG01574.nex+GENE_gtdb_PF01798.13.nex+GENE_gtdb_PF04104.9.nex+GENE_gtdb_PF13656.1.nex+GENE_OG7638.nex+GENE_OG9906.nex+GENE_TIGR00037.nex+GENE_TIGR00134.nex+GENE_TIGR01018.nex+GENE_TIGR03671.nex+GENE_TIGR03674.nex	0h:1m:42s (0h:0m:0s left)
Agglomerative model selection: ((((GENE_arCOG01228.nex,GENE_TIGR01018.nex)5:1.09861e+06,(GENE_gtdb_PF04104.9.nex,GENE_gtdb_PF13656.1.nex)24:1.0982e+06)43:1.09788e+06,(((GENE_arCOG01574.nex,GENE_TIGR03674.nex)21:1.09821e+06,GENE_TIGR00134.nex)28:1.09809e+06,((GENE_OG7638.nex,GENE_TIGR00037.nex)7:1.09853e+06,GENE_TIGR03671.nex)34:1.09802e+06)38:1.09795e+06)44:1.09787e+06,(((GENE_gtdb_PF00410.14.nex,GENE_TIGR03653.nex)1:1.09884e+06,GENE_OG8696.nex)36:1.09802e+06,((GENE_gtdb_PF04919.7.nex,GENE_TIGR00491.nex)4:1.09866e+06,(GENE_gtdb_PF07541.7.nex,GENE_TIGR00291.nex)2:1.09878e+06)27:1.09811e+06)39:1.09793e+06,GENE_gtdb_PF00466.15.nex,((GENE_gtdb_PF00687.16.nex,GENE_TIGR00064.nex)30:1.09805e+06,(GENE_gtdb_PF01000.21.nex,GENE_TIGR03670.nex)10:1.09843e+06)40:1.09791e+06,(GENE_gtdb_PF00827.12.nex,GENE_TIGR01171.nex)8:1.09849e+06,(GENE_gtdb_PF00900.15.nex,GENE_gtdb_PF01015.13.nex)11:1.09839e+06,GENE_gtdb_PF01090.14.nex,(((GENE_gtdb_PF01092.14.nex,GENE_TIGR00405.nex)9:1.09846e+06,GENE_TIGR00448.nex)26:1.09815e+06,((GENE_gtdb_PF01157.13.nex,GENE_TIGR00307.nex)22:1.0982e+06,(GENE_TIGR03636.nex,GENE_TIGR03680.nex)3:1.09871e+06)29:1.09807e+06)37:1.09798e+06,(GENE_gtdb_PF01200.13.nex,(GENE_TIGR01038.nex,GENE_TIGR03673.nex)15:1.09828e+06)33:1.09803e+06,((GENE_gtdb_PF01269.12.nex,GENE_TIGR03626.nex)16:1.09826e+06,GENE_TIGR00483.nex)41:1.09789e+06,GENE_gtdb_PF01280.15.nex,GENE_gtdb_PF01655.13.nex,(GENE_gtdb_PF01798.13.nex,GENE_OG9906.nex)12:1.09836e+06,GENE_gtdb_PF01866.12.nex,GENE_gtdb_PF01984.15.nex,GENE_gtdb_PF02006.11.nex,GENE_gtdb_PF03874.11.nex,GENE_OG5172.nex,GENE_TIGR00111.nex,((GENE_TIGR00279.nex,GENE_TIGR03629.nex)25:1.0982e+06,(GENE_TIGR01158.nex,GENE_TIGR02065.nex)20:1.09821e+06)35:1.09802e+06,GENE_TIGR00293.nex,GENE_TIGR00308.nex,GENE_TIGR00323.nex,GENE_TIGR00335.nex,GENE_TIGR00373.nex,GENE_TIGR00425.nex,GENE_TIGR00522.nex,GENE_TIGR00967.nex,(GENE_TIGR00982.nex,GENE_TIGR01025.nex)13:1.09833e+06,(((GENE_TIGR01008.nex,GENE_TIGR01012.nex)14:1.0983e+06,(GENE_TIGR01028.nex,GENE_TIGR01046.nex)23:1.0982e+06)31:1.09804e+06,(GENE_TIGR03665.nex,GENE_TIGR03676.nex)6:1.09857e+06)42:1.09789e+06,((GENE_TIGR01020.nex,GENE_TIGR02236.nex)18:1.09823e+06,GENE_TIGR03722.nex)32:1.09803e+06,GENE_TIGR01052.nex,GENE_TIGR01213.nex,GENE_TIGR01952.nex,GENE_TIGR02338.nex,GENE_TIGR02389.nex,GENE_TIGR02390.nex,(GENE_TIGR02397.nex,GENE_TIGR02928.nex)19:1.09822e+06,(GENE_TIGR03627.nex,GENE_TIGR03628.nex)17:1.09824e+06,GENE_TIGR03672.nex)
Merging into 40 partitions...
In ModelFinder: parallelization over partitions
 980 LG+F+I+G4    46200.999   15.605      GENE_gtdb_PF01269.12.nex+GENE_TIGR00483.nex+GENE_TIGR03626.nex	0h:2m:34s (0h:0m:-32s left)
 981 LG+F+I+G4    81680.162   17.284      GENE_TIGR01008.nex+GENE_TIGR01012.nex+GENE_TIGR01028.nex+GENE_TIGR01046.nex+GENE_TIGR03665.nex+GENE_TIGR03676.nex	0h:3m:0s (0h:0m:-37s left)
 982 LG+I+G4      43457.337   16.419      GENE_TIGR01020.nex+GENE_TIGR02236.nex+GENE_TIGR03722.nex	0h:3m:2s (0h:0m:-38s left)
 983 LG+F+I+G4    65910.753   16.441      GENE_gtdb_PF01092.14.nex+GENE_gtdb_PF01157.13.nex+GENE_TIGR00307.nex+GENE_TIGR00405.nex+GENE_TIGR00448.nex+GENE_TIGR03636.nex+GENE_TIGR03680.nex	0h:3m:6s (0h:0m:-39s left)
 984 LG+F+I+G4    43240.532   16.060      GENE_TIGR02390.nex	0h:3m:23s (0h:0m:-42s left)
 985 RTREV+F+I+G4 24098.513   16.460      GENE_gtdb_PF00827.12.nex+GENE_TIGR01171.nex	0h:3m:27s (0h:0m:-43s left)
 986 LG+F+I+G4    68860.708   14.906      GENE_gtdb_PF00687.16.nex+GENE_gtdb_PF01000.21.nex+GENE_TIGR00064.nex+GENE_TIGR03670.nex	0h:3m:32s (0h:0m:-45s left)
 987 LG+F+I+G4    23850.049   14.546      GENE_TIGR01052.nex	0h:3m:40s (0h:0m:-47s left)
 988 LG+F+I+G4    42103.849   17.284      GENE_TIGR02397.nex+GENE_TIGR02928.nex	0h:3m:48s (0h:0m:-48s left)
 989 LG+I+G4      37944.229   16.554      GENE_TIGR00279.nex+GENE_TIGR01158.nex+GENE_TIGR02065.nex+GENE_TIGR03629.nex	0h:3m:49s (0h:0m:-49s left)
 990 Q.PFAM+F+G4  25965.866   15.683      GENE_gtdb_PF00900.15.nex+GENE_gtdb_PF01015.13.nex	0h:3m:52s (0h:0m:-50s left)
 991 RTREV+F+I+G4 21992.806   15.627      GENE_gtdb_PF01798.13.nex+GENE_OG9906.nex	0h:3m:55s (0h:0m:-50s left)
 992 RTREV+F+I+G4 21112.210   17.284      GENE_gtdb_PF01200.13.nex+GENE_TIGR01038.nex+GENE_TIGR03673.nex	0h:4m:1s (0h:0m:-52s left)
 993 LG+F+I+G4    109509.555  17.284      GENE_gtdb_PF00410.14.nex+GENE_gtdb_PF04919.7.nex+GENE_gtdb_PF07541.7.nex+GENE_OG8696.nex+GENE_TIGR00291.nex+GENE_TIGR00491.nex+GENE_TIGR03653.nex	0h:4m:2s (0h:0m:-52s left)
 994 LG+F+I+G4    20595.991   14.192      GENE_TIGR00967.nex	0h:4m:6s (0h:0m:-53s left)
 995 LG+I+G4      18518.886   13.571      GENE_TIGR02389.nex	0h:4m:11s (0h:0m:-55s left)
 996 LG+F+I+G4    19002.360   15.509      GENE_TIGR00308.nex	0h:4m:14s (0h:0m:-55s left)
 997 Q.PFAM+F+I+G4 19714.451   15.739      GENE_gtdb_PF00466.15.nex	0h:4m:17s (0h:0m:-56s left)
 998 RTREV+F+I+G4 15045.140   17.284      GENE_TIGR00982.nex+GENE_TIGR01025.nex	0h:4m:19s (0h:0m:-57s left)
 999 Q.PFAM+F+I+G4 20686.433   15.678      GENE_TIGR00111.nex	0h:4m:20s (0h:0m:-57s left)
1000 LG+G4        12793.612   14.130      GENE_TIGR03627.nex+GENE_TIGR03628.nex	0h:4m:21s (0h:0m:-58s left)
1001 LG+I+G4      14074.834   13.899      GENE_TIGR00425.nex	0h:4m:25s (0h:0m:-59s left)
1002 LG+G4        14756.626   15.494      GENE_TIGR03672.nex	0h:4m:26s (0h:0m:-59s left)
1003 BLOSUM62+F+I+G4 14014.609   8.985       GENE_TIGR01213.nex	0h:4m:27s (0h:-1m:0s left)
1004 Q.PFAM+G4    9795.541    12.163      GENE_TIGR00335.nex	0h:4m:29s (0h:-1m:0s left)
1005 Q.PFAM+I+G4  11623.585   13.260      GENE_TIGR00323.nex	0h:4m:30s (0h:-1m:-1s left)
1006 BLOSUM62+F+I+G4 12645.786   12.108      GENE_TIGR00522.nex	0h:4m:32s (0h:-1m:-1s left)
1007 RTREV+F+I+G4 10178.403   12.025      GENE_gtdb_PF01866.12.nex	0h:4m:33s (0h:-1m:-2s left)
1008 Q.PFAM+F+G4  9069.438    16.554      GENE_gtdb_PF01280.15.nex	0h:4m:34s (0h:-1m:-2s left)
1009 LG+F+I+G4    8695.776    10.462      GENE_OG5172.nex	0h:4m:35s (0h:-1m:-3s left)
1010 WAG+F+I+G4   8765.869    12.918      GENE_TIGR00373.nex	0h:4m:37s (0h:-1m:-3s left)
1011 Q.PFAM+F+G4  8513.816    16.060      GENE_TIGR02338.nex	0h:4m:37s (0h:-1m:-4s left)
1012 BLOSUM62+F+G4 8216.568    15.231      GENE_TIGR00293.nex	0h:4m:38s (0h:-1m:-4s left)
1013 LG+I+G4      6529.040    12.165      GENE_gtdb_PF01090.14.nex	0h:4m:39s (0h:-1m:-4s left)
1014 RTREV+F+I+G4 7281.884    16.060      GENE_gtdb_PF01655.13.nex	0h:4m:40s (0h:-1m:-5s left)
1015 LG+F+I+G4    146900.104  15.517      GENE_arCOG01228.nex+GENE_arCOG01574.nex+GENE_gtdb_PF04104.9.nex+GENE_gtdb_PF13656.1.nex+GENE_OG7638.nex+GENE_TIGR00037.nex+GENE_TIGR00134.nex+GENE_TIGR01018.nex+GENE_TIGR03671.nex+GENE_TIGR03674.nex	0h:4m:42s (0h:-1m:-6s left)
1016 LG+G4        5157.396    5.288       GENE_gtdb_PF02006.11.nex	0h:4m:42s (0h:-1m:-6s left)
1017 WAG+F+G4     7217.659    11.845      GENE_TIGR01952.nex	0h:4m:43s (0h:-1m:-6s left)
1018 LG+F+I+G4    5286.989    14.467      GENE_gtdb_PF01984.15.nex	0h:4m:43s (0h:-1m:-7s left)
1019 RTREV+F+G4   6468.032    16.469      GENE_gtdb_PF03874.11.nex	0h:4m:43s (0h:-1m:-7s left)
Best partition model AIC score: 1097550.395 (LnL: -548098.197  df:677)
Partition information was printed to archaea20_q_mf.best_scheme.nex
Partition information in Raxml format was printed to archaea20_q_mf.best_scheme

All model information printed to archaea20_q_mf.model.gz
CPU time for ModelFinder: 1715.014 seconds (0h:28m:35s)
Wall-clock time for ModelFinder: 301.638 seconds (0h:5m:1s)
WARNING: States(s) C rarely appear in partition GENE_gtdb_PF01984.15.nex and may cause numerical problems
WARNING: States(s) W rarely appear in partition GENE_TIGR00293.nex and may cause numerical problems
WARNING: States(s) W rarely appear in partition GENE_TIGR00323.nex and may cause numerical problems
WARNING: States(s) C rarely appear in partition GENE_TIGR02338.nex and may cause numerical problems

NOTE: 202 MB RAM (0 GB) is required!
Estimate model parameters (epsilon = 0.010)
Initial log-likelihood: -548163.368
Current log-likelihood at step 1: -548089.147
Current log-likelihood at step 2: -548086.778
Current log-likelihood at step 3: -548086.553
Current log-likelihood at step 4: -548086.540
Current log-likelihood at step 5: -548086.538
Parameters optimization took 4 rounds (6.127 sec)

Wrote distance file to... 
Partition information was printed to archaea20_q_mf.best_model.nex
BEST SCORE FOUND : -548086.538
Total tree length: 17.957

Total number of iterations: 0
CPU time used for tree search: 0.000 sec (0h:0m:0s)
Wall-clock time used for tree search: 0.000 sec (0h:0m:0s)
Total CPU time used: 1757.840 sec (0h:29m:17s)
Total wall-clock time used: 307.881 sec (0h:5m:7s)
Identifying sites to remove: done in 0.00412347 secs using 402.6% CPU
Identifying sites to remove: done in 0.00441151 secs using 370.8% CPU
Identifying sites to remove: done in 0.00644721 secs using 325.2% CPU
Identifying sites to remove: done in 0.00692545 secs using 347.6% CPU
Identifying sites to remove: done in 0.00960322 secs using 260.8% CPU
Identifying sites to remove: done in 0.00140562 secs using 99.39% CPU
Identifying sites to remove: done in 0.00151303 secs using 1585% CPU
Identifying sites to remove: done in 0.00298358 secs using 99.54% CPU
Identifying sites to remove: done in 0.00146954 secs using 99.42% CPU
Identifying sites to remove: done in 0.00139584 secs using 1819% CPU
Identifying sites to remove: done in 0.0016819 secs using 296.9% CPU
Identifying sites to remove: done in 0.00137701 secs using 1349% CPU
Identifying sites to remove: done in 0.00182994 secs using 99.51% CPU
Identifying sites to remove: done in 0.00205869 secs using 926.5% CPU
Identifying sites to remove: done in 0.0015083 secs using 242.9% CPU
Identifying sites to remove: done in 0.00141583 secs using 198.6% CPU
Identifying sites to remove: done in 0.00179487 secs using 1437% CPU
Identifying sites to remove: done in 0.00202531 secs using 394.4% CPU
Identifying sites to remove: done in 0.00145614 secs using 1582% CPU
Identifying sites to remove: done in 0.00174581 secs using 1174% CPU
Identifying sites to remove: done in 0.00163893 secs using 1504% CPU
Identifying sites to remove: done in 0.00210924 secs using 99.51% CPU
Identifying sites to remove: done in 0.00142894 secs using 1645% CPU
Identifying sites to remove: done in 0.00148448 secs using 156.9% CPU
Identifying sites to remove: done in 0.00146931 secs using 1564% CPU
Identifying sites to remove: done in 0.00143248 secs using 1495% CPU
Identifying sites to remove: done in 0.00145238 secs using 1439% CPU
Identifying sites to remove: done in 0.00155113 secs using 99.86% CPU
Identifying sites to remove: done in 0.00106294 secs using 1370% CPU
Identifying sites to remove: done in 0.00112689 secs using 1241% CPU
Identifying sites to remove: done in 0.00129549 secs using 1419% CPU
Identifying sites to remove: done in 0.00165202 secs using 835% CPU
Identifying sites to remove: done in 0.00157489 secs using 753.6% CPU
Identifying sites to remove: done in 0.00087655 secs using 99.37% CPU
Identifying sites to remove: done in 0.000935644 secs using 206% CPU
Identifying sites to remove: done in 0.00136394 secs using 153.2% CPU
Identifying sites to remove: done in 0.00088593 secs using 2505% CPU
Identifying sites to remove: done in 0.00085301 secs using 99.53% CPU
Identifying sites to remove: done in 0.000987079 secs using 99.69% CPU
Identifying sites to remove: done in 0.000925381 secs using 455.3% CPU
Identifying sites to remove: done in 0.00129002 secs using 331.2% CPU
Identifying sites to remove: done in 0.00130662 secs using 183.9% CPU
Identifying sites to remove: done in 0.000888575 secs using 99.26% CPU
Identifying sites to remove: done in 0.000918236 secs using 2709% CPU
Identifying sites to remove: done in 0.000889696 secs using 99.7% CPU
Identifying sites to remove: done in 0.000906292 secs using 99.42% CPU
Identifying sites to remove: done in 0.00103491 secs using 455.9% CPU
Identifying sites to remove: done in 0.00130459 secs using 1642% CPU
Identifying sites to remove: done in 0.000946101 secs using 99.67% CPU
Identifying sites to remove: done in 0.00133935 secs using 99.82% CPU
Identifying sites to remove: done in 0.000852913 secs using 99.66% CPU
Identifying sites to remove: done in 0.000879493 secs using 511.4% CPU
Identifying sites to remove: done in 0.000930909 secs using 2352% CPU
Identifying sites to remove: done in 0.00095509 secs using 99.68% CPU
Identifying sites to remove: done in 0.000835281 secs using 2609% CPU
Identifying sites to remove: done in 0.000995997 secs using 2463% CPU
Identifying sites to remove: done in 0.000195555 secs using 2345% CPU
Identifying sites to remove: done in 0.000231683 secs using 757.9% CPU
Identifying sites to remove: done in 0.000273641 secs using 2991% CPU
Identifying sites to remove: done in 0.000348561 secs using 658.1% CPU
Identifying sites to remove: done in 0.000274088 secs using 110.5% CPU
Identifying sites to remove: done in 0.000215974 secs using 98.62% CPU
Identifying sites to remove: done in 0.000242267 secs using 97.83% CPU
Identifying sites to remove: done in 0.000169657 secs using 170.9% CPU
Identifying sites to remove: done in 0.000308726 secs using 1040% CPU
Identifying sites to remove: done in 0.000192851 secs using 711.4% CPU
Identifying sites to remove: done in 0.000216622 secs using 111.7% CPU
Identifying sites to remove: done in 0.000165239 secs using 98.65% CPU
Identifying sites to remove: done in 0.000281364 secs using 98.8% CPU
Identifying sites to remove: done in 0.000215933 secs using 99.1% CPU
Identifying sites to remove: done in 0.000183303 secs using 99.29% CPU
Identifying sites to remove: done in 0.000183478 secs using 99.19% CPU
Identifying sites to remove: done in 0.000190258 secs using 99.34% CPU
Identifying sites to remove: done in 0.000207648 secs using 833.1% CPU
Identifying sites to remove: done in 0.000173677 secs using 171.6% CPU
Identifying sites to remove: done in 0.000242233 secs using 1089% CPU
Identifying sites to remove: done in 0.00023387 secs using 201.8% CPU
Identifying sites to remove: done in 0.000207089 secs using 98.99% CPU
Identifying sites to remove: done in 0.000161391 secs using 240.4% CPU
Identifying sites to remove: done in 0.000273146 secs using 522.8% CPU
Identifying sites to remove: done in 0.000915963 secs using 948% CPU
Identifying sites to remove: done in 0.00091498 secs using 707% CPU
Identifying sites to remove: done in 0.000939243 secs using 1183% CPU
Identifying sites to remove: done in 0.0010535 secs using 1320% CPU
Identifying sites to remove: done in 0.0010719 secs using 454% CPU
Identifying sites to remove: done in 0.000764169 secs using 3282% CPU
Identifying sites to remove: done in 0.000824787 secs using 2587% CPU
Identifying sites to remove: done in 0.00118748 secs using 99.79% CPU
Identifying sites to remove: done in 0.000780232 secs using 99.71% CPU
Identifying sites to remove: done in 0.000717968 secs using 99.45% CPU
Identifying sites to remove: done in 0.000824854 secs using 99.65% CPU
Identifying sites to remove: done in 0.000714604 secs using 99.78% CPU
Identifying sites to remove: done in 0.000847604 secs using 516.2% CPU
Identifying sites to remove: done in 0.00109956 secs using 1794% CPU
Identifying sites to remove: done in 0.000741955 secs using 255.8% CPU
Identifying sites to remove: done in 0.000750698 secs using 190.4% CPU
Identifying sites to remove: done in 0.000654399 secs using 99.48% CPU
Identifying sites to remove: done in 0.00113694 secs using 99.74% CPU
Identifying sites to remove: done in 0.000952356 secs using 2419% CPU
Identifying sites to remove: done in 0.000806887 secs using 2385% CPU
Identifying sites to remove: done in 0.000836421 secs using 2844% CPU
Identifying sites to remove: done in 0.00118185 secs using 99.76% CPU
Identifying sites to remove: done in 0.000808444 secs using 588% CPU
Identifying sites to remove: done in 0.000729226 secs using 2881% CPU
Identifying sites to remove: done in 0.000742894 secs using 99.61% CPU
Identifying sites to remove: done in 0.000826087 secs using 99.51% CPU
Identifying sites to remove: done in 0.000774365 secs using 99.69% CPU
Identifying sites to remove: done in 0.000830099 secs using 99.75% CPU
Identifying sites to remove: done in 0.000264037 secs using 1135% CPU
Identifying sites to remove: done in 0.000250667 secs using 639.5% CPU
Identifying sites to remove: done in 0.000353843 secs using 1600% CPU
Identifying sites to remove: done in 0.000308547 secs using 648.2% CPU
Identifying sites to remove: done in 0.000335854 secs using 184% CPU
Identifying sites to remove: done in 0.000290893 secs using 98.66% CPU
Identifying sites to remove: done in 0.000301942 secs using 98.69% CPU
Identifying sites to remove: done in 0.000284113 secs using 98.9% CPU
Identifying sites to remove: done in 0.000432599 secs using 99.17% CPU
Identifying sites to remove: done in 0.000256609 secs using 98.98% CPU
Identifying sites to remove: done in 0.000314135 secs using 99.32% CPU
Identifying sites to remove: done in 0.000291739 secs using 98.72% CPU
Identifying sites to remove: done in 0.000234611 secs using 98.89% CPU
Identifying sites to remove: done in 0.000259344 secs using 99.48% CPU
Identifying sites to remove: done in 0.000368565 secs using 99.3% CPU
Identifying sites to remove: done in 0.000332326 secs using 99.3% CPU
Identifying sites to remove: done in 0.000252645 secs using 98.95% CPU
Identifying sites to remove: done in 0.00029894 secs using 99.35% CPU
Identifying sites to remove: done in 0.000359673 secs using 5536% CPU
Identifying sites to remove: done in 0.000275999 secs using 99.28% CPU
Identifying sites to remove: done in 0.000249162 secs using 99.13% CPU
Identifying sites to remove: done in 0.000392701 secs using 99.31% CPU
Identifying sites to remove: done in 0.000256859 secs using 99.28% CPU
Identifying sites to remove: done in 0.000290021 secs using 99.3% CPU
Identifying sites to remove: done in 0.000252701 secs using 99.33% CPU
Identifying sites to remove: done in 0.000285316 secs using 99.19% CPU
Identifying sites to remove: done in 0.000290964 secs using 99.33% CPU
Identifying sites to remove: done in 0.000249326 secs using 99.07% CPU
Identifying sites to remove: done in 0.000216875 secs using 1561% CPU
Identifying sites to remove: done in 0.000221696 secs using 2667% CPU
Identifying sites to remove: done in 0.00026473 secs using 3255% CPU
Identifying sites to remove: done in 0.000276119 secs using 420.1% CPU
Identifying sites to remove: done in 0.000328034 secs using 3443% CPU
Identifying sites to remove: done in 0.000274796 secs using 98.98% CPU
Identifying sites to remove: done in 0.000264816 secs using 7888% CPU
Identifying sites to remove: done in 0.000334341 secs using 168.7% CPU
Identifying sites to remove: done in 0.000254683 secs using 99.34% CPU
Identifying sites to remove: done in 0.000242073 secs using 98.73% CPU
Identifying sites to remove: done in 0.00026552 secs using 639.9% CPU
Identifying sites to remove: done in 0.000280168 secs using 159.2% CPU
Identifying sites to remove: done in 0.000274312 secs using 99.16% CPU
Identifying sites to remove: done in 0.000331894 secs using 99.43% CPU
Identifying sites to remove: done in 0.000263114 secs using 99.2% CPU
Identifying sites to remove: done in 0.000239801 secs using 99.25% CPU
Identifying sites to remove: done in 0.000326481 secs using 99.24% CPU
Identifying sites to remove: done in 0.000354555 secs using 99.28% CPU
Identifying sites to remove: done in 0.00026058 secs using 6225% CPU
Identifying sites to remove: done in 0.000260662 secs using 99.36% CPU
Identifying sites to remove: done in 0.000314459 secs using 99.22% CPU
Identifying sites to remove: done in 0.000387311 secs using 99.66% CPU
Identifying sites to remove: done in 0.000271816 secs using 99.33% CPU
Identifying sites to remove: done in 0.000245739 secs using 99.29% CPU
Identifying sites to remove: done in 0.000277746 secs using 99.37% CPU
Identifying sites to remove: done in 0.000277624 secs using 99.06% CPU
Identifying sites to remove: done in 0.000242662 secs using 98.9% CPU
Identifying sites to remove: done in 0.000105925 secs using 700.5% CPU
Identifying sites to remove: done in 9.53563e-05 secs using 414.2% CPU
Identifying sites to remove: done in 0.00010471 secs using 547.2% CPU
Identifying sites to remove: done in 0.000127789 secs using 805.2% CPU
Identifying sites to remove: done in 8.68849e-05 secs using 2297% CPU
Identifying sites to remove: done in 0.000104349 secs using 179.2% CPU
Identifying sites to remove: done in 0.000104863 secs using 98.22% CPU
Identifying sites to remove: done in 8.25971e-05 secs using 98.07% CPU
Identifying sites to remove: done in 9.0193e-05 secs using 1885% CPU
Identifying sites to remove: done in 0.000100706 secs using 1135% CPU
Identifying sites to remove: done in 9.17688e-05 secs using 206% CPU
Identifying sites to remove: done in 0.000106331 secs using 97.81% CPU
Identifying sites to remove: done in 8.49515e-05 secs using 97.7% CPU
Identifying sites to remove: done in 8.1379e-05 secs using 98.31% CPU
Identifying sites to remove: done in 8.21054e-05 secs using 97.44% CPU
Identifying sites to remove: done in 9.93609e-05 secs using 97.62% CPU
Identifying sites to remove: done in 0.000107232 secs using 426.2% CPU
Identifying sites to remove: done in 8.38898e-05 secs using 222.9% CPU
Identifying sites to remove: done in 8.10996e-05 secs using 97.41% CPU
Identifying sites to remove: done in 9.61274e-05 secs using 1878% CPU
Identifying sites to remove: done in 8.81366e-05 secs using 204.2% CPU
Identifying sites to remove: done in 0.000103567 secs using 98.49% CPU
Identifying sites to remove: done in 0.000113182 secs using 98.07% CPU
Identifying sites to remove: done in 0.000719354 secs using 1319% CPU
Identifying sites to remove: done in 0.000740539 secs using 1705% CPU
Identifying sites to remove: done in 0.00072778 secs using 497.3% CPU
Identifying sites to remove: done in 0.000776406 secs using 1975% CPU
Identifying sites to remove: done in 0.000797223 secs using 849.4% CPU
Identifying sites to remove: done in 0.000548661 secs using 99.52% CPU
Identifying sites to remove: done in 0.000596114 secs using 99.48% CPU
Identifying sites to remove: done in 0.000894014 secs using 2335% CPU
Identifying sites to remove: done in 0.000537306 secs using 99.57% CPU
Identifying sites to remove: done in 0.000559684 secs using 99.34% CPU
Identifying sites to remove: done in 0.00057875 secs using 99.52% CPU
Identifying sites to remove: done in 0.000521701 secs using 99.67% CPU
Identifying sites to remove: done in 0.000674538 secs using 368.4% CPU
Identifying sites to remove: done in 0.000865132 secs using 135.8% CPU
Identifying sites to remove: done in 0.000568066 secs using 99.46% CPU
Identifying sites to remove: done in 0.000546262 secs using 99.59% CPU
Identifying sites to remove: done in 0.000572301 secs using 99.42% CPU
Identifying sites to remove: done in 0.000854868 secs using 99.66% CPU
Identifying sites to remove: done in 0.00058613 secs using 650.5% CPU
Identifying sites to remove: done in 0.000636686 secs using 167.6% CPU
Identifying sites to remove: done in 0.000593383 secs using 99.6% CPU
Identifying sites to remove: done in 0.00089081 secs using 99.68% CPU
Identifying sites to remove: done in 0.000597809 secs using 99.36% CPU
Identifying sites to remove: done in 0.000555411 secs using 3774% CPU
Identifying sites to remove: done in 0.000551749 secs using 97.69% CPU
Identifying sites to remove: done in 0.000613585 secs using 425.4% CPU
Identifying sites to remove: done in 0.000557128 secs using 195.5% CPU
Identifying sites to remove: done in 0.000685927 secs using 2997% CPU
Identifying sites to remove: done in 0.000228025 secs using 562.7% CPU
Identifying sites to remove: done in 0.000223648 secs using 495.9% CPU
Identifying sites to remove: done in 0.000227477 secs using 613.2% CPU
Identifying sites to remove: done in 0.000315167 secs using 736.1% CPU
Identifying sites to remove: done in 0.000285026 secs using 163.5% CPU
Identifying sites to remove: done in 0.000251975 secs using 519.5% CPU
Identifying sites to remove: done in 0.000249166 secs using 129.6% CPU
Identifying sites to remove: done in 0.000251684 secs using 201.8% CPU
Identifying sites to remove: done in 0.000390157 secs using 795.6% CPU
Identifying sites to remove: done in 0.000236008 secs using 98.73% CPU
Identifying sites to remove: done in 0.000259701 secs using 98.96% CPU
Identifying sites to remove: done in 0.000254992 secs using 99.22% CPU
Identifying sites to remove: done in 0.000312261 secs using 99.28% CPU
Identifying sites to remove: done in 0.000265595 secs using 99.02% CPU
Identifying sites to remove: done in 0.000238977 secs using 99.17% CPU
Identifying sites to remove: done in 0.000307135 secs using 99.3% CPU
Identifying sites to remove: done in 0.000272334 secs using 99.14% CPU
Identifying sites to remove: done in 0.000292856 secs using 330.5% CPU
Identifying sites to remove: done in 0.000250485 secs using 140.5% CPU
Identifying sites to remove: done in 0.000255998 secs using 99.22% CPU
Identifying sites to remove: done in 0.000224069 secs using 99.08% CPU
Identifying sites to remove: done in 0.000350811 secs using 99.48% CPU
Identifying sites to remove: done in 0.000232961 secs using 176.9% CPU
Identifying sites to remove: done in 0.000262167 secs using 971.1% CPU
Identifying sites to remove: done in 0.00024524 secs using 99.09% CPU
Identifying sites to remove: done in 0.00022123 secs using 99.44% CPU
Identifying sites to remove: done in 0.00027182 secs using 1280% CPU
Identifying sites to remove: done in 0.000272803 secs using 160.9% CPU
Identifying sites to remove: done in 0.000528961 secs using 639.9% CPU
Identifying sites to remove: done in 0.000534646 secs using 845% CPU
Identifying sites to remove: done in 0.00056972 secs using 962.4% CPU
Identifying sites to remove: done in 0.000589341 secs using 473.6% CPU
Identifying sites to remove: done in 0.000649001 secs using 1014% CPU
Identifying sites to remove: done in 0.000477847 secs using 99.61% CPU
Identifying sites to remove: done in 0.000529699 secs using 99.68% CPU
Identifying sites to remove: done in 0.000764132 secs using 99.72% CPU
Identifying sites to remove: done in 0.000484914 secs using 4094% CPU
Identifying sites to remove: done in 0.00047069 secs using 99.43% CPU
Identifying sites to remove: done in 0.000520274 secs using 99.56% CPU
Identifying sites to remove: done in 0.000462934 secs using 99.58% CPU
Identifying sites to remove: done in 0.000625361 secs using 237% CPU
Identifying sites to remove: done in 0.000735335 secs using 184.5% CPU
Identifying sites to remove: done in 0.000488315 secs using 99.53% CPU
Identifying sites to remove: done in 0.000473902 secs using 99.6% CPU
Identifying sites to remove: done in 0.000516418 secs using 99.53% CPU
Identifying sites to remove: done in 0.00073424 secs using 99.69% CPU
Identifying sites to remove: done in 0.000515182 secs using 586% CPU
Identifying sites to remove: done in 0.000554476 secs using 192.3% CPU
Identifying sites to remove: done in 0.000506748 secs using 99.66% CPU
Identifying sites to remove: done in 0.000760458 secs using 99.68% CPU
Identifying sites to remove: done in 0.000551257 secs using 721.8% CPU
Identifying sites to remove: done in 0.000508621 secs using 136.8% CPU
Identifying sites to remove: done in 0.000478186 secs using 99.54% CPU
Identifying sites to remove: done in 0.000546671 secs using 99.33% CPU
Identifying sites to remove: done in 0.000475675 secs using 99.65% CPU
Identifying sites to remove: done in 0.000580069 secs using 99.64% CPU
Identifying sites to remove: done in 0.00012235 secs using 3698% CPU
Identifying sites to remove: done in 0.000122912 secs using 2023% CPU
Identifying sites to remove: done in 0.00012615 secs using 5293% CPU
Identifying sites to remove: done in 0.000122629 secs using 364.5% CPU
Identifying sites to remove: done in 0.000133224 secs using 98.33% CPU
Identifying sites to remove: done in 0.000140142 secs using 98.47% CPU
Identifying sites to remove: done in 0.000135254 secs using 98.33% CPU
Identifying sites to remove: done in 0.000146594 secs using 825.4% CPU
Identifying sites to remove: done in 0.000121091 secs using 218% CPU
Identifying sites to remove: done in 0.0001061 secs using 98.02% CPU
Identifying sites to remove: done in 0.000109933 secs using 2967% CPU
Identifying sites to remove: done in 0.000133917 secs using 2582% CPU
Identifying sites to remove: done in 0.000115972 secs using 212.1% CPU
Identifying sites to remove: done in 0.000123829 secs using 98.52% CPU
Identifying sites to remove: done in 9.9577e-05 secs using 1113% CPU
Identifying sites to remove: done in 0.000121243 secs using 179% CPU
Identifying sites to remove: done in 0.000121754 secs using 1371% CPU
Identifying sites to remove: done in 0.000118818 secs using 199.5% CPU
Identifying sites to remove: done in 0.000121266 secs using 98.13% CPU
Identifying sites to remove: done in 0.000139844 secs using 98.68% CPU
Identifying sites to remove: done in 0.000126667 secs using 98.68% CPU
Identifying sites to remove: done in 0.000112828 secs using 1.012e+04% CPU
Identifying sites to remove: done in 0.000100154 secs using 97.85% CPU
Identifying sites to remove: done in 0.000122048 secs using 98.32% CPU
Identifying sites to remove: done in 9.18396e-05 secs using 2311% CPU
Identifying sites to remove: done in 0.000163242 secs using 153.1% CPU
Identifying sites to remove: done in 0.000107743 secs using 97.45% CPU
Identifying sites to remove: done in 8.40165e-05 secs using 2691% CPU
Identifying sites to remove: done in 8.43741e-05 secs using 1486% CPU
Identifying sites to remove: done in 0.000111509 secs using 348% CPU
Identifying sites to remove: done in 0.000116069 secs using 3991% CPU
Identifying sites to remove: done in 0.000116073 secs using 3246% CPU
Identifying sites to remove: done in 9.35681e-05 secs using 97.26% CPU
Identifying sites to remove: done in 0.000102676 secs using 1970% CPU
Identifying sites to remove: done in 7.32653e-05 secs using 233.4% CPU
Identifying sites to remove: done in 9.0871e-05 secs using 97.94% CPU
Identifying sites to remove: done in 7.65547e-05 secs using 97.97% CPU
Identifying sites to remove: done in 8.65608e-05 secs using 2360% CPU
Identifying sites to remove: done in 8.34614e-05 secs using 1402% CPU
Identifying sites to remove: done in 7.72849e-05 secs using 313.1% CPU
Identifying sites to remove: done in 6.27488e-05 secs using 2551% CPU
Identifying sites to remove: done in 8.24407e-05 secs using 172.2% CPU
Identifying sites to remove: done in 9.22903e-05 secs using 97.52% CPU
Identifying sites to remove: done in 0.000101406 secs using 97.63% CPU
Identifying sites to remove: done in 8.25226e-05 secs using 96.94% CPU
Identifying sites to remove: done in 8.63411e-05 secs using 97.29% CPU
Identifying sites to remove: done in 0.000117227 secs using 98.1% CPU
Identifying sites to remove: done in 7.48821e-05 secs using 97.49% CPU
Identifying sites to remove: done in 8.7481e-05 secs using 98.31% CPU
Identifying sites to remove: done in 7.30455e-05 secs using 97.2% CPU
Identifying sites to remove: done in 6.20298e-05 secs using 98.34% CPU
Identifying sites to remove: done in 8.15168e-05 secs using 98.14% CPU
Identifying sites to remove: done in 0.000297371 secs using 350.4% CPU
Identifying sites to remove: done in 0.000298828 secs using 591% CPU
Identifying sites to remove: done in 0.000301614 secs using 825.2% CPU
Identifying sites to remove: done in 0.000360634 secs using 925.9% CPU
Identifying sites to remove: done in 0.000258211 secs using 99.14% CPU
Identifying sites to remove: done in 0.000266902 secs using 99.29% CPU
Identifying sites to remove: done in 0.000374306 secs using 800.1% CPU
Identifying sites to remove: done in 0.00037159 secs using 167.9% CPU
Identifying sites to remove: done in 0.000248432 secs using 99.02% CPU
Identifying sites to remove: done in 0.000291545 secs using 99.13% CPU
Identifying sites to remove: done in 0.000280242 secs using 99.56% CPU
Identifying sites to remove: done in 0.000246458 secs using 99.41% CPU
Identifying sites to remove: done in 0.000331927 secs using 99.42% CPU
Identifying sites to remove: done in 0.000246473 secs using 99.4% CPU
Identifying sites to remove: done in 0.000233583 secs using 99.32% CPU
Identifying sites to remove: done in 0.000312109 secs using 99.64% CPU
Identifying sites to remove: done in 0.000334419 secs using 99.28% CPU
Identifying sites to remove: done in 0.000261202 secs using 792.9% CPU
Identifying sites to remove: done in 0.000340879 secs using 175.4% CPU
Identifying sites to remove: done in 0.000273228 secs using 6183% CPU
Identifying sites to remove: done in 0.000373896 secs using 99.49% CPU
Identifying sites to remove: done in 0.000257224 secs using 99.14% CPU
Identifying sites to remove: done in 0.000242747 secs using 195.3% CPU
Identifying sites to remove: done in 0.000264108 secs using 387% CPU
Identifying sites to remove: done in 0.000287578 secs using 6537% CPU
Identifying sites to remove: done in 0.000279713 secs using 99.03% CPU
Identifying sites to remove: done in 0.000236746 secs using 98.84% CPU
Identifying sites to remove: done in 0.000124592 secs using 400.5% CPU
Identifying sites to remove: done in 0.000158854 secs using 4411% CPU
Identifying sites to remove: done in 0.000159118 secs using 3097% CPU
Identifying sites to remove: done in 0.000179235 secs using 5173% CPU
Identifying sites to remove: done in 0.000205062 secs using 1442% CPU
Identifying sites to remove: done in 0.00014358 secs using 98.9% CPU
Identifying sites to remove: done in 0.000154056 secs using 356.4% CPU
Identifying sites to remove: done in 0.000156753 secs using 144.2% CPU
Identifying sites to remove: done in 0.000142224 secs using 3022% CPU
Identifying sites to remove: done in 0.000123881 secs using 2127% CPU
Identifying sites to remove: done in 0.000155512 secs using 267.5% CPU
Identifying sites to remove: done in 0.000132225 secs using 98.32% CPU
Identifying sites to remove: done in 0.000174925 secs using 98.33% CPU
Identifying sites to remove: done in 0.000135425 secs using 98.21% CPU
Identifying sites to remove: done in 0.000136811 secs using 98.68% CPU
Identifying sites to remove: done in 0.000135962 secs using 98.56% CPU
Identifying sites to remove: done in 0.000131972 secs using 644.1% CPU
Identifying sites to remove: done in 0.000163868 secs using 934.9% CPU
Identifying sites to remove: done in 0.000127222 secs using 207.5% CPU
Identifying sites to remove: done in 0.000135195 secs using 99.12% CPU
Identifying sites to remove: done in 0.000124868 secs using 98.5% CPU
Identifying sites to remove: done in 0.000148695 secs using 98.19% CPU
Identifying sites to remove: done in 0.000132862 secs using 98.6% CPU
Identifying sites to remove: done in 0.000177022 secs using 99.42% CPU
Identifying sites to remove: done in 0.000112504 secs using 98.66% CPU
Identifying sites to remove: done in 6.41532e-05 secs using 95.08% CPU
Identifying sites to remove: done in 7.14883e-05 secs using 7306% CPU
Identifying sites to remove: done in 7.00541e-05 secs using 4295% CPU
Identifying sites to remove: done in 6.78375e-05 secs using 1.164e+04% CPU
Identifying sites to remove: done in 6.50659e-05 secs using 96.82% CPU
Identifying sites to remove: done in 7.76239e-05 secs using 526.9% CPU
Identifying sites to remove: done in 8.32491e-05 secs using 187.4% CPU
Identifying sites to remove: done in 5.64903e-05 secs using 95.59% CPU
Identifying sites to remove: done in 7.14697e-05 secs using 96.54% CPU
Identifying sites to remove: done in 6.90036e-05 secs using 2243% CPU
Identifying sites to remove: done in 8.51154e-05 secs using 175.1% CPU
Identifying sites to remove: done in 6.03348e-05 secs using 97.79% CPU
Identifying sites to remove: done in 9.04612e-05 secs using 1156% CPU
Identifying sites to remove: done in 7.21402e-05 secs using 97.03% CPU
Identifying sites to remove: done in 7.26767e-05 secs using 96.32% CPU
Identifying sites to remove: done in 6.63623e-05 secs using 747.4% CPU
Identifying sites to remove: done in 9.5211e-05 secs using 164.9% CPU
Identifying sites to remove: done in 9.60678e-05 secs using 98.89% CPU
Identifying sites to remove: done in 6.8102e-05 secs using 96.91% CPU
Identifying sites to remove: done in 6.56731e-05 secs using 97.45% CPU
Identifying sites to remove: done in 7.15852e-05 secs using 96.39% CPU
Identifying sites to remove: done in 6.59898e-05 secs using 96.98% CPU
Identifying sites to remove: done in 5.45382e-05 secs using 97.18% CPU
Identifying sites to remove: done in 0.000187468 secs using 3752% CPU
Identifying sites to remove: done in 0.000188358 secs using 283.5% CPU
Identifying sites to remove: done in 0.000205249 secs using 1639% CPU
Identifying sites to remove: done in 0.000163201 secs using 98.65% CPU
Identifying sites to remove: done in 0.000128195 secs using 98.29% CPU
Identifying sites to remove: done in 0.000122339 secs using 98.91% CPU
Identifying sites to remove: done in 0.00015644 secs using 1135% CPU
Identifying sites to remove: done in 0.00017833 secs using 185.6% CPU
Identifying sites to remove: done in 0.000103373 secs using 98.67% CPU
Identifying sites to remove: done in 9.92417e-05 secs using 98.75% CPU
Identifying sites to remove: done in 0.00012897 secs using 196.9% CPU
Identifying sites to remove: done in 0.000142116 secs using 741.6% CPU
Identifying sites to remove: done in 0.000126 secs using 2690% CPU
Identifying sites to remove: done in 0.000162743 secs using 3137% CPU
Identifying sites to remove: done in 0.000162333 secs using 160.8% CPU
Identifying sites to remove: done in 0.000148535 secs using 5569% CPU
Identifying sites to remove: done in 6.37844e-05 secs using 7925% CPU
Identifying sites to remove: done in 6.42501e-05 secs using 5984% CPU
Identifying sites to remove: done in 6.37956e-05 secs using 286.9% CPU
Identifying sites to remove: done in 0.00011152 secs using 2545% CPU
Identifying sites to remove: done in 0.000111114 secs using 1505% CPU
Identifying sites to remove: done in 8.81962e-05 secs using 1569% CPU
Identifying sites to remove: done in 6.93761e-05 secs using 222% CPU
Identifying sites to remove: done in 8.0917e-05 secs using 97.63% CPU
Identifying sites to remove: done in 5.82412e-05 secs using 97.87% CPU
Identifying sites to remove: done in 5.86286e-05 secs using 95.52% CPU
Identifying sites to remove: done in 8.16919e-05 secs using 97.93% CPU
Identifying sites to remove: done in 6.577e-05 secs using 97.31% CPU
Identifying sites to remove: done in 7.65882e-05 secs using 663.3% CPU
Identifying sites to remove: done in 7.88569e-05 secs using 192.8% CPU
Identifying sites to remove: done in 7.17267e-05 secs using 97.59% CPU
Identifying sites to remove: done in 5.18076e-05 secs using 96.51% CPU
Identifying sites to remove: done in 6.68392e-05 secs using 97.25% CPU
Identifying sites to remove: done in 6.6556e-05 secs using 97.66% CPU
Identifying sites to remove: done in 8.2992e-05 secs using 97.6% CPU
Identifying sites to remove: done in 9.72338e-05 secs using 97.7% CPU
Identifying sites to remove: done in 8.17105e-05 secs using 1914% CPU
Identifying sites to remove: done in 6.5539e-05 secs using 218.2% CPU
Identifying sites to remove: done in 5.97201e-05 secs using 97.12% CPU
Identifying sites to remove: done in 5.22397e-05 secs using 97.63% CPU
Identifying sites to remove: done in 8.29622e-05 secs using 97.63% CPU
Identifying sites to remove: done in 6.60755e-05 secs using 98.37% CPU
Identifying sites to remove: done in 0.000124972 secs using 2453% CPU
Identifying sites to remove: done in 0.000154004 secs using 3297% CPU
Identifying sites to remove: done in 0.000168499 secs using 313.4% CPU
Identifying sites to remove: done in 0.000171691 secs using 4618% CPU
Identifying sites to remove: done in 0.000118192 secs using 98.15% CPU
Identifying sites to remove: done in 0.000156783 secs using 523% CPU
Identifying sites to remove: done in 0.000150558 secs using 201.9% CPU
Identifying sites to remove: done in 0.0001553 secs using 99.16% CPU
Identifying sites to remove: done in 0.000107653 secs using 97.54% CPU
Identifying sites to remove: done in 0.000137139 secs using 1957% CPU
Identifying sites to remove: done in 0.000123512 secs using 1691% CPU
Identifying sites to remove: done in 0.000154361 secs using 138% CPU
Identifying sites to remove: done in 0.000117563 secs using 97.82% CPU
Identifying sites to remove: done in 0.000127021 secs using 98.41% CPU
Identifying sites to remove: done in 0.00010683 secs using 98.29% CPU
Identifying sites to remove: done in 0.000121828 secs using 98.5% CPU
Identifying sites to remove: done in 0.000170819 secs using 1401% CPU
Identifying sites to remove: done in 0.000170406 secs using 1199% CPU
Identifying sites to remove: done in 0.000148073 secs using 153.3% CPU
Identifying sites to remove: done in 0.000110868 secs using 99.22% CPU
Identifying sites to remove: done in 0.000257067 secs using 99.2% CPU
Identifying sites to remove: done in 0.000232603 secs using 241.6% CPU
Identifying sites to remove: done in 0.000258099 secs using 1141% CPU
Identifying sites to remove: done in 0.000275109 secs using 1940% CPU
Identifying sites to remove: done in 0.000227705 secs using 99.25% CPU
Identifying sites to remove: done in 0.00025152 secs using 99% CPU
Identifying sites to remove: done in 0.000321448 secs using 1100% CPU
Identifying sites to remove: done in 0.000347599 secs using 191.3% CPU
Identifying sites to remove: done in 0.000219457 secs using 99.34% CPU
Identifying sites to remove: done in 0.000243414 secs using 99.01% CPU
Identifying sites to remove: done in 0.000264011 secs using 1482% CPU
Identifying sites to remove: done in 0.000240687 secs using 207.7% CPU
Identifying sites to remove: done in 0.000308532 secs using 3759% CPU
Identifying sites to remove: done in 0.000227552 secs using 99.32% CPU
Identifying sites to remove: done in 0.000210151 secs using 98.98% CPU
Identifying sites to remove: done in 0.000290077 secs using 99.28% CPU
Identifying sites to remove: done in 0.000300396 secs using 99.54% CPU
Identifying sites to remove: done in 0.000244208 secs using 99.1% CPU
Identifying sites to remove: done in 0.000298209 secs using 99.26% CPU
Identifying sites to remove: done in 0.000231985 secs using 99.14% CPU
Identifying sites to remove: done in 0.000335734 secs using 99.19% CPU
Identifying sites to remove: done in 0.000237711 secs using 99.28% CPU
Identifying sites to remove: done in 0.000226621 secs using 99.28% CPU
Identifying sites to remove: done in 0.00022687 secs using 99.62% CPU
Identifying sites to remove: done in 0.000261668 secs using 99.36% CPU
Identifying sites to remove: done in 0.000242718 secs using 99.29% CPU
Identifying sites to remove: done in 0.000216 secs using 99.07% CPU
Identifying sites to remove: done in 0.000400957 secs using 1461% CPU
Identifying sites to remove: done in 0.000418872 secs using 453.4% CPU
Identifying sites to remove: done in 0.000458185 secs using 1773% CPU
Identifying sites to remove: done in 0.000497367 secs using 845.3% CPU
Identifying sites to remove: done in 0.000535 secs using 1950% CPU
Identifying sites to remove: done in 0.000434406 secs using 99.22% CPU
Identifying sites to remove: done in 0.000449046 secs using 99.54% CPU
Identifying sites to remove: done in 0.000643343 secs using 2878% CPU
Identifying sites to remove: done in 0.000420306 secs using 99.45% CPU
Identifying sites to remove: done in 0.000415184 secs using 99.23% CPU
Identifying sites to remove: done in 0.000469189 secs using 4481% CPU
Identifying sites to remove: done in 0.000433527 secs using 546% CPU
Identifying sites to remove: done in 0.000523765 secs using 182% CPU
Identifying sites to remove: done in 0.000609301 secs using 99.79% CPU
Identifying sites to remove: done in 0.000433568 secs using 99.41% CPU
Identifying sites to remove: done in 0.000416923 secs using 99.54% CPU
Identifying sites to remove: done in 0.0004545 secs using 99.45% CPU
Identifying sites to remove: done in 0.000625346 secs using 3671% CPU
Identifying sites to remove: done in 0.000448894 secs using 241.9% CPU
Identifying sites to remove: done in 0.000472669 secs using 194.2% CPU
Identifying sites to remove: done in 0.000445869 secs using 99.58% CPU
Identifying sites to remove: done in 0.000649441 secs using 99.62% CPU
Identifying sites to remove: done in 0.00044883 secs using 661.9% CPU
Identifying sites to remove: done in 0.000422623 secs using 187.6% CPU
Identifying sites to remove: done in 0.000422236 secs using 99.47% CPU
Identifying sites to remove: done in 0.000472903 secs using 99.39% CPU
Identifying sites to remove: done in 0.000435103 secs using 99.52% CPU
Identifying sites to remove: done in 0.000461277 secs using 99.51% CPU
Identifying sites to remove: done in 9.66229e-05 secs using 834.2% CPU
Identifying sites to remove: done in 9.82732e-05 secs using 1548% CPU
Identifying sites to remove: done in 9.62429e-05 secs using 2042% CPU
Identifying sites to remove: done in 0.000155199 secs using 269.3% CPU
Identifying sites to remove: done in 0.000155743 secs using 1969% CPU
Identifying sites to remove: done in 9.71481e-05 secs using 2395% CPU
Identifying sites to remove: done in 0.000100709 secs using 192.6% CPU
Identifying sites to remove: done in 9.81428e-05 secs using 98.84% CPU
Identifying sites to remove: done in 6.71595e-05 secs using 341% CPU
Identifying sites to remove: done in 9.03867e-05 secs using 169.3% CPU
Identifying sites to remove: done in 9.17539e-05 secs using 535.1% CPU
Identifying sites to remove: done in 7.83391e-05 secs using 211.9% CPU
Identifying sites to remove: done in 7.55675e-05 secs using 1891% CPU
Identifying sites to remove: done in 6.5811e-05 secs using 209.7% CPU
Identifying sites to remove: done in 9.42461e-05 secs using 97.62% CPU
Identifying sites to remove: done in 0.000104684 secs using 97.44% CPU
Identifying sites to remove: done in 9.71332e-05 secs using 97.8% CPU
Identifying sites to remove: done in 8.50372e-05 secs using 97.6% CPU
Identifying sites to remove: done in 0.00011884 secs using 98.45% CPU
Identifying sites to remove: done in 9.39928e-05 secs using 1.23e+04% CPU
Identifying sites to remove: done in 8.34726e-05 secs using 98.24% CPU
Identifying sites to remove: done in 7.04452e-05 secs using 97.95% CPU
Identifying sites to remove: done in 6.11953e-05 secs using 96.41% CPU
Identifying sites to remove: done in 7.85328e-05 secs using 98.05% CPU
Identifying sites to remove: done in 0.000227656 secs using 1923% CPU
Identifying sites to remove: done in 0.000240419 secs using 334.4% CPU
Identifying sites to remove: done in 0.00026324 secs using 3933% CPU
Identifying sites to remove: done in 0.000275418 secs using 2448% CPU
Identifying sites to remove: done in 0.000234421 secs using 99.39% CPU
Identifying sites to remove: done in 0.000244521 secs using 98.97% CPU
Identifying sites to remove: done in 0.000311915 secs using 5489% CPU
Identifying sites to remove: done in 0.000304721 secs using 197.6% CPU
Identifying sites to remove: done in 0.00023837 secs using 1479% CPU
Identifying sites to remove: done in 0.000214648 secs using 134.6% CPU
Identifying sites to remove: done in 0.000234418 secs using 7276% CPU
Identifying sites to remove: done in 0.000228442 secs using 354.1% CPU
Identifying sites to remove: done in 0.000256151 secs using 131.6% CPU
Identifying sites to remove: done in 0.000222474 secs using 99.34% CPU
Identifying sites to remove: done in 0.000209428 secs using 1765% CPU
Identifying sites to remove: done in 0.000248808 secs using 155.5% CPU
Identifying sites to remove: done in 0.000288747 secs using 99.05% CPU
Identifying sites to remove: done in 0.00028576 secs using 99.38% CPU
Identifying sites to remove: done in 0.000241928 secs using 99.2% CPU
Identifying sites to remove: done in 0.000327211 secs using 99.32% CPU
Identifying sites to remove: done in 0.00025161 secs using 647.4% CPU
Identifying sites to remove: done in 0.000242367 secs using 169.2% CPU
Identifying sites to remove: done in 0.000229925 secs using 99.16% CPU
Identifying sites to remove: done in 0.000267405 secs using 99.47% CPU
Identifying sites to remove: done in 0.000227999 secs using 99.12% CPU
Identifying sites to remove: done in 0.000214297 secs using 99.39% CPU
Identifying sites to remove: done in 0.000150632 secs using 225.7% CPU
Identifying sites to remove: done in 0.00017181 secs using 1609% CPU
Identifying sites to remove: done in 0.000201587 secs using 837.4% CPU
Identifying sites to remove: done in 0.000129722 secs using 1835% CPU
Identifying sites to remove: done in 0.00013233 secs using 195% CPU
Identifying sites to remove: done in 0.000157654 secs using 2597% CPU
Identifying sites to remove: done in 0.000188161 secs using 6289% CPU
Identifying sites to remove: done in 0.000149388 secs using 99.07% CPU
Identifying sites to remove: done in 0.000168156 secs using 98.72% CPU
Identifying sites to remove: done in 0.000153501 secs using 3172% CPU
Identifying sites to remove: done in 0.000167083 secs using 1607% CPU
Identifying sites to remove: done in 0.000154726 secs using 246.9% CPU
Identifying sites to remove: done in 0.000132274 secs using 98.28% CPU
Identifying sites to remove: done in 0.000116482 secs using 98.73% CPU
Identifying sites to remove: done in 0.000160541 secs using 99.04% CPU
Identifying sites to remove: done in 0.00014434 secs using 98.38% CPU
Identifying sites to remove: done in 0.00013715 secs using 98.43% CPU
Identifying sites to remove: done in 0.000134133 secs using 98.41% CPU
Identifying sites to remove: done in 0.000139929 secs using 98.62% CPU
Identifying sites to remove: done in 0.000132278 secs using 98.28% CPU
Identifying sites to remove: done in 0.000162944 secs using 1.085e+04% CPU
Identifying sites to remove: done in 0.000185519 secs using 99.18% CPU
Identifying sites to remove: done in 0.000146743 secs using 1621% CPU
Identifying sites to remove: done in 0.00015429 secs using 191.8% CPU
Identifying sites to remove: done in 0.000168398 secs using 244.1% CPU
Identifying sites to remove: done in 0.000186466 secs using 744.4% CPU
Identifying sites to remove: done in 0.000222277 secs using 1061% CPU
Identifying sites to remove: done in 0.000123434 secs using 1681% CPU
Identifying sites to remove: done in 0.000143874 secs using 139% CPU
Identifying sites to remove: done in 0.000142291 secs using 2415% CPU
Identifying sites to remove: done in 0.000146657 secs using 147.3% CPU
Identifying sites to remove: done in 0.000106644 secs using 97.52% CPU
Identifying sites to remove: done in 0.000150923 secs using 98.73% CPU
Identifying sites to remove: done in 0.000146877 secs using 1027% CPU
Identifying sites to remove: done in 0.000148285 secs using 1115% CPU
Identifying sites to remove: done in 0.000151441 secs using 195.5% CPU
Identifying sites to remove: done in 0.000129782 secs using 98.63% CPU
Identifying sites to remove: done in 0.000112519 secs using 1964% CPU
Identifying sites to remove: done in 0.000154749 secs using 170% CPU
Identifying sites to remove: done in 0.000132665 secs using 1765% CPU
Identifying sites to remove: done in 0.000124257 secs using 203.6% CPU
Identifying sites to remove: done in 0.000129309 secs using 98.99% CPU
Identifying sites to remove: done in 0.000136033 secs using 98.51% CPU
Identifying sites to remove: done in 0.000163566 secs using 98.43% CPU
Identifying sites to remove: done in 0.000118934 secs using 98.37% CPU
Identifying sites to remove: done in 0.000131927 secs using 98.54% CPU
Identifying sites to remove: done in 0.000123352 secs using 98.9% CPU
Identifying sites to remove: done in 9.28417e-05 secs using 8632% CPU
Identifying sites to remove: done in 0.000104502 secs using 314.8% CPU
Identifying sites to remove: done in 0.000106812 secs using 5159% CPU
Identifying sites to remove: done in 0.000105731 secs using 2815% CPU
Identifying sites to remove: done in 9.31993e-05 secs using 594.4% CPU
Identifying sites to remove: done in 0.000110593 secs using 630.2% CPU
Identifying sites to remove: done in 9.26703e-05 secs using 129.5% CPU
Identifying sites to remove: done in 8.35806e-05 secs using 98.11% CPU
Identifying sites to remove: done in 8.93213e-05 secs using 2570% CPU
Identifying sites to remove: done in 0.000105042 secs using 1898% CPU
Identifying sites to remove: done in 9.71444e-05 secs using 125.6% CPU
Identifying sites to remove: done in 8.45008e-05 secs using 97.04% CPU
Identifying sites to remove: done in 8.97162e-05 secs using 98.09% CPU
Identifying sites to remove: done in 9.54047e-05 secs using 1946% CPU
Identifying sites to remove: done in 0.000116572 secs using 9190% CPU
Identifying sites to remove: done in 9.85377e-05 secs using 97.42% CPU
Identifying sites to remove: done in 8.59685e-05 secs using 97.71% CPU
Identifying sites to remove: done in 9.85153e-05 secs using 97.45% CPU
Identifying sites to remove: done in 8.82111e-05 secs using 97.49% CPU
Identifying sites to remove: done in 8.62628e-05 secs using 97.38% CPU
Identifying sites to remove: done in 0.000101425 secs using 98.6% CPU
Identifying sites to remove: done in 8.08872e-05 secs using 97.67% CPU
Identifying sites to remove: done in 0.000184983 secs using 409.8% CPU
Identifying sites to remove: done in 0.000201602 secs using 1203% CPU
Identifying sites to remove: done in 0.000204276 secs using 2694% CPU
Identifying sites to remove: done in 0.000218339 secs using 3236% CPU
Identifying sites to remove: done in 0.000241585 secs using 1687% CPU
Identifying sites to remove: done in 0.000172298 secs using 99.25% CPU
Identifying sites to remove: done in 0.00022462 secs using 99.28% CPU
Identifying sites to remove: done in 0.000178169 secs using 99.34% CPU
Identifying sites to remove: done in 0.000208784 secs using 1.058e+04% CPU
Identifying sites to remove: done in 0.000178821 secs using 98.98% CPU
Identifying sites to remove: done in 0.000200946 secs using 706.7% CPU
Identifying sites to remove: done in 0.00018749 secs using 543% CPU
Identifying sites to remove: done in 0.000196084 secs using 258.6% CPU
Identifying sites to remove: done in 0.000169598 secs using 98.47% CPU
Identifying sites to remove: done in 0.000200164 secs using 1546% CPU
Identifying sites to remove: done in 0.000158038 secs using 224% CPU
Identifying sites to remove: done in 0.000178754 secs using 7768% CPU
Identifying sites to remove: done in 0.000206135 secs using 145.1% CPU
Identifying sites to remove: done in 0.000196643 secs using 99.16% CPU
Identifying sites to remove: done in 0.000183139 secs using 98.83% CPU
Identifying sites to remove: done in 0.000244062 secs using 99.15% CPU
Identifying sites to remove: done in 0.000159554 secs using 2286% CPU
Identifying sites to remove: done in 0.000175081 secs using 151.4% CPU
Identifying sites to remove: done in 0.000172619 secs using 98.48% CPU
Identifying sites to remove: done in 0.000174172 secs using 99.33% CPU
Identifying sites to remove: done in 0.000182573 secs using 99.14% CPU
Identifying sites to remove: done in 0.000175677 secs using 99.05% CPU
Identifying sites to remove: done in 0.000139803 secs using 381.3% CPU
Identifying sites to remove: done in 0.0001426 secs using 4731% CPU
Identifying sites to remove: done in 0.000141084 secs using 9162% CPU
Identifying sites to remove: done in 0.0001803 secs using 2133% CPU
Identifying sites to remove: done in 0.000194643 secs using 5173% CPU
Identifying sites to remove: done in 0.000150375 secs using 98.42% CPU
Identifying sites to remove: done in 0.000172473 secs using 99.15% CPU
Identifying sites to remove: done in 0.000152245 secs using 98.53% CPU
Identifying sites to remove: done in 0.000167061 secs using 98.77% CPU
Identifying sites to remove: done in 0.000154678 secs using 426.7% CPU
Identifying sites to remove: done in 0.000154808 secs using 197.7% CPU
Identifying sites to remove: done in 0.000147592 secs using 98.92% CPU
Identifying sites to remove: done in 0.00016623 secs using 98.66% CPU
Identifying sites to remove: done in 0.000160508 secs using 99.06% CPU
Identifying sites to remove: done in 0.00014095 secs using 98.62% CPU
Identifying sites to remove: done in 0.000208363 secs using 981% CPU
Identifying sites to remove: done in 0.000169247 secs using 221% CPU
Identifying sites to remove: done in 0.000147749 secs using 98.82% CPU
Identifying sites to remove: done in 0.00012058 secs using 98.69% CPU
Identifying sites to remove: done in 0.000165991 secs using 98.8% CPU
Identifying sites to remove: done in 0.000237856 secs using 1597% CPU
Identifying sites to remove: done in 0.00025117 secs using 367.1% CPU
Identifying sites to remove: done in 0.000289578 secs using 3444% CPU
Identifying sites to remove: done in 0.000333339 secs using 2135% CPU
Identifying sites to remove: done in 0.00024838 secs using 99.04% CPU
Identifying sites to remove: done in 0.000257958 secs using 294.2% CPU
Identifying sites to remove: done in 0.000344541 secs using 275.4% CPU
Identifying sites to remove: done in 0.000361953 secs using 289.5% CPU
Identifying sites to remove: done in 0.000282377 secs using 7705% CPU
Identifying sites to remove: done in 0.000247326 secs using 146.8% CPU
Identifying sites to remove: done in 0.000275973 secs using 551.1% CPU
Identifying sites to remove: done in 0.000251636 secs using 714.5% CPU
Identifying sites to remove: done in 0.000302479 secs using 153.7% CPU
Identifying sites to remove: done in 0.000260893 secs using 7913% CPU
Identifying sites to remove: done in 0.000298344 secs using 99.55% CPU
Identifying sites to remove: done in 0.000253528 secs using 99% CPU
Identifying sites to remove: done in 0.00029134 secs using 1059% CPU
Identifying sites to remove: done in 0.000325229 secs using 188.8% CPU
Identifying sites to remove: done in 0.0002588 secs using 99.3% CPU
Identifying sites to remove: done in 0.000252254 secs using 1618% CPU
Identifying sites to remove: done in 0.000278808 secs using 7343% CPU
Identifying sites to remove: done in 0.000253309 secs using 99.48% CPU
Identifying sites to remove: done in 0.000365853 secs using 99.49% CPU
Identifying sites to remove: done in 0.000278063 secs using 208.6% CPU
Identifying sites to remove: done in 0.000250213 secs using 177.8% CPU
Identifying sites to remove: done in 0.000174746 secs using 1686% CPU
Identifying sites to remove: done in 0.000190523 secs using 990.4% CPU
Identifying sites to remove: done in 0.000196662 secs using 2652% CPU
Identifying sites to remove: done in 0.000183657 secs using 461.2% CPU
Identifying sites to remove: done in 0.000234079 secs using 1826% CPU
Identifying sites to remove: done in 0.000195082 secs using 98.93% CPU
Identifying sites to remove: done in 0.000182666 secs using 98.54% CPU
Identifying sites to remove: done in 0.000232935 secs using 99.17% CPU
Identifying sites to remove: done in 0.000171568 secs using 99.09% CPU
Identifying sites to remove: done in 0.000180237 secs using 99.31% CPU
Identifying sites to remove: done in 0.000206094 secs using 98.98% CPU
Identifying sites to remove: done in 0.000171233 secs using 99.28% CPU
Identifying sites to remove: done in 0.00020336 secs using 1189% CPU
Identifying sites to remove: done in 0.000223499 secs using 189.3% CPU
Identifying sites to remove: done in 0.00017073 secs using 248.9% CPU
Identifying sites to remove: done in 0.000170212 secs using 152.8% CPU
Identifying sites to remove: done in 0.000190936 secs using 98.46% CPU
Identifying sites to remove: done in 0.000218492 secs using 1754% CPU
Identifying sites to remove: done in 0.000201214 secs using 700.7% CPU
Identifying sites to remove: done in 0.000178188 secs using 228.4% CPU
Identifying sites to remove: done in 0.000169978 secs using 98.84% CPU
Identifying sites to remove: done in 0.000255845 secs using 99.28% CPU
Identifying sites to remove: done in 0.000181139 secs using 1797% CPU
Identifying sites to remove: done in 0.000213206 secs using 182.9% CPU
Identifying sites to remove: done in 0.000173386 secs using 99.2% CPU
Identifying sites to remove: done in 0.000163499 secs using 99.08% CPU
Identifying sites to remove: done in 0.000202492 secs using 98.77% CPU
Identifying sites to remove: done in 0.000203449 secs using 99.29% CPU
Identifying sites to remove: done in 0.000866435 secs using 492.4% CPU
Identifying sites to remove: done in 0.000865903 secs using 484.8% CPU
Identifying sites to remove: done in 0.00086873 secs using 501.2% CPU
Identifying sites to remove: done in 0.000983257 secs using 472.4% CPU
Identifying sites to remove: done in 0.00104772 secs using 441.2% CPU
Identifying sites to remove: done in 0.00073516 secs using 3363% CPU
Identifying sites to remove: done in 0.000762276 secs using 99.7% CPU
Identifying sites to remove: done in 0.00113596 secs using 2026% CPU
Identifying sites to remove: done in 0.000763971 secs using 99.74% CPU
Identifying sites to remove: done in 0.000689879 secs using 99.58% CPU
Identifying sites to remove: done in 0.000794705 secs using 99.66% CPU
Identifying sites to remove: done in 0.000683505 secs using 99.63% CPU
Identifying sites to remove: done in 0.000920594 secs using 194.3% CPU
Identifying sites to remove: done in 0.00107597 secs using 452.9% CPU
Identifying sites to remove: done in 0.000722621 secs using 99.5% CPU
Identifying sites to remove: done in 0.000688478 secs using 99.79% CPU
Identifying sites to remove: done in 0.000653565 secs using 99.61% CPU
Identifying sites to remove: done in 0.00106257 secs using 99.66% CPU
Identifying sites to remove: done in 0.00074536 secs using 466.8% CPU
Identifying sites to remove: done in 0.000886071 secs using 157.1% CPU
Identifying sites to remove: done in 0.000782024 secs using 99.61% CPU
Identifying sites to remove: done in 0.00113797 secs using 99.74% CPU
Identifying sites to remove: done in 0.000789855 secs using 297% CPU
Identifying sites to remove: done in 0.000711385 secs using 187.9% CPU
Identifying sites to remove: done in 0.000751909 secs using 99.61% CPU
Identifying sites to remove: done in 0.00068583 secs using 285.3% CPU
Identifying sites to remove: done in 0.000767313 secs using 154.6% CPU
Identifying sites to remove: done in 0.000792537 secs using 249.3% CPU
Identifying sites to remove: done in 0.000521999 secs using 1147% CPU
Identifying sites to remove: done in 0.000512604 secs using 716% CPU
Identifying sites to remove: done in 0.00065 secs using 1370% CPU
Identifying sites to remove: done in 0.000532817 secs using 616.7% CPU
Identifying sites to remove: done in 0.00068938 secs using 277.6% CPU
Identifying sites to remove: done in 0.000462815 secs using 439.5% CPU
Identifying sites to remove: done in 0.000494335 secs using 103.6% CPU
Identifying sites to remove: done in 0.000749353 secs using 99.69% CPU
Identifying sites to remove: done in 0.000468407 secs using 99.49% CPU
Identifying sites to remove: done in 0.000457585 secs using 99.44% CPU
Identifying sites to remove: done in 0.000571337 secs using 4146% CPU
Identifying sites to remove: done in 0.000526045 secs using 3833% CPU
Identifying sites to remove: done in 0.000701595 secs using 125.6% CPU
Identifying sites to remove: done in 0.000435762 secs using 99.37% CPU
Identifying sites to remove: done in 0.000461403 secs using 99.48% CPU
Identifying sites to remove: done in 0.000454843 secs using 99.59% CPU
Identifying sites to remove: done in 0.000515021 secs using 4654% CPU
Identifying sites to remove: done in 0.000699092 secs using 165.4% CPU
Identifying sites to remove: done in 0.000500411 secs using 99.52% CPU
Identifying sites to remove: done in 0.000528242 secs using 3435% CPU
Identifying sites to remove: done in 0.000480931 secs using 99.18% CPU
Identifying sites to remove: done in 0.000719503 secs using 99.65% CPU
Identifying sites to remove: done in 0.00047297 secs using 549.7% CPU
Identifying sites to remove: done in 0.000496101 secs using 193.7% CPU
Identifying sites to remove: done in 0.000468951 secs using 99.58% CPU
Identifying sites to remove: done in 0.000511207 secs using 4792% CPU
Identifying sites to remove: done in 0.000465445 secs using 99.47% CPU
Identifying sites to remove: done in 0.000547308 secs using 99.58% CPU
Identifying sites to remove: done in 0.000242211 secs using 334.4% CPU
Identifying sites to remove: done in 0.00024784 secs using 2164% CPU
Identifying sites to remove: done in 0.00024553 secs using 1286% CPU
Identifying sites to remove: done in 0.000355367 secs using 2206% CPU
Identifying sites to remove: done in 0.000266999 secs using 99.25% CPU
Identifying sites to remove: done in 0.000409324 secs using 99.43% CPU
Identifying sites to remove: done in 0.000286095 secs using 357.9% CPU
Identifying sites to remove: done in 0.000261407 secs using 148.8% CPU
Identifying sites to remove: done in 0.000291809 secs using 99.38% CPU
Identifying sites to remove: done in 0.000347506 secs using 793.7% CPU
Identifying sites to remove: done in 0.000344388 secs using 171.3% CPU
Identifying sites to remove: done in 0.000261597 secs using 99.39% CPU
Identifying sites to remove: done in 0.000302281 secs using 99.25% CPU
Identifying sites to remove: done in 0.00033747 secs using 99.56% CPU
Identifying sites to remove: done in 0.000376921 secs using 4613% CPU
Identifying sites to remove: done in 0.000249997 secs using 99.2% CPU
Identifying sites to remove: done in 0.000311457 secs using 99.21% CPU
Identifying sites to remove: done in 0.000387613 secs using 99.33% CPU
Identifying sites to remove: done in 0.000274915 secs using 958.8% CPU
Identifying sites to remove: done in 0.000247791 secs using 117% CPU
Identifying sites to remove: done in 0.000271101 secs using 99.23% CPU
Identifying sites to remove: done in 0.000291999 secs using 99.32% CPU
Identifying sites to remove: done in 0.000245407 secs using 99.43% CPU
Identifying sites to remove: done in 0.000230148 secs using 249.8% CPU
Identifying sites to remove: done in 0.000268333 secs using 499.8% CPU
Identifying sites to remove: done in 0.000297431 secs using 709.4% CPU
Identifying sites to remove: done in 0.000211958 secs using 99.08% CPU
Identifying sites to remove: done in 0.000307489 secs using 1342% CPU
Identifying sites to remove: done in 0.000333499 secs using 160.7% CPU
Identifying sites to remove: done in 0.000223204 secs using 99.01% CPU
Identifying sites to remove: done in 0.000193369 secs using 99.29% CPU
Identifying sites to remove: done in 0.000277013 secs using 99.27% CPU
Identifying sites to remove: done in 0.00032704 secs using 99.38% CPU
Identifying sites to remove: done in 0.000184618 secs using 254.6% CPU
Identifying sites to remove: done in 0.000227328 secs using 153.5% CPU
Identifying sites to remove: done in 0.000251014 secs using 99.2% CPU
Identifying sites to remove: done in 0.000299532 secs using 7262% CPU
Identifying sites to remove: done in 0.000294819 secs using 138.7% CPU
Identifying sites to remove: done in 0.000239778 secs using 358.7% CPU
Identifying sites to remove: done in 0.000245798 secs using 196.1% CPU
Identifying sites to remove: done in 0.00021201 secs using 189.6% CPU
Identifying sites to remove: done in 0.000356141 secs using 976.6% CPU
Identifying sites to remove: done in 8.88333e-05 secs using 3718% CPU
Identifying sites to remove: done in 9.59486e-05 secs using 424.2% CPU
Identifying sites to remove: done in 9.15974e-05 secs using 1.326e+04% CPU
Identifying sites to remove: done in 0.000109624 secs using 5762% CPU
Identifying sites to remove: done in 0.0001221 secs using 7619% CPU
Identifying sites to remove: done in 8.30628e-05 secs using 98.72% CPU
Identifying sites to remove: done in 0.000110894 secs using 768.3% CPU
Identifying sites to remove: done in 8.85054e-05 secs using 221.5% CPU
Identifying sites to remove: done in 8.61771e-05 secs using 97.47% CPU
Identifying sites to remove: done in 8.38935e-05 secs using 5613% CPU
Identifying sites to remove: done in 8.57264e-05 secs using 2880% CPU
Identifying sites to remove: done in 9.42126e-05 secs using 1955% CPU
Identifying sites to remove: done in 0.000100717 secs using 189.6% CPU
Identifying sites to remove: done in 0.000104122 secs using 98.92% CPU
Identifying sites to remove: done in 7.79517e-05 secs using 97.5% CPU
Identifying sites to remove: done in 9.63733e-05 secs using 98.58% CPU
Identifying sites to remove: done in 8.67657e-05 secs using 9121% CPU
Identifying sites to remove: done in 7.92593e-05 secs using 97.15% CPU
Identifying sites to remove: done in 0.00010711 secs using 98.03% CPU
Identifying sites to remove: done in 8.21389e-05 secs using 97.4% CPU
Identifying sites to remove: done in 9.23388e-05 secs using 1777% CPU
Identifying sites to remove: done in 8.62144e-05 secs using 120.6% CPU
Identifying sites to remove: done in 8.40798e-05 secs using 97.53% CPU
Identifying sites to remove: done in 9.04426e-05 secs using 98.4% CPU
Identifying sites to remove: done in 9.71071e-05 secs using 3688% CPU
Identifying sites to remove: done in 0.00011548 secs using 1204% CPU
Identifying sites to remove: done in 0.000120558 secs using 2628% CPU
Identifying sites to remove: done in 0.000116762 secs using 1956% CPU
Identifying sites to remove: done in 0.00017241 secs using 353.8% CPU
Identifying sites to remove: done in 0.000101101 secs using 97.92% CPU
Identifying sites to remove: done in 0.000127342 secs using 98.16% CPU
Identifying sites to remove: done in 8.62963e-05 secs using 98.5% CPU
Identifying sites to remove: done in 8.86433e-05 secs using 98.15% CPU
Identifying sites to remove: done in 0.00010971 secs using 98.44% CPU
Identifying sites to remove: done in 0.000106521 secs using 1782% CPU
Identifying sites to remove: done in 9.41344e-05 secs using 1174% CPU
Identifying sites to remove: done in 9.58368e-05 secs using 303.6% CPU
Identifying sites to remove: done in 9.1441e-05 secs using 97.33% CPU
Identifying sites to remove: done in 7.23638e-05 secs using 98.12% CPU
Identifying sites to remove: done in 0.000100773 secs using 98.24% CPU
Identifying sites to remove: done in 0.000115566 secs using 1861% CPU
Identifying sites to remove: done in 9.7964e-05 secs using 214.4% CPU
Identifying sites to remove: done in 9.42461e-05 secs using 98.68% CPU
Identifying sites to remove: done in 0.000135999 secs using 98.53% CPU
Identifying sites to remove: done in 8.31299e-05 secs using 1281% CPU
Identifying sites to remove: done in 0.000100747 secs using 178.7% CPU
Identifying sites to remove: done in 8.33273e-05 secs using 97.21% CPU
Identifying sites to remove: done in 7.01882e-05 secs using 96.88% CPU
Identifying sites to remove: done in 8.86507e-05 secs using 97.01% CPU
Identifying sites to remove: done in 0.000238985 secs using 240.6% CPU
Identifying sites to remove: done in 0.000262331 secs using 587.8% CPU
Identifying sites to remove: done in 0.000292212 secs using 865.5% CPU
Identifying sites to remove: done in 0.000230741 secs using 98.81% CPU
Identifying sites to remove: done in 0.000335563 secs using 501.2% CPU
Identifying sites to remove: done in 0.000309445 secs using 207.5% CPU
Identifying sites to remove: done in 0.000303116 secs using 255% CPU
Identifying sites to remove: done in 0.000223383 secs using 150% CPU
Identifying sites to remove: done in 0.000238717 secs using 99.28% CPU
Identifying sites to remove: done in 0.000271589 secs using 747.1% CPU
Identifying sites to remove: done in 0.000244949 secs using 140.8% CPU
Identifying sites to remove: done in 0.000226624 secs using 99.28% CPU
Identifying sites to remove: done in 0.000251692 secs using 99.33% CPU
Identifying sites to remove: done in 0.00029977 secs using 99.08% CPU
Identifying sites to remove: done in 0.000329249 secs using 99.32% CPU
Identifying sites to remove: done in 0.000242058 secs using 580.4% CPU
Identifying sites to remove: done in 0.000294 secs using 152% CPU
Identifying sites to remove: done in 0.000333227 secs using 99.33% CPU
Identifying sites to remove: done in 0.00023124 secs using 99.03% CPU
Identifying sites to remove: done in 0.000236709 secs using 98.86% CPU
Identifying sites to remove: done in 0.000244085 secs using 99.15% CPU
Identifying sites to remove: done in 0.000232123 secs using 99.52% CPU
Identifying sites to remove: done in 0.000217125 secs using 99.02% CPU
Identifying sites to remove: done in 0.000499327 secs using 797.1% CPU
Identifying sites to remove: done in 0.000502203 secs using 1172% CPU
Identifying sites to remove: done in 0.000601158 secs using 1394% CPU
Identifying sites to remove: done in 0.000604786 secs using 1697% CPU
Identifying sites to remove: done in 0.00060752 secs using 461.9% CPU
Identifying sites to remove: done in 0.000454545 secs using 99.22% CPU
Identifying sites to remove: done in 0.00070839 secs using 99.66% CPU
Identifying sites to remove: done in 0.000440843 secs using 99.58% CPU
Identifying sites to remove: done in 0.000454076 secs using 696.6% CPU
Identifying sites to remove: done in 0.000496373 secs using 103.6% CPU
Identifying sites to remove: done in 0.0007043 secs using 545.2% CPU
Identifying sites to remove: done in 0.000496365 secs using 210.9% CPU
Identifying sites to remove: done in 0.000656404 secs using 451.4% CPU
Identifying sites to remove: done in 0.000474956 secs using 5152% CPU
Identifying sites to remove: done in 0.000451274 secs using 99.5% CPU
Identifying sites to remove: done in 0.000492111 secs using 99.37% CPU
Identifying sites to remove: done in 0.00070956 secs using 99.64% CPU
Identifying sites to remove: done in 0.000505846 secs using 504.3% CPU
Identifying sites to remove: done in 0.000554036 secs using 160.6% CPU
Identifying sites to remove: done in 0.0007229 secs using 99.6% CPU
Identifying sites to remove: done in 0.000495344 secs using 414.1% CPU
Identifying sites to remove: done in 0.000484906 secs using 185.4% CPU
Identifying sites to remove: done in 0.000444882 secs using 99.58% CPU
Identifying sites to remove: done in 0.000473347 secs using 99.5% CPU
Identifying sites to remove: done in 0.000557519 secs using 3858% CPU
Identifying sites to remove: done in 0.000382174 secs using 2653% CPU
Identifying sites to remove: done in 0.000423521 secs using 3336% CPU
Identifying sites to remove: done in 0.000433635 secs using 1557% CPU
Identifying sites to remove: done in 0.000563435 secs using 3224% CPU
Identifying sites to remove: done in 0.000582047 secs using 3792% CPU
Identifying sites to remove: done in 0.000441838 secs using 99.36% CPU
Identifying sites to remove: done in 0.000470269 secs using 99.73% CPU
Identifying sites to remove: done in 0.000645835 secs using 99.72% CPU
Identifying sites to remove: done in 0.00044474 secs using 99.61% CPU
Identifying sites to remove: done in 0.000438984 secs using 99.32% CPU
Identifying sites to remove: done in 0.000459272 secs using 99.51% CPU
Identifying sites to remove: done in 0.000503451 secs using 293.8% CPU
Identifying sites to remove: done in 0.000420034 secs using 341.9% CPU
Identifying sites to remove: done in 0.000618167 secs using 139.4% CPU
Identifying sites to remove: done in 0.000439551 secs using 99.42% CPU
Identifying sites to remove: done in 0.000424612 secs using 99.38% CPU
Identifying sites to remove: done in 0.000477634 secs using 4264% CPU
Identifying sites to remove: done in 0.000625327 secs using 99.79% CPU
Identifying sites to remove: done in 0.000457279 secs using 763.2% CPU
Identifying sites to remove: done in 0.000481609 secs using 194.1% CPU
Identifying sites to remove: done in 0.000455637 secs using 99.42% CPU
Identifying sites to remove: done in 0.000647247 secs using 99.65% CPU
Identifying sites to remove: done in 0.000471037 secs using 386.8% CPU
Identifying sites to remove: done in 0.000431668 secs using 208.3% CPU
Identifying sites to remove: done in 0.000421979 secs using 99.53% CPU
Identifying sites to remove: done in 0.000430789 secs using 99.35% CPU
Identifying sites to remove: done in 0.000483453 secs using 594.1% CPU
Identifying sites to remove: done in 0.000479203 secs using 120.4% CPU
Identifying sites to remove: done in 0.000185646 secs using 832.2% CPU
Identifying sites to remove: done in 0.000186317 secs using 1748% CPU
Identifying sites to remove: done in 0.000239357 secs using 1114% CPU
Identifying sites to remove: done in 0.000256158 secs using 402.9% CPU
Identifying sites to remove: done in 0.000256561 secs using 1745% CPU
Identifying sites to remove: done in 0.000187963 secs using 98.96% CPU
Identifying sites to remove: done in 0.000203919 secs using 99.06% CPU
Identifying sites to remove: done in 0.000202525 secs using 99.25% CPU
Identifying sites to remove: done in 0.000189628 secs using 99.14% CPU
Identifying sites to remove: done in 0.000173688 secs using 98.45% CPU
Identifying sites to remove: done in 0.000186227 secs using 98.8% CPU
Identifying sites to remove: done in 0.000160944 secs using 98.17% CPU
Identifying sites to remove: done in 0.000192683 secs using 726.1% CPU
Identifying sites to remove: done in 0.000243083 secs using 143.6% CPU
Identifying sites to remove: done in 0.000175603 secs using 98.52% CPU
Identifying sites to remove: done in 0.00014925 secs using 98.49% CPU
Identifying sites to remove: done in 0.000196636 secs using 7674% CPU
Identifying sites to remove: done in 0.000194091 secs using 98.92% CPU
Identifying sites to remove: done in 0.00018381 secs using 99.02% CPU
Identifying sites to remove: done in 0.000269663 secs using 99.38% CPU
Identifying sites to remove: done in 0.000253353 secs using 1115% CPU
Identifying sites to remove: done in 0.000220858 secs using 810.5% CPU
Identifying sites to remove: done in 0.000169061 secs using 251.4% CPU
Identifying sites to remove: done in 0.000155158 secs using 512.4% CPU
Identifying sites to remove: done in 0.000208184 secs using 172.9% CPU
Identifying sites to remove: done in 0.000195559 secs using 99.2% CPU
Identifying sites to remove: done in 0.000149488 secs using 3732% CPU
Identifying sites to remove: done in 0.000165578 secs using 1377% CPU
Identifying sites to remove: done in 0.000165697 secs using 388.7% CPU
Identifying sites to remove: done in 0.00020453 secs using 2040% CPU
Identifying sites to remove: done in 0.000220384 secs using 3410% CPU
Identifying sites to remove: done in 0.000159718 secs using 643% CPU
Identifying sites to remove: done in 0.000179186 secs using 187% CPU
Identifying sites to remove: done in 0.000206437 secs using 99.3% CPU
Identifying sites to remove: done in 0.00017352 secs using 98.55% CPU
Identifying sites to remove: done in 0.000157863 secs using 1.015e+04% CPU
Identifying sites to remove: done in 0.000182878 secs using 98.97% CPU
Identifying sites to remove: done in 0.000177614 secs using 98.53% CPU
Identifying sites to remove: done in 0.000171985 secs using 626.8% CPU
Identifying sites to remove: done in 0.000203628 secs using 181.7% CPU
Identifying sites to remove: done in 0.000148416 secs using 98.37% CPU
Identifying sites to remove: done in 0.00015885 secs using 98.21% CPU
Identifying sites to remove: done in 0.000205025 secs using 98.52% CPU
Identifying sites to remove: done in 0.000214711 secs using 98.74% CPU
Identifying sites to remove: done in 0.000169143 secs using 98.73% CPU
Identifying sites to remove: done in 0.000197615 secs using 98.68% CPU
Identifying sites to remove: done in 0.00018299 secs using 98.37% CPU
Identifying sites to remove: done in 0.000252109 secs using 99.16% CPU
Identifying sites to remove: done in 0.00015517 secs using 99.25% CPU
Identifying sites to remove: done in 0.000163946 secs using 98.81% CPU
Identifying sites to remove: done in 0.000142761 secs using 2412% CPU
Identifying sites to remove: done in 0.000187058 secs using 138.5% CPU
Identifying sites to remove: done in 0.00018372 secs using 98.52% CPU

Analysis results written to: 
  IQ-TREE report:                archaea20_q_mf.iqtree
  Tree used for ModelFinder:     archaea20_q_mf.treefile
  Best partitioning scheme:      archaea20_q_mf.best_scheme.nex
           in RAxML format:      archaea20_q_mf.best_scheme
  Screen log file:               archaea20_q_mf.log

Date and Time: Fri Apr 25 16:22:57 2025
